segment,start,end,medad_p50,medad_p90,medad_p99,si_p50,si_p90,changed_pct,rtci,burst_score,tail_score,extreme_score,adim_sustained,adim_dynamic,adim_risk,spatial_adim,scene_activity,texture,spatial_score,temporal_score,v9_fusion,adci_temporal,adci_spatial,bdi,regime,class
0,0.0,5.005,2.5,17.0,19.0,51.31569480895996,58.61952590942383,27.548639112903224,0.37514241486068106,0.6799999999999999,0.38,0.10526315789473684,0.19338235293542388,0.5744086687306501,0.15384486216883433,0.3973804838425999,0.032339735448951086,142.39005175862468,0.2781610868300573,0.3314517681385121,0.3462957126668664,0.31488031623377616,0.3973804838425999,0.3276178183957696,SPARSE-EXTREME,Moderate
1,5.005,10.01,0.0,0.0,0.0,119.72315216064453,126.01337585449222,0.38852777777777775,0.0,0.0,0.0,0.0,0.0,0.0,0.0,0.42935236088674356,0.000270849128540305,473.5402554861111,0.311179078468707,0.0,0.2386567459630917,0.0,0.42935236088674356,0.1317813100997497,LOW-COMPLEXITY,Low
2,10.01,15.015,0.0,0.0,0.0,180.20375061035156,197.63143920898438,0.5332916666666666,0.0,0.0,0.0,0.1,0.0,0.0,0.0,0.4529063107857229,0.0004673481753812637,1485.8254991059218,0.3228332273781158,0.0,0.2486563530993015,0.0,0.4529063107857229,0.1352197595773827,LOW-COMPLEXITY,Low
3,15.015,20.02,1.0,1.0,1.0,35.960899353027344,36.59903182983398,1.7231527777777778,0.6325,0.1,0.05,0.1,0.9124999997375001,0.2583333333333333,0.08000000000000002,0.5014324014686666,0.004328425245098039,187.76567405229355,0.36682288223224524,0.2837895832919896,0.47821372416649616,0.4337916665747917,0.5014324014686666,0.3020114775405629,LOW-COMPLEXITY,Moderate
4,20.02,25.025000000000002,1.0,1.0,1.0,37.06428527832031,37.67822494506836,2.19665625,0.6325,0.1,0.05,0.1,0.9124999997375001,0.2583333333333333,0.08000000000000002,0.4139567288556458,0.004981650190631808,220.53974473451393,0.26048642148756646,0.2837895832919896,0.45382061085971664,0.4337916665747917,0.4139567288556458,0.2621745756641059,LOW-COMPLEXITY,Moderate
5,25.025000000000002,30.03,0.0,1.0,1.7600000000000051,54.16309356689453,60.15503005981445,2.0295972222222227,0.13820000000000005,0.1,0.08800000000000026,0.11363636363636331,0.08749999991249999,0.42999999999999994,0.09987658801014411,0.38349333575523203,0.00423102818627451,270.39495681386944,0.24984818566026312,0.2324525657706314,0.301507109068131,0.2110879763724182,0.38349333575523203,0.25705973526669096,LOW-COMPLEXITY,Moderate
6,30.03,35.06836666666667,0.0,0.0,1.0,20.987186431884766,59.448421478271484,0.6480792548500884,0.0075,0.0,0.05,1.0,0.0,0.0,0.28,0.3413120400275649,0.0023075023991077914,188.83070073494514,0.33471680223396527,0.1218,0.21263690048342765,0.084,0.3413120400275649,0.1984533062792911,LOW-COMPLEXITY,Low
7,35.06836666666667,40.10673333333334,0.0,1.0,1.0,68.55645370483398,92.75680541992188,0.8256689539241621,0.0325,0.1,0.05,0.1,0.0,0.15,0.04571428571428573,0.33951181370654254,0.0024612970959988936,447.3867286876479,0.23797518905712234,0.08101071428571428,0.22289741835225124,0.06621428571428571,0.33951181370654254,0.1564808803823563,LOW-COMPLEXITY,Low
8,40.10673333333334,45.11173333333333,0.0,0.0,0.7600000000000051,21.159765243530273,94.07657928466797,1.1267152777777776,0.005700000000000038,0.0,0.038000000000000256,1.0,0.0,0.0,0.28,0.3279952668876394,0.0020174471677559917,267.6930533095365,0.35784897397726706,0.1218,0.20212381646678104,0.084,0.3279952668876394,0.20966900603009705,LOW-COMPLEXITY,Low
9,45.11173333333333,50.1501,0.0,0.0,0.0,15.266047954559326,20.359253883361816,0.28945519179894186,0.0,0.0,0.0,0.0,0.0,0.0,0.0,0.358479457097694,0.0010749106548483588,71.17109731672177,0.25214669044425253,0.0,0.18121569896888026,0.0,0.358479457097694,0.09987897558681086,LOW-COMPLEXITY,Low
10,50.1501,55.18846666666667,0.0,0.0,1.0,28.62375259399414,29.240156173706055,0.4073109567901234,0.0075,0.0,0.05,0.1,0.0,0.0,0.0,0.4210650236747828,0.0018861580125877513,98.0793661873668,0.28446743374230266,0.0,0.21826737859957684,0.0,0.4210650236747828,0.11336104346230753,LOW-COMPLEXITY,Low
11,55.18846666666667,60.22683333333334,0.0,0.0,1.0,29.048673629760742,29.23577308654785,0.3934255125661375,0.0075,0.0,0.05,0.1,0.0,0.0,0.0,0.513494135927794,0.0021106389893920533,100.61800992227295,0.38021675121577414,0.0,0.2502269365534842,0.0,0.513494135927794,0.14931426941965803,LOW-COMPLEXITY,Low
12,60.22683333333334,65.23183333333334,0.0,0.0,1.0,29.845458984375,111.88212738037109,0.6796944444444445,0.0075,0.0,0.05,0.1,0.0,0.0,1.0,0.27756554129494776,0.0010597441448801743,188.87306387809545,0.27617540957792247,0.435,0.3282738784443903,0.3,0.27756554129494776,0.3335921769207609,HEAVY-TAIL-RISK,Moderate
13,65.23183333333334,70.2702,1.0,2.0,3.0,25.541024208068848,107.72016906738281,8.881909997795416,0.33916666666666667,0.2,0.15,1.0,0.4999999999125,0.18999999999999997,0.38434782608695656,0.3939577895603533,0.01157672673621918,148.6450481404068,0.44273293809360337,0.32336630433404484,0.35462893755008645,0.35680434779546194,0.3939577895603533,0.3521493237122871,BURST-DOMINATED,Moderate
14,70.2702,75.30856666666666,1.0,2.0,3.0,15.073364734649658,28.886659622192383,3.6033055004409174,0.2891666666666667,0.2,0.15,0.1,0.456249999934375,0.23666666666666666,0.11564117647058826,0.3686050721994574,0.006424459444271537,72.93948955293385,0.3267757184752412,0.2186049534210366,0.312566045913529,0.277213186251541,0.3686050721994574,0.25714755039474624,BURST-DOMINATED,Moderate
15,75.30856666666666,80.34693333333334,0.0,1.0,2.0,0.0,28.092385292053223,2.2041136188271606,0.14,0.1,0.1,0.3,0.08749999991249999,0.42999999999999994,0.210699999888,0.20581713474002597,0.0031066935647715874,38.91538184717138,0.24882857573797204,0.2806607499374987,0.18974148745329472,0.24433499993577495,0.20581713474002597,0.2784745247758326,LOW-COMPLEXITY,Low
16,80.34693333333334,85.35193333333333,0.0,0.0,1.0,8.65417766571045,54.13216171264649,0.1322986111111111,0.0075,0.0,0.05,0.1,0.0,0.0,0.0,0.32984780868908736,0.0009115074891067539,52.72377190650138,0.38454903806993446,0.0,0.12628976487781077,0.0,0.32984780868908736,0.15401398456992915,LOW-COMPLEXITY,Very Low
17,85.35193333333333,90.39030000000001,0.0,0.0,0.0,88.81337356567383,93.47104263305664,0.4621259093915344,0.0,0.0,0.0,0.0,0.0,0.0,0.0,0.42306784239347806,0.0009723182675848114,308.2874914310809,0.29614808502933626,0.0,0.22917784477591696,0.0,0.42306784239347806,0.12251932758786954,LOW-COMPLEXITY,Low
18,90.39030000000001,95.42866666666667,0.0,2.0,2.75,9.30420446395874,29.667875289916992,3.255242779982363,0.12062500000000001,0.2,0.1375,0.10909090909090909,0.043749999978124995,0.5,0.10835174128108788,0.3104947160408509,0.004880948463490335,49.30193606901907,0.3102783397159636,0.2577736324538279,0.22322259360935448,0.2228180223766701,0.3104947160408509,0.29689615980320627,BURST-DOMINATED,Low
19,95.42866666666667,100.46703333333333,2.0,3.0,3.0,36.081010818481445,51.39446258544922,13.998518794091714,0.4154166666666666,0.15,0.075,0.1,0.6374999999319444,0.1225,0.09313478260869565,0.49674181991154986,0.016658285053990734,253.22403007751606,0.4410354236699028,0.19083863042406382,0.39125278970460425,0.2939404347587892,0.49674181991154986,0.2778659506449797,LOW-COMPLEXITY,Moderate
20,100.46703333333333,105.47203333333334,1.0,3.0,3.0,100.26375579833984,101.05649871826172,11.30402777777778,0.2975,0.3,0.15,0.1,0.36249999995138893,0.303,0.13288691588785045,0.43366297888721417,0.014355383986928105,386.2648137867182,0.3059248937089463,0.23837205840355868,0.3744027978539957,0.2727910747493412,0.43366297888721417,0.27127071876474573,BURST-DOMINATED,Moderate
21,105.47203333333334,110.5104,0.0,1.0,1.0,108.19402694702148,108.4875717163086,2.6265569885361555,0.1325,0.1,0.05,0.1,0.08749999991249999,0.42999999999999994,0.06857142857142857,0.43120942715430316,0.005157330409015458,499.7451094439945,0.29886486178289057,0.21883482141479016,0.3293026731195696,0.20169642854080352,0.43120942715430316,0.27467172398043316,LOW-COMPLEXITY,Moderate
22,110.5104,115.54876666666667,0.0,1.0,2.0,21.33738613128662,32.98752403259277,1.7069830246913578,0.14,0.1,0.1,0.1,0.08749999991249999,0.42999999999999994,0.096,0.3616855075455502,0.00449475195170661,162.3230065559688,0.2807940059395132,0.2307662499862187,0.2690152032005963,0.20992499996937494,0.3616855075455502,0.26603094720357773,LOW-COMPLEXITY,Low
23,115.54876666666667,120.58713333333334,0.0,0.0,0.0,58.445308685302734,111.00448226928711,2.3076671351410933,0.0,0.0,0.0,0.0,0.0,0.0,0.0,0.2834765288058111,0.003997995340111354,395.6719443544372,0.21769872945421218,0.0,0.15892300335793838,0.0,0.2834765288058111,0.09360328370093175,LOW-COMPLEXITY,Low
24,120.58713333333334,125.59213333333334,0.0,0.0,0.7600000000000051,41.63325881958008,113.67064819335937,2.463614583333334,0.005700000000000038,0.0,0.038000000000000256,0.1,0.0,0.0,0.0088421052515233,0.28396582435462914,0.004224683551198258,402.93560071736096,0.25774968524438224,0.003846315784412635,0.15143858375293828,0.0026526315754569897,0.28396582435462914,0.11221320663479072,LOW-COMPLEXITY,Low
25,125.59213333333334,130.6305,0.0,2.0,3.0,31.92133331298828,32.29475402832031,0.9836206183862432,0.12250000000000001,0.2,0.15,0.1,0.043749999978124995,0.5,0.21882186457250904,0.4451149319972969,0.004486110030431925,139.5338660361081,0.3084512430517563,0.3058281360855961,0.3439839279409948,0.25595905936409646,0.4451149319972969,0.32116454299177843,BURST-DOMINATED,Moderate
26,130.6305,135.66886666666667,1.0,1.0,1.75,37.085731506347656,43.51980972290039,3.915950176366842,0.42383928571428575,0.1,0.0875,0.11428571428571428,0.9124999997375001,0.2583333333333333,0.11115151513907072,0.4304798788644082,0.006752666710974512,197.29905418703845,0.3144029456269367,0.29734049237748533,0.45164555967218956,0.4431371211165129,0.4304798788644082,0.2889135095868266,LOW-COMPLEXITY,Moderate
27,135.66886666666667,140.70723333333333,0.0,0.0,0.0,14.301772594451904,43.873579025268555,0.9592151675485009,0.0,0.0,0.0,0.0,0.0,0.0,0.0,0.264139970510169,0.001587131515414808,129.3997085426435,0.24574925735487438,0.0,0.12267392995322167,0.0,0.264139970510169,0.09977551153352252,LOW-COMPLEXITY,Very Low
28,140.70723333333333,145.71223333333333,0.0,0.0,0.0,0.0,0.0,0.0,0.0,0.0,0.0,0.0,0.0,0.0,0.0,0.0,6.808278867102397e-09,9.513888888888888e-06,0.0,0.0,9.112472766884532e-10,0.0,0.0,3.189365468409586e-10,LOW-COMPLEXITY,Very Low
29,145.71223333333333,150.75060000000002,0.0,3.0,7.0,10.681734085083008,12.21138620376587,1.6511587852733685,0.1275,0.3,0.35,0.7857142857142857,0.0,0.15,0.5444402089623426,0.433343267118027,0.005281940418914479,32.25435840353587,0.3102398695019025,0.297956490898619,0.33976212056854715,0.21583206268870275,0.433343267118027,0.28486689151478733,SPARSE-EXTREME,Moderate
30,150.75060000000002,155.78896666666668,0.0,0.0,0.0,10.693469524383545,10.83675765991211,0.7779637896825397,0.0,0.0,0.0,1.0,0.0,0.0,0.0,0.40453504793386685,0.002308029635465297,32.70929899425996,0.24718838647645702,0.0,0.21171626931933252,0.0,0.40453504793386685,0.09656112551652818,LOW-COMPLEXITY,Low
31,155.78896666666668,160.82733333333334,0.0,1.0,2.0,11.108904361724854,17.720643043518066,0.03353036816578483,0.14,0.1,0.1,0.1,0.08749999991249999,0.42999999999999994,0.0987,0.4505496121130733,0.002571888805676592,47.41115971832276,0.402786763852521,0.2319407499862187,0.2874221266056254,0.21073499996937495,0.4505496121130733,0.3116587232099611,LOW-COMPLEXITY,Low
32,160.82733333333334,165.83233333333334,0.0,0.0,0.0,23.31480598449707,23.531148529052736,0.22374305555555554,0.0,0.0,0.0,0.0,0.0,0.0,0.0,0.39985783842677747,0.000679181917211329,206.20261753115233,0.23993370259764563,0.0,0.2209797609962241,0.0,0.39985783842677747,0.09734530804080688,LOW-COMPLEXITY,Low
33,165.83233333333334,170.8707,0.0,0.0,0.0,80.06103515625,80.21102905273438,0.3138330853174603,0.0,0.0,0.0,0.0,0.0,0.0,0.0,0.43049761454663854,0.0007966735884168483,423.20009083965505,0.29866862619679396,0.0,0.240592728918631,0.0,0.43049761454663854,0.1259173645832582,LOW-COMPLEXITY,Low
34,170.8707,175.9090666666667,2.0,3.0,3.75,31.502826690673828,32.04947853088379,11.992590525793652,0.3182291666666666,0.15,0.09375,0.42666666666666664,0.6666666665888888,0.1875,0.3790476190476191,0.5423660016831245,0.01443299775542933,149.08292821574418,0.41804118517019345,0.3462919642734643,0.49189013270801674,0.4126726190203968,0.5423660016831245,0.3493227814692643,LOW-COMPLEXITY,Moderate
35,175.9090666666667,180.94743333333335,0.0,1.0,1.0,13.718940734863281,38.266130447387695,0.8689408344356261,0.0325,0.1,0.05,0.2,0.0,0.15,0.04571428571428573,0.2791318498444421,0.0021288330339851998,40.15870239276366,0.2541036362123041,0.08101071428571428,0.15308855757041978,0.06621428571428571,0.2791318498444421,0.15520699365183127,LOW-COMPLEXITY,Low
36,180.94743333333335,185.95243333333335,0.0,0.0,0.0,34.59226989746094,36.54282150268555,1.3253472222222222,0.0,0.0,0.0,0.1,0.0,0.0,0.0,0.40758012651445497,0.002386174428104575,64.13062044488753,0.2700207271053162,0.0,0.21064536224931435,0.0,0.40758012651445497,0.10684120871130437,LOW-COMPLEXITY,Low
37,185.95243333333335,190.9908,0.0,0.0,0.0,22.60234832763672,22.8277587890625,1.3449556327160492,0.0,0.0,0.0,0.0,0.0,0.0,0.0,0.44011327139655165,0.0029850581243299787,31.300173462919208,0.3020642275100938,0.0,0.22233391201980235,0.0,0.44011327139655165,0.11882066511283984,LOW-COMPLEXITY,Low
38,190.9908,196.02916666666667,0.0,0.0,1.0,19.220251083374023,19.582841873168945,1.637101107804233,0.0075,0.0,0.05,1.0,0.0,0.0,1.0,0.4829383081673466,0.00490759558067054,23.36239550625597,0.3468182517990604,0.435,0.4356515832824439,0.3,0.4829383081673466,0.35515260300654883,HEAVY-TAIL-RISK,Moderate
39,196.02916666666667,201.06753333333333,0.0,0.0,1.0,12.27099323272705,16.318689346313477,0.23304535934744272,0.0075,0.0,0.05,0.1,0.0,0.0,0.06137217545637992,0.4676241767633698,0.0013600212461527819,11.058161576941043,0.38992210482013184,0.026696896323525267,0.22322510922830885,0.018411652636913977,0.4676241767633698,0.16538962276758856,LOW-COMPLEXITY,Low
40,201.06753333333333,206.07253333333335,0.0,2.0,3.0,20.597209930419922,45.393373870849636,0.41630208333333335,0.07250000000000001,0.2,0.15,0.1,0.0,0.15,0.06000000000000001,0.35606959241874586,0.0021512765522875817,58.3077186834759,0.3272845964233659,0.08722500000000001,0.18385358668241905,0.07050000000000001,0.35606959241874586,0.18547365544584316,BURST-DOMINATED,Low
41,206.07253333333335,211.11090000000002,0.0,0.0,1.0,46.842403411865234,64.19795036315918,1.638406635802469,0.0075,0.0,0.05,0.2,0.0,0.0,0.027999999972000006,0.3631532107720614,0.0021571040067261474,274.1114154518562,0.2758015176985948,0.012179999987820003,0.1951263735536696,0.008399999991600002,0.3631532107720614,0.1196066868958664,LOW-COMPLEXITY,Low
42,211.11090000000002,216.14926666666668,0.0,0.0,0.0,134.715087890625,176.3970489501953,0.570426173941799,0.0,0.0,0.0,0.0,0.0,0.0,0.0,0.3408500757438648,0.0013793785068039561,1106.8768963569223,0.22695348239266386,0.0,0.20173954747893286,0.0,0.3408500757438648,0.09887306387799223,LOW-COMPLEXITY,Low
43,216.14926666666668,221.18763333333334,0.0,0.0,0.0,170.08136749267578,171.15040588378906,1.4538414902998236,0.0,0.0,0.0,0.0,0.0,0.0,0.0,0.46633123312898767,0.004201005788117715,1521.3909997795415,0.3152672406936714,0.0,0.25812654936817503,0.0,0.46633123312898767,0.13139510434345003,LOW-COMPLEXITY,Low
44,221.18763333333334,226.19263333333333,0.0,0.0,0.0,0.0,79.11192779541015,0.12277430555555557,0.0,0.0,0.0,0.0,0.0,0.0,0.0,0.2344239922823364,0.00022102546296296293,101.44786708333334,0.29239087960071775,0.0,0.08847664338104703,0.0,0.2344239922823364,0.11855626691314125,LOW-COMPLEXITY,Very Low
45,226.19263333333333,231.23100000000002,0.0,0.0,0.0,107.79637908935547,140.41758728027344,1.5916418650793651,0.0,0.0,0.0,0.0,0.0,0.0,0.0,0.34007633064882087,0.002140243790417402,791.4970655588623,0.22467485587914582,0.0,0.2016936099664831,0.0,0.34007633064882087,0.09791110876563677,LOW-COMPLEXITY,Low
46,231.23100000000002,236.26936666666668,0.0,0.0,0.0,114.41827774047852,114.44571685791016,0.6024512235449735,0.0,0.0,0.0,1.0,0.0,0.0,0.0,0.5254021412941798,0.0014492038906612028,701.7553552394687,0.3948464975332229,0.0,0.27874078561180016,0.0,0.5254021412941798,0.1636319884071965,LOW-COMPLEXITY,Low
47,236.26936666666668,241.30773333333335,0.0,0.0,0.0,12.885281562805176,20.90997314453125,0.6504388503086421,0.0,0.0,0.0,1.0,0.0,0.0,0.0,0.39913974909002925,0.0017033081751219009,33.69607239208233,0.34175927694108954,0.0,0.1847486514718498,0.0,0.39913974909002925,0.13575672921318488,LOW-COMPLEXITY,Low
48,241.30773333333335,246.31273333333334,0.0,0.0,1.0,20.97978973388672,21.27339897155762,0.6584791666666667,0.0075,0.0,0.05,0.1,0.0,0.0,0.0,0.5378091044774086,0.0022485373093681918,54.703633491615584,0.4101643428321244,0.0,0.2539108083860682,0.0,0.5378091044774086,0.15949867823183395,LOW-COMPLEXITY,Low
49,246.31273333333334,251.3511,0.0,0.0,0.0,103.49161148071289,106.88959503173828,0.31902419532627874,0.0,0.0,0.0,0.0,0.0,0.0,0.0,0.4266342793230739,0.0007470119220527716,932.0867078648589,0.2801622150178416,0.0,0.2448913518896505,0.0,0.4266342793230739,0.11913451083953,LOW-COMPLEXITY,Low
50,251.3511,256.3894666666667,0.0,0.0,0.0,99.39789962768555,113.72068405151367,1.7605406746031746,0.0,0.0,0.0,0.0,0.0,0.0,0.0,0.3768201504247184,0.00469448064719715,864.3787916115522,0.242845995729667,0.0,0.22281095374126084,0.0,0.3768201504247184,0.1052017940680952,LOW-COMPLEXITY,Low
51,256.3894666666667,261.42783333333335,0.0,0.0,0.0,114.72577667236328,117.8719482421875,0.02462590939153439,0.0,0.0,0.0,0.0,0.0,0.0,0.0,0.40140826719474043,3.888189149116437e-05,1220.8140780009912,0.2454448330462103,0.0,0.2374930806089667,0.0,0.40140826719474043,0.10549292793755838,LOW-COMPLEXITY,Low
52,261.42783333333335,266.43283333333335,0.0,3.0,6.0,40.6837043762207,107.26692199707031,1.5720034722222225,0.12,0.3,0.3,0.1,0.0,0.15,0.21120345654069073,0.3443036768410179,0.004286857843137255,360.95109408284065,0.33996471060706696,0.15299850359520045,0.22798013009814722,0.1158610369622072,0.3443036768410179,0.23288000010873414,SPARSE-EXTREME,Low
53,266.43283333333335,271.4712,0.0,0.0,0.0,14.853965759277344,41.28303527832031,1.005835262345679,0.0,0.0,0.0,1.0,0.0,0.0,0.0,0.33934578884419264,0.003388543882058997,98.47816682435023,0.330787586243405,0.0,0.15082096554082589,0.0,0.33934578884419264,0.13334468384994339,LOW-COMPLEXITY,Low
54,271.4712,276.5095666666667,0.0,0.0,1.0,16.884302139282227,21.017823219299316,1.0993510251322753,0.0075,0.0,0.05,1.0,0.0,0.0,0.28,0.4053576185400624,0.004940126455674863,77.81108315422887,0.2965752856486104,0.1218,0.25749941330812376,0.084,0.4053576185400624,0.1790730328471329,LOW-COMPLEXITY,Low
55,276.5095666666667,281.54793333333333,0.0,2.0,2.75,166.2813949584961,172.00628662109375,7.0039992559523805,0.12062500000000001,0.2,0.1375,0.10909090909090909,0.043749999978124995,0.5,0.10835174128108788,0.42026661660681136,0.020959387400793644,1321.3058622412668,0.29740848835083794,0.2577736324538279,0.33103058849574896,0.2228180223766701,0.42026661660681136,0.3007510571893914,BURST-DOMINATED,Moderate
56,281.54793333333333,286.5529333333333,1.0,2.0,3.0,166.28489685058594,171.12520751953124,13.18529513888889,0.2891666666666667,0.2,0.15,0.1,0.456249999934375,0.23666666666666666,0.11564117647058826,0.4204981466055232,0.03094809681372549,1704.963911191758,0.28552259516393536,0.2186049534210366,0.38502342183381255,0.277213186251541,0.4204981466055232,0.2489078017096762,BURST-DOMINATED,Moderate
57,286.5529333333333,291.5913,0.0,0.0,0.0,41.20681381225586,104.00728607177734,0.44301490850970016,0.0,0.0,0.0,0.2,0.0,0.0,0.0,0.34569683229262665,0.0013091567838555173,487.65659030534886,0.3333989959246513,0.0,0.17780437756097398,0.0,0.34569683229262665,0.14250682203550985,LOW-COMPLEXITY,Low
58,291.5913,296.6296666666667,0.0,0.0,0.0,41.09190559387207,41.22634315490723,0.9360497960758378,0.0,0.0,0.0,1.0,0.0,0.0,0.0,0.4300298085381505,0.0021814332021388807,120.6106193821603,0.29713283201221075,0.0,0.22253720088491472,0.0,0.4300298085381505,0.11894698418128791,LOW-COMPLEXITY,Low
59,296.6296666666667,301.66803333333337,0.0,0.0,1.0,14.167264938354492,22.253296852111816,0.8288793816137566,0.0075,0.0,0.05,1.0,0.0,0.0,0.28,0.46681119634501356,0.004438941355863333,40.9761281598832,0.42339657754467336,0.1218,0.26017511330008397,0.084,0.46681119634501356,0.22805677934111265,LOW-COMPLEXITY,Low
60,301.66803333333337,306.67303333333336,0.0,0.0,6.320000000000036,49.90059280395508,53.50413589477539,7.126496527777778,0.04740000000000027,0.0,0.3160000000000018,1.0,0.0,0.0,0.28,0.40420626811610266,0.01143660239651416,195.30986376196003,0.27729433890768923,0.1218,0.2708647615898929,0.084,0.40420626811610266,0.1743982689812815,SPARSE-EXTREME,Low
61,306.67303333333336,311.7114,0.0,0.0,0.0,15.868719577789307,28.51048469543457,0.40971188822751314,0.0,0.0,0.0,0.7,0.0,0.0,0.0,0.3873102179565264,0.0011456409724383582,57.6798497204451,0.3409200317026645,0.0,0.17794009647493464,0.0,0.3873102179565264,0.13591149512842776,LOW-COMPLEXITY,Low
62,311.7114,316.7497666666667,1.0,5.0,6.75,24.990657806396484,79.9816665649414,10.272249090608467,0.2896990740740741,0.5,0.3375,0.1037037037037037,0.199999999986,0.595,0.16040853416272705,0.2987224070959881,0.016217489252645503,218.7204637890214,0.30043991523899377,0.3437402123585812,0.28252365308950217,0.3263725602439181,0.2987224070959881,0.34723391455123465,SPARSE-EXTREME,Low
63,316.7497666666667,321.78813333333335,1.0,1.0,1.0,25.565728187561035,111.26470184326172,4.1373215663580245,0.6325,0.1,0.05,0.1,0.9124999997375001,0.2583333333333333,0.08000000000000002,0.32625487575840273,0.00963934196363731,270.32049892784835,0.35198239476364995,0.2837895832919896,0.3746012659053489,0.4337916665747917,0.32625487575840273,0.30212125484242974,LOW-COMPLEXITY,Moderate
64,321.78813333333335,326.79313333333334,0.0,0.0,0.0,132.22251892089844,132.22907104492188,0.6721354166666667,0.0,0.0,0.0,1.0,0.0,0.0,0.0,0.5069895334634195,0.0020169063180827886,935.9524600703567,0.36977053884623123,0.0,0.2725336179426538,0.0,0.5069895334634195,0.1535246523371896,LOW-COMPLEXITY,Low
65,326.79313333333334,331.8315,0.0,0.0,0.0,31.639147758483887,31.71296215057373,0.15757275132275134,0.0,0.0,0.0,0.1,0.0,0.0,0.0,0.4114215284511728,0.000875684069924266,160.4582236646721,0.25132372000555314,0.0,0.22213976868970786,0.0,0.4114215284511728,0.10055539693138112,LOW-COMPLEXITY,Low
66,331.8315,336.86986666666667,0.0,1.0,2.0,31.753971099853516,61.45580291748047,0.8818342151675485,0.14,0.1,0.1,0.1,0.08749999991249999,0.42999999999999994,0.0987,0.28537340032934205,0.003405401531754677,175.34691189257,0.2151435705511061,0.2319407499862187,0.2374962610791803,0.21073499996937495,0.28537340032934205,0.2416571265709306,LOW-COMPLEXITY,Low
67,336.86986666666667,341.9082333333333,0.0,1.0,2.0,32.85638999938965,35.20820426940918,1.9399078207671958,0.14,0.1,0.1,0.1,0.08749999991249999,0.42999999999999994,0.0987,0.45666851017932786,0.0044937036928969125,178.8773442745522,0.3283194848281794,0.2319407499862187,0.32185080622966283,0.21073499996937495,0.45666851017932786,0.28494539704963967,LOW-COMPLEXITY,Moderate
68,341.9082333333333,346.9132333333333,1.0,1.0,2.0,41.847904205322266,46.94515609741211,8.650291666666666,0.39,0.1,0.1,0.1,0.9124999997375001,0.2583333333333333,0.13184357667366997,0.3735856686859692,0.01085139079520697,659.8461380432593,0.23360365023103613,0.30634153914503603,0.4606554850790012,0.44934473957689264,0.3735856686859692,0.26899469755606,LOW-COMPLEXITY,Moderate
69,346.9132333333333,351.95160000000004,0.0,2.0,4.0,48.818044662475586,56.62991523742676,7.523730296516754,0.13,0.2,0.2,0.175,0.043749999978124995,0.5,0.21094999997900002,0.4452056174997879,0.009931576121961131,769.8031895720837,0.33807633666479503,0.3024038749874197,0.35729530587808034,0.25359749998604375,0.4452056174997879,0.33943262101162863,SPARSE-EXTREME,Moderate
70,351.95160000000004,356.98996666666665,0.0,0.0,1.0,15.69093656539917,47.98524284362793,0.10756655092592592,0.0075,0.0,0.05,0.1,0.0,0.0,1.0,0.36666343658445677,0.0006676987152885849,174.76535808563006,0.38415861810781826,0.435,0.35762102602767415,0.3,0.36666343658445677,0.37558080901748087,HEAVY-TAIL-RISK,Moderate
71,356.98996666666665,362.02833333333336,0.0,1.0,1.0,15.453752040863037,27.398613929748535,0.7392319775132276,0.0325,0.1,0.05,0.1,0.0,0.15,0.04571428571428573,0.39920897901975305,0.0016437002077065391,77.28605789415501,0.36027938890596145,0.08101071428571428,0.20818297839883482,0.06621428571428571,0.39920897901975305,0.19755863499477752,LOW-COMPLEXITY,Low
72,362.02833333333336,367.03333333333336,1.0,1.0,1.0,27.378589630126953,27.506610488891603,2.5464756944444438,0.5325,0.1,0.05,0.1,0.99999999965,0.235,0.08000000000000002,0.39344875280001607,0.005639209286492375,115.12374652169144,0.22929965699067006,0.288062499944875,0.45583146598085483,0.4562499998775,0.39344875280001607,0.2465786533886302,LOW-COMPLEXITY,Moderate
73,367.03333333333336,372.0717,0.0,1.0,1.0,75.47588348388672,75.49329376220703,1.421785438712522,0.0325,0.1,0.05,0.1,0.0,0.15,0.04571428571428573,0.47269491305767075,0.0035682173332295887,180.35553315770247,0.3349659649674274,0.08101071428571428,0.27047191872187454,0.06621428571428571,0.47269491305767075,0.18833156862909498,LOW-COMPLEXITY,Low
74,372.0717,377.1100666666667,1.0,2.0,4.75,28.02194595336914,75.4931640625,4.647283537257495,0.19088815789473682,0.2,0.2375,0.10526315789473684,0.4999999999125,0.18999999999999997,0.20962587971305477,0.4380041111534686,0.00801360804738562,120.05443083581508,0.4575105979110694,0.24736225766139755,0.3415365216863501,0.3043877638832914,0.4380041111534686,0.3177359357143483,SPARSE-EXTREME,Moderate
75,377.1100666666667,382.14843333333334,1.0,1.0,1.0,28.180309295654297,28.620123863220215,5.212332589285715,0.5325,0.1,0.05,0.1,0.99999999965,0.015,0.08000000000000002,0.4163109248905984,0.008337239313163538,123.26065205314168,0.26355876592005945,0.19841249994487498,0.43657429394314123,0.37924999987749997,0.4163109248905984,0.19625265461747957,LOW-COMPLEXITY,Moderate
76,382.14843333333334,387.1868,0.0,1.0,1.0,33.207658767700195,33.66040802001953,1.4326568011463843,0.0325,0.1,0.05,0.1,0.0,0.15,0.04571428571428573,0.46193685994035594,0.003389740599171768,165.95933388507223,0.3217399949167552,0.08101071428571428,0.2651800460005551,0.06621428571428571,0.46193685994035594,0.18255594143062576,LOW-COMPLEXITY,Low
77,387.1868,392.1918,0.0,0.0,1.0,32.73346710205078,83.70699768066406,0.6776284722222224,0.0075,0.0,0.05,0.1,0.0,0.0,1.0,0.30434721170978746,0.002148020969498911,239.85971978619884,0.2810224145470118,0.435,0.3477572113110891,0.3,0.30434721170978746,0.3361394283049402,HEAVY-TAIL-RISK,Moderate
78,392.1918,397.23016666666666,0.0,0.0,0.75,40.26055717468262,71.11491775512695,0.9432284777336861,0.005625,0.0,0.0375,0.1,0.0,0.0,0.00933333332088889,0.3126408367318461,0.0026297074385309683,213.67083319407934,0.24112626731477538,0.004059999994586667,0.1634229793216474,0.002799999996266667,0.3126408367318461,0.10100096723513607,LOW-COMPLEXITY,Low
79,397.23016666666666,402.2685333333334,0.0,2.0,5.0,79.40866470336914,79.41556549072266,0.5667713844797176,0.0875,0.2,0.25,0.13999999999999999,0.0,0.15,0.09866666666044446,0.5342957103871875,0.001808959154649514,560.6943288144488,0.40410557392028323,0.10404499999729334,0.3192117903723938,0.08209999999813333,0.5342957103871875,0.23250298599274924,SPARSE-EXTREME,Moderate
80,402.2685333333334,407.30690000000004,0.0,1.0,4.5,13.982882022857666,14.298404693603516,0.2533998842592592,0.058750000000000004,0.1,0.225,0.11111111111111112,0.0,0.15,0.2296817436091011,0.47232379150637943,0.002390834246507245,51.35369720097594,0.3292928015210242,0.16103655846995898,0.29675092823597626,0.12140452308273034,0.47232379150637943,0.2223805393078741,SPARSE-EXTREME,Low
81,407.30690000000004,412.31190000000004,0.0,0.0,1.0,13.618752479553223,14.022265243530274,0.037305555555555564,0.0075,0.0,0.05,0.1,0.0,0.0,0.0,0.3981007522646035,0.0016781761982570806,49.22471429576762,0.24347271725436478,0.0,0.20951638288358845,0.0,0.3981007522646035,0.09554190457028747,LOW-COMPLEXITY,Low
82,412.31190000000004,417.3502666666667,0.0,0.0,1.0,22.88887882232666,62.80751419067383,2.3724578373015874,0.0075,0.0,0.05,0.1,0.0,0.0,1.0,0.26375610748731143,0.004203093930473425,114.21966925324118,0.23183366178607295,0.435,0.32588727884410496,0.3,0.26375610748731143,0.3140383516166454,HEAVY-TAIL-RISK,Moderate
83,417.3502666666667,422.38863333333336,0.0,0.0,0.0,2.2608360052108765,22.86825656890869,0.043647348985890656,0.0,0.0,0.0,0.0,0.0,0.0,0.0,0.3860372989114474,0.00025102515929211193,51.33973180679464,0.4755413322785285,0.0,0.1415676434355481,0.0,0.3860372989114474,0.19081001661384422,LOW-COMPLEXITY,Very Low
84,422.38863333333336,427.427,0.0,0.0,0.0,23.098942756652832,23.2531099319458,0.1967385912698413,0.0,0.0,0.0,0.1,0.0,0.0,0.0,0.4067922579957659,0.0007372536591797213,268.3615167989474,0.24772500626434266,0.0,0.2270555721542644,0.0,0.4067922579957659,0.10163388888722238,LOW-COMPLEXITY,Low
85,427.427,432.432,0.0,0.0,0.7600000000000051,16.18564224243164,22.723320388793944,0.16192361111111112,0.005700000000000038,0.0,0.038000000000000256,0.1,0.0,0.0,0.0088421052515233,0.3311770192914001,0.0005974650054466232,97.49061997817684,0.23196446482622457,0.003846315784412635,0.17188421048944805,0.0026526315754569897,0.3311770192914001,0.09467376704929757,LOW-COMPLEXITY,Low
86,432.432,437.4703666666667,0.0,6.0,11.75,20.397284507751465,24.824124336242676,6.441013558201058,0.28812499999999996,0.6,0.5875,0.10212765957446808,0.04374999999270833,0.5,0.14944083912447959,0.34298098656487497,0.008560155871762285,101.82424882548186,0.21338549123691383,0.2756473900180002,0.28290957656531335,0.23514475173479177,0.34298098656487497,0.2673819766437698,SPARSE-EXTREME,Low
87,437.4703666666667,442.50873333333334,0.0,0.0,1.0,26.137330055236816,27.959250450134277,1.0226417824074074,0.0075,0.0,0.05,0.1,0.0,0.0,0.0,0.4860027385324607,0.0033645829280786388,126.17842760975243,0.3555544701271846,0.0,0.23690455855295223,0.0,0.4860027385324607,0.13919314592401041,LOW-COMPLEXITY,Low
88,442.50873333333334,447.5471,0.0,6.0,11.0,22.50298500061035,69.90494155883789,5.141145144400353,0.24916666666666665,0.6,0.55,0.1,0.014583333330902776,0.5,0.5006522550104235,0.27601482989165393,0.006630783254659887,133.9283919215012,0.2592968181050529,0.42383060592915145,0.2922912891913984,0.330299843168943,0.27601482989165393,0.36304449104816594,SPARSE-EXTREME,Low
89,447.5471,452.5521,0.0,8.0,17.0,9.89461612701416,29.030762481689457,10.011395833333333,0.3275,0.8,0.85,0.10588235294117647,0.0,0.15,0.21474098718171608,0.4094826783162456,0.008009273420479305,37.24367872343058,0.4334736078322789,0.1545373294240465,0.2235256298668755,0.11692229615451483,0.4094826783162456,0.2623112528677419,SPARSE-EXTREME,Low
90,452.5521,457.5904666666667,0.0,8.0,17.75,29.379467010498047,29.874801635742188,10.279041969797177,0.333125,0.8,0.8875,0.10140845070422536,0.0,0.15,0.2139182078144523,0.5207513112589415,0.008323697997717604,190.9050419209524,0.39127135117909595,0.15417942039928673,0.31861121449904667,0.11667546234433568,0.5207513112589415,0.24654950402164677,SPARSE-EXTREME,Moderate
91,457.5904666666667,462.6288333333334,0.0,2.0,5.0,22.41260051727295,58.67123603820801,1.6994564318783068,0.0875,0.2,0.25,0.12,0.0,0.15,0.08933333333022223,0.2720199376167087,0.003712686038921742,66.71209582057085,0.23966198859522939,0.09998499999864667,0.16238605448680266,0.07929999999906667,0.2720199376167087,0.15956112896335178,SPARSE-EXTREME,Low
92,462.6288333333334,467.66720000000004,0.0,2.0,4.75,12.91753339767456,12.962801933288574,0.2709332286155202,0.17312500000000003,0.2,0.2375,0.10526315789473684,0.07656249996171874,0.47,0.19905822782471322,0.4358166705701845,0.0034543134769339833,30.16404214759018,0.29849794578904343,0.290173922847721,0.3331304441336275,0.2510143433340155,0.4358166705701845,0.3042491948724522,SPARSE-EXTREME,Moderate
93,467.66720000000004,472.67220000000003,0.0,1.0,3.0,4.912962913513184,8.87799301147461,0.02244097222222222,0.0475,0.1,0.15,0.13333333333333333,0.0,0.15,0.10127272726572731,0.3320440440984694,0.0018381410675381263,9.92394614044521,0.26891998767779834,0.10517863636059137,0.1948440847435329,0.08288181817971818,0.3320440440984694,0.17233532156437742,LOW-COMPLEXITY,Low
94,472.67220000000003,477.7105666666667,0.0,0.0,0.0,13.315833568572998,151.4290008544922,0.28766052138447973,0.0,0.0,0.0,0.1,0.0,0.0,0.0,0.3492543348365401,0.0007501299516720269,514.6294886418366,0.4172977890505253,0.0,0.15911504514669256,0.0,0.3492543348365401,0.17702557661746998,LOW-COMPLEXITY,Low
95,477.7105666666667,482.74893333333335,2.0,6.0,12.75,48.887813568115234,151.6020278930664,15.637938161375663,0.26791053921568625,0.3,0.31875,0.39215686274509803,0.33333333331388887,0.34500000000000003,0.4609128877916275,0.2708008788089895,0.018496283409197015,405.932956370068,0.2476793702928766,0.3935846061862954,0.34459877758557506,0.37569053299734934,0.2708008788089895,0.33213597076788626,SPARSE-EXTREME,Moderate
96,482.74893333333335,487.7873,0.0,0.0,6.75,20.82598114013672,20.918724060058594,0.9440586419753085,0.050625,0.0,0.3375,0.16296296296296295,0.0,0.0,0.3893745572263945,0.44172291189577195,0.0022727300603883525,114.69704756082291,0.2930731980288853,0.1693779323934816,0.30732730522777996,0.11681236716791835,0.44172291189577195,0.20207661145418182,SPARSE-EXTREME,Moderate
97,487.7873,492.7923,0.0,4.0,8.0,19.375843048095703,24.731142044067383,1.8684826388888887,0.185,0.4,0.4,0.1,0.021874999994531248,0.5,0.41439411098651024,0.35280924347499454,0.0053536832788671,91.64692754796293,0.23290572535419432,0.3874567507782706,0.33263817937266815,0.306974483294039,0.35280924347499454,0.3318330312367589,SPARSE-EXTREME,Moderate
98,492.7923,497.8306666666667,0.0,1.0,2.0,27.435038566589355,64.86788177490234,1.0583491787918873,0.14,0.1,0.1,0.1,0.08749999991249999,0.42999999999999994,0.096,0.3322237791954531,0.004801405072059687,532.7456642239575,0.30490048408139986,0.2307662499862187,0.26587449684612185,0.20992499996937494,0.3322237791954531,0.2843503711379793,LOW-COMPLEXITY,Low
99,497.8306666666667,502.86903333333333,0.0,1.0,1.75,63.700130462646484,64.40512466430664,1.1629877645502644,0.138125,0.1,0.0875,1.0,0.08749999991249999,0.42999999999999994,0.37081081081081085,0.42959394430571307,0.004887670963447108,862.6010463898417,0.30602348517084693,0.3503089526889215,0.3870812241831867,0.29236824321261823,0.42959394430571307,0.3442133065947322,LOW-COMPLEXITY,Moderate
100,502.86903333333333,507.9074,0.0,1.0,1.0,4.04548978805542,8.683885097503662,0.0076402667548500875,0.0325,0.1,0.05,0.1,0.0,0.15,0.04571428571428573,0.3557096692075125,0.0011870693493446762,3.2170959369619805,0.3249422076964681,0.08101071428571428,0.1851518204350159,0.06621428571428571,0.3557096692075125,0.18270396655575433,LOW-COMPLEXITY,Low
101,507.9074,512.9124,0.0,7.0,14.0,18.77387809753418,38.07531509399414,5.562864583333334,0.27999999999999997,0.7,0.7,0.10714285714285714,0.0,0.15,0.21563662438925077,0.2826295327142912,0.007635856209150327,152.93408751476883,0.22470731720349024,0.15492693160932408,0.20408414532705965,0.11719098731677521,0.2826295327142912,0.18297121994603083,SPARSE-EXTREME,Low
102,512.9124,517.9507666666667,0.0,0.0,0.0,41.75304985046387,67.76568222045898,5.000702711640212,0.0,0.0,0.0,0.0,0.0,0.0,0.0,0.354276790836312,0.007779996952484698,442.7197131837642,0.2821214078712071,0.0,0.19415228386259797,0.0,0.354276790836312,0.12044480557843486,LOW-COMPLEXITY,Low
103,517.9507666666667,522.9891333333334,0.0,7.5,131.75,38.064592361450195,39.57280349731445,16.39127259700176,0.3641666666666667,0.75,1.0,0.1935483870967742,0.02333333333022222,0.5,0.7835513427120969,0.43697301618599704,0.0373854729970692,245.42030933900264,0.3018924364366229,0.5482698340792721,0.45649248744246185,0.4182320694792068,0.43697301618599704,0.44400803618348833,HEAVY-TAIL-RISK,Moderate
104,522.9891333333334,528.0275,5.0,11.0,23.5,31.230880737304688,41.354074478149414,18.346006255511462,0.2420875241779497,0.22000000000000003,0.23500000000000001,0.1446808510638298,0.4306818181695248,0.2577058823529412,0.2784108356906716,0.3244259827983642,0.023239835942092887,180.49563670194362,0.20694915839747416,0.2939562469459658,0.34992151182933456,0.3244589458900645,0.3244259827983642,0.25102870858124915,SPARSE-EXTREME,Moderate
105,528.0275,533.0325,1.0,2.0,2.0,41.29570007324219,42.419219207763675,5.886375,0.365,0.2,0.1,1.0,0.456249999934375,0.23666666666666666,0.10116153846153847,0.4209930837504314,0.008817002723311547,160.65394110220296,0.29130712077681764,0.21230631088709997,0.35975850242950075,0.2728692948488261,0.4209930837504314,0.24066166273702366,BURST-DOMINATED,Moderate
106,533.0325,538.0708666666667,0.0,0.0,0.0,24.309287071228027,25.704134941101074,0.806978202160494,0.0,0.0,0.0,1.0,0.0,0.0,0.0,0.46832281630200684,0.0032889678054863923,27.412520384620283,0.33702964650455763,0.0,0.22796710188667138,0.0,0.46832281630200684,0.1312226048371121,LOW-COMPLEXITY,Low
107,538.0708666666667,543.1092333333333,0.0,0.0,0.75,13.661844253540039,22.747031211853027,0.9090642912257495,0.005625,0.0,0.0375,1.0,0.0,0.0,0.28,0.42800930278678484,0.004062717621770931,15.403518291171828,0.3815542729298964,0.1218,0.24271891783147315,0.084,0.42800930278678484,0.2107264320092676,LOW-COMPLEXITY,Low
108,543.1092333333333,548.1476,1.0,2.0,2.0,30.452139854431152,32.66488838195801,7.668347663139329,0.315,0.2,0.1,0.1,0.4999999999125,0.24999999999999997,0.09846153846153848,0.4101249944642766,0.010772498254703116,138.67012520095793,0.26400404646857994,0.22345576921698798,0.36369753159948215,0.2920384615078365,0.4101249944642766,0.23403414144727033,BURST-DOMINATED,Moderate
109,548.1476,553.1526,2.0,3.0,3.0,60.59440612792969,60.956626892089844,4.502048611111111,0.4154166666666666,0.15,0.075,0.1,0.6374999999319444,0.1225,0.09313478260869565,0.42865078482093016,0.010877868872549021,351.3297707380287,0.2899437165046797,0.19083863042406382,0.3970494913534946,0.2939404347587892,0.42865078482093016,0.22137170141213477,LOW-COMPLEXITY,Moderate
110,553.1526,558.1909666666667,0.0,2.0,3.0,27.422956466674805,91.82468032836914,1.0084876543209877,0.17250000000000001,0.2,0.15,0.13333333333333333,0.08749999995624999,0.42999999999999994,0.1127058823249412,0.34904211640976257,0.004053449311823496,199.35658206188793,0.3651247142747781,0.23803330880445878,0.24224888942581238,0.21493676468216982,0.34904211640976257,0.3044948216827239,BURST-DOMINATED,Low
111,558.1909666666667,563.2293333333333,0.0,0.0,0.0,88.59589767456055,159.46451568603516,0.3512352568342152,0.0,0.0,0.0,0.4,0.0,0.0,0.0,0.2794091888191818,0.0008155933090828926,1143.0910482425343,0.20600797986284894,0.0,0.1656216608615843,0.0,0.2794091888191818,0.09111927402818351,LOW-COMPLEXITY,Low
112,563.2293333333333,568.2677,0.0,0.0,1.0,159.4766082763672,159.47772216796875,0.4792114473104056,0.0075,0.0,0.05,0.1,0.0,0.0,0.0,0.43207624825115926,0.001119316302910053,2082.590393855997,0.3037619547302033,0.0,0.24502435784056245,0.0,0.43207624825115926,0.12962044054650868,LOW-COMPLEXITY,Low
113,568.2677,573.2727,0.0,1.0,2.0,26.119503021240234,32.552092742919925,0.5558090277777777,0.04,0.1,0.1,0.1,0.0,0.15,0.21898250963056612,0.35363144046350087,0.002024794253812636,217.270647012396,0.22906339699668,0.15638239168929624,0.25547472007636396,0.11819475288916984,0.35363144046350087,0.18588736685377705,LOW-COMPLEXITY,Low
114,573.2727,578.3110666666666,0.0,1.0,1.0,32.66024398803711,90.49193572998047,2.97046199845679,0.0325,0.1,0.05,0.1,0.0,0.15,0.04571428571428573,0.32903465700923473,0.00475434081811737,566.0967159458245,0.3227432397260173,0.08101071428571428,0.1951264898827661,0.06621428571428571,0.32903465700923473,0.19176436992681095,LOW-COMPLEXITY,Low
115,578.3110666666666,583.3494333333333,0.0,1.0,1.0,40.44815635681152,90.85171127319336,6.597628692680776,0.0325,0.1,0.05,0.1,0.0,0.15,0.04571428571428573,0.27512067456073797,0.010230890214882252,563.1717925396197,0.2260564183958016,0.08101071428571428,0.18534764674657442,0.06621428571428571,0.27512067456073797,0.1534768597761602,LOW-COMPLEXITY,Low
116,583.3494333333333,588.3878000000001,0.0,0.0,1.0,24.3511905670166,28.972759246826172,5.183672977292768,0.0075,0.0,0.05,0.6,0.0,0.0,0.13999999986,0.39519693287335345,0.009425287514697239,42.21935961305102,0.27396074629125966,0.0608999999391,0.226332267903163,0.041999999958,0.39519693287335345,0.1383974336723985,LOW-COMPLEXITY,Low
117,588.3878000000001,593.3928000000001,0.0,0.0,0.0,25.05793571472168,25.25591697692871,0.0003020833333333333,0.0,0.0,0.0,0.1,0.0,0.0,0.0,0.39986928869985555,0.00013651565904139432,97.15782465902265,0.24050177423902103,0.0,0.21469164863763177,0.0,0.39986928869985555,0.09542564196771774,LOW-COMPLEXITY,Low
118,593.3928000000001,598.4311666666667,0.0,0.0,1.0,118.37714385986328,150.83760833740234,2.2507888282627864,0.0075,0.0,0.05,0.1,0.0,0.0,1.0,0.3571347877793626,0.0035708433836497567,1064.4193403533013,0.25088561689617933,0.435,0.4077373777768425,0.3,0.3571347877793626,0.32886719372514384,HEAVY-TAIL-RISK,Moderate
119,598.4311666666667,603.4695333333334,0.0,0.0,0.75,89.51869201660156,92.74775695800781,1.1133570326278657,0.005625,0.0,0.0375,0.1,0.0,0.0,0.00933333332088889,0.5016200157432235,0.002348123913917419,396.2514154910579,0.3741865006438251,0.004059999994586667,0.26342330898963834,0.002799999996266667,0.5016200157432235,0.15528640453061343,LOW-COMPLEXITY,Low
120,603.4695333333334,608.5079000000001,0.0,0.0,1.0,17.12181568145752,25.34879207611084,0.27790523037918874,0.0075,0.0,0.05,0.1,0.0,0.0,0.0,0.41601730926230085,0.001050960912914549,102.58348277801687,0.3387434036563138,0.0,0.19152485082402534,0.0,0.41601730926230085,0.13240107230099055,LOW-COMPLEXITY,Low
121,608.5079000000001,613.5129000000001,0.0,0.0,0.0,17.279998779296875,23.47818946838379,0.22558680555555558,0.0,0.0,0.0,0.0,0.0,0.0,0.0,0.39173241552599214,0.0008546960784313725,72.35335679987631,0.291652933902458,0.0,0.18775402455770818,0.0,0.39173241552599214,0.11360727166492882,LOW-COMPLEXITY,Low
122,613.5129000000001,618.5512666666667,0.0,0.0,0.0,23.23289203643799,28.774588584899902,0.14053888337742507,0.0,0.0,0.0,0.0,0.0,0.0,0.0,0.3702840409024588,0.0009912124572051043,50.43034980896941,0.26629440753355554,0.0,0.18438957657471422,0.0,0.3702840409024588,0.10511254534231305,LOW-COMPLEXITY,Low
123,618.5512666666667,623.5896333333334,0.0,0.0,0.0,40.65701484680176,73.36927795410156,0.1341283619929453,0.0,0.0,0.0,0.0,0.0,0.0,0.0,0.2818436646898781,0.0002724440856589549,161.79081593666305,0.20529826629678544,0.0,0.14711969234035524,0.0,0.2818436646898781,0.08368010929504753,LOW-COMPLEXITY,Very Low
124,623.5896333333334,628.628,0.0,0.0,0.0,16.301281929016113,68.21823501586914,0.8929225914902997,0.0,0.0,0.0,1.0,0.0,0.0,0.0,0.33096975058109207,0.0034355281657416055,172.1793561901476,0.35062809228417474,0.0,0.1439748475383793,0.0,0.33096975058109207,0.14296280513524712,LOW-COMPLEXITY,Very Low
125,628.628,633.633,0.0,3.0,6.0,14.605398178100586,68.21947937011718,0.8694652777777778,0.12,0.3,0.3,0.1,0.0,0.15,0.07111111111111112,0.3272597198251803,0.003243540168845315,101.58355901920436,0.35971510744829205,0.09205833333333335,0.16777687029438942,0.07383333333333333,0.3272597198251803,0.20493119503755391,SPARSE-EXTREME,Low
126,633.633,638.6713666666667,0.0,1.0,1.0,45.742881774902344,51.05923080444336,1.0206404320987652,0.0325,0.1,0.05,1.0,0.0,0.15,0.04571428571428573,0.3895267061580955,0.0024066045978576615,319.2378408897619,0.2684069759812529,0.08101071428571428,0.24167927020968036,0.06621428571428571,0.3895267061580955,0.16576669888163356,LOW-COMPLEXITY,Low
127,638.6713666666667,643.7097333333334,0.0,1.0,1.0,18.533085823059082,23.669297218322754,1.0607914462081127,0.10750000000000001,0.1,0.05,0.1,0.065624999934375,0.5,0.07428571428571429,0.35016935101311203,0.003029198465651693,42.37492843280084,0.24495008343219715,0.24640022320394978,0.26553522012794134,0.22025446426274553,0.35016935101311203,0.2640128881504572,LOW-COMPLEXITY,Low
128,643.7097333333334,648.7481,0.0,0.0,0.0,4.956991195678711,4.986783742904663,0.0012951940035273368,0.0,0.0,0.0,0.0,0.0,0.0,0.0,0.40554300702279555,0.0002544752275910364,2.8257994924062,0.24469587082815514,0.0,0.21042722386582213,0.0,0.40554300702279555,0.09461171201141642,LOW-COMPLEXITY,Low
129,648.7481,653.7531,0.0,0.0,0.0,84.88739776611328,128.36923217773438,0.6625000000000001,0.0,0.0,0.0,0.0,0.0,0.0,0.0,0.3156073809515747,0.0009882957516339865,525.2862022289867,0.23252976846320095,0.0,0.18363356218045088,0.0,0.3156073809515747,0.1016347857568646,LOW-COMPLEXITY,Low
130,653.7531,658.7914666666667,0.0,0.5,1.0,72.85290908813477,83.42676162719727,0.5999400628306878,0.02,0.05,0.05,0.1,0.0,0.15,0.07111111111111112,0.4301485204528575,0.00248596386857212,223.9452939867833,0.3093126104024052,0.09205833333333335,0.2533508879001126,0.07383333333333333,0.4301485204528575,0.18395865251969432,LOW-COMPLEXITY,Low
131,658.7914666666667,663.8298333333333,0.0,1.5,8.0,63.73183822631836,69.72410583496094,3.4245273919753085,0.0975,0.15,0.4,1.0,0.0,0.15,0.6133294115774329,0.42006594032714273,0.007976885487991492,148.01416096118982,0.28255629421999884,0.3279232940361833,0.3587137401308388,0.23649882347322987,0.42006594032714273,0.2913108828106223,HEAVY-TAIL-RISK,Moderate
132,663.8298333333333,668.8682,0.0,1.5,7.75,38.884891510009766,39.09554862976074,1.8065923996913575,0.09562499999999999,0.15,0.3875,0.1032258064516129,0.0,0.15,0.10894608695634254,0.46627284774184025,0.0030515837893799504,275.7642470543144,0.3158613278073576,0.108516547826009,0.28503846848067566,0.08518382608690275,0.46627284774184025,0.19496782897990658,SPARSE-EXTREME,Low
133,668.8682,673.8732,0.0,1.0,1.0,4.152191638946533,6.21276159286499,0.10241319444444442,0.0325,0.1,0.05,0.2,0.0,0.15,0.04571428571428573,0.46769340345194477,0.0015557934368191722,16.92957116857307,0.40123970898326866,0.08101071428571428,0.230470610710884,0.06621428571428571,0.46769340345194477,0.20871836023460041,LOW-COMPLEXITY,Low
134,673.8732,678.9115666666667,0.0,0.0,28.75,31.34140968322754,90.54192733764648,2.4551711309523814,0.15,0.0,1.0,0.15304347826086956,0.0,0.0,0.014852173912526884,0.26832102634,0.005388803380148356,311.15461729294987,0.23797103391012914,0.006460695651949195,0.14174506423050773,0.004455652173758065,0.26832102634,0.10374385893762131,SPARSE-EXTREME,Very Low
135,678.9115666666667,683.9499333333333,0.0,3.0,7.0,14.328755855560303,89.06035995483398,2.207227595899471,0.1275,0.3,0.35,0.1,0.0,0.15,0.07724137931034485,0.362287927405349,0.0041802774157502515,286.28432905462506,0.4259784059581061,0.094725,0.1854768159460552,0.07567241379310345,0.362287927405349,0.23642031360538684,SPARSE-EXTREME,Low
136,683.9499333333333,688.9883,0.0,0.0,0.0,29.866947174072266,98.1788101196289,1.429384369488536,0.0,0.0,0.0,0.0,0.0,0.0,0.0,0.3022389270695634,0.002078810555858146,830.1647413603488,0.302921938357216,0.0,0.15650625603938778,0.0,0.3022389270695634,0.13067842702500285,LOW-COMPLEXITY,Low
137,688.9883,693.9933,0.0,0.0,0.0,35.85856628417969,63.63513031005859,1.4768402777777778,0.0,0.0,0.0,0.0,0.0,0.0,0.0,0.38873651701140416,0.0029388262527233117,184.78304927115312,0.3307467296978365,0.0,0.18182599185580922,0.0,0.38873651701140416,0.13182833274560044,LOW-COMPLEXITY,Low
138,693.9933,699.0316666666668,0.0,1.0,2.0,35.91485595703125,49.997575759887695,0.5066068672839507,0.04,0.1,0.1,0.1,0.0,0.15,0.21898250963056612,0.3689351851717731,0.0017428110518898916,50.25917002427499,0.272908392532797,0.15638239168929624,0.24497972057618023,0.11819475288916984,0.3689351851717731,0.2003106786197032,LOW-COMPLEXITY,Low
139,699.0316666666668,704.0700333333334,0.0,0.0,1.0,33.825865745544434,49.949514389038086,1.2634169697971784,0.0075,0.0,0.05,1.0,0.0,0.0,1.0,0.3207684732936392,0.003163940518336964,63.4200625180821,0.223163323855654,0.435,0.3634837357541092,0.3,0.3207684732936392,0.3086088511183554,HEAVY-TAIL-RISK,Moderate
140,704.0700333333334,709.1084000000001,0.0,0.0,0.0,48.22620964050293,48.462961196899414,1.720885692239859,0.0,0.0,0.0,0.0,0.0,0.0,0.0,0.5190199956325482,0.0030484456321108687,295.2283356487164,0.38602510626800657,0.0,0.2635822217069479,0.0,0.5190199956325482,0.155511331823298,LOW-COMPLEXITY,Low
141,709.1084000000001,714.1467666666667,0.0,0.0,0.0,86.62754821777344,86.65260314941406,0.013602981701940036,0.0,0.0,0.0,0.0,0.0,0.0,0.0,0.5116788563684631,0.00015892346521942106,875.8249617451884,0.37637875852739916,0.0,0.2739711100451774,0.0,0.5116788563684631,0.15615955368739587,LOW-COMPLEXITY,Low
142,714.1467666666667,719.1517666666667,0.0,0.0,0.0,101.29244995117188,105.36368103027344,0.033732638888888895,0.0,0.0,0.0,0.0,0.0,0.0,0.0,0.42878417691542714,4.5457924836601306e-05,1261.8496445138892,0.2812583988534096,0.0,0.2447258418879993,0.0,0.42878417691542714,0.11908719985864778,LOW-COMPLEXITY,Low
143,719.1517666666667,724.1901333333334,0.0,0.0,0.0,118.90210342407227,122.74546432495117,1.5169236386684304,0.0,0.0,0.0,0.0,0.0,0.0,0.0,0.4984410808139489,0.004220195408410278,1106.4764956046076,0.36817976993357576,0.0,0.26608484914873054,0.0,0.4984410808139489,0.15260931196535635,LOW-COMPLEXITY,Low
144,724.1901333333334,729.2285,0.0,2.0,5.0,122.7369499206543,122.74822235107422,2.659897900132275,0.1375,0.2,0.25,0.12,0.043749999978124995,0.5,0.336121852823509,0.43839583114963804,0.004357464494285369,838.4461919409599,0.30102169235585163,0.3568536309747811,0.3871496053434488,0.29114905583939643,0.43839583114963804,0.35183252818424965,SPARSE-EXTREME,Moderate
145,729.2285,734.2668666666667,1.0,2.0,3.0,69.88737487792969,71.17767333984375,11.359075314153438,0.2891666666666667,0.2,0.15,0.1,0.456249999934375,0.23666666666666666,0.23214039953366336,0.4033932035331482,0.013414623237412248,141.72129294636056,0.2451971931446735,0.2692821154534743,0.3832865724144542,0.31216295317046355,0.4033932035331482,0.24988832263082483,BURST-DOMINATED,Moderate
146,734.2668666666667,739.2718666666667,0.0,1.0,2.0,18.09521484375,67.64209899902345,1.966201388888889,0.04,0.1,0.1,0.1,0.0,0.15,0.07111111111111112,0.409555357808442,0.004537035947712419,25.283869571310913,0.4543789084491625,0.09205833333333335,0.18841244632699478,0.07383333333333333,0.409555357808442,0.2389116376535856,LOW-COMPLEXITY,Low
147,739.2718666666667,744.3102333333334,0.0,1.0,1.75,41.50646209716797,43.451759338378906,0.33639564043209874,0.038125,0.1,0.0875,0.11428571428571428,0.0,0.15,0.07521568626206537,0.41722014608958824,0.001899336895251928,16.919255562239908,0.29448107560229186,0.09384382352399843,0.2415246435295882,0.0750647058786196,0.41722014608958824,0.17625147945341454,LOW-COMPLEXITY,Low
148,744.3102333333334,749.3486,0.0,1.0,2.0,7.114181995391846,11.82490587234497,0.055862130731922394,0.04,0.1,0.1,0.1,0.0,0.15,0.21898250963056612,0.45588923895016864,0.0015075299023930558,12.938426771302755,0.41868571292538204,0.15638239168929624,0.2579155300517948,0.11819475288916984,0.45588923895016864,0.2559883586878619,LOW-COMPLEXITY,Low
149,749.3486,754.3869666666667,0.0,0.0,0.0,95.60703659057617,111.15499877929688,0.7628933807319225,0.0,0.0,0.0,0.0,0.0,0.0,0.0,0.41834605901712946,0.0008739892947919909,615.1713239073937,0.29835462404215424,0.0,0.23475640635420023,0.0,0.41834605901712946,0.12675553949076482,LOW-COMPLEXITY,Low
150,754.3869666666667,759.3919666666667,0.0,0.0,1.0,50.86802673339844,97.9325180053711,1.2740381944444443,0.0075,0.0,0.05,0.1,0.0,0.0,0.0,0.3233065471211062,0.002559437227668845,264.08747398004687,0.2648453277196557,0.0,0.162516134233435,0.0,0.3233065471211062,0.10847667406125354,LOW-COMPLEXITY,Low
151,759.3919666666667,764.4303333333334,1.0,2.0,2.0,29.40408992767334,29.785778999328613,10.023995535714286,0.315,0.2,0.1,0.1,0.4999999999125,0.225,0.09846153846153848,0.4957822875216348,0.012732993756916347,115.87172506861329,0.358029851547299,0.21326826921698797,0.39104703897954557,0.2832884615078365,0.4957822875216348,0.2629550483053126,BURST-DOMINATED,Moderate
152,764.4303333333334,769.4687000000001,0.0,0.0,0.0,16.96721363067627,25.677738189697266,0.9914606757054674,0.0,0.0,0.0,0.0,0.0,0.0,0.0,0.3923503654757501,0.0014260480426738597,29.04940188329294,0.30590840993957513,0.0,0.1811003239333103,0.0,0.3923503654757501,0.11825172697750862,LOW-COMPLEXITY,Low
153,769.4687000000001,774.5070666666667,0.0,2.0,4.0,45.23958969116211,46.13015556335449,1.6447069279100528,0.13,0.2,0.2,0.125,0.043749999978124995,0.5,0.34409219003519464,0.4319223040031597,0.004132677415101844,86.51382907885417,0.2986556741124255,0.3603207276618643,0.36024835284231893,0.29354015700290215,0.4319223040031597,0.3440480130555137,SPARSE-EXTREME,Moderate
154,774.5070666666667,779.5120666666667,0.0,0.6000000000000085,4.0,49.87353515625,49.97981643676758,1.4996562500000001,0.04500000000000021,0.06000000000000085,0.2,0.125,0.0,0.15,0.12459893047886086,0.5089606686355578,0.0025731180555555555,60.22594167512871,0.37299833739560256,0.11532553475830448,0.2898462004825427,0.08987967914365826,0.5089606686355578,0.2168950112796309,SPARSE-EXTREME,Low
155,779.5120666666667,784.5504333333333,0.0,1.0,2.0,14.584959030151367,49.7662467956543,1.0219080687830688,0.04,0.1,0.1,0.15,0.0,0.15,0.26428235421518115,0.4080381292822356,0.002975958535420341,42.50772804610596,0.44534863576659756,0.1760878240836038,0.22936163993942033,0.13178470626455435,0.4080381292822356,0.27808371267381415,LOW-COMPLEXITY,Low
156,784.5504333333333,789.5888,0.0,0.0,1.0,12.697814464569092,13.509106159210205,0.49371693121693117,0.0075,0.0,0.05,0.1,0.0,0.0,0.06137217545637992,0.5041252941329458,0.0021278650156050074,42.747565877640156,0.37188393868767977,0.026696896323525267,0.24896444316837527,0.018411652636913977,0.5041252941329458,0.15625402723799178,LOW-COMPLEXITY,Low
157,789.5888,794.6271666666667,0.0,0.0,0.0,94.44146347045898,105.91044235229492,0.27515983245149916,0.0,0.0,0.0,0.0,0.0,0.0,0.0,0.5407438440225258,0.0008940441338572467,558.3364710785935,0.4451823766550404,0.0,0.2757123347108122,0.0,0.5407438440225258,0.183904544470673,LOW-COMPLEXITY,Low
158,794.6271666666667,799.6321666666666,0.0,0.0,0.0,96.8163833618164,107.8772201538086,1.7212291666666666,0.0,0.0,0.0,0.0,0.0,0.0,0.0,0.4597313654195423,0.002361406590413944,531.0476454202699,0.3385106796284383,0.0,0.25046990600248786,0.0,0.4597313654195423,0.14198696556020432,LOW-COMPLEXITY,Low
159,799.6321666666666,804.6705333333334,0.0,0.0,0.0,15.098869800567627,15.105587482452393,0.0,0.0,0.0,0.0,0.0,0.0,0.0,0.0,0.43206740530559007,3.2186543598921044e-05,22.212207140760448,0.27882705058760293,0.0,0.2209710579632172,0.0,0.43206740530559007,0.10873654425452994,LOW-COMPLEXITY,Low
160,804.6705333333334,809.7089000000001,0.0,2.0,3.0,13.182374954223633,15.02816104888916,0.1468942901234568,0.07250000000000001,0.2,0.15,0.13333333333333333,0.0,0.15,0.18677365812635108,0.4048882434495957,0.0022128457092713623,15.070994659839611,0.27302620135228395,0.1423715412849627,0.25638688911719104,0.10853209743790532,0.4048882434495957,0.19054249972371257,BURST-DOMINATED,Low
161,809.7089000000001,814.7472666666667,0.0,1.0,2.0,63.439002990722656,63.90838623046875,1.1168292548500882,0.04,0.1,0.1,0.1,0.0,0.15,0.07111111111111112,0.43079003190870413,0.002731786773351316,352.4543195113427,0.30222022669478876,0.09205833333333335,0.2681725175255407,0.07383333333333333,0.43079003190870413,0.18543965317082423,LOW-COMPLEXITY,Low
162,814.7472666666667,819.7522666666667,0.0,1.0,1.0,63.16862106323242,63.76852264404297,1.7708368055555554,0.0325,0.1,0.05,0.1,0.0,0.15,0.04571428571428573,0.5136265931997668,0.0032158963779956432,518.2824792302857,0.3797935481727872,0.08101071428571428,0.3011921338648992,0.06621428571428571,0.5136265931997668,0.21126451549630948,LOW-COMPLEXITY,Moderate
163,819.7522666666667,824.7906333333334,0.0,7.5,17.5,80.53539657592773,80.76003646850586,8.761305390211641,0.3720833333333333,0.75,0.875,0.2571428571428572,0.04666666666044444,0.5,0.317273448663122,0.4491525614635617,0.011307065939801846,255.2990230486663,0.3121638010782748,0.34911395016747804,0.3730066944132649,0.28651536793009214,0.4491525614635617,0.346937120517358,SPARSE-EXTREME,Moderate
164,824.7906333333334,829.8290000000001,0.0,3.0,7.0,72.56185913085938,79.00237655639648,0.4148168816137566,0.1275,0.3,0.35,0.11428571428571428,0.0,0.15,0.08424137930859485,0.5460292274482373,0.002203635350745236,537.5725839848593,0.4467088490945831,0.09776999999923876,0.31478140520824793,0.07777241379257846,0.5460292274482373,0.2471568164044082,SPARSE-EXTREME,Moderate
165,829.8290000000001,834.8673666666667,0.0,0.0,1.0,17.540003776550293,72.5683822631836,0.07636822089947089,0.0075,0.0,0.05,0.1,0.0,0.0,1.0,0.43331827340183393,0.0005281072498443822,138.8142659277929,0.49094224346870274,0.435,0.3678543953450051,0.3,0.43331827340183393,0.41589059175464466,HEAVY-TAIL-RISK,Moderate
166,834.8673666666667,839.8723666666667,0.0,0.0,0.0,62.43791961669922,62.45199890136719,0.05330902777777778,0.0,0.0,0.0,0.0,0.0,0.0,0.0,0.5176074772459094,0.00012876770152505445,421.1937392378381,0.3847321370541459,0.0,0.2710754986554225,0.0,0.5176074772459094,0.15784062374499347,LOW-COMPLEXITY,Low
167,839.8723666666667,844.9107333333334,0.0,0.0,0.0,45.23884963989258,56.634782791137695,0.3920131999559083,0.0,0.0,0.0,0.0,0.0,0.0,0.0,0.5155250125009686,0.0005065233848168897,338.20119021674816,0.44070730992596874,0.0,0.2502964995062433,0.0,0.5155250125009686,0.17907617666492734,LOW-COMPLEXITY,Low
168,844.9107333333334,849.9491,0.0,0.0,1.0,73.00203323364258,73.73653793334961,0.7595865024250442,0.0075,0.0,0.05,0.1,0.0,0.0,0.0,0.4319113499406997,0.0019504855761749145,347.27238092999943,0.2940643655876266,0.0,0.23809049855510664,0.0,0.4319113499406997,0.12238601980292571,LOW-COMPLEXITY,Low
169,849.9491,854.9874666666667,0.0,0.0,0.0,72.71966552734375,73.49581527709961,0.4128568672839506,0.0,0.0,0.0,0.0,0.0,0.0,0.0,0.41879815034521783,0.0008195449476086732,486.39953741302224,0.26251600692371846,0.0,0.24325511482709386,0.0,0.41879815034521783,0.11169775606503762,LOW-COMPLEXITY,Low
170,854.9874666666667,859.9924666666667,0.0,0.0,0.0,75.47000122070312,75.73252868652344,0.31001388888888887,0.0,0.0,0.0,0.0,0.0,0.0,0.0,0.4647011598360361,0.0004377863562091503,561.8844005065066,0.3197047225686801,0.0,0.25928004756218026,0.0,0.4647011598360361,0.1344250879720941,LOW-COMPLEXITY,Low
171,859.9924666666667,865.0308333333334,0.0,0.0,0.0,65.56745147705078,67.29432678222656,0.09902378196649031,0.0,0.0,0.0,0.1,0.0,0.0,0.0,0.39578904097550405,0.0003312166880641146,475.29003021970726,0.23850775842016475,0.0,0.23434646673209056,0.0,0.39578904097550405,0.10232788232243806,LOW-COMPLEXITY,Low
172,865.0308333333334,870.0692,0.0,0.0,0.0,44.9134407043457,64.03929901123047,0.38707355048500885,0.0,0.0,0.0,0.1,0.0,0.0,0.0,0.37966233782920017,0.0006254923844537816,372.28704326444324,0.2934087960311163,0.0,0.20415566927968057,0.0,0.37966233782920017,0.12324329780614632,LOW-COMPLEXITY,Low
173,870.0692,875.1075666666667,0.0,0.0,0.0,47.41116905212402,49.8697624206543,0.008597883597883597,0.0,0.0,0.0,0.0,0.0,0.0,0.0,0.39335603589907187,7.753711052322162e-05,407.81450834011724,0.24306764415121707,0.0,0.22782922387574667,0.0,0.39335603589907187,0.1029350414573519,LOW-COMPLEXITY,Low
174,875.1075666666667,880.1125666666667,0.0,2.0,3.0,12.1942720413208,21.963132095336938,0.28907638888888887,0.07250000000000001,0.2,0.15,0.1,0.0,0.15,0.1464992230630751,0.4467584178436079,0.0023672347494553387,70.55246449417513,0.4194134112595095,0.12485216203243765,0.24012991470253703,0.09644976691892253,0.4467584178436079,0.24153745477420202,BURST-DOMINATED,Low
175,880.1125666666667,885.1509333333333,0.0,2.0,4.5,7.769328355789185,7.964714527130127,0.08474909060846561,0.08375,0.2,0.225,0.11111111111111112,0.0,0.15,0.08138947368197055,0.4860665538853889,0.0018211820414894353,20.293990620615677,0.3460444350686682,0.09652942105165718,0.268794404637293,0.07691684210459117,0.4860665538853889,0.19529204173833498,SPARSE-EXTREME,Low
176,885.1509333333333,890.1893,0.0,0.0,0.0,7.615343809127808,7.7286458015441895,0.03446387235449735,0.0,0.0,0.0,0.0,0.0,0.0,0.0,0.39996461126948185,0.0003795796482173116,16.694675177919184,0.24130410537726885,0.0,0.209182392045081,0.0,0.39996461126948185,0.0938747370870423,LOW-COMPLEXITY,Low
177,890.1893,895.2276666666667,0.0,0.0,170.5,21.120915412902832,61.11131286621094,2.5229483575837746,0.15,0.0,1.0,0.14486803519061583,0.0,0.0,0.012563049853298753,0.28232616293453483,0.013043934201767127,204.10114298206162,0.27409593363806906,0.005464926686184957,0.13499051779338114,0.0037689149559896255,0.28232616293453483,0.11559756479107904,SPARSE-EXTREME,Very Low
178,895.2276666666667,900.2326666666667,0.0,0.0,1.0,7.996437072753906,60.779711151123045,0.793,0.0075,0.0,0.05,1.0,0.0,0.0,0.28,0.33482583193496934,0.001299235294117647,275.28896164005585,0.3849425719790308,0.1218,0.19998848079002504,0.084,0.33482583193496934,0.2207607962822818,LOW-COMPLEXITY,Low
179,900.2326666666667,905.2710333333333,0.0,1.0,1.0,15.45385456085205,21.49094295501709,1.1278900738536157,0.0325,0.1,0.05,1.0,0.0,0.15,0.04571428571428573,0.3503274571719335,0.0020338164779800812,74.2440403049902,0.24704990711179506,0.08101071428571428,0.2022400973844987,0.06621428571428571,0.3503274571719335,0.15108426620463156,LOW-COMPLEXITY,Low
180,905.2710333333333,910.3094000000001,0.0,0.0,1.0,77.40419387817383,77.5736083984375,0.18478560405643735,0.0075,0.0,0.05,0.1,0.0,0.0,1.0,0.5226028027217547,0.0007943096026991043,397.9681050928913,0.39177068597228637,0.435,0.4717858304289384,0.3,0.5226028027217547,0.3803596829558329,HEAVY-TAIL-RISK,Moderate
181,910.3094000000001,915.3477666666668,0.0,0.0,1.0,15.717158794403076,22.899124145507812,0.5781697806437389,0.0075,0.0,0.05,0.2,0.0,0.0,0.027999999972000006,0.5060844324176687,0.0014514022622938063,78.07727242677701,0.45650551476591616,0.012179999987820003,0.22748454306072038,0.008399999991600002,0.5060844324176687,0.1855512393455931,LOW-COMPLEXITY,Low
182,915.3477666666668,920.3527666666668,0.0,0.0,1.0,46.083396911621094,46.1132209777832,0.24894444444444444,0.0075,0.0,0.05,0.1,0.0,0.0,0.0,0.45756104295678973,0.0011735473856209148,310.2583221113622,0.3207848184055546,0.0,0.24444697199895543,0.0,0.45756104295678973,0.13155858866321427,LOW-COMPLEXITY,Low
183,920.3527666666668,925.3911333333334,0.0,1.0,1.0,24.886086463928223,25.13723087310791,1.1692157186948855,0.0325,0.1,0.05,0.1,0.0,0.15,0.04571428571428573,0.39512568566720835,0.0035345086529982362,81.23279325911595,0.23259116372388744,0.08101071428571428,0.23919288141039668,0.06621428571428571,0.39512568566720835,0.1455888117959233,LOW-COMPLEXITY,Low
184,925.3911333333334,930.4295000000001,0.0,1.5,3.0,72.4336051940918,72.57347869873047,2.190496858465609,0.06,0.15,0.15,0.1,0.0,0.15,0.07111111111111112,0.4363651581357168,0.0035775423788342495,299.5098066514286,0.3053669273572519,0.09205833333333335,0.2681022666121565,0.07383333333333333,0.4363651581357168,0.1855946341256182,LOW-COMPLEXITY,Low
185,930.4295000000001,935.4678666666667,0.0,1.0,1.0,81.8293571472168,82.35132217407227,4.546899112654322,0.1325,0.1,0.05,0.2,0.08749999991249999,0.42999999999999994,0.06857142857142857,0.4683832524025246,0.007147014650767715,305.83390082658536,0.33128799855355234,0.21883482141479016,0.33213592706311934,0.20169642854080352,0.4683832524025246,0.282581474933951,LOW-COMPLEXITY,Moderate
186,935.4678666666667,940.4728666666667,1.0,2.0,3.0,21.29834747314453,21.674696731567384,4.515927083333333,0.23916666666666667,0.2,0.15,0.13333333333333333,0.4999999999125,0.24999999999999997,0.14094117644258827,0.48831547048593715,0.007764666530501089,56.41040650380543,0.34677179489830934,0.24193441173874464,0.39533562161986313,0.30478235290215144,0.48831547048593715,0.27331567386101074,BURST-DOMINATED,Moderate
187,940.4728666666667,945.5112333333334,0.0,0.0,0.75,64.87138366699219,128.40471649169922,1.1477795690035275,0.005625,0.0,0.0375,0.1,0.0,0.0,0.00933333332088889,0.3912920475011483,0.0013064060500743507,466.54100161218406,0.3479022543071857,0.004059999994586667,0.1979367820745332,0.002799999996266667,0.3912920475011483,0.14680598900252573,LOW-COMPLEXITY,Low
188,945.5112333333334,950.5496,0.0,1.0,2.75,42.237022399902344,88.07586288452148,3.703328235229276,0.045625,0.1,0.1375,1.0,0.0,0.15,0.6481947823322965,0.35981773819743024,0.007006226468210742,199.93337097938652,0.3342194949473574,0.343089730314549,0.31627813791439563,0.24695843469968895,0.35981773819743024,0.32258187854420406,HEAVY-TAIL-RISK,Moderate
189,950.5496,955.5879666666667,2.0,5.0,10.0,85.59037780761719,88.62992477416992,23.747109926146386,0.24000000000000002,0.25,0.25,0.61,0.399999999972,0.27249999999999996,0.6242712008113138,0.4079904575655347,0.03532291518073278,508.1652861170713,0.25823506930473655,0.4456017223485115,0.4788697681479712,0.4226563602335941,0.4079904575655347,0.3564900192344716,HEAVY-TAIL-RISK,Moderate
190,955.5879666666667,960.5929666666667,0.0,5.0,10.0,118.80553436279297,147.85631713867187,5.131263888888888,0.22000000000000003,0.5,0.5,0.1,0.0174999999965,0.5,0.4865874926601554,0.3648986650179159,0.006548698801742921,769.5825349171898,0.25409443680243143,0.41817180930661635,0.3738064104722367,0.3271012477968216,0.3648986650179159,0.3646429197110429,SPARSE-EXTREME,Moderate
191,960.5929666666667,965.6313333333334,0.0,3.0,4.75,119.21688842773438,147.92572021484375,5.591028714726632,0.110625,0.3,0.2375,0.12631578947368421,0.0,0.15,0.08204081631510204,0.4276331466801905,0.007675026395589099,907.5609774664032,0.3198574107849145,0.09681275509706938,0.2660233035328703,0.07711224489453061,0.4276331466801905,0.19593469740617953,SPARSE-EXTREME,Low
192,965.6313333333334,970.6697,0.0,2.0,2.75,43.22918701171875,60.174556732177734,6.371737902336861,0.12062500000000001,0.2,0.1375,0.14545454545454545,0.043749999978124995,0.5,0.14568507456464344,0.34349535733758024,0.013023041971418198,109.51274168762038,0.24138929120479158,0.2740136324321746,0.27401890890833563,0.23401802236173677,0.34349535733758024,0.2775801855706147,BURST-DOMINATED,Low
193,970.6697,975.7080666666667,1.0,2.0,2.75,87.97366714477539,92.87516784667969,10.595792686287478,0.3024431818181818,0.2,0.1375,0.10909090909090909,0.456249999934375,0.23666666666666666,0.12203333332088889,0.5018040227444613,0.018106269938530976,327.7234045925941,0.3766618190096449,0.2213855416509174,0.4003442080792689,0.27913083330663124,0.5018040227444613,0.28047204331125125,BURST-DOMINATED,Moderate
194,975.7080666666667,980.7130666666667,0.0,6.0,10.760000000000005,36.281673431396484,83.53886108398437,10.37065972222222,0.2807,0.6,0.5380000000000003,0.11152416356877318,0.04374999999270833,0.5,0.15317039035241115,0.42204736009161054,0.016016582244008714,104.95639724182973,0.42275362939028943,0.2772697448021504,0.27839718271544234,0.23626361710317123,0.42204736009161054,0.3512795471755086,SPARSE-EXTREME,Low
195,980.7130666666667,985.7514333333334,6.0,9.0,13.0,75.71463775634766,83.80827713012695,35.64190641534391,0.3178525641025641,0.15,0.10833333333333332,0.1,0.6569444444195988,0.1693913043478261,0.19793874641355585,0.4047714040719435,0.05415343064309057,342.6807025977463,0.26856295296633276,0.25859906120772275,0.4162850130736158,0.34859913599266545,0.4047714040719435,0.25082701808993596,LOW-COMPLEXITY,Moderate
196,985.7514333333334,990.7898,0.0,1.0,1.0,76.54569244384766,76.71924209594727,3.8207568617724865,0.1325,0.1,0.05,0.1,0.08749999991249999,0.42999999999999994,0.06857142857142857,0.4405110111615576,0.006671135680352387,435.7798673789655,0.292587190030188,0.21883482141479016,0.3322330009204611,0.20169642854080352,0.4405110111615576,0.2702331068325802,LOW-COMPLEXITY,Moderate
197,990.7898,995.8281666666667,0.0,0.0,0.0,77.63249206542969,78.59269714355469,0.4774098875661375,0.0,0.0,0.0,0.0,0.0,0.0,0.0,0.38964312500095166,0.0013833448695836357,442.7780945009012,0.22726079901410487,0.0,0.2316027880156062,0.0,0.38964312500095166,0.09728059406227668,LOW-COMPLEXITY,Low
198,995.8281666666667,1000.8331666666667,0.0,0.0,1.0,79.83746337890625,97.65173034667968,2.2248958333333335,0.0075,0.0,0.05,0.1,0.0,0.0,1.0,0.5148988505264082,0.004147897739651416,470.96963507677964,0.43449844243045316,0.435,0.460240384905736,0.3,0.5148988505264082,0.39960864330063206,HEAVY-TAIL-RISK,Moderate
199,1000.8331666666667,1005.8715333333333,0.0,1.0,2.0,74.05742263793945,97.06861114501953,3.102530450837743,0.14,0.1,0.1,0.1,0.08749999991249999,0.42999999999999994,0.246571398519455,0.3530623009089924,0.004515243655332504,364.4338090622636,0.2591668438982953,0.2962648083421816,0.31359149025837174,0.25509641952521145,0.3530623009089924,0.2955605780902479,LOW-COMPLEXITY,Moderate
200,1005.8715333333333,1010.9099,0.0,0.0,3.0,0.0,0.035841505974531174,0.22038621582892415,0.0225,0.0,0.15,0.2,0.0,0.0,1.0,0.2274781828417051,0.000558267925225646,0.12979645631638037,0.2753912133153226,0.435,0.26938350451247095,0.3,0.2274781828417051,0.3251102875265999,HEAVY-TAIL-RISK,Low
201,1010.9099,1015.9482666666668,0.0,3.0,6.0,87.18789672851562,89.2653694152832,7.747933201058202,0.21166666666666667,0.3,0.3,0.1,0.08020833330659721,0.45545454545454545,0.13754799701359527,0.4673500676292699,0.010233858030094755,654.1038799256115,0.33161873547008114,0.2580639184694303,0.35783610542318234,0.2287464066704785,0.4673500676292699,0.3087103236415126,SPARSE-EXTREME,Moderate
202,1015.9482666666668,1020.9532666666668,0.0,2.0,3.0,37.53701400756836,38.72087860107422,0.40689236111111104,0.12250000000000001,0.2,0.15,0.13333333333333333,0.043749999978124995,0.5,0.160322641481434,0.4316889211047635,0.0036778853485838776,69.39661344402128,0.28947096724909205,0.28038097404097845,0.3229760093110799,0.23840929243677392,0.4316889211047635,0.29890325282944824,BURST-DOMINATED,Moderate
203,1020.9532666666668,1025.9916333333333,0.0,0.0,1.0,39.24210548400879,59.802791595458984,1.1751233190035275,0.0075,0.0,0.05,0.1,0.0,0.0,1.0,0.3104443899833267,0.002544402000769444,78.53097652201338,0.22939704612189343,0.435,0.3554719475034156,0.3,0.3104443899833267,0.3115026071913105,HEAVY-TAIL-RISK,Moderate
204,1025.9916333333333,1031.03,0.0,0.0,0.0,49.247493743896484,70.76026153564453,0.039713541666666664,0.0,0.0,0.0,0.0,0.0,0.0,0.0,0.322690577946101,0.00014566258602206314,138.76951229716602,0.23099066733030588,0.0,0.16705364978611445,0.0,0.322690577946101,0.09329146660376775,LOW-COMPLEXITY,Low
205,1031.03,1036.0683666666666,0.0,0.0,0.0,83.1115951538086,85.58073043823242,0.042551945546737205,0.0,0.0,0.0,0.0,0.0,0.0,0.0,0.43354226095684095,0.00012204528802261647,238.67310880450637,0.3026783422300896,0.0,0.23034449089801953,0.0,0.43354226095684095,0.1235741776901414,LOW-COMPLEXITY,Low
206,1036.0683666666666,1041.1067333333333,0.0,0.0,0.0,87.03757095336914,91.19121551513672,0.023113701499118164,0.0,0.0,0.0,0.0,0.0,0.0,0.0,0.4645929954535123,2.6981857557837954e-05,367.4515637400794,0.3336129095698093,0.0,0.24877534090344283,0.0,0.4645929954535123,0.13772957523773158,LOW-COMPLEXITY,Low
207,1041.1067333333333,1046.1117333333334,0.0,0.0,0.0,103.89999389648438,104.00471496582031,0.008923611111111111,0.0,0.0,0.0,0.0,0.0,0.0,0.0,0.4454139757166271,1.4237200435729847e-05,722.3591781944444,0.2991336937847651,0.0,0.2537056006959516,0.0,0.4454139757166271,0.12701031320680883,LOW-COMPLEXITY,Low
208,1046.1117333333334,1051.1501,1.0,1.0,2.0,28.66481876373291,28.86005687713623,6.908127342372135,0.29000000000000004,0.1,0.1,0.3,0.99999999965,0.015,0.21866666655466668,0.48948257084107594,0.009669746062005049,152.79997106937677,0.34302927073671663,0.258732499896155,0.4873191140619404,0.4208499998438999,0.48948257084107594,0.2562556825629685,LOW-COMPLEXITY,Moderate
209,1051.1501,1056.1884666666667,0.0,1.0,1.75,24.595964431762695,25.085969924926758,0.8772941468253969,0.038125,0.1,0.0875,0.2857142857142857,0.0,0.15,0.18721568611273204,0.5125233056400684,0.0018216606472836049,78.15655744662709,0.38378236191966025,0.14256382345903842,0.30315195804088796,0.10866470583381961,0.5125233056400684,0.2354458927810336,LOW-COMPLEXITY,Moderate
210,1056.1884666666667,1061.2268333333334,0.0,0.0,0.0,7.650341033935547,8.02550721168518,0.03383694334215167,0.0,0.0,0.0,0.1,0.0,0.0,0.0,0.487666672786347,0.0006595432347321642,3.9437318418043446,0.353802813952238,0.0,0.23159342649143327,0.0,0.487666672786347,0.13604243805153388,LOW-COMPLEXITY,Low
211,1061.2268333333334,1066.2318333333335,0.0,0.0,1.0,17.564754486083984,57.334674835205085,1.367958333333333,0.0075,0.0,0.05,0.1,0.0,0.0,0.04760395761369884,0.4107681967864627,0.002805287445533769,119.26766216690116,0.4448314936717446,0.02070772156195899,0.17399820923195042,0.01428118728410965,0.4107681967864627,0.18776366451249407,LOW-COMPLEXITY,Low
212,1066.2318333333335,1071.2702000000002,0.0,1.0,1.0,76.4344482421875,77.50337600708008,5.918523341049382,0.0325,0.1,0.05,0.2,0.0,0.15,0.04571428571428573,0.4670891534099761,0.00718056838862088,719.2074524531695,0.31884194740033867,0.08101071428571428,0.28550394046946115,0.06621428571428571,0.4670891534099761,0.18693220736912958,LOW-COMPLEXITY,Low
213,1071.2702000000002,1076.3085666666668,0.0,0.5,1.0,76.20703506469727,77.34285736083984,3.067760003306879,0.02,0.05,0.05,0.1,0.0,0.15,0.07111111111111112,0.4968912019111292,0.004378251628583531,265.547947280666,0.35974657307337277,0.09205833333333335,0.2865879382069379,0.07383333333333333,0.4968912019111292,0.204122931097999,LOW-COMPLEXITY,Low
214,1076.3085666666668,1081.3469333333335,0.0,0.0,0.0,39.1829833984375,75.12895965576172,0.9814367008377425,0.0,0.0,0.0,0.0,0.0,0.0,0.0,0.3659076431444071,0.001510696022236055,112.68228165006464,0.32084758925187273,0.0,0.16527007314804218,0.0,0.3659076431444071,0.12679140944164935,LOW-COMPLEXITY,Low
215,1081.3469333333335,1086.3519333333334,0.0,0.0,0.0,12.916841506958008,13.075398635864257,1.145694444444444,0.0,0.0,0.0,1.0,0.0,0.0,0.0,0.47602344627951376,0.0015274441721132897,18.339798637851896,0.32900731049503684,0.0,0.23162670738326158,0.0,0.47602344627951376,0.12656714126178154,LOW-COMPLEXITY,Low
216,1086.3519333333334,1091.3903,0.0,0.0,0.0,21.566320419311523,21.752429962158203,0.22035176917989413,0.0,0.0,0.0,0.0,0.0,0.0,0.0,0.4398952937597852,0.0013033612364698967,32.458220125725006,0.30107935775130207,0.0,0.22207202083257105,0.0,0.4398952937597852,0.1182910627271046,LOW-COMPLEXITY,Low
217,1091.3903,1096.4286666666667,0.0,0.0,1.0,27.00454044342041,27.59736156463623,1.2710503472222223,0.0075,0.0,0.05,0.1,0.0,0.0,0.0,0.5054522711222804,0.003089076737948265,91.90834474357995,0.37353206696202634,0.0,0.24586240645505653,0.0,0.5054522711222804,0.14645480795971283,LOW-COMPLEXITY,Low
218,1096.4286666666667,1101.4670333333333,1.0,1.0,1.0,26.80450439453125,27.625263214111328,4.9100115740740735,0.6325,0.1,0.05,0.1,0.9124999997375001,0.2583333333333333,0.08000000000000002,0.4922320169763179,0.007139276042207004,92.79907547593949,0.3585563028080628,0.2837895832919896,0.46857934200786333,0.4337916665747917,0.4922320169763179,0.29680625019603746,LOW-COMPLEXITY,Moderate
219,1101.4670333333333,1106.4720333333335,0.0,0.0,1.0,2.1347427368164062,30.09803009033203,1.4299756944444446,0.0075,0.0,0.05,0.1,0.0,0.0,0.04760395761369884,0.3906909169077933,0.0023458620642701528,22.459327895589492,0.4871267648661545,0.02070772156195899,0.1504576962876987,0.01428118728410965,0.3906909169077933,0.20569144054887833,LOW-COMPLEXITY,Low
220,1106.4720333333335,1111.5104000000001,0.0,0.0,0.0,30.275864601135254,32.37313461303711,0.41729015101410943,0.0,0.0,0.0,0.0,0.0,0.0,0.0,0.39025212794219283,0.0008860448114430958,56.69817390316815,0.24311331411124576,0.0,0.20512966832913285,0.0,0.39025212794219283,0.09578900898527117,LOW-COMPLEXITY,Low
221,1111.5104000000001,1116.5487666666668,0.0,0.0,0.0,32.7490291595459,86.59716796875,1.2686907517636687,0.0,0.0,0.0,0.0,0.0,0.0,0.0,0.34178417852919996,0.001611410864500121,126.65750976370231,0.3371354908027233,0.0,0.15221877212810064,0.0,0.34178417852919996,0.1363982710138969,LOW-COMPLEXITY,Low
222,1116.5487666666668,1121.5871333333334,0.0,0.0,0.0,34.38444709777832,35.108320236206055,0.8424616953262786,0.0,0.0,0.0,0.0,0.0,0.0,0.0,0.38992589305225545,0.0014249102225766849,90.79584847477206,0.23037038408108498,0.0,0.20996525891370318,0.0,0.38992589305225545,0.09119155939727475,LOW-COMPLEXITY,Low
223,1121.5871333333334,1126.5921333333333,0.0,0.0,0.0,36.272457122802734,36.73277893066406,1.4132847222222222,0.0,0.0,0.0,0.0,0.0,0.0,0.0,0.3944651107932645,0.0020922721949891065,107.43620999736508,0.23333094090425144,0.0,0.21298305118245633,0.0,0.3944651107932645,0.0925932606676693,LOW-COMPLEXITY,Low
224,1126.5921333333333,1131.6305,0.0,0.0,0.0,38.14003944396973,39.15276527404785,2.2527695105820107,0.0,0.0,0.0,0.0,0.0,0.0,0.0,0.3863607519141602,0.0029805910018328315,116.5525713412151,0.22735213252407505,0.0,0.20999466521705457,0.0,0.3863607519141602,0.09058401110946657,LOW-COMPLEXITY,Low
225,1131.6305,1136.6688666666666,0.0,0.0,0.0,39.54391288757324,40.21727180480957,2.492745535714286,0.0,0.0,0.0,1.0,0.0,0.0,0.0,0.5293362471256885,0.004533704492599507,93.28552455914463,0.4021370216797448,0.0,0.25388197279982805,0.0,0.5293362471256885,0.1575931395383901,LOW-COMPLEXITY,Low
226,1136.6688666666666,1141.7072333333333,0.0,3.0,5.0,10.804903030395508,22.315576553344727,1.2987213403880071,0.11249999999999999,0.3,0.25,0.12,0.0,0.15,0.18523439463021382,0.4319224184367033,0.0037253944208856383,40.51098587962574,0.42116416551564906,0.141701961664143,0.23603805415846854,0.10807031838906414,0.4319224184367033,0.25049995629864474,SPARSE-EXTREME,Low
227,1141.7072333333333,1146.7122333333334,0.0,4.0,9.0,25.476587295532227,27.530040740966797,2.8638888888888885,0.1675,0.4,0.45,0.1,0.0,0.15,0.07578947368421055,0.47146179469224414,0.005697825435729847,108.23078304185474,0.3426145772162004,0.09409342105263159,0.26512976071144234,0.07523684210526316,0.47146179469224414,0.19510567723667557,SPARSE-EXTREME,Low
228,1146.7122333333334,1151.7506,0.0,1.0,8.0,34.81312370300293,35.67989540100098,2.1714168595679,0.08499999999999999,0.1,0.4,0.125,0.0,0.15,0.20361345072484538,0.49401386491658406,0.0030570440560483457,84.96983401975683,0.359529297341984,0.14969685106530775,0.3005754069836885,0.11358403521745361,0.49401386491658406,0.22950459249486377,SPARSE-EXTREME,Moderate
229,1151.7506,1156.7889666666667,2.0,3.0,3.0,33.5074405670166,55.10557556152344,15.055335097001764,0.3820833333333333,0.15,0.075,1.0,0.6666666665888888,0.11249999999999999,0.09043478260869565,0.4579729609664953,0.021646313425061382,159.04964963541062,0.4197619135617911,0.19018288042253256,0.3700961917129867,0.2998387680887198,0.4579729609664953,0.2666116010301214,LOW-COMPLEXITY,Moderate
230,1156.7889666666667,1161.8273333333334,1.0,3.0,5.0,45.473318099975586,56.44299125671387,6.276430913800707,0.2791666666666667,0.3,0.25,0.12,0.3333333332944444,0.34500000000000003,0.20358869965045873,0.34010756439623085,0.010808178769192862,202.12418885586692,0.21811460182975378,0.2816485843418246,0.3352692942651475,0.2984932765481932,0.34010756439623085,0.25816296775618963,SPARSE-EXTREME,Moderate
231,1161.8273333333334,1166.8323333333333,0.0,3.0,6.0,29.24598503112793,73.91506652832031,3.665840277777778,0.15333333333333332,0.3,0.3,0.11666666666666667,0.02916666665694444,0.5,0.34408401104028596,0.3504549730661179,0.006128705201525055,348.6768866493459,0.3353161001367848,0.3580202948009931,0.30810151469146185,0.2884335366420163,0.3504549730661179,0.3644924385999174,SPARSE-EXTREME,Moderate
232,1166.8323333333333,1171.8707,1.0,4.0,8.0,37.01607131958008,73.33724212646484,7.884262703924162,0.2475,0.4,0.4,0.1,0.27187499997265624,0.419,0.38413190459943336,0.30417778381097643,0.011210825109364737,388.5563355933415,0.24305918332317727,0.3806601909964468,0.34852639433563076,0.35704582137025964,0.30417778381097643,0.3298391694162303,SPARSE-EXTREME,Moderate
233,1171.8707,1176.9090666666668,1.0,1.0,2.0,33.96803283691406,37.65013885498047,4.408196235670194,0.39,0.1,0.1,0.1,0.9124999997375001,0.2583333333333333,0.10936666666666667,0.3915675886846294,0.006990780590785696,141.68722211770233,0.2629616882701129,0.2965640832919896,0.4395904568700165,0.44260166657479166,0.3915675886846294,0.2684339402017382,LOW-COMPLEXITY,Moderate
234,1176.9090666666668,1181.9474333333335,0.0,0.0,0.0,0.0,12.508321285247803,0.0002239032186948854,0.0,0.0,0.0,0.1,0.0,0.0,0.0,0.27782665599119616,0.00029044630969671817,3.890453376675381,0.3538300660087152,0.0,0.09104184415091582,0.0,0.27782665599119616,0.13932301445937909,LOW-COMPLEXITY,Very Low
235,1181.9474333333335,1186.9524333333334,0.0,1.0,1.7600000000000051,50.68655014038086,74.51747589111328,0.09328125000000001,0.03820000000000004,0.1,0.08800000000000026,0.11363636363636331,0.0,0.15,0.07494539163649995,0.32549460262721336,0.0011234471677559912,259.46169127986394,0.24202727999662643,0.09372624536187749,0.20677816319005074,0.07498361749094998,0.32549460262721336,0.1607541552035026,LOW-COMPLEXITY,Low
236,1186.9524333333334,1191.9908,0.0,1.0,2.0,74.41574096679688,88.4280014038086,1.463011188271605,0.04,0.1,0.1,0.1,0.0,0.15,0.07111111111111112,0.3698663405550512,0.0028743613186015147,373.2144335161744,0.25521847289185073,0.09205833333333335,0.2398909301022918,0.07383333333333333,0.3698663405550512,0.16727114350963135,LOW-COMPLEXITY,Low
237,1191.9908,1197.0291666666667,0.0,1.0,1.75,42.62687301635742,65.57049560546875,2.2483224481922397,0.038125,0.1,0.0875,0.11428571428571428,0.0,0.15,0.07521568626206537,0.29495918867174087,0.005397738165482242,92.04097278235405,0.20123310568422392,0.09384382352399843,0.18650384563351388,0.0750647058786196,0.29495918867174087,0.1409354545852164,LOW-COMPLEXITY,Low
238,1197.0291666666667,1202.0675333333334,0.0,0.0,1.0,24.262266159057617,25.999587059020996,0.5949039627425046,0.0075,0.0,0.05,0.1,0.0,0.0,0.0,0.49010816631864496,0.0019970779785679705,59.13297945468325,0.3646656684469226,0.0,0.23506141013815826,0.0,0.49010816631864496,0.14207728619215546,LOW-COMPLEXITY,Low
239,1202.0675333333334,1207.0725333333335,0.0,0.0,0.0,24.420276641845703,47.54923934936524,1.3161979166666664,0.0,0.0,0.0,0.1,0.0,0.0,0.0,0.3739202520840253,0.003104426062091503,214.81989848143735,0.34072003332256395,0.0,0.17832807222954128,0.0,0.3739202520840253,0.13929477892061512,LOW-COMPLEXITY,Low
240,1207.0725333333335,1212.1109000000001,0.0,0.0,0.0,101.08212280273438,107.30926513671875,3.2086502425044094,0.0,0.0,0.0,0.0,0.0,0.0,0.0,0.4054568652273218,0.0053407220720078155,919.0274812002001,0.2738966065911514,0.0,0.23457331701521414,0.0,0.4054568652273218,0.1176847479440702,LOW-COMPLEXITY,Low
241,1212.1109000000001,1217.1492666666668,0.0,1.0,1.0,21.665252685546875,110.03589248657227,2.114910576499118,0.0325,0.1,0.05,0.1,0.0,0.15,0.04571428571428573,0.32268279297327257,0.004642951702285854,556.7896649990822,0.35144470323515814,0.08101071428571428,0.18562092366561847,0.06621428571428571,0.32268279297327257,0.2043761195143702,LOW-COMPLEXITY,Low
242,1217.1492666666668,1222.1876333333335,1.0,1.0,1.0,21.537561416625977,21.61661148071289,1.1331156305114638,0.6325,0.1,0.05,1.0,0.9124999997375001,0.2583333333333333,0.08000000000000002,0.5169218367625229,0.0039605181964761215,78.21903249428337,0.375313016819227,0.2837895832919896,0.47577749251816204,0.4337916665747917,0.5169218367625229,0.3015315049336728,LOW-COMPLEXITY,Moderate
243,1222.1876333333335,1227.1926333333333,0.0,0.0,1.0,23.212671279907227,24.65371742248535,0.21970833333333334,0.0075,0.0,0.05,0.1,0.0,0.0,0.0,0.41603229988272555,0.0010860551470588233,49.86317336056783,0.2825810042376238,0.0,0.21197213774762047,0.0,0.41603229988272555,0.11147267535979764,LOW-COMPLEXITY,Low
244,1227.1926333333333,1232.231,0.0,0.0,2.75,19.791754722595215,20.61294460296631,1.1438354276895943,0.020625,0.0,0.1375,0.10909090909090909,0.0,0.0,0.185016542289214,0.44363495746830783,0.0023119927562074206,11.930219738114388,0.29896260299360333,0.08048219589580809,0.2565317961166147,0.0555049626867642,0.44363495746830783,0.15611117211392195,LOW-COMPLEXITY,Low
245,1232.231,1237.2693666666667,0.0,1.0,3.75,64.02206420898438,68.65035247802734,6.197127838403881,0.053125,0.1,0.1875,0.10666666666666666,0.0,0.15,0.09854545454452893,0.43317680927247243,0.007946582027872878,516.1558874928498,0.29426564258006527,0.10399227272687009,0.2822486542268562,0.08206363636335867,0.43317680927247243,0.18990746613299353,LOW-COMPLEXITY,Low
246,1237.2693666666667,1242.3077333333333,0.0,0.0,0.0,68.4593391418457,70.58777618408203,6.972887042548502,0.0,0.0,0.0,0.0,0.0,0.0,0.0,0.3971618678140543,0.008055505574143236,595.8614109340936,0.24259529477872896,0.0,0.23651751618091574,0.0,0.3971618678140543,0.1047883110991714,LOW-COMPLEXITY,Low
247,1242.3077333333333,1247.3127333333334,0.0,1.0,1.0,23.081727981567383,68.95499420166016,1.7442152777777777,0.0325,0.1,0.05,0.2,0.0,0.15,0.04571428571428573,0.3108812798173085,0.0030032126906318073,167.74766315202544,0.309083029564416,0.08101071428571428,0.16562447634676242,0.06621428571428571,0.3108812798173085,0.17914690440639056,LOW-COMPLEXITY,Low
248,1247.3127333333334,1252.3511,0.0,0.0,0.0,37.2009391784668,107.4027099609375,0.68170951829806,0.0,0.0,0.0,0.0,0.0,0.0,0.0,0.27310397814376675,0.0009715992106719231,227.62326478160787,0.24771163875180735,0.0,0.1343334240177079,0.0,0.27310397814376675,0.10259652324615975,LOW-COMPLEXITY,Very Low
249,1252.3511,1257.3894666666667,0.0,0.0,0.0,41.35812568664551,111.57670211791992,0.3386105599647266,0.0,0.0,0.0,0.0,0.0,0.0,0.0,0.2675088771880066,0.0006209105748780995,245.6028154561039,0.23702276351254756,0.0,0.1343425009457278,0.0,0.2675088771880066,0.09865403779027686,LOW-COMPLEXITY,Very Low
250,1257.3894666666667,1262.4278333333334,0.0,1.0,1.0,36.08874702453613,103.8785400390625,0.37394937720458543,0.0325,0.1,0.05,0.1,0.0,0.15,0.04571428571428573,0.2703426351268536,0.0015546207680603107,203.6461923973314,0.24594207621427028,0.08101071428571428,0.15867410443127353,0.06621428571428571,0.2703426351268536,0.15527845873351032,LOW-COMPLEXITY,Low
251,1262.4278333333334,1267.4328333333333,0.0,0.0,0.0,19.606046676635742,20.533049011230467,0.03073958333333333,0.0,0.0,0.0,0.0,0.0,0.0,0.0,0.40983326415665816,0.00056324332788671,32.605185396058936,0.2727983933058163,0.0,0.2094955500687209,0.0,0.40983326415665816,0.10726432313779592,LOW-COMPLEXITY,Low
252,1267.4328333333333,1272.4712,0.0,0.0,1.0,20.83586883544922,27.153791427612305,0.0529272762345679,0.0075,0.0,0.05,0.1,0.0,0.0,0.0,0.36437120071518386,0.000674487136675658,66.17482714308377,0.25111981901530944,0.0,0.1848006730731592,0.0,0.36437120071518386,0.09914734490446447,LOW-COMPLEXITY,Low
253,1272.4712,1277.5095666666666,0.0,0.0,1.0,41.975704193115234,100.4184455871582,0.3513937114197531,0.0075,0.0,0.05,0.1,0.0,0.0,0.0,0.27105086882044266,0.0011176898807362448,255.21486573735453,0.226771016446519,0.0,0.13990659773592726,0.0,0.27105086882044266,0.09459010022572337,LOW-COMPLEXITY,Very Low
254,1277.5095666666666,1282.5479333333335,0.0,0.0,1.0,34.09577941894531,78.16336441040039,0.6309833829365079,0.0075,0.0,0.05,0.1,0.0,0.0,0.0,0.2815360697049136,0.0016218255048933154,131.755570459316,0.23530537587131609,0.0,0.1374036668359142,0.0,0.2815360697049136,0.0953599539019996,LOW-COMPLEXITY,Very Low
255,1282.5479333333335,1287.5529333333334,0.0,1.0,1.7600000000000051,6.692305564880371,18.70266075134278,0.31961805555555556,0.03820000000000004,0.1,0.08800000000000026,0.11363636363636331,0.0,0.15,0.07494539163649995,0.41128858215331104,0.0015157241285403053,15.943687357767741,0.43048716850775137,0.09372624536187749,0.1957648670421975,0.07498361749094998,0.41128858215331104,0.22968095092579205,LOW-COMPLEXITY,Low
256,1287.5529333333334,1292.5913,0.0,0.0,1.0,7.214995622634888,8.823935985565186,0.10933366402116401,0.0075,0.0,0.05,0.1,0.0,0.0,0.0,0.36256801436796815,0.0009484922634177128,10.930888998288692,0.2355103270242255,0.0,0.1835747712082655,0.0,0.36256801436796815,0.09136432984301364,LOW-COMPLEXITY,Low
257,1292.5913,1297.6296666666667,0.0,0.0,0.0,6.172827959060669,15.295807838439941,0.11978477733686067,0.0,0.0,0.0,0.0,0.0,0.0,0.0,0.26768307798816704,0.0005478035735899298,4.649506337043871,0.2401628258181641,0.0,0.11898378557355277,0.0,0.26768307798816704,0.09480496836278375,LOW-COMPLEXITY,Very Low
258,1297.6296666666667,1302.6680333333334,0.0,0.0,1.0,15.555456161499023,21.033897399902344,1.5741188547178129,0.0075,0.0,0.05,0.1,0.0,0.0,0.06137217545637992,0.351602418588396,0.003273618783933326,12.958144127900521,0.2426810706308571,0.026696896323525267,0.18762397526601024,0.018411652636913977,0.351602418588396,0.1083141483298901,LOW-COMPLEXITY,Low
259,1302.6680333333334,1307.6730333333335,4.0,8.200000000000017,13.0,18.860172271728516,27.06523666381836,11.091423611111109,0.31483700750469035,0.20500000000000043,0.1625,0.10769230769230768,0.4771341463219428,0.20847520325203328,0.13220556476541095,0.3308668025121524,0.01725545343137255,70.84078209453305,0.231072243070239,0.21761169404386332,0.3143255690862072,0.2796249417805149,0.3308668025121524,0.21478300561507388,BURST-DOMINATED,Moderate
260,1307.6730333333335,1312.7114000000001,0.0,0.0,0.0,20.47932529449463,31.980175971984863,0.9916776895943563,0.0,0.0,0.0,0.1,0.0,0.0,0.0,0.3105857148624302,0.0019228628758602205,53.353914321663645,0.21646192727392274,0.0,0.15720969416394293,0.0,0.3105857148624302,0.08560792787873384,LOW-COMPLEXITY,Low
261,1312.7114000000001,1317.7497666666668,0.0,0.0,0.0,15.970519542694092,17.389216423034668,1.1521232914462076,0.0,0.0,0.0,0.0,0.0,0.0,0.0,0.4938149556414315,0.0018165675413683994,24.951279440904152,0.36834317296550534,0.0,0.23114220733921564,0.0,0.4938149556414315,0.14161762014112025,LOW-COMPLEXITY,Low
262,1317.7497666666668,1322.7881333333335,0.0,0.0,0.0,66.73463821411133,83.73675918579102,0.7368792713844798,0.0,0.0,0.0,0.0,0.0,0.0,0.0,0.36931019276203425,0.0013771871595860568,236.85393314430854,0.26455084936986645,0.0,0.1954803953686761,0.0,0.36931019276203425,0.10836601487346129,LOW-COMPLEXITY,Low
263,1322.7881333333335,1327.7931333333333,0.0,0.0,0.0,18.861268997192383,20.606402969360353,1.4380034722222221,0.0,0.0,0.0,0.0,0.0,0.0,0.0,0.40390909506541606,0.002646779411764706,35.58937146385588,0.2622444075430451,0.0,0.2049317397816163,0.0,0.40390909506541606,0.10187103892873427,LOW-COMPLEXITY,Low
264,1327.7931333333333,1332.8315,0.0,0.0,0.0,46.09625053405762,50.13629722595215,2.1045283564814814,0.0,0.0,0.0,0.0,0.0,0.0,0.0,0.4002948865943245,0.0030651442868814198,130.52822857116828,0.27515354730381025,0.0,0.20844035067952826,0.0,0.4002948865943245,0.11045717474115892,LOW-COMPLEXITY,Low
265,1332.8315,1337.8698666666667,0.0,0.0,0.0,13.234111785888672,19.34304714202881,0.8073915619488535,0.0,0.0,0.0,0.0,0.0,0.0,0.0,0.32234657472014805,0.0018531379951672027,19.583717873432352,0.21815094482814706,0.0,0.16193577302486115,0.0,0.32234657472014805,0.08516634929273792,LOW-COMPLEXITY,Low
266,1337.8698666666667,1342.9082333333333,0.0,0.0,0.0,21.27886199951172,22.457995414733887,0.2279300319664903,0.0,0.0,0.0,0.1,0.0,0.0,0.0,0.41115162559817114,0.0011707901331829025,29.63837068308853,0.2773304001437438,0.0,0.20900422073395192,0.0,0.41115162559817114,0.10902877092921229,LOW-COMPLEXITY,Low
267,1342.9082333333333,1347.9132333333334,0.0,0.0,0.0,26.149316787719727,26.430753707885742,0.1550451388888889,0.0,0.0,0.0,0.0,0.0,0.0,0.0,0.4636384001615743,0.000578912445533769,75.11805640051149,0.32515449392692714,0.0,0.2326145301443587,0.0,0.4636384001615743,0.12808273247359553,LOW-COMPLEXITY,Low
268,1347.9132333333334,1352.9516,0.0,0.0,0.75,22.317026138305664,26.275002479553223,0.14225777116402122,0.005625,0.0,0.0375,0.1,0.0,0.0,0.00933333332088889,0.44170164719711047,0.0006700247421499465,73.65476961842826,0.32562032123946505,0.004059999994586667,0.2150761352850352,0.002799999996266667,0.44170164719711047,0.12906139616835058,LOW-COMPLEXITY,Low
269,1352.9516,1357.9899666666668,0.0,1.0,1.0,14.153857707977295,14.232255935668945,0.2859554122574956,0.0325,0.1,0.05,0.1,0.0,0.15,0.04571428571428573,0.4787261399125196,0.0014970111115433825,32.04202844971005,0.34352277161330985,0.08101071428571428,0.2619730639750671,0.06621428571428571,0.4787261399125196,0.18812756607694134,LOW-COMPLEXITY,Low
270,1357.9899666666668,1363.0283333333334,0.0,1.0,1.0,31.766674995422363,32.556013107299805,2.904200424382716,0.0325,0.1,0.05,0.1,0.0,0.15,0.04571428571428573,0.4236885138179009,0.004949711809878274,109.82794633467606,0.29235362850067786,0.08101071428571428,0.24621119432818456,0.06621428571428571,0.4236885138179009,0.17078574666787114,LOW-COMPLEXITY,Low
271,1363.0283333333334,1368.0333333333333,0.0,0.0,1.0,21.5711612701416,108.34395446777344,1.3790208333333334,0.0075,0.0,0.05,0.1,0.0,0.0,0.0,0.32285145415363875,0.0023701988017429195,185.74558553142148,0.35244032267141584,0.0,0.13897720783020767,0.0,0.32285145415363875,0.1441493205378709,LOW-COMPLEXITY,Very Low
272,1368.0333333333333,1373.0717,0.0,0.0,0.0,12.833173274993896,17.03469467163086,0.338014632936508,0.0,0.0,0.0,0.0,0.0,0.0,0.0,0.3377020676431499,0.0011061736229985822,24.062035646656955,0.22572126879541132,0.0,0.171030855965088,0.0,0.3377020676431499,0.08829591707469897,LOW-COMPLEXITY,Low
273,1373.0717,1378.1100666666666,0.0,0.0,7.5,86.19831085205078,86.20273971557617,0.8783378802910053,0.056249999999999994,0.0,0.375,0.14666666666666667,0.0,0.0,0.013066666664924445,0.5004116845882899,0.0015068113858197603,1386.2528024544386,0.36077115015218103,0.005683999999242133,0.2728655697291318,0.003919999999477333,0.5004116845882899,0.15274560333395282,SPARSE-EXTREME,Low
274,1378.1100666666666,1383.1484333333333,0.0,0.0,0.75,32.601280212402344,75.41243362426758,0.27206652336860676,0.005625,0.0,0.0375,0.1,0.0,0.0,0.00933333332088889,0.4287641617260047,0.0009445453528633675,150.92549788010163,0.4310944186832426,0.004059999994586667,0.18359612678103415,0.002799999996266667,0.4287641617260047,0.17401481328161544,LOW-COMPLEXITY,Low
275,1383.1484333333333,1388.1868000000002,0.0,0.0,0.0,112.41984558105469,113.03239440917969,0.006837659832451499,0.0,0.0,0.0,0.1,0.0,0.0,0.0,0.43045305000094425,5.290356883494138e-05,1006.6793293740853,0.28110779739887054,0.0,0.24900699102471724,0.0,0.43045305000094425,0.12009308305785023,LOW-COMPLEXITY,Low
276,1388.1868000000002,1393.1918,0.0,0.0,1.0,113.03103637695312,113.03235778808593,0.1767951388888889,0.0075,0.0,0.05,0.1,0.0,0.0,0.04760395761369884,0.520900293947488,0.0006969448529411765,945.4980422289283,0.38852623993660057,0.02070772156195899,0.28670922765456197,0.01428118728410965,0.520900293947488,0.17152686980257978,LOW-COMPLEXITY,Low
277,1393.1918,1398.2301666666667,0.0,1.0,1.0,19.303625106811523,19.417879104614258,0.9939718364197531,0.0325,0.1,0.05,0.1,0.0,0.15,0.04571428571428573,0.4446898035385382,0.003189070902280665,48.82310698933708,0.30725301652668247,0.08101071428571428,0.2523623712272115,0.06621428571428571,0.4446898035385382,0.17513803016537355,LOW-COMPLEXITY,Low
278,1398.2301666666667,1403.2685333333334,0.0,0.0,0.0,13.420033931732178,23.200260162353516,0.20947007275132276,0.0,0.0,0.0,0.1,0.0,0.0,0.0,0.3818099254614054,0.0015226993961164712,42.64352834181325,0.33161094415661807,0.0,0.17619960191283127,0.0,0.3818099254614054,0.13202285138244862,LOW-COMPLEXITY,Low
279,1403.2685333333334,1408.3069,0.0,1.0,1.0,23.222790718078613,23.34921932220459,0.968963569223986,0.0325,0.1,0.05,0.1,0.0,0.15,0.04571428571428573,0.49226687453283235,0.0030599628354428185,86.58030403166613,0.3475135154195302,0.08101071428571428,0.2688795485870003,0.06621428571428571,0.49226687453283235,0.18915502393914996,LOW-COMPLEXITY,Low
280,1408.3069,1413.3119000000002,0.0,0.0,0.0,61.32173156738281,63.240353393554685,1.3073645833333332,0.0,0.0,0.0,0.0,0.0,0.0,0.0,0.4867099022837381,0.0019683767701525056,337.9339296260931,0.3573479197863759,0.0,0.2532281514291882,0.0,0.4867099022837381,0.14562633732246932,LOW-COMPLEXITY,Low
281,1413.3119000000002,1418.3502666666668,0.0,0.0,0.0,105.73699569702148,106.69364547729492,1.1660500716490294,0.0,0.0,0.0,0.0,0.0,0.0,0.0,0.4275396195503879,0.0019867719464328943,553.2366076059209,0.29320411715633315,0.0,0.24455290498483193,0.0,0.4275396195503879,0.12531067043526078,LOW-COMPLEXITY,Low
282,1418.3502666666668,1423.3886333333335,0.0,1.0,1.0,15.382608890533447,44.00242233276367,0.48551518408289246,0.0325,0.1,0.05,0.2,0.0,0.15,0.04571428571428573,0.28884046897078114,0.001664108969204966,136.515540748984,0.26444917988287553,0.08101071428571428,0.1626704585238274,0.06621428571428571,0.28884046897078114,0.1613062760392249,LOW-COMPLEXITY,Low
283,1423.3886333333335,1428.4270000000001,0.0,0.0,1.0,16.146011352539062,21.888070106506348,0.021232914462081132,0.0075,0.0,0.05,0.1,0.0,0.0,1.0,0.3926418811547906,0.0007409670079451534,39.38804496667389,0.2929159312290204,0.435,0.386699845974773,0.3,0.3926418811547906,0.3336424414169831,HEAVY-TAIL-RISK,Moderate
284,1428.4270000000001,1433.432,0.0,4.0,7.0,10.795052528381348,22.3503849029541,0.6329131944444446,0.1525,0.4,0.35,0.1,0.0,0.15,0.1733035970653124,0.30209982142569736,0.003580478758169934,43.47680950175268,0.24624528849904895,0.13651206472341088,0.1965485745134197,0.10449107911959371,0.30209982142569736,0.1798852295325939,SPARSE-EXTREME,Low
285,1433.432,1438.4703666666667,0.0,3.0,7.0,10.895597457885742,13.682852268218994,0.6647273203262787,0.1275,0.3,0.35,0.1,0.0,0.15,0.19004898506393866,0.5106627153671293,0.0036740039379949507,29.93201684701252,0.43432011487742234,0.1437963085028133,0.2864810692360619,0.1095146955191816,0.5106627153671293,0.2557701005891413,SPARSE-EXTREME,Low
286,1438.4703666666667,1443.5087333333333,0.0,0.0,0.0,86.33577346801758,109.98910522460938,0.7233555169753086,0.0,0.0,0.0,0.0,0.0,0.0,0.0,0.35116770000091385,0.004108703087716568,1368.0385694966265,0.24637309528124152,0.0,0.20449639721485616,0.0,0.35116770000091385,0.10696836166559194,LOW-COMPLEXITY,Low
287,1443.5087333333333,1448.5471,0.0,5.0,11.0,26.670218467712402,109.99042510986328,2.8109533454585542,0.20750000000000002,0.5,0.55,0.10909090909090909,0.0,0.15,0.07956028368716549,0.4125642923262306,0.004380194824843519,416.03214936883614,0.46670058418572047,0.09573372340391699,0.21250335888855165,0.07636808510614965,0.4125642923262306,0.2540194371753705,SPARSE-EXTREME,Low
288,1448.5471,1453.5521,0.0,1.0,1.0,26.786376953125,79.54307250976562,0.9113368055555555,0.0325,0.1,0.05,0.1,0.0,0.15,0.04571428571428573,0.3165070713433048,0.002642064950980392,220.90976923367197,0.3050190571729691,0.08101071428571428,0.17630151921061896,0.06621428571428571,0.3165070713433048,0.17944543533151786,LOW-COMPLEXITY,Low
289,1453.5521,1458.5904666666668,0.0,1.0,1.0,25.078779220581055,49.21796798706055,1.9798969356261027,0.1325,0.1,0.05,0.1,0.08749999991249999,0.42999999999999994,0.06857142857142857,0.38911489281667566,0.004679816641162636,122.20530723430686,0.3540864063399162,0.21883482141479016,0.25641532948562457,0.20169642854080352,0.38911489281667566,0.287295559571472,LOW-COMPLEXITY,Low
290,1458.5904666666668,1463.6288333333334,1.0,1.0,1.0,26.520105361938477,90.7868423461914,3.0603746417548505,0.6325,0.1,0.05,0.1,0.9124999997375001,0.2583333333333333,0.08000000000000002,0.35845128924515673,0.005386837489625481,324.0181496869119,0.3770348230445106,0.2837895832919896,0.3854066647243795,0.4337916665747917,0.35845128924515673,0.31038025519783224,LOW-COMPLEXITY,Moderate
291,1463.6288333333334,1468.6672,0.0,0.0,0.0,127.05770492553711,133.77760314941406,2.1133053626543212,0.0,0.0,0.0,0.0,0.0,0.0,0.0,0.4723951136996391,0.00571030354657295,1798.8147100281087,0.3363928006024782,0.0,0.2572398694234155,0.0,0.4723951136996391,0.14013157617452476,LOW-COMPLEXITY,Low
292,1468.6672,1473.6722,0.0,3.0,6.0,30.32502555847168,131.6566925048828,1.6198958333333333,0.12,0.3,0.3,0.1,0.0,0.15,0.21120345654069073,0.31291950807724,0.003413110430283225,807.6267335458141,0.3309843280575143,0.15299850359520045,0.21706661847653844,0.1158610369622072,0.31291950807724,0.23241612195733924,SPARSE-EXTREME,Low
293,1473.6722,1478.7105666666666,0.0,1.0,2.0,85.1500358581543,94.84538650512695,1.0435715663580245,0.04,0.1,0.1,0.15,0.0,0.15,0.2613990467797453,0.4044826790494017,0.0032115374120327144,508.31370187065056,0.28911878810817726,0.1748335853491892,0.29996110294634326,0.13091971403392358,0.4044826790494017,0.2251349673399201,LOW-COMPLEXITY,Low
294,1478.7105666666666,1483.7489333333333,0.0,1.0,3.0,149.21792602539062,149.5289535522461,2.367266727292769,0.0475,0.1,0.15,0.1,0.0,0.15,0.1737719503358024,0.4325253830742474,0.0035148120590828926,1055.5929573983299,0.3046904315066549,0.13671579839607406,0.29835997054910723,0.10463158510074072,0.4325253830742474,0.2122056522273235,LOW-COMPLEXITY,Low
295,1483.7489333333333,1488.7873,0.0,1.0,1.0,64.0892219543457,64.48621368408203,1.936676725088183,0.0325,0.1,0.05,0.1,0.0,0.15,0.04571428571428573,0.43197505701423433,0.00448557982220666,195.2811551261904,0.2983916481552488,0.08101071428571428,0.25531370509531426,0.06621428571428571,0.43197505701423433,0.17491899946456868,LOW-COMPLEXITY,Low
296,1488.7873,1493.7923,1.0,1.0,1.0,25.269670486450195,33.07923507690432,3.202423611111111,0.6325,0.1,0.05,0.1,0.9124999997375001,0.2583333333333333,0.08000000000000002,0.4318083991216676,0.005904724128540305,87.63654025573685,0.3381421334057349,0.2837895832919896,0.4304844195663046,0.4337916665747917,0.4318083991216676,0.2883718471039905,LOW-COMPLEXITY,Moderate
297,1493.7923,1498.8306666666667,1.0,1.0,1.0,124.65265274047852,124.95883178710938,5.208460785934744,0.5325,0.1,0.05,0.1,0.99999999965,0.015,0.08000000000000002,0.43334679736354215,0.00794728325357921,486.27501049756086,0.30483685931697535,0.19841249994487498,0.4600235428185155,0.37924999987749997,0.43334679736354215,0.2208399703040826,LOW-COMPLEXITY,Moderate
298,1498.8306666666667,1503.8690333333334,0.0,1.0,1.0,24.409255981445312,84.48907852172852,0.9494116512345679,0.0325,0.1,0.05,0.1,0.0,0.15,0.04571428571428573,0.35369191275344725,0.002279443914911644,131.86810732951596,0.376799438085676,0.08101071428571428,0.17402568071034558,0.06621428571428571,0.35369191275344725,0.20524287196024,LOW-COMPLEXITY,Low
299,1503.8690333333334,1508.9074,0.0,0.0,0.75,25.670595169067383,84.43412780761719,0.2532000936948854,0.005625,0.0,0.0375,0.1,0.0,0.0,0.00933333332088889,0.2820646736459531,0.0011216973093249646,189.18547180205712,0.2682731322218337,0.004059999994586667,0.13467090755406744,0.002799999996266667,0.2820646736459531,0.11215521534148551,LOW-COMPLEXITY,Very Low
300,1508.9074,1513.9124000000002,0.0,0.0,0.0,30.47153091430664,30.567499923706055,0.09840277777777778,0.0,0.0,0.0,0.0,0.0,0.0,0.0,0.41040805935754987,0.0009232384259259259,192.45474196843563,0.24950736882439412,0.0,0.2235027779075702,0.0,0.41040805935754987,0.10037764184045914,LOW-COMPLEXITY,Low
301,1513.9124000000002,1518.9507666666668,0.0,0.0,1.0,106.99297332763672,133.53101348876953,1.5476328262786596,0.0075,0.0,0.05,0.1,0.0,0.0,0.06137217545637992,0.35868061918386873,0.0030268927015250544,599.6035249043271,0.24700684813941556,0.026696896323525267,0.2216729080219204,0.018411652636913977,0.35868061918386873,0.12062461339986973,LOW-COMPLEXITY,Low
302,1518.9507666666668,1523.9891333333335,1.0,1.0,1.0,23.66425132751465,24.15713596343994,4.847001763668431,0.5325,0.1,0.05,0.1,0.99999999965,0.015,0.08000000000000002,0.4624393116838931,0.007678340433395581,71.80234144946844,0.31866644293105384,0.19841249994487498,0.4460330355526589,0.37924999987749997,0.4624393116838931,0.21558495598798427,LOW-COMPLEXITY,Moderate
303,1523.9891333333335,1529.0275000000001,0.0,4.0,7.75,30.553550720214844,30.996286392211914,1.5804639274691357,0.183125,0.4,0.3875,0.1032258064516129,0.021874999994531248,0.5,0.26766207056589036,0.4354210336380883,0.004707693976510357,75.67442984189081,0.29620376343251376,0.32362831319530094,0.342353970412786,0.262954871167853,0.4354210336380883,0.3242198235360935,SPARSE-EXTREME,Moderate
304,1529.0275000000001,1534.0325,0.0,3.0,6.0,27.412139892578125,27.501264572143555,0.24064236111111115,0.22,0.3,0.3,0.1,0.08749999997083333,0.42999999999999994,0.246571398519455,0.5155685157677738,0.004122147331154684,93.42155983041859,0.38381276655518093,0.29626480835136915,0.36972059416907926,0.2550964195456281,0.5155685157677738,0.336902172072743,SPARSE-EXTREME,Moderate
305,1534.0325,1539.0708666666667,0.0,0.0,3.0,0.005103017669171095,46.897268295288086,1.3227134314373896,0.0225,0.0,0.15,0.2,0.0,0.0,1.0,0.4217120659028988,0.0022731327484697586,64.45742686296866,0.5444360000096021,0.435,0.34973672310117476,0.3,0.4217120659028988,0.4391978366144876,HEAVY-TAIL-RISK,Moderate
306,1539.0708666666667,1544.1092333333333,0.0,0.0,0.0,48.10736274719238,48.86757278442383,0.5185219631834216,0.0,0.0,0.0,0.0,0.0,0.0,0.0,0.38735796285570273,0.001392732324411246,270.45696594351534,0.2248885269151495,0.0,0.2201474488283706,0.0,0.38735796285570273,0.09265637983357874,LOW-COMPLEXITY,Low
307,1544.1092333333333,1549.1476,0.0,0.5,1.0,49.7111873626709,50.360158920288086,1.5585283013668432,0.02,0.05,0.05,0.1,0.0,0.15,0.07111111111111112,0.43839612066246947,0.0030668425742210463,236.94004059733965,0.29865146401613263,0.09205833333333335,0.2667747767352082,0.07383333333333333,0.43839612066246947,0.18126454036643846,LOW-COMPLEXITY,Low
308,1549.1476,1554.1526000000001,0.0,0.0,1.0,37.09272003173828,37.7554313659668,0.7901076388888889,0.0075,0.0,0.05,0.1,0.0,0.0,0.0,0.43013950982034277,0.0019474579248366013,101.42458867502683,0.2979595427510681,0.0,0.2209567754552517,0.0,0.43013950982034277,0.11877976532978644,LOW-COMPLEXITY,Low
309,1554.1526000000001,1559.1909666666668,0.0,0.0,0.0,16.62148952484131,16.777167320251465,0.6246141975308643,0.0,0.0,0.0,0.0,0.0,0.0,0.0,0.4007864802289298,0.0015405137170608986,17.10268220484661,0.23896543783774205,0.0,0.2094277843724473,0.0,0.4007864802289298,0.09258582339199511,LOW-COMPLEXITY,Low
310,1559.1909666666668,1564.2293333333334,0.0,0.0,0.0,32.777286529541016,33.16163444519043,0.36114211309523814,0.0,0.0,0.0,0.0,0.0,0.0,0.0,0.4509104355751686,0.0010741394551647822,85.89049204563872,0.31148937227291595,0.0,0.2293859218036074,0.0,0.4509104355751686,0.12330214987392842,LOW-COMPLEXITY,Low
311,1564.2293333333334,1569.2677,0.0,0.0,0.0,32.279367446899414,32.679033279418945,0.6217861276455026,0.0,0.0,0.0,0.1,0.0,0.0,0.0,0.4904818449759882,0.0012419543434657816,107.86163731908903,0.3494693741762012,0.0,0.2421173500523978,0.0,0.4904818449759882,0.13685529836244278,LOW-COMPLEXITY,Low
312,1569.2677,1574.2727,0.0,0.0,0.0,33.25246810913086,53.00289993286133,2.037298611111111,0.0,0.0,0.0,1.0,0.0,0.0,0.0,0.30935254947324486,0.0033605129357298473,64.64816418088695,0.2168073412150851,0.0,0.15688704968397585,0.0,0.30935254947324486,0.08597600062862287,LOW-COMPLEXITY,Low
313,1574.2727,1579.3110666666666,0.0,0.0,0.0,11.99140739440918,12.524153232574463,0.7371961805555556,0.0,0.0,0.0,1.0,0.0,0.0,0.0,0.40903420099387616,0.0014629016344192,22.160680871964775,0.2681451427750449,0.0,0.20951483520611522,0.0,0.40903420099387616,0.10514421346119374,LOW-COMPLEXITY,Low
314,1579.3110666666666,1584.3494333333333,0.0,0.0,0.0,21.504056930541992,22.694339752197266,0.4666590884038801,0.0,0.0,0.0,0.0,0.0,0.0,0.0,0.4085102732432754,0.0011634017997631152,30.69472189856321,0.2718388435812448,0.0,0.20872224867903852,0.0,0.4085102732432754,0.10684464051746706,LOW-COMPLEXITY,Low
315,1584.3494333333333,1589.3878,0.0,1.0,1.0,22.638916969299316,22.84239387512207,0.5515287422839507,0.0325,0.1,0.05,0.1,0.0,0.15,0.04571428571428573,0.5117986330586831,0.0028768842992443885,71.84973047502591,0.3786658887041677,0.08101071428571428,0.27524508593489116,0.06621428571428571,0.5117986330586831,0.20207620902176782,LOW-COMPLEXITY,Low
316,1589.3878,1594.3928,0.0,1.0,1.0,22.6168270111084,22.80006980895996,0.9349722222222222,0.0325,0.1,0.05,0.6,0.0,0.15,0.04571428571428573,0.5074945848647189,0.003220088371459695,79.65115781095393,0.3725239581660066,0.08101071428571428,0.27433583909559933,0.06621428571428571,0.5074945848647189,0.1997630194074262,LOW-COMPLEXITY,Low
317,1594.3928,1599.4311666666667,0.0,0.0,0.0,16.444740295410156,16.61674690246582,0.7309820050705467,0.0,0.0,0.0,0.7,0.0,0.0,0.0,0.42527177031467833,0.0017257446960265586,19.499082196644896,0.284564035541306,0.0,0.21636002361748335,0.0,0.42527177031467833,0.11169008345810258,LOW-COMPLEXITY,Low
318,1599.4311666666667,1604.4695333333334,0.0,0.0,2.0,10.813551425933838,10.970658779144287,0.0654761904761905,0.015,0.0,0.1,0.15,0.0,0.0,0.17917124312507005,0.46360556327436614,0.0012574269677006606,8.147423564517682,0.31485699066967726,0.07793949075940547,0.26302395636493775,0.05375137293752101,0.46360556327436614,0.16046117571273583,LOW-COMPLEXITY,Low
319,1604.4695333333334,1609.5079,0.0,2.0,3.0,36.73886299133301,61.387149810791016,0.414169284611993,0.12250000000000001,0.2,0.15,0.1,0.043749999978124995,0.5,0.21882186457250904,0.30444825298826744,0.0032415762408358403,108.0074138924636,0.21799080415342859,0.3058281360855961,0.2696322122185035,0.25595905936409646,0.30444825298826744,0.285077892792,BURST-DOMINATED,Low
320,1609.5079,1614.5129000000002,0.0,1.0,3.760000000000005,27.343469619750977,57.52132873535156,0.7612743055555554,0.05320000000000004,0.1,0.18800000000000025,0.13297872340425515,0.0,0.15,0.1086819465620949,0.32560824304240144,0.002641268790849673,61.74135880484603,0.28480047840540546,0.10840164675451128,0.188488019872222,0.08510458396862847,0.32560824304240144,0.1807712773816943,LOW-COMPLEXITY,Low
321,1614.5129000000002,1619.5512666666668,0.0,0.0,2.0,26.466818809509277,26.977121353149414,0.08991608796296295,0.015,0.0,0.1,0.15,0.0,0.0,0.19335163482942994,0.46119362990921287,0.0011657095901632258,24.346010638872375,0.31269579120827334,0.08410796115080202,0.2656986098349602,0.05800549044882898,0.46119362990921287,0.163046746793484,LOW-COMPLEXITY,Low
322,1619.5512666666668,1624.5896333333335,0.0,1.0,3.0,114.33549499511719,138.50003051757812,2.32821800595238,0.0475,0.1,0.15,0.1,0.0,0.15,0.0872727272727273,0.3911567126983889,0.0028250758636788054,626.2768736424985,0.27668826232233523,0.09908863636363638,0.2589017247661058,0.07868181818181819,0.3911567126983889,0.1817614657456165,LOW-COMPLEXITY,Low
323,1624.5896333333335,1629.6280000000002,0.0,4.0,7.0,19.55913734436035,22.261037826538086,3.212894069664903,0.1525,0.4,0.35,0.1285714285714286,0.0,0.15,0.20030032120532465,0.4922507146662285,0.005295089312731265,74.62128639151867,0.37477809610695073,0.1482556397243162,0.28866671999008237,0.11259009636159739,0.4922507146662285,0.23290476956424577,SPARSE-EXTREME,Low
324,1629.6280000000002,1634.633,0.0,0.0,1.0,75.52664184570312,97.42928619384766,0.8313680555555557,0.0075,0.0,0.05,0.1,0.0,0.0,0.0,0.3510371519328461,0.0016296911764705883,247.5653622758219,0.2493938591559707,0.0,0.18823700135577615,0.0,0.3510371519328461,0.10282059206929546,LOW-COMPLEXITY,Low
325,1634.633,1639.6713666666667,0.0,0.0,0.0,14.099616527557373,14.658652782440186,0.3639150683421517,0.0,0.0,0.0,0.0,0.0,0.0,0.0,0.49388846843475914,0.0010880916988709065,22.511651932007446,0.3631026896035925,0.0,0.23639124548070867,0.0,0.49388846843475914,0.1408161636113545,LOW-COMPLEXITY,Low
326,1639.6713666666667,1644.7097333333334,0.0,9.0,40.25,15.244758129119873,34.27072525024414,14.594872960758378,0.40555555555555556,0.9,1.0,0.10683229813664596,0.026736111108140434,0.5,0.4615104360777865,0.38290790560128135,0.016674817689421438,34.03711670195834,0.3707207121409969,0.40871797719336933,0.3228778665803243,0.3228107697111851,0.38290790560128135,0.3968671983849596,SPARSE-EXTREME,Moderate
327,1644.7097333333334,1649.7481,0.0,1.0,2.0,11.281779766082764,65.00892639160156,1.6271839175485012,0.04,0.1,0.1,0.1,0.0,0.15,0.07111111111111112,0.34830669944502246,0.003018473129992738,96.78639195283563,0.4038998140365174,0.09205833333333335,0.16965720732964001,0.07383333333333333,0.34830669944502246,0.2224199213890438,LOW-COMPLEXITY,Low
328,1649.7481,1654.7531000000001,0.0,0.0,1.0,65.4267578125,66.01785736083984,3.395,0.0075,0.0,0.05,0.1,0.0,0.0,0.0,0.43064460428826723,0.004853851443355119,302.8474741569707,0.2993692793354955,0.0,0.23335172306639385,0.0,0.43064460428826723,0.1236965916689188,LOW-COMPLEXITY,Low
329,1654.7531000000001,1659.7914666666668,0.0,0.0,0.0,21.966243743896484,22.033162117004395,0.04479442239858906,0.0,0.0,0.0,0.1,0.0,0.0,0.0,0.40230154614438896,0.0006763249667150811,69.22552543410238,0.23989263094347504,0.0,0.21370413582469586,0.0,0.40230154614438896,0.09416737647428383,LOW-COMPLEXITY,Low
330,1659.7914666666668,1664.8298333333335,0.0,0.0,0.0,25.9119815826416,26.340481758117676,0.20052083333333334,0.0,0.0,0.0,0.1,0.0,0.0,0.0,0.4552396317859165,0.0011115332514178512,25.650879218277588,0.3180457371567917,0.0,0.226701592845325,0.0,0.4552396317859165,0.12455851812778046,LOW-COMPLEXITY,Low
331,1664.8298333333335,1669.8682000000001,0.0,0.0,0.75,115.8774185180664,126.82850646972656,6.392271549823632,0.005625,0.0,0.0375,0.1,0.0,0.0,0.00933333332088889,0.39901151858737754,0.009176473695187952,664.1874637965911,0.27915099289365897,0.004059999994586667,0.23091216876458534,0.002799999996266667,0.39901151858737754,0.12204187586572329,LOW-COMPLEXITY,Low
332,1669.8682000000001,1674.8732,0.0,1.0,1.0,119.2876968383789,122.8349365234375,6.473847222222223,0.1325,0.1,0.05,1.0,0.08749999991249999,0.42999999999999994,0.06857142857142857,0.42202300083121064,0.009663379357298474,752.0943793924973,0.29572772583868695,0.21883482141479016,0.32403517096138423,0.20169642854080352,0.42202300083121064,0.2735561368337395,LOW-COMPLEXITY,Moderate
333,1674.8732,1679.9115666666667,0.0,1.0,1.0,21.855780601501465,26.591174125671387,1.0155285493827162,0.1325,0.1,0.05,0.1,0.08749999991249999,0.42999999999999994,0.06857142857142857,0.38492971854916946,0.0028751468372842964,71.04433500584925,0.2627876475851807,0.21883482141479016,0.27904945095522976,0.20169642854080352,0.38492971854916946,0.25061441627534264,LOW-COMPLEXITY,Low
334,1679.9115666666667,1684.9499333333333,0.0,0.0,0.0,22.168912887573242,31.422945976257324,0.21632151124338628,0.0,0.0,0.0,0.0,0.0,0.0,0.0,0.4187582919809694,0.0008675591185548294,88.71642868922622,0.34575922315269986,0.0,0.20046555808006797,0.0,0.4187582919809694,0.13835298390913134,LOW-COMPLEXITY,Low
335,1684.9499333333333,1689.9883,0.0,0.0,0.0,38.639488220214844,41.58002471923828,0.2588941247795414,0.0,0.0,0.0,0.0,0.0,0.0,0.0,0.37746055666442524,0.0004513702471729433,202.62347140136185,0.22868699583672114,0.0,0.20857676455679397,0.0,0.37746055666442524,0.09298022634713214,LOW-COMPLEXITY,Low
336,1689.9883,1694.9933,0.0,0.0,0.0,51.25032043457031,59.763512420654294,2.366489583333333,0.0,0.0,0.0,0.0,0.0,0.0,0.0,0.3482249058594437,0.0038576244553376903,258.09074065094006,0.20996755695743813,0.0,0.19697282901703317,0.0,0.3482249058594437,0.08686804216981972,LOW-COMPLEXITY,Low
337,1694.9933,1700.0316666666668,0.0,0.0,1.0,12.874852180480957,60.02994918823242,0.40691826499118156,0.0075,0.0,0.05,0.1,0.0,0.0,1.0,0.3673330851841271,0.0011178730558581457,49.00488581265033,0.4199115165590466,0.435,0.3412251033055811,0.3,0.3673330851841271,0.3875512731404449,HEAVY-TAIL-RISK,Moderate
338,1700.0316666666668,1705.0700333333334,0.0,1.0,2.0,26.424965858459473,67.80306625366211,6.106302358906525,0.14,0.1,0.1,0.1,0.08749999991249999,0.42999999999999994,0.0987,0.2710016370947913,0.00901864239137013,188.36907857442185,0.24544101852180963,0.2319407499862187,0.22071843120224227,0.21073499996937495,0.2710016370947913,0.25452655090799176,LOW-COMPLEXITY,Low
339,1705.0700333333334,1710.1084,0.0,0.0,0.0,3.364065170288086,3.537553071975708,0.0,0.0,0.0,0.0,0.0,0.0,0.0,0.0,0.3912632828742416,0.0006101946951620154,2.173063066326831,0.2404864388175291,0.0,0.20310382699663088,0.0,0.3912632828742416,0.09351373813902494,LOW-COMPLEXITY,Low
340,1710.1084,1715.1467666666667,0.0,0.0,0.0,70.82930755615234,71.9692153930664,0.09013654651675485,0.0,0.0,0.0,0.0,0.0,0.0,0.0,0.4298597291375072,0.0005244914323754192,204.7650694452784,0.3055036872534142,0.0,0.22528754528283118,0.0,0.4298597291375072,0.12413755219132122,LOW-COMPLEXITY,Low
341,1715.1467666666667,1720.1517666666668,0.0,0.0,1.0,12.577350616455078,16.703467178344727,0.5429097222222222,0.0075,0.0,0.05,0.1,0.0,0.0,0.0,0.34179715638618907,0.0012833705065359476,17.320180357214355,0.24114231880307274,0.0,0.1702080160177647,0.0,0.34179715638618907,0.09469467591120674,LOW-COMPLEXITY,Low
342,1720.1517666666668,1725.1901333333335,0.0,0.0,0.0,17.811150550842285,19.85063648223877,0.8401882164902998,0.0,0.0,0.0,0.0,0.0,0.0,0.0,0.3726855327537876,0.0013011392249801148,34.69173883270975,0.23257633812449122,0.0,0.1943234323109028,0.0,0.3726855327537876,0.09112998718261468,LOW-COMPLEXITY,Low
343,1725.1901333333335,1730.2285000000002,1.0,2.5,8.0,31.95149040222168,39.35887336730957,9.907049162257493,0.265,0.25,0.4,0.1625,0.39999999994400004,0.27249999999999996,0.3281991668507571,0.35238626918100185,0.014261208129084968,33.79162326432053,0.23270416735620558,0.31681038757125934,0.35859227302062063,0.3338347500356271,0.35238626918100185,0.27111768696768307,SPARSE-EXTREME,Moderate
344,1730.2285000000002,1735.2668666666668,3.0,7.0,12.25,32.67806816101074,40.70772933959961,20.864631558641978,0.25426445578231294,0.23333333333333334,0.20416666666666666,0.13061224489795917,0.4160714285517857,0.2777272727272727,0.2342383942226626,0.3810071111755906,0.02477630184018052,29.089697067238017,0.2688719404948148,0.2805988151201281,0.35364659981005625,0.3131010637144692,0.3810071111755906,0.267528079702247,SPARSE-EXTREME,Moderate
345,1735.2668666666668,1740.2718666666667,0.0,0.6000000000000085,1.0,5.084892749786377,5.193076133728027,0.02322916666666667,0.022500000000000214,0.06000000000000085,0.05,0.1,0.0,0.15,0.06399999999999946,0.4734953503064004,0.0007364715413943357,3.280076852223036,0.33022044282783886,0.08896499999999977,0.26088171001926175,0.07169999999999983,0.4734953503064004,0.18514498234406088,LOW-COMPLEXITY,Low
346,1740.2718666666667,1745.3102333333334,0.0,2.0,3.0,9.614253520965576,30.58182430267334,2.5105131172839505,0.07250000000000001,0.2,0.15,0.16666666666666669,0.0,0.15,0.11599999994400002,0.3483077286868337,0.0033416392984663003,35.97436356903531,0.36316853802255905,0.11158499997564002,0.1846031469100066,0.08729999998320001,0.3483077286868337,0.2140184382496734,BURST-DOMINATED,Low
347,1745.3102333333334,1750.3486,0.0,0.0,0.0,30.520227432250977,30.59968376159668,0.6999593529541446,0.0,0.0,0.0,0.0,0.0,0.0,0.0,0.3923573107762582,0.002183906876793928,73.52297905957184,0.2277828446213775,0.0,0.21107340999149207,0.0,0.3923573107762582,0.08967778811364642,LOW-COMPLEXITY,Low
348,1750.3486,1755.3869666666667,0.0,1.0,1.0,13.061387538909912,30.439205169677734,1.4564387676366848,0.0325,0.1,0.05,0.1,0.0,0.15,0.04571428571428573,0.35187888960925734,0.0027198082550921607,27.82793333256426,0.33058684491619117,0.08101071428571428,0.18271204516428077,0.06621428571428571,0.35187888960925734,0.18563005872042238,LOW-COMPLEXITY,Low
349,1755.3869666666667,1760.3919666666668,0.0,0.0,1.0,13.03091812133789,15.568041801452637,0.21392708333333335,0.0075,0.0,0.05,0.1,0.0,0.0,1.0,0.36909676274130204,0.0011274700435729848,40.59020875182608,0.2381789352510175,0.435,0.3900075319111399,0.3,0.36909676274130204,0.31331791310908214,HEAVY-TAIL-RISK,Moderate
350,1760.3919666666668,1765.4303333333335,0.0,0.0,0.0,62.44233512878418,89.96710205078125,0.8132716049382717,0.0,0.0,0.0,0.0,0.0,0.0,0.0,0.3201180301142519,0.0014845828956582638,403.75546160898,0.2269530795059968,0.0,0.18226572214266784,0.0,0.3201180301142519,0.09724003497436917,LOW-COMPLEXITY,Low
351,1765.4303333333335,1770.4687000000001,0.0,1.0,1.0,19.364415168762207,20.618590354919434,1.3866774140211642,0.0325,0.1,0.05,1.0,0.0,0.15,0.04571428571428573,0.5137329893986544,0.006717591917168101,83.92172045811364,0.3900897897472928,0.08101071428571428,0.2715187015364136,0.06621428571428571,0.5137329893986544,0.20600033591887043,LOW-COMPLEXITY,Low
352,1770.4687000000001,1775.5070666666668,0.0,1.0,1.0,13.980571269989014,18.152463912963867,1.517753802910053,0.0325,0.1,0.05,1.0,0.0,0.15,0.04571428571428573,0.42851884081000385,0.005516443479397932,67.86358878359547,0.3417768408293726,0.08101071428571428,0.23469892757789954,0.06621428571428571,0.42851884081000385,0.19026047772159302,LOW-COMPLEXITY,Low
353,1775.5070666666668,1780.5120666666667,0.0,1.0,1.0,14.04617977142334,22.79428482055664,1.2550000000000003,0.0325,0.1,0.05,1.0,0.0,0.15,0.04571428571428573,0.39446858120297856,0.0033815142973856217,65.61876635912452,0.33566406601865545,0.08101071428571428,0.21275305223267943,0.06621428571428571,0.39446858120297856,0.18803559884716373,LOW-COMPLEXITY,Low
354,1780.5120666666667,1785.5504333333333,0.0,1.0,2.0,3.4642611742019653,22.618952751159668,0.23630056768077598,0.04,0.1,0.1,0.1,0.0,0.15,0.07111111111111112,0.32804386473420677,0.0017269614057042568,27.017508816202245,0.37042965996426425,0.09205833333333335,0.1608970564038479,0.07383333333333333,0.32804386473420677,0.20768450020659385,LOW-COMPLEXITY,Low
355,1785.5504333333333,1790.5888,0.0,1.0,2.0,3.424855947494507,9.358268737792969,0.2443851962081129,0.04,0.1,0.1,0.1,0.0,0.15,0.07111111111111112,0.42638590336177046,0.0012956195209565308,2.314389679612315,0.4461022525905876,0.09205833333333335,0.19923386953113295,0.07383333333333333,0.42638590336177046,0.23435317145741438,LOW-COMPLEXITY,Low
356,1790.5888,1795.6271666666667,0.0,0.0,1.75,27.668696403503418,32.95630645751953,4.329864555776014,0.013125,0.0,0.0875,0.17142857142857143,0.0,0.0,0.01999999998857143,0.34813712564661087,0.005537603583099906,11.855642236310933,0.2147243868924763,0.008699999995028573,0.18459020739527046,0.005999999996571429,0.34813712564661087,0.08793448462121581,LOW-COMPLEXITY,Low
357,1795.6271666666667,1800.6321666666668,0.0,1.0,3.0,21.874752044677734,29.232558059692384,1.1946354166666668,0.14750000000000002,0.1,0.15,0.1,0.08749999991249999,0.42999999999999994,0.22996845383230588,0.3244448437871339,0.004096905092592593,172.4141306805546,0.21149227836958073,0.2890425274032718,0.29103573172285085,0.25011553611906673,0.3244448437871339,0.26849270241585055,LOW-COMPLEXITY,Low
358,1800.6321666666668,1805.6705333333334,0.0,1.0,1.0,13.337754726409912,16.159711837768555,0.0757722938712522,0.0325,0.1,0.05,0.1,0.0,0.15,0.04571428571428573,0.3587118118978107,0.0012363276522028566,20.885806705188095,0.22847746281525644,0.08101071428571428,0.21156339531485843,0.06621428571428571,0.3587118118978107,0.14296510965051884,LOW-COMPLEXITY,Low
359,1805.6705333333334,1810.7089,0.0,0.0,0.0,16.3482666015625,17.951351165771484,0.39427290013227506,0.0,0.0,0.0,0.4,0.0,0.0,0.0,0.4111407623220133,0.0012410052369713322,24.059152998654955,0.28155099802807615,0.0,0.20683106469712975,0.0,0.4111407623220133,0.11038118107753016,LOW-COMPLEXITY,Low
360,1810.7089,1815.7472666666667,0.0,0.0,0.0,14.186667442321777,15.184200763702393,0.6116174768518519,0.0,0.0,0.0,0.0,0.0,0.0,0.0,0.3688184241444749,0.001781311868883356,17.686952565747433,0.21530784701812572,0.0,0.19515015685123266,0.0,0.3688184241444749,0.08375187237087556,LOW-COMPLEXITY,Low
361,1815.7472666666667,1820.7522666666669,0.0,0.0,0.0,15.310540199279785,16.057248306274413,0.4339305555555555,0.0,0.0,0.0,0.1,0.0,0.0,0.0,0.4194818014894552,0.0017148325163398692,14.782713157431823,0.2858645409292554,0.0,0.21155535000175318,0.0,0.4194818014894552,0.11210619259287749,LOW-COMPLEXITY,Low
362,1820.7522666666669,1825.7906333333335,0.0,0.0,0.0,10.519449710845947,17.616185188293457,0.037533068783068786,0.0,0.0,0.0,0.0,0.0,0.0,0.0,0.4531596136439139,0.0008254823341373586,13.161085001750351,0.4162805342325212,0.0,0.19470337072628743,0.0,0.4531596136439139,0.16299654345948272,LOW-COMPLEXITY,Low
363,1825.7906333333335,1830.8290000000002,0.0,1.0,1.0,17.650548934936523,21.39676856994629,0.5834228946208112,0.0325,0.1,0.05,0.1,0.0,0.15,0.04571428571428573,0.4184328932764668,0.0019836063669294883,36.39993797683955,0.3012413064565247,0.08101071428571428,0.22890149217067968,0.06621428571428571,0.4184328932764668,0.17048509502602638,LOW-COMPLEXITY,Low
364,1830.8290000000002,1835.8673666666668,1.0,1.0,1.0,25.584543228149414,25.97377586364746,2.982497657627866,0.6325,0.1,0.05,0.1,0.9124999997375001,0.2583333333333333,0.08000000000000002,0.4281691766627493,0.005498168113696096,84.0771302981404,0.28726190206614094,0.2837895832919896,0.4489886280215265,0.4337916665747917,0.4281691766627493,0.27031801000825073,LOW-COMPLEXITY,Moderate
365,1835.8673666666668,1840.8723666666667,0.0,0.0,0.0,6.906550884246826,18.850878524780274,0.09307638888888889,0.0,0.0,0.0,0.0,0.0,0.0,0.0,0.30388978118315996,0.0004679863834422657,20.992053300304416,0.28095187593400306,0.0,0.13447632198072157,0.0,0.30388978118315996,0.11157020536446408,LOW-COMPLEXITY,Very Low
366,1840.8723666666667,1845.9107333333334,0.0,0.0,0.0,7.543238639831543,8.01664113998413,0.22769235008818342,0.0,0.0,0.0,0.0,0.0,0.0,0.0,0.37271644164648127,0.000420898876525919,3.8294981311559635,0.21851531419736403,0.0,0.19598164950260347,0.0,0.37271644164648127,0.0846721240129729,LOW-COMPLEXITY,Low
367,1845.9107333333334,1850.9491,1.0,1.0,1.0,20.913461685180664,21.194668769836426,2.637945050705467,0.6325,0.1,0.05,0.1,0.9124999997375001,0.2583333333333333,0.08000000000000002,0.4582632144473036,0.004969898086549433,47.2830657018833,0.3216957834855663,0.2837895832919896,0.4568017597347386,0.4337916665747917,0.4582632144473036,0.2827460373714491,LOW-COMPLEXITY,Moderate
368,1850.9491,1855.9874666666667,0.0,1.0,1.0,13.849708557128906,15.635516166687012,0.37195147156084657,0.0325,0.1,0.05,0.1,0.0,0.15,0.04571428571428573,0.41143311586290043,0.0011923219905246047,22.505695797068366,0.2823421810885153,0.08101071428571428,0.23220378962855165,0.06621428571428571,0.41143311586290043,0.1639412808056685,LOW-COMPLEXITY,Low
369,1855.9874666666667,1860.9924666666668,0.0,0.0,0.0,8.409709930419922,10.381672286987305,0.00013194444444444446,0.0,0.0,0.0,0.0,0.0,0.0,0.0,0.3678693655530674,0.00013193041938997817,4.587489056088897,0.24965650415734883,0.0,0.18492972045512393,0.0,0.3678693655530674,0.09758631284970094,LOW-COMPLEXITY,Low
370,1860.9924666666668,1866.0308333333335,0.0,0.0,0.0,7.519974708557129,10.801902294158936,0.005983382936507937,0.0,0.0,0.0,0.0,0.0,0.0,0.0,0.31799854646528614,0.0003143240513798111,4.702848619171687,0.21644015786752543,0.0,0.1594861004896736,0.0,0.31799854646528614,0.08454057748882693,LOW-COMPLEXITY,Low
371,1866.0308333333335,1871.0692000000001,0.0,0.0,0.0,4.302320241928101,9.383281707763672,0.03195960097001764,0.0,0.0,0.0,0.0,0.0,0.0,0.0,0.3176258143025316,0.00019576300813535294,2.681107473505653,0.27859719136101646,0.0,0.1432211215085735,0.0,0.3176258143025316,0.11001953463287603,LOW-COMPLEXITY,Very Low
372,1871.0692000000001,1876.1075666666668,0.0,0.0,0.0,5.462483644485474,9.61627197265625,0.030068479938271605,0.0,0.0,0.0,0.0,0.0,0.0,0.0,0.3062514137775179,0.00015391992059169348,2.2493343670747294,0.23729551847211172,0.0,0.14526041351525443,0.0,0.3062514137775179,0.09292605052201544,LOW-COMPLEXITY,Very Low
373,1876.1075666666668,1881.1125666666667,0.0,0.0,0.0,9.651016235351562,9.678227996826172,0.0005763888888888889,0.0,0.0,0.0,0.0,0.0,0.0,0.0,0.513410975350669,5.3599400871459704e-05,3.0044306944444443,0.3789867339546917,0.0,0.2444395319490813,0.0,0.513410975350669,0.146694459321857,LOW-COMPLEXITY,Low
374,1881.1125666666667,1886.1509333333333,0.0,0.0,0.0,0.0,14.44879150390625,0.006462191358024691,0.0,0.0,0.0,0.0,0.0,0.0,0.0,0.21749533080959607,0.0001824387741207594,3.6404614471426577,0.27626938250489774,0.0,0.07624321889152184,0.0,0.21749533080959607,0.11044598516208248,LOW-COMPLEXITY,Very Low
375,1886.1509333333333,1891.1893,0.0,1.0,2.0,12.069729328155518,13.661786556243896,0.10469714506172839,0.04,0.1,0.1,0.1,0.0,0.15,0.07111111111111112,0.4083824430900654,0.0012422676053446071,7.49368481811293,0.27839702552365947,0.09205833333333335,0.2354511261450579,0.07383333333333333,0.4083824430900654,0.1676774628067503,LOW-COMPLEXITY,Low
376,1891.1893,1896.2276666666667,0.0,0.0,0.0,12.627726078033447,12.86860466003418,0.1295951829805997,0.0,0.0,0.0,0.1,0.0,0.0,0.0,0.4008971731663844,0.002259093780259017,10.521579610868915,0.24421843454555758,0.0,0.20893510168164,0.0,0.4008971731663844,0.09501220956975669,LOW-COMPLEXITY,Low
377,1896.2276666666667,1901.2326666666668,0.0,0.0,0.0,10.474325180053711,12.121101188659669,0.40553472222222225,0.0,0.0,0.0,0.0,0.0,0.0,0.0,0.38576680741062774,0.0018010046296296296,8.650123478587814,0.25316581716179765,0.0,0.19484085439207258,0.0,0.38576680741062774,0.09833550576546729,LOW-COMPLEXITY,Low
378,1901.2326666666668,1906.2710333333334,0.0,0.0,0.0,10.461102962493896,10.606583595275879,0.9603002369929454,0.0,0.0,0.0,1.0,0.0,0.0,0.0,0.5097420707954934,0.002511888146462288,7.720274666359685,0.3773496249203216,0.0,0.2427338073474993,0.0,0.5097420707954934,0.14619612733291218,LOW-COMPLEXITY,Low
379,1906.2710333333334,1911.3094,0.0,2.0,4.0,7.577936172485352,10.707319259643555,0.5633336089065257,0.08,0.2,0.2,0.1,0.0,0.15,0.20670807453929013,0.32667632427745913,0.0027870035359822943,3.265961656787595,0.22326244621412838,0.1510430124245912,0.22346663835308683,0.11451242236178703,0.32667632427745913,0.1766816766421733,SPARSE-EXTREME,Low
380,1911.3094,1916.3477666666668,0.0,0.0,0.0,6.792735815048218,9.919581413269043,0.10823137125220458,0.0,0.0,0.0,0.0,0.0,0.0,0.0,0.3395649442113402,0.0008127884062575649,2.4706155994432475,0.24226016233733477,0.0,0.16738404131216136,0.0,0.3395649442113402,0.09482325957508882,LOW-COMPLEXITY,Low
381,1916.3477666666668,1921.3527666666669,0.0,0.0,0.0,6.749477386474609,8.540060997009277,0.003965277777777778,0.0,0.0,0.0,0.0,0.0,0.0,0.0,0.3495768271008449,0.0006373811274509804,4.225315818561318,0.23231698624454486,0.0,0.17634945674527522,0.0,0.3495768271008449,0.09048659620790751,LOW-COMPLEXITY,Low
382,1921.3527666666669,1926.3911333333335,0.0,0.0,0.0,2.123697876930237,2.2015222311019897,0.0001033399470899471,0.0,0.0,0.0,0.1,0.0,0.0,0.0,0.5092585399028962,0.00048467961644534357,0.6008644181613523,0.3821172140164182,0.0,0.24030833528785747,0.0,0.5092585399028962,0.14785188938323518,LOW-COMPLEXITY,Low
383,1926.3911333333335,1931.4295000000002,0.0,0.0,0.75,0.0,1.8589774370193481,0.0,0.005625,0.0,0.0375,0.1,0.0,0.0,0.00933333332088889,0.22325527105355716,0.00037037942105854686,0.08195043402119943,0.2847758394243978,0.004059999994586667,0.0788885714156583,0.002799999996266667,0.22325527105355716,0.11558510194242336,LOW-COMPLEXITY,Very Low
384,1931.4295000000002,1936.4678666666669,0.0,1.0,1.0,48.93463134765625,50.53413963317871,4.525766093474427,0.0325,0.1,0.05,0.1,0.0,0.15,0.04571428571428573,0.43398180093481886,0.0069235611296987925,574.9894109651495,0.3047148658605895,0.08101071428571428,0.27323400930180186,0.06621428571428571,0.43398180093481886,0.18385102880936355,LOW-COMPLEXITY,Low
385,1936.4678666666669,1941.4728666666667,0.0,0.0,0.0,3.4201366901397705,78.8680435180664,0.09276388888888888,0.0,0.0,0.0,0.0,0.0,0.0,0.0,0.42541159333391365,0.0004041017156862745,70.95149382095448,0.5367251899239517,0.0,0.1547701249710077,0.0,0.42541159333391365,0.21617924036835012,LOW-COMPLEXITY,Low
386,1941.4728666666667,1946.5112333333334,0.0,0.0,1.0,0.7754217982292175,79.04863739013672,0.08902391975308642,0.0075,0.0,0.05,0.1,0.0,0.0,0.0,0.4317199259073363,0.0005258775385154062,94.29931423737132,0.5480440656447326,0.0,0.1570283142298111,0.0,0.4317199259073363,0.22105196132596608,LOW-COMPLEXITY,Low
387,1946.5112333333334,1951.5496,0.0,0.0,0.0,34.8525390625,48.39749526977539,2.829316854056437,0.0,0.0,0.0,0.0,0.0,0.0,0.0,0.33816885276504566,0.0042230227353287,99.09907171239658,0.2499911008880283,0.0,0.1705934297547431,0.0,0.33816885276504566,0.10016103766691281,LOW-COMPLEXITY,Low
388,1951.5496,1956.5879666666667,0.0,0.0,0.0,23.672012329101562,46.83169937133789,1.3447799548059964,0.0,0.0,0.0,0.0,0.0,0.0,0.0,0.3728039638553142,0.0024023976488743645,92.5263797506715,0.3417888348589111,0.0,0.16982418155165396,0.0,0.3728039638553142,0.13713189000870588,LOW-COMPLEXITY,Low
389,1956.5879666666667,1961.5929666666668,0.0,0.0,0.0,23.578046798706055,23.7059684753418,0.041722222222222216,0.0,0.0,0.0,0.0,0.0,0.0,0.0,0.4471294680180107,0.00041919212962962966,48.055304492325554,0.31590320680066514,0.0,0.22458408706863733,0.0,0.4471294680180107,0.12477366686985297,LOW-COMPLEXITY,Low
390,1961.5929666666668,1966.6313333333335,0.0,0.0,0.0,0.0,93.97264862060547,0.14251612103174602,0.0,0.0,0.0,0.0,0.0,0.0,0.0,0.20194565160877215,9.969778806584363e-05,159.6296832286155,0.2438924537551884,0.0,0.08366772361482759,0.0,0.20194565160877215,0.10074351724059082,LOW-COMPLEXITY,Very Low
391,1966.6313333333335,1971.6697000000001,0.0,1.5,4.5,0.0,93.99765014648438,0.3975246638007055,0.07125000000000001,0.15,0.225,0.11111111111111112,0.0,0.15,0.0919393939378384,0.24574701885997582,0.001425825422761697,87.39629569146696,0.3159009268267503,0.1011186363629597,0.12372131753163554,0.08008181818135152,0.24574701885997582,0.1911070789251294,SPARSE-EXTREME,Very Low
392,1971.6697000000001,1976.7080666666668,0.0,3.0,5.75,26.898945808410645,27.139193534851074,1.0062038414902996,0.118125,0.3,0.2875,0.10434782608695652,0.0,0.15,0.1965136560585087,0.508092404832089,0.0038561684897724527,66.64606990588167,0.37354667937452,0.1466084403854513,0.3039174712358519,0.11145409681755261,0.508092404832089,0.2330984018205622,SPARSE-EXTREME,Moderate
393,1976.7080666666668,1981.7130666666667,0.0,0.0,0.0,25.47031593322754,26.240485763549806,0.34111458333333333,0.0,0.0,0.0,0.0,0.0,0.0,0.0,0.3823480422489878,0.0012579285130718953,72.10137334343308,0.22252142404465086,0.0,0.20563680787130986,0.0,0.3823480422489878,0.08764658421503693,LOW-COMPLEXITY,Low
394,1981.7130666666667,1986.7514333333334,0.0,0.0,0.0,23.612571716308594,24.275721549987793,0.10395998677248677,0.0,0.0,0.0,0.0,0.0,0.0,0.0,0.3963817498423061,0.0009245607579451534,69.05499823276462,0.24062453785853016,0.0,0.21028693180039848,0.0,0.3963817498423061,0.09481725759882802,LOW-COMPLEXITY,Low
395,1986.7514333333334,1991.6563333333334,0.0,3.0,5.780000000000001,22.473051071166992,22.86078643798828,0.8403448227190605,0.21835000000000002,0.3,0.28900000000000003,0.10380622837370239,0.08749999997083333,0.42999999999999994,0.11659777968555457,0.45624339313269185,0.004672482071532317,52.831439278277784,0.32144595628138006,0.23972628415862246,0.32159195027313064,0.216104333895458,0.45624339313269185,0.2842089794059459,SPARSE-EXTREME,Moderate
