segment,start,end,medad_p50,medad_p90,medad_p99,si_p50,si_p90,changed_pct,rtci,burst_score,tail_score,extreme_score,adim_sustained,adim_dynamic,adim_risk,spatial_adim,scene_activity,texture,spatial_score,temporal_score,v9_fusion,adci_temporal,adci_spatial,bdi,regime,class
0,0.0,5.0,0.0,3.700000000000003,4.769999999999996,42.56576156616211,110.64371337890626,8.440023661514337,0.18232905405405403,0.3700000000000003,0.2384999999999998,0.10482180293501057,0.047297297284514206,0.5,0.1006459158064895,0.27550521818070123,0.013851833321254128,896.6886766889777,0.2387478274842611,0.2549802976981339,0.2458292077384001,0.2217478287915268,0.27550521818070123,0.27663471927636873,SPARSE-EXTREME,Low
1,5.0,10.0,1.0,2.0,25.280000000000143,117.16310119628906,130.87651672363282,16.71583680555555,0.2697784810126581,0.2,1.0,0.2966772151898717,0.543749999890625,0.162,0.4724702471854971,0.4155063365303253,0.02773248066448802,1870.359084754985,0.28591409888849134,0.3571801825084647,0.4590183139729864,0.3887535741173679,0.4155063365303253,0.3111074122800342,SPARSE-EXTREME,Moderate
2,10.0,15.0,0.0,1.0,54.840000000000046,93.06517791748047,118.50808868408204,16.416489583333338,0.275,0.1,1.0,0.11305616338439087,0.08749999991249999,0.42999999999999994,0.7722115710952078,0.3592659451922761,0.02840915958605664,1059.4968122185655,0.24431580118401938,0.5249182834126341,0.43601184029292284,0.4127884712979373,0.3592659451922761,0.4082772940607448,HEAVY-TAIL-RISK,Moderate
3,15.0,20.0,0.0,1.0,71.56000000000003,72.49356079101562,117.3234130859375,14.621041666666668,0.275,0.1,1.0,0.11738401341531576,0.08749999991249999,0.42999999999999994,0.793558657514049,0.3160875587631054,0.028904693763616558,441.7284950123174,0.23650282064768685,0.53420426600483,0.40894470266063376,0.4191925972235896,0.3160875587631054,0.40889396519139615,HEAVY-TAIL-RISK,Moderate
4,20.0,25.0,0.0,1.0,58.320000000000036,69.14469146728516,110.91530303955078,14.941614583333333,0.175,0.1,1.0,0.15260631001371733,0.0,0.15,0.557536159921399,0.3249823294982235,0.0256341147875817,627.9019383601485,0.24185371683340848,0.3036532295658086,0.3186763496096987,0.2197608479764197,0.3249823294982235,0.2723484223937528,SPARSE-EXTREME,Moderate
5,25.0,30.0,0.0,2.0,55.0,96.53302001953125,118.80438537597657,15.516281249999999,0.25,0.2,1.0,0.15818181818181817,0.043749999978124995,0.5,0.8565981909548845,0.3420290952499903,0.027191810321350766,898.6921496910551,0.21692532760211444,0.5832608380619295,0.4482273785178873,0.4472919572788091,0.3420290952499903,0.4333247011130529,HEAVY-TAIL-RISK,Moderate
6,30.0,35.0,0.0,1.0,58.04000000000002,79.03598022460938,115.78645324707031,18.57717708333334,0.275,0.1,1.0,0.12232942798070293,0.08749999991249999,0.42999999999999994,0.9454191445923719,0.3314879821230909,0.03290669580610023,735.0401516888106,0.23630328757062224,0.6002635778839005,0.4536555528043653,0.46475074334708655,0.3314879821230909,0.44337196342492197,MOTION-HEAVY,Moderate
7,35.0,40.0,1.0,2.0,62.52000000000001,98.8900146484375,119.86360473632813,21.179055555555554,0.307997440818938,0.2,1.0,0.10876519513755596,0.4999999999125,0.18999999999999997,0.6768772357585773,0.3636758085922968,0.03916178581154685,885.4701278936901,0.23994850511645027,0.45061659754119987,0.4732881565972371,0.4445631706969482,0.3636758085922968,0.34373774058297046,HEAVY-TAIL-RISK,Moderate
8,40.0,45.0,0.0,1.0,58.96000000000011,87.01258850097656,111.59200592041016,16.567496527777777,0.275,0.1,1.0,0.11194029850746248,0.08749999991249999,0.42999999999999994,0.5733131355520684,0.3325284895698712,0.028518148692810455,873.0583974599574,0.21489122439520342,0.43839746395136847,0.3855623472929589,0.3531189406349955,0.3325284895698712,0.35275728169047976,SPARSE-EXTREME,Moderate
9,45.0,50.0,0.0,1.0,101.32000000000016,75.8270492553711,112.85152435302734,12.562791666666667,0.275,0.1,1.0,0.12041058033951817,0.08749999991249999,0.42999999999999994,0.962761920142392,0.31449480287890164,0.02611427668845316,835.7941009495887,0.2209979790203343,0.6078076852481592,0.44944795397198045,0.46995357601209253,0.31449480287890164,0.44109636070199365,MOTION-HEAVY,Moderate
10,50.0,55.0,0.0,1.0,3.0,88.07884979248047,116.02902679443359,11.754090277777776,0.0475,0.1,0.15,1.0,0.0,0.15,0.6944216792689416,0.372310855947185,0.01801577927559913,940.4819942419546,0.26743339833176377,0.36319843048198963,0.3714788067999899,0.2608265037806825,0.372310855947185,0.3123198194494234,HEAVY-TAIL-RISK,Moderate
11,55.0,60.0,0.0,1.0,38.20000000000023,111.14012145996094,120.03777618408203,13.667538194444443,0.275,0.1,1.0,0.13350785340314056,0.08749999991249999,0.42999999999999994,0.5309452704464577,0.3900767008554214,0.020808854438997822,1143.2750870913342,0.2517836196274312,0.41996744263042773,0.4066124215698901,0.34040858110331224,0.3900767008554214,0.3578287727162904,SPARSE-EXTREME,Moderate
12,60.0,65.0,0.0,1.0,49.92000000000009,115.99536895751953,122.1859344482422,12.5575,0.275,0.1,1.0,0.12620192307692285,0.08749999991249999,0.42999999999999994,0.6877644780249523,0.40824992449012926,0.020925621732026143,1163.6791957260245,0.27573162130781503,0.4881837979270729,0.4444398387123055,0.38745434337686063,0.40824992449012926,0.40202194478442493,HEAVY-TAIL-RISK,Moderate
13,65.0,70.0,0.0,1.0,28.08000000000017,79.8724136352539,121.52869720458985,14.704364583333334,0.275,0.1,1.0,0.15669515669515574,0.08749999991249999,0.42999999999999994,0.5262581858267511,0.4023852843127916,0.021743813861655775,921.7031274242711,0.33563082437433667,0.4179285608208555,0.39275282364082265,0.3390024557174003,0.4023852843127916,0.39112130725727096,SPARSE-EXTREME,Moderate
14,70.0,75.0,1.0,3.0,50.760000000000005,75.13756561279297,118.91958770751953,19.64839583333333,0.26818360914105593,0.3,1.0,0.12411347517730495,0.3041666666375,0.415,0.6530554453676269,0.31718589580827555,0.03233817933006536,801.8675096095513,0.23047410063795123,0.5010978687303239,0.42797242340035513,0.447624966933413,0.31718589580827555,0.38743924136217506,HEAVY-TAIL-RISK,Moderate
15,75.0,80.0,0.0,2.0,42.56000000000003,62.40591812133789,122.23370513916015,16.794125000000005,0.25,0.2,1.0,0.13157894736842096,0.043749999978124995,0.5,0.5646631096502427,0.34632365360778894,0.027393967456427016,698.2456696516489,0.2987531101277924,0.4562690776944103,0.37121199183750964,0.3597114328874165,0.34632365360778894,0.4024193052526137,SPARSE-EXTREME,Moderate
16,80.0,85.0,0.0,1.0,41.320000000000036,65.67559051513672,122.2545394897461,12.863399305555557,0.275,0.1,1.0,0.10648596321393988,0.08749999991249999,0.42999999999999994,0.6071749997241296,0.3737851743995125,0.019972799700435733,995.4042620300454,0.3291783355997187,0.45312737486621507,0.3911704425634649,0.36327749988661384,0.3737851743995125,0.4066287790558134,HEAVY-TAIL-RISK,Moderate
17,85.0,90.0,1.0,1.0,2.760000000000005,81.18077087402344,88.57106170654296,16.08546527777778,0.3268594202898548,0.1,0.13800000000000026,0.10869565217391283,0.9124999997375001,0.2583333333333333,0.12396499032665068,0.37441787472596255,0.022479926470588236,562.8735669629519,0.2281470484364137,0.30291435408408257,0.4618789033595262,0.44698116367278684,0.37441787472596255,0.26530475359488126,LOW-COMPLEXITY,Moderate
18,90.0,95.0,1.0,1.0,62.320000000000036,88.76366424560547,102.53396759033203,18.25861805555556,0.2830231065468549,0.1,1.0,0.11071887034659814,0.9124999997375001,0.2583333333333333,0.40052338055302994,0.37660625854872354,0.030362218001089323,800.5414669284054,0.24185195402551138,0.4232172538325576,0.5144010037046802,0.5299486807407007,0.37660625854872354,0.33147660408850066,SPARSE-EXTREME,High
19,95.0,100.0,1.0,3.0,55.12000000000006,113.12757110595703,126.81018829345703,20.16308680555556,0.3340711175616836,0.3,1.0,0.12880986937590697,0.36249999995138893,0.303,0.16292884122166656,0.3871925352052548,0.03435131481481482,1026.5383386011772,0.2583757989104667,0.2514402959237687,0.36866469853940564,0.28180365234948607,0.3871925352052548,0.2616117363259616,SPARSE-EXTREME,Moderate
20,100.0,105.0,1.0,2.0,37.440000000000225,114.80648803710938,118.41150207519532,18.520826388888885,0.21335470085470076,0.2,1.0,0.13888888888888806,0.4999999999125,0.18999999999999997,0.4431667900452344,0.3865673978313164,0.030442733796296296,1543.3847328006775,0.22804504520444263,0.3489525536558957,0.4445185913521812,0.3744500369829453,0.3865673978313164,0.2869371986244408,SPARSE-EXTREME,Moderate
21,105.0,110.0,0.0,1.0,47.52000000000001,118.28594970703125,123.21846466064453,12.440319444444443,0.275,0.1,1.0,0.13047138047138046,0.08749999991249999,0.42999999999999994,0.6441007690098336,0.4148051720554057,0.021133845860566446,1219.1215633860575,0.2811240438375123,0.4691900845054964,0.4387921046179064,0.374355230672325,0.4148051720554057,0.39455308087264707,HEAVY-TAIL-RISK,Moderate
22,110.0,115.0,1.0,5.0,55.800000000000026,107.15070343017578,120.45140991210938,26.31870486111111,0.3239605734767025,0.5,1.0,0.11111111111111105,0.234999999979,0.4783333333333334,0.6828440560266952,0.3911017367250245,0.04384643123638344,919.4796582124014,0.27119909833413147,0.5289704977016383,0.46888123221552813,0.45451988346732525,0.3911017367250245,0.4239424879985821,HEAVY-TAIL-RISK,Moderate
23,115.0,120.0,1.0,4.0,42.760000000000005,82.27442932128906,120.2442855834961,21.164614583333336,0.3116931711880262,0.4,1.0,0.14967259120673523,0.29374999996718754,0.38166666666666665,0.5073556295088776,0.30963211648349753,0.030401357026143796,920.3512715765751,0.2108588101658645,0.4224944904978605,0.3925245127390068,0.38860252217451224,0.30963211648349753,0.33692496651370857,SPARSE-EXTREME,Moderate
24,120.0,125.0,1.0,1.0,4.0,118.98824310302734,121.68824462890625,15.952090277777778,0.18,0.1,0.2,1.0,0.99999999965,0.015,0.735818665205553,0.46381257600055736,0.024102706290849672,1651.4217559787896,0.31751006366054824,0.48369361930929045,0.6038406695469043,0.5759955994391658,0.46381257600055736,0.36826892195238414,HEAVY-TAIL-RISK,High
25,125.0,130.0,1.0,3.0,41.76000000000013,93.63453674316406,121.76580963134765,20.692680555555555,0.27030651340996165,0.3,1.0,0.14607279693486544,0.36249999995138893,0.307,0.5727560247276229,0.330092293804734,0.030585762663398693,1062.1591850071788,0.20766005737027857,0.43134512074885967,0.424977440545231,0.406151807401273,0.330092293804734,0.33271246313393005,SPARSE-EXTREME,Moderate
26,130.0,135.0,0.0,1.0,77.08000000000017,94.39515686035156,117.84022521972656,14.76510763888889,0.275,0.1,1.0,0.11286974571873354,0.08749999991249999,0.42999999999999994,0.8014390423504347,0.34797223087922186,0.02513012431917211,1146.651483283203,0.22236351633958484,0.5376322334086578,0.4394601533560475,0.42155671267450534,0.34797223087922186,0.40571561047716875,HEAVY-TAIL-RISK,Moderate
27,135.0,140.0,1.0,2.0,32.12000000000019,107.86431884765625,111.9271957397461,16.528628472222223,0.31556662515566614,0.2,1.0,0.16811955168119452,0.4999999999125,0.18999999999999997,0.17274803986831824,0.4136236826681641,0.02553112404684096,1210.1871975564513,0.27285656958323157,0.23132039732893717,0.39757114160518203,0.29332441192987047,0.4136236826681641,0.24558446966663616,SPARSE-EXTREME,Moderate
28,140.0,145.0,0.0,4.0,77.76,87.67994689941406,108.29784240722657,21.196315972222223,0.3,0.4,1.0,0.11188271604938271,0.043749999989062496,0.5,0.771813997632999,0.3383862718234527,0.040706504084967315,769.6930141147491,0.21458618507917082,0.5463797139686318,0.4299825852988689,0.4218566992860715,0.3383862718234527,0.4139625290832762,HEAVY-TAIL-RISK,Moderate
29,145.0,150.0,1.0,2.0,25.800000000000153,99.86043548583984,102.70226440429687,20.231062500000004,0.2193798449612402,0.2,1.0,0.1395348837209294,0.4999999999125,0.24999999999999997,0.4247162427459046,0.45799756874723385,0.03278196282679739,1670.334501259477,0.3127141836332894,0.3653765655806872,0.47009824075735007,0.3899148727931463,0.45799756874723385,0.3325995203067944,SPARSE-EXTREME,Moderate
30,150.0,155.0,1.0,2.0,38.960000000000235,118.42447662353516,135.84085083007812,14.714736111111112,0.31283367556468167,0.2,1.0,0.1309034907597528,0.4999999999125,0.18999999999999997,0.5039912749403808,0.3915550192365597,0.025098565904139433,1882.7889284550936,0.26309879946079656,0.3754112045852844,0.45168565880755374,0.3926973824514892,0.3915550192365597,0.3148493167449592,SPARSE-EXTREME,Moderate
31,155.0,160.0,1.0,1.0,45.800000000000026,100.15876007080078,122.80918731689462,11.905149305555554,0.2859170305676856,0.1,1.0,0.12445414847161565,0.9124999997375001,0.2583333333333333,0.6269650885280618,0.36833666693461414,0.01925252519063181,1738.9506662948017,0.24640932456953027,0.5217193968016964,0.5535810360368686,0.5978811931332102,0.36833666693461414,0.3835019547765582,HEAVY-TAIL-RISK,High
32,160.0,165.0,1.0,2.0,54.52000000000001,114.06123352050781,140.91802062988282,18.5261875,0.30917094644167276,0.2,1.0,0.10454878943506969,0.4999999999125,0.18999999999999997,0.8910431869618043,0.3612412361081673,0.03259588956971677,1594.9005646371224,0.2388191914871062,0.5437787863146035,0.5138775174607657,0.5088129560579162,0.3612412361081673,0.3901128958720499,HEAVY-TAIL-RISK,High
33,165.0,170.0,0.0,1.0,44.040000000000276,148.6598358154297,150.53018493652343,9.282638888888888,0.175,0.1,1.0,0.13169845594913632,0.0,0.15,0.5628443852728027,0.4262079664921992,0.015731647467320264,2277.563106235847,0.29006751067027053,0.30596230759366916,0.37627270641681265,0.2213533155818408,0.4262079664921992,0.29210386874889027,SPARSE-EXTREME,Moderate
34,170.0,175.0,0.0,1.0,1.7600000000000051,65.77079772949219,151.11875915527344,7.1936875,0.13820000000000005,0.1,0.08800000000000026,1.0,0.08749999991249999,0.42999999999999994,0.37103448275862083,0.35353616039598457,0.012171401416122005,1099.5804963880862,0.32926575667437946,0.3504062499862188,0.3296615594126331,0.2924353447969612,0.35353616039598457,0.35478555644640825,LOW-COMPLEXITY,Moderate
35,175.0,180.0,0.0,1.0,1.0,66.91082000732422,69.31468963623047,7.929805555555555,0.1325,0.1,0.05,0.1,0.08749999991249999,0.42999999999999994,0.06857142857142857,0.4105403111492387,0.012265553104575165,348.46244287038763,0.26118750253509576,0.21883482141479016,0.3153176940307739,0.20169642854080352,0.4105403111492387,0.2561055806767233,LOW-COMPLEXITY,Moderate
36,180.0,185.0,0.0,1.0,1.0,70.43516540527344,71.60374755859375,5.616802083333334,0.0325,0.1,0.05,1.0,0.0,0.15,0.04571428571428573,0.4858599747781912,0.009570555147058821,534.2018589614095,0.34336821751087726,0.08101071428571428,0.2912151924919917,0.06621428571428571,0.4858599747781912,0.19650157529023077,LOW-COMPLEXITY,Low
37,185.0,190.0,0.0,0.0,2.0,149.7847900390625,151.583642578125,2.9388993055555557,0.015,0.0,0.1,0.1,0.0,0.0,1.0,0.38646637413267737,0.005295567401960784,3112.730816212175,0.2233129838197918,0.435,0.43479834330173206,0.3,0.38646637413267737,0.3172193185323327,HEAVY-TAIL-RISK,Moderate
38,190.0,195.0,0.0,5.0,34.360000000000184,89.44474029541016,151.13026733398436,4.204552083333333,0.29500000000000004,0.5,1.0,0.14551804423748466,0.0174999999965,0.5,0.4848081285116174,0.3062428006861373,0.009199500408496732,1728.4658879072276,0.22550329060246116,0.4173977859020023,0.3411286469702556,0.3265674385522602,0.3062428006861373,0.35330719084602824,SPARSE-EXTREME,Moderate
39,195.0,200.0,0.0,0.0,1.0,151.22157287597656,152.49197692871093,0.4473506944444445,0.0075,0.0,0.05,0.2,0.0,0.0,1.0,0.3968660822682277,0.0014426414760348582,3163.572848080418,0.2355435579648915,0.435,0.438213609039358,0.3,0.3968660822682277,0.3219300215791641,HEAVY-TAIL-RISK,Moderate
40,200.0,205.0,0.0,0.0,1.7600000000000051,149.50662231445312,151.10804443359376,1.9760590277777776,0.013200000000000038,0.0,0.08800000000000026,1.0,0.0,0.0,1.0,0.42011895213435596,0.00450330010893246,3008.281179155278,0.270006432011582,0.435,0.44573487516026966,0.3,0.42011895213435596,0.33598068427829636,HEAVY-TAIL-RISK,Moderate
41,205.0,210.0,0.0,0.0,2.0,149.1735076904297,152.55935363769532,1.9188194444444449,0.015,0.0,0.1,1.0,0.0,0.0,1.0,0.41223432281731,0.004370767429193899,2921.8876677816,0.2618374112307645,0.435,0.4420037548443425,0.3,0.41223432281731,0.33256143910657454,HEAVY-TAIL-RISK,Moderate
42,210.0,215.0,0.0,0.0,2.0,150.2508087158203,152.1530303955078,0.9051006944444445,0.015,0.0,0.1,0.1,0.0,0.0,1.0,0.39919402444274077,0.0019883026960784314,3151.6354762366686,0.2407272182871219,0.435,0.43898051776076874,0.3,0.39919402444274077,0.32420828424914483,HEAVY-TAIL-RISK,Moderate
43,215.0,220.0,0.0,0.0,2.0,151.1421356201172,152.50729675292968,1.8637881944444448,0.015,0.0,0.1,0.1,0.0,0.0,1.0,0.4061661457211965,0.0034640407135076256,3186.2085541389893,0.2483838386073338,0.435,0.4414529499904736,0.3,0.4061661457211965,0.3271589153700335,HEAVY-TAIL-RISK,Moderate
44,220.0,225.0,0.0,0.0,2.0,150.3551025390625,152.2911804199219,3.2573333333333334,0.015,0.0,0.1,1.0,0.0,0.0,1.0,0.49932113695113434,0.006156170343137254,3108.71963429208,0.36297611778924355,0.435,0.4696758995393414,0.3,0.49932113695113434,0.37104433949560767,HEAVY-TAIL-RISK,Moderate
45,225.0,230.0,0.0,1.0,2.0,119.93441009521484,121.27767791748047,4.6404097222222225,0.04,0.1,0.1,0.15,0.0,0.15,0.26428235421518115,0.3925666929399234,0.006438513344226579,2980.3916408425484,0.23036849023970715,0.1760878240836038,0.30759840104527103,0.13178470626455435,0.3925666929399234,0.20184436538299477,LOW-COMPLEXITY,Moderate
46,230.0,235.0,0.0,0.0,2.760000000000005,120.40569305419922,150.29627380371093,4.339156250000001,0.020700000000000038,0.0,0.13800000000000026,1.0,0.0,0.0,0.5635628763737989,0.44277404318952207,0.007669555147058824,3019.23218647724,0.3508151412273031,0.24514985122260252,0.3537268834523477,0.16906886291213966,0.44277404318952207,0.2730529004806626,LOW-COMPLEXITY,Moderate
47,235.0,240.0,0.0,0.0,2.0,151.3834686279297,152.8339813232422,1.498982638888889,0.015,0.0,0.1,0.1,0.0,0.0,1.0,0.39348742581404045,0.002932387663398692,3153.248012776563,0.23225034699798375,0.435,0.4372363025392827,0.3,0.39348742581404045,0.3207860229342307,HEAVY-TAIL-RISK,Moderate
48,240.0,245.0,0.0,0.0,2.0,151.1261444091797,152.83509521484376,3.109840277777778,0.015,0.0,0.1,0.1,0.0,0.0,1.0,0.39711963574255166,0.00555689392701525,3118.838775686125,0.23790401115846435,0.435,0.43845948281244773,0.3,0.39711963574255166,0.32313291562795093,HEAVY-TAIL-RISK,Moderate
49,245.0,250.0,0.0,0.0,2.0,151.4122314453125,153.23595581054687,1.877815972222222,0.015,0.0,0.1,0.1,0.0,0.0,1.0,0.39489380534904817,0.003550361791938998,3159.5084417106045,0.2349994862941746,0.435,0.43754317111544827,0.3,0.39489380534904817,0.3219164017002321,HEAVY-TAIL-RISK,Moderate
50,250.0,255.0,0.0,0.6000000000000085,2.0,121.16620635986328,122.23753509521484,4.310225694444443,0.030000000000000214,0.06000000000000085,0.1,1.0,0.0,0.15,0.6557766896301883,0.4069856888320546,0.007420020016339869,3063.336584729828,0.24896999789484336,0.3463878599891319,0.3910206084383162,0.24923300688905647,0.4069856888320546,0.29546229313734695,HEAVY-TAIL-RISK,Moderate
51,255.0,260.0,0.0,1.0,2.760000000000005,119.69733428955078,153.61733703613282,4.561472222222223,0.04570000000000004,0.1,0.13800000000000026,1.0,0.0,0.15,0.6399729080553438,0.5026826921065841,0.007909717592592593,2985.7988778062568,0.42982620716569603,0.3395132150040745,0.4013391843437498,0.2444918724166031,0.5026826921065841,0.36320708128481594,HEAVY-TAIL-RISK,Moderate
52,260.0,265.0,0.0,0.0,2.0,150.739013671875,153.09546508789063,2.1060381944444453,0.015,0.0,0.1,0.1,0.0,0.0,1.0,0.38971376986488016,0.003849181236383443,3136.681220123154,0.22804457093632438,0.435,0.4354032151437367,0.3,0.38971376986488016,0.31898496830225,HEAVY-TAIL-RISK,Moderate
53,265.0,270.0,0.0,0.0,2.0,150.4200897216797,153.02953186035157,2.3771145833333334,0.015,0.0,0.1,0.1,0.0,0.0,1.0,0.39178565838353385,0.004278411220043573,3166.5697053384706,0.23192294784483233,0.435,0.43623423363763747,0.3,0.39178565838353385,0.32069704109970576,HEAVY-TAIL-RISK,Moderate
54,270.0,275.0,0.0,0.0,2.0,151.04507446289062,153.15577392578126,1.53259375,0.015,0.0,0.1,0.1,0.0,0.0,0.13210189962481597,0.39301309373940263,0.0030515683551198256,3194.800815636236,0.2324850690637396,0.05746432633679495,0.2626975140002846,0.03963056988744479,0.39301309373940263,0.12974867594084116,LOW-COMPLEXITY,Low
55,275.0,280.0,0.0,0.0,2.0,150.5616912841797,151.99466552734376,1.7414305555555556,0.015,0.0,0.1,0.1,0.0,0.0,0.1532263851275953,0.3900160812223566,0.0032608477668845323,3225.86842207194,0.2275114804291328,0.06665347753050395,0.266279618009705,0.045967915538278586,0.3900160812223566,0.13243354398151327,LOW-COMPLEXITY,Low
56,280.0,285.0,0.0,0.0,2.0,151.58218383789062,153.16194763183594,1.7766493055555552,0.015,0.0,0.1,0.1,0.0,0.0,1.0,0.38552796395668715,0.003225147058823529,3258.731658106709,0.22163230175040538,0.435,0.43451503122778345,0.3,0.38552796395668715,0.3165144208157551,HEAVY-TAIL-RISK,Moderate
57,285.0,290.0,0.0,0.0,2.0,137.6878204345703,151.3272674560547,1.7789930555555555,0.015,0.0,0.1,1.0,0.0,0.0,1.0,0.46773366100877933,0.004392291666666667,2814.998905930712,0.355021059668712,0.435,0.4570101231069754,0.3,0.46773366100877933,0.3705306576696025,HEAVY-TAIL-RISK,Moderate
58,290.0,295.0,0.0,0.0,2.0,137.36566162109375,153.51819458007813,1.7230034722222227,0.015,0.0,0.1,1.0,0.0,0.0,1.0,0.46929657772005645,0.004256711873638345,2866.141239222768,0.3606018854814026,0.435,0.45635442212565436,0.3,0.46929657772005645,0.3727008460546662,HEAVY-TAIL-RISK,Moderate
59,295.0,300.0,0.0,0.0,37.72000000000024,68.24113464355469,152.6201934814453,4.056125,0.15,0.0,1.0,0.15906680805938395,0.0,0.0,0.3448142125543245,0.35454813618984987,0.008206534449891069,1242.9211599412038,0.3336161546626972,0.14999418246113114,0.2538867890116446,0.10344426376629734,0.35454813618984987,0.2187535513211104,SPARSE-EXTREME,Low
60,300.0,305.0,0.0,0.0,1.0,67.83724212646484,69.59299774169922,2.270909722222222,0.0075,0.0,0.05,0.1,0.0,0.0,1.0,0.40540992971712103,0.003789692538126362,408.2964184705773,0.2524964828090024,0.435,0.43458643755400306,0.3,0.40540992971712103,0.32700101211912197,HEAVY-TAIL-RISK,Moderate
61,305.0,310.0,1.0,2.0,2.0,64.7774887084961,67.80727996826172,9.607274305555558,0.365,0.2,0.1,0.1,0.456249999934375,0.23666666666666666,0.10116153846153847,0.40230339356490874,0.014341547113289763,263.98087427533034,0.25711384757021305,0.21230631088709997,0.36214073674251485,0.2728692948488261,0.40230339356490874,0.229071230689657,BURST-DOMINATED,Moderate
62,310.0,315.0,0.0,1.0,2.0,64.48209381103516,65.91258697509765,9.051520833333331,0.14,0.1,0.1,0.15,0.08749999991249999,0.42999999999999994,0.12399999997200001,0.40982877855523075,0.01422873570261438,283.3766683993189,0.2575878103937135,0.24294624997403874,0.3232574799820397,0.21832499996097496,0.40982877855523075,0.2655768285475629,LOW-COMPLEXITY,Moderate
63,315.0,320.0,0.0,1.0,3.0,147.63677978515625,151.94747009277344,8.772961805555557,0.14750000000000002,0.1,0.15,1.0,0.08749999991249999,0.42999999999999994,0.5810210003266192,0.4185931270373708,0.013849090822440088,1990.0986874995906,0.28532071866962033,0.44175038512829806,0.4273914604936717,0.3554313000673607,0.4185931270373708,0.3822522387972454,LOW-COMPLEXITY,Moderate
64,320.0,325.0,0.0,1.0,2.760000000000005,149.9348602294922,152.2611083984375,5.509999999999999,0.14570000000000005,0.1,0.13800000000000026,0.10869565217391283,0.08749999991249999,0.42999999999999994,0.29687200571704925,0.4070462510842953,0.00925144934640523,3140.820554562405,0.25075318028906035,0.31814557247313513,0.3702370074394695,0.2701866016844897,0.4070462510842953,0.305228780834828,LOW-COMPLEXITY,Moderate
65,325.0,330.0,0.0,0.0,2.760000000000005,70.18378448486328,149.93270568847657,7.153114583333334,0.020700000000000038,0.0,0.13800000000000026,1.0,0.0,0.0,0.50749373539355,0.3597986299807243,0.012375792483660131,1097.1064988193677,0.3290998750490619,0.22075977489619425,0.29161185774676956,0.152248120618065,0.3597986299807243,0.2527884905497517,LOW-COMPLEXITY,Low
66,330.0,335.0,0.0,0.0,51.92000000000034,73.25689697265625,114.44026031494141,5.43107986111111,0.15,0.0,1.0,0.1328967642526956,0.0,0.0,0.3144490084735598,0.37315669095691234,0.010600832652505447,1013.1554696787027,0.30081914655761227,0.1367853186859985,0.2690815668596599,0.09433470254206792,0.37315669095691234,0.19846630021149295,SPARSE-EXTREME,Low
67,335.0,340.0,0.0,0.0,39.000000000000256,113.7198486328125,147.03712158203126,4.401739583333333,0.15,0.0,1.0,0.17179487179487068,0.0,0.0,1.0,0.33038210363348464,0.009087219226579518,1588.708068088762,0.21816625502570663,0.435,0.39782371428531327,0.3,0.33038210363348464,0.3157259016043418,HEAVY-TAIL-RISK,Moderate
68,340.0,345.0,0.0,0.0,2.0,149.00140380859375,151.74423522949218,3.20815625,0.015,0.0,0.1,1.0,0.0,0.0,1.0,0.3878056096357888,0.006551664624183006,3085.6231870164065,0.2268395596918852,0.435,0.43486116515041573,0.3,0.3878056096357888,0.3186697852396409,HEAVY-TAIL-RISK,Moderate
69,345.0,350.0,0.0,0.0,2.760000000000005,112.71576690673828,115.66044921875,4.3370347222222225,0.020700000000000038,0.0,0.13800000000000026,1.0,0.0,0.0,1.0,0.41955104549368744,0.007918053649237472,1242.1663721203865,0.28254598740527376,0.435,0.4425033373227,0.3,0.41955104549368744,0.34126140039216,HEAVY-TAIL-RISK,Moderate
70,350.0,355.0,1.0,5.0,7.0,55.34524917602539,63.6987663269043,21.35471875,0.30892857142857144,0.5,0.35,0.1,0.2524999999755,0.445,0.14323579516466628,0.3605661495955358,0.036946452614379066,201.96183295686006,0.2227559643360409,0.28341382089277106,0.3330537727251531,0.2870957385408249,0.3605661495955358,0.27054063449764004,SPARSE-EXTREME,Moderate
71,355.0,360.0,1.0,4.0,7.760000000000005,118.1078872680664,120.70973205566406,16.900211805555553,0.22263298969072165,0.4,0.38800000000000023,0.56701030927835,0.249999999978125,0.42,0.4049967184632098,0.5144195692439089,0.027295674972766887,1600.4008280187343,0.38541271040255454,0.3866985725280509,0.4562617496645851,0.35599901553130664,0.5144195692439089,0.38954258304238626,SPARSE-EXTREME,Moderate
72,360.0,365.0,1.0,1.0,3.0,126.14703369140625,128.10213623046874,13.93095138888889,0.21416666666666664,0.1,0.15,0.13333333333333333,0.99999999965,0.235,0.38064505666680615,0.4048070991312001,0.02098320411220043,2067.462537567916,0.24950068528343208,0.41884309959493565,0.5431009829928146,0.5464435168775418,0.4048070991312001,0.32948067040642204,LOW-COMPLEXITY,High
73,365.0,370.0,1.0,1.0,3.0,124.49361419677734,126.57664642333985,12.969204861111107,0.21416666666666664,0.1,0.15,0.1,0.99999999965,0.235,0.3543706215825302,0.4006643546451193,0.018922555555555554,2075.929723788013,0.2407184882631734,0.40741372033327566,0.5356721297644864,0.538561186352259,0.4006643546451193,0.3195839941252566,LOW-COMPLEXITY,High
74,370.0,375.0,1.0,1.0,59.52000000000001,124.7286376953125,129.45943908691407,14.19948611111111,0.28340053763440864,0.1,1.0,0.10248655913978492,0.9124999997375001,0.2583333333333333,0.4946586419789962,0.3897356643349551,0.023373736791938996,1916.1143676848721,0.23573100052457932,0.4641660925528529,0.5450580200117707,0.5581892591684905,0.3897356643349551,0.3499840208128534,SPARSE-EXTREME,High
75,375.0,380.0,0.0,1.0,3.0,120.69526672363281,123.61303100585937,11.768312499999999,0.14750000000000002,0.1,0.15,1.0,0.08749999991249999,0.42999999999999994,0.6204865195579945,0.409374985298475,0.017095764569716773,1733.4648189378706,0.25522672553808523,0.45891788599394634,0.43520789262484216,0.36727095583677327,0.409374985298475,0.3781653567968178,HEAVY-TAIL-RISK,Moderate
76,380.0,385.0,0.0,1.0,3.0,121.38217163085938,124.1057113647461,9.345333333333334,0.0475,0.1,0.15,1.0,0.0,0.15,0.6611625109378056,0.4083470925143312,0.01362136614923747,1846.9818210713447,0.25692200958907757,0.34873069225794545,0.3918628828799128,0.2508487532813417,0.4083470925143312,0.3002006173145963,HEAVY-TAIL-RISK,Moderate
77,385.0,390.0,1.0,1.0,3.0,114.35179138183594,123.3941879272461,12.307302083333333,0.21416666666666664,0.1,0.15,1.0,0.99999999965,0.235,0.7154412789031341,0.39443605471350407,0.018588804193899782,1545.4798027216373,0.25141708788355155,0.5644794562677382,0.602767504720762,0.6468823835484402,0.39443605471350407,0.4041343487511365,HEAVY-TAIL-RISK,High
78,390.0,395.0,1.0,1.0,42.520000000000266,118.97254180908203,122.01630554199218,14.603020833333334,0.18675917215428026,0.1,1.0,0.14346190028221922,0.99999999965,0.235,0.5578346481786859,0.383788929195695,0.023620937772331152,1727.4929000045418,0.22322457019856853,0.4959205719026033,0.571072035206738,0.5996003943311057,0.383788929195695,0.3579654623495216,SPARSE-EXTREME,High
79,395.0,400.0,1.0,1.0,4.0,120.23085021972656,123.70086669921875,16.305600694444447,0.18,0.1,0.2,0.1,0.99999999965,0.015,0.41146836194763403,0.39507242973166046,0.025150365059912857,1910.132476885593,0.23795065006191152,0.3426012373920958,0.5182056782267498,0.4786905084617902,0.39507242973166046,0.26704945926954815,SPARSE-EXTREME,High
80,400.0,405.0,1.0,1.0,28.320000000000164,123.99711608886719,125.45027923583984,12.040340277777778,0.2926553672316383,0.1,1.0,0.1518361581920895,0.9124999997375001,0.2583333333333333,0.4820383068874472,0.49720132573179965,0.018259975490196083,2518.5812185118443,0.3594435131490252,0.4586762467880291,0.5772271065403372,0.5544031586410259,0.49720132573179965,0.3943399917971311,SPARSE-EXTREME,High
81,405.0,410.0,1.0,1.0,3.0,85.91886138916016,106.16488342285156,18.38459722222222,0.21416666666666664,0.1,0.15,1.0,0.99999999965,0.015,0.4,0.36039328032919304,0.028943655501089325,565.3268646188162,0.2376478737371781,0.33761249994487497,0.49308597002731447,0.47524999987749994,0.36039328032919304,0.26505570629585085,LOW-COMPLEXITY,Moderate
82,410.0,415.0,1.0,2.0,58.52000000000001,83.44271087646484,122.85418090820312,17.038736111111113,0.2585440874914559,0.2,1.0,0.10082023239917974,0.456249999934375,0.23666666666666666,0.6010480271225106,0.3671421986869586,0.02857071895424837,949.0247649616477,0.2818377525794198,0.42975693345462285,0.4467627666388809,0.4228352414471177,0.3671421986869586,0.35482416567662184,HEAVY-TAIL-RISK,Moderate
83,415.0,420.0,1.0,1.0,3.0,129.3424835205078,132.65152587890626,15.411336805555553,0.21416666666666664,0.1,0.15,1.0,0.99999999965,0.235,0.5711994081541771,0.4029555249043494,0.022241982979302834,2196.628332819871,0.25066248582951894,0.5017342424919421,0.5800208438844386,0.6036098223237532,0.4029555249043494,0.3720295682713522,LOW-COMPLEXITY,High
84,420.0,425.0,1.0,1.0,4.0,123.89556884765625,126.41547241210938,18.92867013888889,0.18,0.1,0.2,1.0,0.99999999965,0.015,0.6253950266409034,0.4241701923097749,0.030055987881263613,1599.1688670553856,0.28211793752501146,0.43565933653366795,0.5704598361387866,0.5428685078697709,0.4241701923097749,0.3322366173297728,HEAVY-TAIL-RISK,High
85,425.0,430.0,1.0,1.0,3.0,90.07817077636719,92.67366790771484,12.265850694444444,0.31416666666666665,0.1,0.15,1.0,0.9124999997375001,0.2583333333333333,0.4027,0.3880091205065813,0.01953576933551198,683.6991275871358,0.23042184110917863,0.4241640832919896,0.5264936266663695,0.5306016665747917,0.3880091205065813,0.3274697430945066,LOW-COMPLEXITY,High
86,430.0,435.0,1.0,1.0,44.320000000000036,91.34943389892578,119.52204132080078,14.586211805555557,0.2862815884476534,0.1,1.0,0.11958483754512625,0.9124999997375001,0.2583333333333333,0.6217221494212579,0.3400050328770272,0.02505880119825708,875.4160188679593,0.23073600441468795,0.5194387182902367,0.5375759514513028,0.596308311401169,0.3400050328770272,0.37635998274256516,HEAVY-TAIL-RISK,High
87,435.0,440.0,1.0,3.6000000000000085,44.000000000000256,97.913330078125,120.47604827880859,19.086427083333334,0.27914141414141425,0.3600000000000009,1.0,0.17272727272727173,0.3020833332995749,0.3496000000000006,0.5108959658198549,0.373018348439655,0.03215197480936818,1258.7664522398104,0.2536671670501336,0.41227987012632017,0.4232261525448865,0.38135795640080783,0.373018348439655,0.3457425446788417,SPARSE-EXTREME,Moderate
88,440.0,445.0,1.0,3.0,51.08000000000004,91.343994140625,117.0440185546875,23.573409722222223,0.2681219002871313,0.3,1.0,0.14682850430696934,0.36249999995138893,0.307,0.5359133759180714,0.3443414715187886,0.03776072739651416,808.4735882371489,0.23338671562155106,0.4153185685167048,0.4211352715300224,0.39509901275840753,0.3443414715187886,0.3351423413542969,SPARSE-EXTREME,Moderate
89,445.0,450.0,1.0,2.0,4.0,93.40937805175781,99.031640625,13.75662152777778,0.205,0.2,0.2,1.0,0.4999999999125,0.18999999999999997,0.40190476190476193,0.3844104722746646,0.022438212009803928,771.5026397581374,0.23375733440347918,0.3310035714147902,0.43319045860948213,0.36207142854080354,0.3844104722746646,0.28017842393210646,SPARSE-EXTREME,Moderate
90,450.0,455.0,1.0,2.0,38.960000000000235,88.83314514160156,107.17788238525391,16.601802083333336,0.2628336755646816,0.2,1.0,0.1745379876796704,0.456249999934375,0.23666666666666666,0.20972611290664148,0.37611438130152713,0.028182579929193895,868.2907835848827,0.2537009982583921,0.2595319007707198,0.3811871185831205,0.305438667182357,0.37611438130152713,0.2568629789105693,SPARSE-EXTREME,Moderate
91,455.0,460.0,2.0,3.0,4.0,102.32524871826172,120.33749237060547,20.817468749999996,0.3358333333333333,0.15,0.1,0.95,0.6374999999319444,0.1225,0.3841634146341463,0.3861406479848734,0.033441438453159035,1517.4318853555046,0.26080498262993324,0.3174360853551349,0.4437230823688383,0.3812490243664244,0.3861406479848734,0.2774199203429636,LOW-COMPLEXITY,Moderate
92,460.0,465.0,2.0,2.0,30.840000000000174,105.85357666015625,114.55418090820314,24.347041666666666,0.22307542153048038,0.1,0.7710000000000043,0.18482490272373436,0.956249999846875,0.20500000000000002,0.488025976467755,0.405063149780616,0.041806384531590426,1323.395442997939,0.2631218645809579,0.4464381747393562,0.5479490049142586,0.5528452928867327,0.405063149780616,0.3465311930354787,SPARSE-EXTREME,High
93,465.0,470.0,1.0,2.0,3.0,86.00601196289062,99.30496826171876,16.08592708333333,0.23916666666666667,0.2,0.15,1.0,0.4999999999125,0.24999999999999997,0.3929411764705883,0.4300707992822553,0.028173372821350764,658.7254134587635,0.31591126769726396,0.3515544117509246,0.44933216017035504,0.38038235291055145,0.4300707992822553,0.32914536655828064,BURST-DOMINATED,Moderate
94,470.0,475.0,1.0,1.0,55.56000000000003,115.72075653076172,119.60708160400391,17.684454861111117,0.1839992800575954,0.1,1.0,0.10439164866810649,0.99999999965,0.015,0.5732097626486259,0.4138122093430376,0.031978891339869274,1227.8868778216965,0.2704541411042532,0.41295874669702726,0.5564098225872287,0.5272129286720877,0.4138122093430376,0.3162489205191911,SPARSE-EXTREME,High
95,475.0,480.0,1.0,1.0,4.0,121.53398895263672,124.32584075927734,20.090371527777776,0.18,0.1,0.2,1.0,0.99999999965,0.015,0.6684711779163727,0.4753984657384184,0.0343262337962963,1845.2877208589543,0.3359056687109954,0.45439746233849704,0.5955519503299382,0.5557913532524117,0.4753984657384184,0.3615670772238274,HEAVY-TAIL-RISK,High
96,480.0,485.0,1.0,3.0,49.60000000000031,88.98881530761719,98.56812286376953,15.779850694444448,0.23508064516129024,0.3,1.0,0.14919354838709584,0.3333333332944444,0.34500000000000003,0.17037981684215467,0.4395305499716673,0.026222631399782138,517.2796362332593,0.30668963924460946,0.26720272032021225,0.3855172148230933,0.28853061170570193,0.4395305499716673,0.2902001798437937,SPARSE-EXTREME,Moderate
97,485.0,490.0,2.0,4.0,4.0,69.70523834228516,123.11903228759766,20.374743055555555,0.39,0.2,0.1,1.0,0.47812499996171876,0.21,0.09239436619718311,0.3777280934046182,0.030772435185185187,1115.504196988989,0.3270108943981224,0.20107123678974537,0.3420849604085854,0.2685620598457565,0.3777280934046182,0.255162314920489,BURST-DOMINATED,Moderate
98,490.0,495.0,1.0,2.0,39.72000000000024,79.3017349243164,122.02688140869141,14.981142361111111,0.262588116817724,0.2,1.0,0.1460221550855983,0.456249999934375,0.23666666666666666,0.20138783847442088,0.32339553542854643,0.02291820806100218,1072.3520949859605,0.23967261593562456,0.2559047513927038,0.3466596619990533,0.30293718485269083,0.32339553542854643,0.24969314824817412,SPARSE-EXTREME,Moderate
99,495.0,500.0,3.0,4.0,4.0,80.41254425048828,90.21673736572266,28.308263888888888,0.41833333333333333,0.13333333333333333,0.06666666666666667,0.125,0.749999999934375,0.19333333333333333,0.08727272727272728,0.4263852160799653,0.04192374782135076,546.3001284421903,0.30309073140852955,0.2348719696866338,0.43096312472955767,0.3563484848255161,0.4263852160799653,0.25721039776386107,LOW-COMPLEXITY,Moderate
100,500.0,505.0,2.0,4.0,5.0,88.9278793334961,120.73968658447265,21.426805555555557,0.31875,0.2,0.125,1.0,0.49999999995625,0.225,0.5335372328428387,0.3861778294547453,0.03197075408496732,1153.2439811453216,0.29174727541411477,0.4025261962797442,0.4512448406089893,0.4138111698375391,0.3861778294547453,0.34354545948294307,BURST-DOMINATED,Moderate
101,505.0,510.0,1.0,2.0,51.280000000000015,117.71834564208984,122.91641387939453,18.52588194444445,0.25975039001560063,0.2,1.0,0.10335413416536658,0.456249999934375,0.23666666666666666,0.2168699245452614,0.4054746106398459,0.03447958564814816,1438.2806600268868,0.2626771329715794,0.2626394588335194,0.4011207301781273,0.30758181067394297,0.4054746106398459,0.26205932473662863,SPARSE-EXTREME,Moderate
102,510.0,515.0,1.0,3.0,46.040000000000276,93.55558776855469,119.65243072509766,23.189017361111112,0.26919345496669556,0.3,1.0,0.13683753258036407,0.36249999995138893,0.307,0.22474221943411782,0.3712917058450002,0.03918133142701525,1252.0038964814864,0.260032351227213,0.279959115446185,0.37052303913368934,0.30174766581322143,0.3712917058450002,0.2773376457642654,SPARSE-EXTREME,Moderate
103,515.0,520.0,2.0,2.0,4.0,98.54430389404297,102.56498413085937,21.89433333333333,0.29000000000000004,0.1,0.1,0.1,0.999999999825,0.015,0.16522241410034502,0.4059744019897107,0.034462989787581694,1333.5283859178978,0.2536213979969796,0.23548425010608756,0.4713919039568365,0.40481672416885345,0.4059744019897107,0.21883762700100665,LOW-COMPLEXITY,Moderate
104,520.0,525.0,1.0,2.0,29.840000000000174,116.62772369384766,121.12640991210938,16.047555555555554,0.26675603217158167,0.2,1.0,0.24798927613940874,0.543749999890625,0.236,0.19897129946317574,0.48876643421907184,0.02537267279411765,1599.9252687913481,0.3550693408837373,0.2683631402492549,0.44072106985559323,0.33260388980067146,0.48876643421907184,0.29844113125603466,SPARSE-EXTREME,Moderate
105,525.0,530.0,1.0,2.0,62.800000000000026,97.2501220703125,106.63673858642578,21.97117708333333,0.30796178343949043,0.2,1.0,0.13057324840764326,0.4999999999125,0.18999999999999997,0.5685256116397237,0.3925325542358517,0.04005403513071895,892.1857531955555,0.24957811699868102,0.4034836410494985,0.46722619754856265,0.4120576834612921,0.3925325542358517,0.322963930828333,SPARSE-EXTREME,Moderate
106,530.0,535.0,1.0,1.0,3.0,96.61093139648438,120.34235076904297,11.107128472222222,0.31416666666666665,0.1,0.15,1.0,0.9124999997375001,0.2583333333333333,0.7315237766006946,0.47681389759976767,0.01660475027233116,1267.1567952599924,0.38840700293906133,0.5672024261132917,0.6065270684847727,0.629248799555,0.47681389759976767,0.46159640086269677,HEAVY-TAIL-RISK,High
107,535.0,540.0,1.0,2.0,30.60000000000018,114.07540893554688,120.18126068115234,17.01832638888889,0.26633986928104564,0.2,1.0,0.23202614379084832,0.456249999934375,0.23666666666666666,0.5372343743296444,0.40773362206425473,0.029181727805010885,1924.1012770191444,0.26040426739031014,0.40199799448972606,0.4657540191025662,0.4036911456092579,0.40773362206425473,0.33103445768110284,SPARSE-EXTREME,Moderate
108,540.0,545.0,1.0,3.0,5.280000000000015,99.3910903930664,103.3214096069336,17.951204861111105,0.2092969696969695,0.3,0.2640000000000008,1.0,0.3333333332944444,0.33499999999999996,0.4071592775041052,0.40221856825353186,0.028216629901960787,1492.5287434288903,0.2483275661874991,0.3661267857081607,0.42612608335633817,0.3560644499042871,0.40221856825353186,0.3175771618307007,SPARSE-EXTREME,Moderate
109,545.0,550.0,1.0,1.0,38.20000000000023,90.43067169189453,115.71226348876954,16.385614583333332,0.188089005235602,0.1,1.0,0.162303664921465,0.99999999965,0.235,0.17383234584108062,0.394940966579526,0.027541058278867096,1171.426711091036,0.2936384066388821,0.32887957038574506,0.48314839069570104,0.48439970362982415,0.394940966579526,0.302010750294217,SPARSE-EXTREME,Moderate
110,550.0,555.0,1.0,4.0,51.0,116.25269317626953,126.9381591796875,23.715736111111113,0.3098039215686274,0.4,1.0,0.10196078431372549,0.29374999996718754,0.35,0.8463843405773037,0.387506739480622,0.04103192442810458,1328.1484102896047,0.2504050042041711,0.5570678131459591,0.5002606548639915,0.4792278021617067,0.387506739480622,0.4178746975209227,HEAVY-TAIL-RISK,High
111,555.0,560.0,2.0,3.0,4.760000000000005,110.51689910888672,124.86898193359374,25.11130902777778,0.2987673669467785,0.15,0.11900000000000013,1.0,0.6958333332458333,0.10472222222222222,0.4152493716337523,0.36923705355047975,0.04046124782135075,1410.4629488492517,0.23237953202120432,0.3329015322024565,0.45519375727466305,0.4047692559039451,0.36923705355047975,0.27166627896973267,LOW-COMPLEXITY,Moderate
112,560.0,565.0,1.0,2.0,37.960000000000235,91.5569839477539,95.91809692382813,16.625430555555553,0.2631717597471021,0.2,1.0,0.15279241306638472,0.456249999934375,0.23666666666666666,0.5307329787580216,0.4476272848350023,0.027694299291939003,966.1340934104718,0.30380902437064544,0.3991698874160702,0.4758672458678628,0.4017407269377711,0.4476272848350023,0.345327840510694,SPARSE-EXTREME,Moderate
113,565.0,570.0,0.0,1.0,37.20000000000023,99.35115814208984,102.73015899658203,13.623097222222222,0.275,0.1,1.0,0.13709677419354754,0.08749999991249999,0.42999999999999994,0.5888927187090489,0.478582618791462,0.02338291026688453,1128.9750755388557,0.342298643627492,0.445174582624655,0.4495571086445933,0.35779281558208964,0.478582618791462,0.4046825629478454,SPARSE-EXTREME,Moderate
114,570.0,575.0,1.0,1.0,47.280000000000015,92.59567260742188,121.22259674072265,14.6805625,0.285575296108291,0.1,1.0,0.10575296108291028,0.9124999997375001,0.2583333333333333,0.7834954368670929,0.3726911498787359,0.028282999319172112,790.3677851200493,0.2653066868983504,0.589810098329175,0.5807945904530151,0.6448402976349195,0.3726911498787359,0.4248663115014437,HEAVY-TAIL-RISK,High
115,575.0,580.0,0.0,2.0,46.04000000000002,84.28187561035156,124.73040466308593,17.65570486111111,0.25,0.2,1.0,0.10425716768027797,0.043749999978124995,0.5,0.8191320326772797,0.3101387796103382,0.03035533660130719,1012.4919198829415,0.20619783152624477,0.5669630592111713,0.4216173474203192,0.43605210979552766,0.3101387796103382,0.4210000973592415,HEAVY-TAIL-RISK,Moderate
116,580.0,585.0,1.0,2.0,50.800000000000026,104.66188049316406,126.99860076904297,22.44198611111111,0.25984251968503935,0.2,1.0,0.11220472440944876,0.456249999934375,0.23666666666666666,0.7045172082903538,0.34121493317878987,0.038088314133986924,1177.3634809792056,0.21091727267048166,0.4747660272626346,0.4683981264719631,0.45387599579747073,0.34121493317878987,0.34893849521595016,HEAVY-TAIL-RISK,Moderate
117,585.0,590.0,0.0,2.0,42.52000000000001,45.45370864868164,111.0582778930664,11.714753472222222,0.25,0.2,1.0,0.13170272812793976,0.043749999978124995,0.5,0.21945376458027552,0.350691498801961,0.01939161873638344,607.7218768401553,0.3335940343692756,0.30610301258897454,0.2964078378629099,0.25614862936642635,0.350691498801961,0.34078495042320733,SPARSE-EXTREME,Low
118,590.0,595.0,1.0,2.0,48.280000000000015,112.59761810302734,118.8193344116211,21.34514930555555,0.2103562551781276,0.2,1.0,0.10149130074565034,0.4999999999125,0.18999999999999997,0.6024296508532199,0.4164355479740421,0.03742777178649237,1124.1599540068112,0.27917068364482944,0.4182318981073694,0.48439741950975124,0.4222288952253409,0.4164355479740421,0.3428799992853001,HEAVY-TAIL-RISK,Moderate
119,595.0,600.0,1.0,1.0,27.320000000000164,43.279632568359375,114.58019409179688,12.642822916666669,0.29330161054172754,0.1,1.0,0.16105417276720255,0.9124999997375001,0.2583333333333333,0.5567801458748165,0.3446495411972599,0.020543602532679738,512.121870827429,0.33293281916206724,0.49118894674753477,0.5018431689415583,0.5768257103372366,0.3446495411972599,0.40404948862581985,SPARSE-EXTREME,High
120,600.0,605.0,1.0,2.0,48.760000000000005,92.06458282470703,119.51612396240235,18.828534722222223,0.2602543068088597,0.2,1.0,0.10869565217391304,0.456249999934375,0.23666666666666666,0.8182054300755118,0.32939981121037454,0.029354928376906318,1031.514711554789,0.21349064414979757,0.5242204037391783,0.4821376379342256,0.4879824623330181,0.32939981121037454,0.37504102372727754,HEAVY-TAIL-RISK,Moderate
121,605.0,610.0,1.0,1.0,26.800000000000153,68.39664459228516,122.93432769775391,16.0291875,0.29365671641791036,0.1,1.0,0.13432835820895445,0.9124999997375001,0.2583333333333333,0.5699634467088202,0.3042273460595524,0.02488379234749456,999.8359269881815,0.2329518039208935,0.4969236826103263,0.5027314642475265,0.5807807005874377,0.3042273460595524,0.3664529282718493,SPARSE-EXTREME,High
122,610.0,615.0,1.0,2.0,43.40000000000008,75.82630920410156,110.94756469726563,17.987138888888893,0.2615207373271889,0.2,1.0,0.12672811059907813,0.456249999934375,0.23666666666666666,0.8036937666071848,0.3040634627577392,0.029218795070806096,673.2638376966914,0.20625852534820643,0.5179078301304562,0.46347240322352257,0.48362896329252003,0.3040634627577392,0.3690494697706457,HEAVY-TAIL-RISK,Moderate
123,615.0,620.0,1.0,3.0,39.320000000000036,89.25260925292969,121.76622467041015,14.857399305555557,0.271049508307901,0.3,1.0,0.16785350966429283,0.3041666666375,0.415,0.23490539312832073,0.32466767156790094,0.024921011301742922,955.7760402926257,0.21873773756936557,0.31920259600622575,0.35217050370223546,0.3221799512616212,0.32466767156790094,0.29044743615773805,SPARSE-EXTREME,Moderate
124,620.0,625.0,1.0,1.0,37.760000000000005,95.73694610595703,126.48733367919922,17.994579861111113,0.1882415254237288,0.1,1.0,0.1403601694915254,0.99999999965,0.235,0.5776652302633694,0.3330449533268735,0.03126437459150327,1151.929944524166,0.22352063175558232,0.5045468751094406,0.5409926977864966,0.6055495689565108,0.3330449533268735,0.363246306310852,SPARSE-EXTREME,High
125,625.0,630.0,0.0,2.0,32.6400000000002,92.7541732788086,125.11272888183593,17.85019444444444,0.25,0.2,1.0,0.1348039215686266,0.043749999978124995,0.5,0.16463882029267554,0.3913608576527571,0.02910004330065359,1176.1982282241108,0.29888737490345285,0.2822585118238685,0.32221607585631296,0.2397041460801464,0.3913608576527571,0.31407492263214803,SPARSE-EXTREME,Moderate
126,630.0,635.0,2.0,2.0,55.16000000000034,107.95680236816406,125.08739318847657,24.943739583333333,0.24312907904278452,0.1,1.0,0.15228426395938993,0.956249999846875,0.20500000000000002,0.5004636639718665,0.40437861944194026,0.04330577165032679,983.8885155794615,0.28342199075634217,0.4518485688036447,0.5454463288122449,0.5565765991379661,0.40437861944194026,0.3578421051977517,SPARSE-EXTREME,High
127,635.0,640.0,1.0,5.6000000000000085,53.320000000000036,106.77278137207031,120.15170593261719,24.925909722222222,0.31723448719322705,0.5600000000000008,1.0,0.14253563390847704,0.19419642855747737,0.5860285714285722,0.5864641385157104,0.37685636788017157,0.04623742919389978,1121.1439098248197,0.24107186208226586,0.5245044806092799,0.45237172273107573,0.44901799154983046,0.37685636788017157,0.4191287056614661,SPARSE-EXTREME,Moderate
128,640.0,645.0,1.0,2.0,39.320000000000036,100.84031677246094,126.554541015625,17.060635416666667,0.2627161749745676,0.2,1.0,0.11698880976602229,0.456249999934375,0.23666666666666666,0.1927820388772668,0.3570892945213099,0.026774674155773417,1242.1857648189668,0.2415832954676456,0.25216122856794176,0.36811516197835825,0.3003554449735446,0.3570892945213099,0.2484436032941774,SPARSE-EXTREME,Moderate
129,645.0,650.0,1.0,1.0,53.08000000000004,89.70978546142578,124.83304901123047,18.789295138888885,0.2844197437829691,0.1,1.0,0.10550113036925388,0.9124999997375001,0.2583333333333333,0.46772870572155,0.32582320822090105,0.030932072712418292,1135.3803655128609,0.21552392601579057,0.4524515702808638,0.5013476030038829,0.5501102782912567,0.32582320822090105,0.33652046119559487,SPARSE-EXTREME,High
130,650.0,655.0,1.0,1.0,32.6400000000002,122.86032104492188,127.05441436767579,13.960812500000001,0.2903186274509803,0.1,1.0,0.15012254901960692,0.9124999997375001,0.2583333333333333,0.5685996080895903,0.45025916291626766,0.02156885321350763,1809.8740330196106,0.31563605133014877,0.49633041281096135,0.5789037490159292,0.5803715490016688,0.45025916291626766,0.39774282163835445,SPARSE-EXTREME,High
131,655.0,660.0,0.0,2.0,68.76,79.28282165527344,122.81134643554688,16.419288194444444,0.25,0.2,1.0,0.10616637579988364,0.043749999978124995,0.5,0.6510430284777267,0.3633975843240406,0.030042447984749452,821.7889100569173,0.2904374577989339,0.4938443423843658,0.4016911997142102,0.38562540853566174,0.3633975843240406,0.41761770699008927,HEAVY-TAIL-RISK,Moderate
132,660.0,665.0,1.0,1.0,3.0,115.57823181152344,119.04725799560546,11.755875000000001,0.31416666666666665,0.1,0.15,0.1,0.9124999997375001,0.2583333333333333,0.32247093235730007,0.45620189274074213,0.016632306236383444,1633.1169003941664,0.3168380037947643,0.38926443886741513,0.53193231583923,0.5065329462819816,0.45620189274074213,0.3434988124428554,LOW-COMPLEXITY,High
133,665.0,670.0,0.0,1.0,2.0,75.42919158935547,123.16310272216798,11.73102777777778,0.14,0.1,0.1,1.0,0.08749999991249999,0.42999999999999994,0.6461814414381338,0.4593957873701846,0.017679922794117644,834.7297365944972,0.4199904644262703,0.4700951770118069,0.4273555872264264,0.3749794324008151,0.4593957873701846,0.44914795711555827,HEAVY-TAIL-RISK,Moderate
134,670.0,675.0,1.0,2.0,3.760000000000005,88.4075698852539,101.35653381347656,18.887125000000008,0.2611787234042552,0.2,0.18800000000000025,1.0,0.543749999890625,0.236,0.6154998744400524,0.4465444329461925,0.03162242851307189,925.8327419408603,0.3222759724978694,0.44955307036419623,0.5029620577961352,0.45756246229373443,0.4465444329461925,0.3768635794070418,HEAVY-TAIL-RISK,High
135,675.0,680.0,1.0,4.0,39.280000000000015,121.72895050048828,128.48732299804686,20.78706944444444,0.2877291242362526,0.4,1.0,0.19857433808553965,0.27187499997265624,0.419,0.599896966300787,0.4157747602378787,0.03710212962962963,1445.73176303613,0.27864089627134603,0.47451799283653573,0.46670421336041434,0.42177533988066573,0.4157747602378787,0.3934577776974664,SPARSE-EXTREME,Moderate
136,680.0,685.0,1.0,6.6000000000000085,54.64000000000007,69.47477722167969,136.67131958007812,22.797024305555556,0.3847568658769246,0.6600000000000008,1.0,0.10797950219619312,0.17803030301825046,0.6235454545454553,0.5868184275888519,0.365763185651693,0.038627929738562085,900.9470600525005,0.32991444620807403,0.537400561453798,0.42370771295058995,0.4565970434239526,0.365763185651693,0.46572325399851183,SPARSE-EXTREME,Moderate
137,685.0,690.0,0.0,3.0,42.60000000000005,151.93768310546875,152.9739959716797,14.150451388888891,0.29166666666666663,0.3,1.0,0.1478873239436618,0.05833333331388888,0.5,0.16580482254414697,0.43717581206878614,0.0240159723583878,2208.678883362016,0.29763318872494327,0.2850625978036414,0.35674605184386,0.24515811342310517,0.43717581206878614,0.31425448287224816,SPARSE-EXTREME,Moderate
138,690.0,695.0,1.0,2.0,3.0,152.09490966796875,153.55011901855468,12.880586805555556,0.33916666666666667,0.2,0.15,0.13333333333333333,0.4999999999125,0.18999999999999997,0.13234782605895654,0.40466138786923705,0.01842630732570806,2917.555228598215,0.24652218483139846,0.2137463043218648,0.38946549128170893,0.28120434778706194,0.40466138786923705,0.22576084130583154,BURST-DOMINATED,Moderate
139,695.0,700.0,0.0,2.0,28.08000000000017,57.18704605102539,148.88516540527343,14.08547222222222,0.25,0.2,1.0,0.13888888888888806,0.043749999978124995,0.5,0.16469393367741292,0.3404814101686204,0.02136095098039216,1084.4167698207455,0.32624325203068527,0.2822824861462293,0.28055353045960696,0.2397206800955676,0.3404814101686204,0.3258990991856619,SPARSE-EXTREME,Low
140,700.0,705.0,0.0,3.0,4.0,153.5877227783203,154.69132080078126,13.13034375,0.20500000000000002,0.3,0.2,0.125,0.08749999997083333,0.42999999999999994,0.17730616836399626,0.3884889373995981,0.019842225217864926,3076.0376481622693,0.2242953105973131,0.2661344332337446,0.3413839812135461,0.23431685049899048,0.3884889373995981,0.26860573962809753,SPARSE-EXTREME,Moderate
141,705.0,710.0,0.0,0.6000000000000085,3.0,61.38482666015625,62.88866424560547,10.118277777777775,0.037500000000000214,0.06000000000000085,0.15,1.0,0.0,0.15,0.3866666666666662,0.5052703877873025,0.016207197167755996,367.3519156364516,0.37121707933285014,0.22932499999999978,0.3578892813586137,0.16849999999999984,0.5052703877873025,0.28005219119511415,LOW-COMPLEXITY,Moderate
142,710.0,715.0,1.0,2.0,4.0,59.886104583740234,66.61438598632813,13.595736111111112,0.255,0.2,0.2,0.875,0.456249999934375,0.23666666666666666,0.5416518250996536,0.4577172566531412,0.019883223175381264,456.88596225131556,0.33054258565394556,0.40391958557468,0.473840015826416,0.4050163808402606,0.4577172566531412,0.3571004246345478,SPARSE-EXTREME,Moderate
143,715.0,720.0,0.0,1.0,36.20000000000023,112.65117645263672,146.76724853515626,6.067125,0.175,0.1,1.0,0.14088397790055157,0.0,0.15,0.3788296475344142,0.4346931486387128,0.010806123093681917,1962.8415750764402,0.34907012279119787,0.22591589667747017,0.33004674046275084,0.16614889426032425,0.4346931486387128,0.27570258052804564,SPARSE-EXTREME,Moderate
144,720.0,725.0,2.0,3.0,3.760000000000005,152.70272827148438,153.9791046142578,20.25232986111111,0.3508907801418436,0.15,0.09400000000000013,0.10638297872340412,0.6374999999319444,0.1225,0.11069017827383575,0.3953204566630956,0.028580206427015253,2881.096944391129,0.234119425894942,0.19847522753839977,0.4015819853575816,0.2992070534583312,0.3953204566630956,0.20601182039792598,LOW-COMPLEXITY,Moderate
145,725.0,730.0,0.0,1.0,2.0,148.47511291503906,149.4259826660156,5.923052083333334,0.14,0.1,0.1,0.1,0.08749999991249999,0.42999999999999994,0.246571398519455,0.41134811712962055,0.00870886328976035,2842.276363926635,0.2518501428085948,0.2962648083421816,0.36170324466396286,0.25509641952521145,0.41134811712962055,0.29416988753219747,LOW-COMPLEXITY,Moderate
146,730.0,735.0,1.0,3.0,47.280000000000015,139.3170928955078,145.79336242675782,17.24473611111111,0.3022419627749577,0.3,1.0,0.10363790186125207,0.3333333332944444,0.34500000000000003,0.17144778188529353,0.4442532658819736,0.028218169662309372,2017.190529237856,0.31053790948548704,0.2676672851139777,0.39302450356875285,0.2888510012186436,0.4442532658819736,0.2937313818041076,SPARSE-EXTREME,Moderate
147,735.0,740.0,1.0,2.0,3.760000000000005,149.4574432373047,153.1024200439453,12.191347222222223,0.2611787234042552,0.2,0.18800000000000025,1.0,0.456249999934375,0.23666666666666666,0.4027798403193613,0.4232313853905229,0.018580210920479307,1689.3086396167291,0.290641010973839,0.3435102721952529,0.4425899850444167,0.36335478540617294,0.4232313853905229,0.31400279661940544,BURST-DOMINATED,Moderate
148,740.0,745.0,0.0,0.0,1.7600000000000051,114.94532012939453,149.5558868408203,3.54625,0.013200000000000038,0.0,0.08800000000000026,1.0,0.0,0.0,1.0,0.48030223113835474,0.006817815359477125,1984.1782388708832,0.40543141605830446,0.435,0.44766777896986476,0.3,0.48030223113835474,0.3893238728840162,HEAVY-TAIL-RISK,Moderate
149,745.0,750.0,1.0,3.0,36.68000000000022,111.8344497680664,150.6947784423828,15.833322916666667,0.3052980734278443,0.3,1.0,0.13631406761177672,0.3333333332944444,0.34500000000000003,0.16362472903782044,0.32184514097655587,0.024358448393246187,1399.8179164923586,0.21025185285203535,0.2642642571253269,0.3353041109717524,0.2865040853644017,0.32184514097655587,0.2528147893776651,SPARSE-EXTREME,Moderate
150,750.0,755.0,1.0,2.0,2.760000000000005,147.19268798828125,148.88050231933593,10.434934027777775,0.3018594202898548,0.2,0.13800000000000026,0.10869565217391283,0.456249999934375,0.23666666666666666,0.12166679353082513,0.42254280963779256,0.015047242238562093,2808.8084390230915,0.2706700183485738,0.22122609684223965,0.39010919911489594,0.27902087136961207,0.42254280963779256,0.24365421215134278,BURST-DOMINATED,Moderate
151,755.0,760.0,1.0,1.0,2.0,143.9336700439453,145.3867614746094,8.023,0.39,0.1,0.1,1.0,0.9124999997375001,0.2583333333333333,0.6631388411518929,0.5156527643141533,0.013454370234204793,2379.581141048438,0.38388799162158876,0.537454979193063,0.6196964654037483,0.6087333189203595,0.5156527643141533,0.4439787271296852,HEAVY-TAIL-RISK,High
152,760.0,765.0,0.0,1.0,3.0,150.2313690185547,154.3221405029297,6.666652777777777,0.14750000000000002,0.1,0.15,1.0,0.08749999991249999,0.42999999999999994,0.3934692307692308,0.424196439957561,0.010873507352941176,2110.3167797735828,0.29227551403261726,0.3601653653708341,0.39122269807180876,0.29916576920014415,0.424196439957561,0.343536975967436,LOW-COMPLEXITY,Moderate
153,765.0,770.0,3.0,4.0,52.320000000000036,57.9725227355957,149.057470703125,29.35695833333333,0.24280305810397562,0.13333333333333333,0.8720000000000006,0.13188073394495403,0.749999999934375,0.19499999999999998,0.1903184304153551,0.29007753239984474,0.05457995506535949,1610.4800044218982,0.25875036775355575,0.28037601722034355,0.37199553323316514,0.3878455291016378,0.29007753239984474,0.2643520019707277,SPARSE-EXTREME,Moderate
154,770.0,775.0,6.0,9.0,31.280000000000143,94.41651916503906,158.8859375,31.389652777777776,0.2502857061665243,0.15,0.2606666666666678,0.23657289002557436,0.6374999999773148,0.20249999999999999,0.18207989904584537,0.3058727763189407,0.05093262309368191,1592.7954867386434,0.22159549887693517,0.26212975608136985,0.36909362240506205,0.3486239697058138,0.3058727763189407,0.24144930805738093,SPARSE-EXTREME,Moderate
155,775.0,780.0,1.0,11.0,62.840000000000046,94.83171081542969,100.42784271240234,24.361121527777776,0.41704762455876393,1.0,1.0,0.12253341820496491,0.09886363636002066,0.8377272727272727,0.4023134083832748,0.40564536209509,0.04135912186819172,677.6251367865331,0.2701223892046166,0.5319512190097914,0.43990052031271754,0.4485008406955351,0.40564536209509,0.45739386562729634,SPARSE-EXTREME,Moderate
156,780.0,785.0,1.0,2.0,32.12000000000019,121.28176879882812,126.67498931884766,15.159465277777777,0.21556662515566616,0.2,1.0,0.1369863013698622,0.4999999999125,0.24999999999999997,0.16505041744880558,0.4119593834182632,0.02355184449891068,992.9333475462007,0.276625648626656,0.25242193157644915,0.4013739601543408,0.31201512520401664,0.4119593834182632,0.26306142713010233,SPARSE-EXTREME,Moderate
157,785.0,790.0,2.0,4.0,48.840000000000046,82.09757232666016,160.4330810546875,22.68752083333333,0.2954750204750205,0.2,1.0,0.10647010647010638,0.5218749999507812,0.17444444444444443,0.7219002242890972,0.2936149579571756,0.037506569035947714,1277.6159478216293,0.2378060917458644,0.4673080211691164,0.43800708438944225,0.46028187282505806,0.2936149579571756,0.35069793067441873,HEAVY-TAIL-RISK,Moderate
158,790.0,795.0,1.0,13.0,16.0,125.09064483642578,127.60403900146484,31.09660763888889,0.43971153846153843,1.0,0.8,0.275,0.11057692307226331,0.6950000000000001,0.4231330938208431,0.4251850772043145,0.05340879370915033,1563.3979894736578,0.28783843911660373,0.4846912611959482,0.4382106223514961,0.40889185122154503,0.4251850772043145,0.42821663215337324,SPARSE-EXTREME,Moderate
159,795.0,800.0,3.0,5.0,69.80000000000015,75.59674072265625,107.44974365234376,23.10934722222222,0.2931566380133715,0.16666666666666669,1.0,0.1461318051575928,0.5649999999649999,0.20833333333333331,0.39521874778535054,0.34823885783234715,0.037099813453159027,674.5771164979819,0.25547902751527113,0.3458034886144483,0.41619361855392245,0.38923229099002177,0.34823885783234715,0.29771371129455754,SPARSE-EXTREME,Moderate
160,800.0,805.0,1.0,3.0,64.32000000000004,78.4330825805664,117.51778564453124,16.903701388888887,0.2994402985074627,0.3,1.0,0.13526119402985065,0.3333333332944444,0.34500000000000003,0.7934351641045232,0.3383880117651592,0.02934293191721133,769.9552459926741,0.2518238056664923,0.5382317963793426,0.4620859765728813,0.4754472158844125,0.3383880117651592,0.40831026630814327,HEAVY-TAIL-RISK,Moderate
161,805.0,810.0,1.0,4.6000000000000085,45.280000000000015,96.3642578125,120.33159027099609,18.835732638888892,0.2760424028268553,0.46000000000000085,1.0,0.1280918727915194,0.21739130433128503,0.5477826086956532,0.16377157557601718,0.33544300598061844,0.03023270506535948,1105.428984142662,0.21052993776990564,0.3287011788512235,0.34661078381877886,0.3169423422322335,0.33544300598061844,0.30422938023668666,SPARSE-EXTREME,Moderate
162,810.0,815.0,1.0,2.0,52.800000000000026,104.38946533203125,117.89088287353516,18.98404513888889,0.20946969696969697,0.2,1.0,0.19696969696969688,0.4999999999125,0.24999999999999997,0.18452019491957533,0.37363831248389423,0.03295615781590414,1138.0767724850962,0.23875929456462042,0.260891284776234,0.3887318403434583,0.31785605844524756,0.37363831248389423,0.25220424251948337,SPARSE-EXTREME,Moderate
163,815.0,820.0,4.0,6.0,29.04000000000015,60.11456298828125,96.26786346435547,30.948927083333334,0.24415385674931123,0.15,0.3630000000000019,0.33057851239669256,0.652083333296875,0.15916666666666665,0.21654955391423325,0.37126147301898027,0.04972618368736383,576.2132099882419,0.30319427699395324,0.2617625976136159,0.39754497445949166,0.3489023661615095,0.37126147301898027,0.27019661105685533,SPARSE-EXTREME,Moderate
164,820.0,825.0,1.0,1.0,50.760000000000005,93.98468780517578,110.72993469238283,13.788888888888888,0.18485027580772262,0.1,1.0,0.15760441292356184,0.99999999965,0.235,0.6783786683339446,0.35587309403301703,0.024697649918300656,1044.042924806908,0.22389016292200847,0.5483572206701408,0.5752495377517358,0.6357636003776833,0.35587309403301703,0.38482094641594916,HEAVY-TAIL-RISK,High
165,825.0,830.0,0.0,1.0,29.60000000000018,98.49691009521484,149.18008422851562,6.715746527777777,0.275,0.1,1.0,0.19932432432432312,0.08749999991249999,0.42999999999999994,0.18458666505807217,0.3191605799880177,0.012077171840958604,1789.611163815975,0.22171540910127566,0.26930144928648014,0.2961321095674405,0.2365009994867966,0.3191605799880177,0.26990179766094835,SPARSE-EXTREME,Low
166,830.0,835.0,0.0,6.0,63.00000000000013,70.78801727294922,79.41550903320312,14.27046180555556,0.3333333333333333,0.6,1.0,0.10952380952380932,0.029166666661805552,0.5,0.46174875530225234,0.48502443484906504,0.021971446759259262,727.3843808149245,0.36534960725582566,0.4092044585557141,0.41647561718846826,0.3237329599223076,0.48502443484906504,0.40144747422694826,SPARSE-EXTREME,Moderate
167,835.0,840.0,0.0,0.0,2.0,148.78720092773438,150.7723846435547,0.8911319444444445,0.015,0.0,0.1,0.1,0.0,0.0,1.0,0.41806965304764854,0.001990619961873639,4003.9736305297197,0.26650278008160083,0.435,0.44531792905819056,0.3,0.41806965304764854,0.3345952519492549,HEAVY-TAIL-RISK,Moderate
168,840.0,845.0,0.0,0.0,1.0,152.4817352294922,152.7498748779297,0.9394201388888888,0.0075,0.0,0.05,0.2,0.0,0.0,1.0,0.4081160277533896,0.002156251225490196,4128.192127179331,0.24754364439511845,0.435,0.4422193388786071,0.3,0.4081160277533896,0.32651958386672425,HEAVY-TAIL-RISK,Moderate
169,845.0,850.0,0.0,1.0,2.0,150.7536163330078,152.00794372558593,4.509743055555556,0.14,0.1,0.1,1.0,0.08749999991249999,0.42999999999999994,0.6321861350730444,0.4363659401240154,0.0078705450708061,2721.2981362248447,0.3031321832928053,0.464007218742993,0.444115311241687,0.3707808404912883,0.4363659401240154,0.4002428858109459,HEAVY-TAIL-RISK,Moderate
170,850.0,855.0,0.0,1.0,1.7600000000000051,66.39413452148438,67.12762145996093,3.4608715277777775,0.13820000000000005,0.1,0.08800000000000026,0.11363636363636331,0.08749999991249999,0.42999999999999994,0.09987658801014411,0.3977426263125763,0.006178924291938998,365.57273750195543,0.23828852936481276,0.2324525657706314,0.31992612413101845,0.2110879763724182,0.3977426263125763,0.2541642397516403,LOW-COMPLEXITY,Moderate
171,855.0,860.0,0.0,0.0,1.0,68.36133575439453,92.39782257080078,2.5286145833333324,0.0075,0.0,0.05,1.0,0.0,0.0,0.28,0.49479748192596607,0.0052642159586056645,487.89416505421775,0.4300422958651353,0.1218,0.30415103502072893,0.084,0.49479748192596607,0.23977463970833124,LOW-COMPLEXITY,Moderate
172,860.0,865.0,0.0,1.0,36.52000000000001,64.82979583740234,75.74440002441406,8.423979166666665,0.275,0.1,1.0,0.13143483023001093,0.08749999991249999,0.42999999999999994,0.5776006184496271,0.399540810038551,0.014320955337690634,337.06623316262136,0.2737302065124407,0.44026251901180646,0.4041159303247667,0.35440518550426303,0.399540810038551,0.37256056912769503,SPARSE-EXTREME,Moderate
173,865.0,870.0,0.0,1.0,32.920000000000215,64.8122329711914,66.408203125,4.4379375,0.175,0.1,1.0,0.1306196840826237,0.0,0.15,0.1575490504915651,0.3918782686024343,0.008003013480392158,474.04968934496515,0.23311979657122545,0.12965883696383082,0.2833303702550646,0.09976471514746953,0.3918782686024343,0.1788883182980115,SPARSE-EXTREME,Low
174,870.0,875.0,0.0,0.0,2.0,148.1948699951172,148.86133422851563,2.124545138888889,0.015,0.0,0.1,1.0,0.0,0.0,1.0,0.42904487024066956,0.004607379765795207,3092.2262089025976,0.293317560671743,0.435,0.44622101726706587,0.3,0.42904487024066956,0.3455749188191772,HEAVY-TAIL-RISK,Moderate
175,875.0,880.0,0.0,0.0,44.760000000000005,152.09786987304688,152.61347045898438,3.7190868055555555,0.15,0.0,1.0,0.1005361930294906,0.0,0.0,0.4066065343213632,0.4304498381005098,0.008088719771241829,3046.0768023183714,0.29492307206688795,0.17687384242979298,0.3278911099194971,0.12198196029640895,0.4304498381005098,0.21560194512834496,SPARSE-EXTREME,Moderate
176,880.0,885.0,1.0,1.0,2.0,70.39347076416016,102.85298614501953,6.645604166666665,0.39,0.1,0.1,1.0,0.9124999997375001,0.2583333333333333,0.6719367498218598,0.37805169763789875,0.0114767470043573,636.5860845148356,0.2958762044515263,0.5412820694644986,0.5569331266442515,0.6113726915213495,0.37805169763789875,0.4137256179483888,HEAVY-TAIL-RISK,High
177,885.0,890.0,0.0,2.0,3.760000000000005,102.50360870361328,128.4198791503906,7.081510416666666,0.12820000000000004,0.2,0.18800000000000025,1.0,0.043749999978124995,0.5,0.6193808448208756,0.43962519861997196,0.011823403322440086,2322.088081593971,0.3472511519569568,0.48007129249363556,0.4335007732434084,0.3761267534386064,0.43962519861997196,0.4333516736818097,HEAVY-TAIL-RISK,Moderate
178,890.0,895.0,0.0,0.0,2.0,130.1395263671875,130.94403076171875,0.9162847222222221,0.015,0.0,0.1,0.1,0.0,0.0,1.0,0.390112886742054,0.0026389681372549017,3856.251875941479,0.22654971057598544,0.435,0.43636008774373547,0.3,0.390112886742054,0.3184726643127866,HEAVY-TAIL-RISK,Moderate
179,895.0,900.0,0.0,0.0,2.0,130.24447631835938,130.87194213867187,0.45619097222222227,0.015,0.0,0.1,0.1,0.0,0.0,1.0,0.4061929560916614,0.0018346811002178652,3869.275362338642,0.24712382719488987,0.435,0.44159875573357765,0.3,0.4061929560916614,0.3265732390812817,HEAVY-TAIL-RISK,Moderate
180,900.0,905.0,0.0,1.0,2.0,69.17821502685547,128.6221466064453,6.323666666666668,0.14,0.1,0.1,1.0,0.08749999991249999,0.42999999999999994,0.6730881859108212,0.4383815134171996,0.011881184504357298,778.2422010615319,0.413866093306067,0.48179961085742595,0.41965671437660745,0.38305145574262134,0.4383815134171996,0.45268074621716936,HEAVY-TAIL-RISK,Moderate
181,905.0,910.0,1.0,1.0,39.24000000000025,99.42122650146484,129.839306640625,5.154482638888888,0.2877420998980631,0.1,1.0,0.15290519877675743,0.9124999997375001,0.2583333333333333,0.17392469367853286,0.32740171222433817,0.010616091639433552,2101.2814546898076,0.20885275046104088,0.32464682504215137,0.444392675055442,0.4619690746783515,0.32740171222433817,0.26878542082895385,SPARSE-EXTREME,Moderate
182,910.0,915.0,0.0,2.0,5.0,99.930419921875,101.9194320678711,10.268666666666668,0.1375,0.2,0.25,0.9199999999999999,0.043749999978124995,0.5,0.4600333333333334,0.42333931067753344,0.01613819458061002,811.594210735617,0.2867641043344226,0.4107551249965547,0.40590947249679743,0.32832249999234375,0.42333931067753344,0.373620539871707,SPARSE-EXTREME,Moderate
183,915.0,920.0,1.0,2.0,2.0,56.2093391418457,58.93056793212891,10.962458333333332,0.365,0.2,0.1,0.1,0.456249999934375,0.23666666666666666,0.10116153846153847,0.4006088015042209,0.01756822372004357,275.89393584782226,0.24897836808485113,0.21230631088709997,0.3621273119271596,0.2728692948488261,0.4006088015042209,0.2254224402767736,BURST-DOMINATED,Moderate
184,920.0,925.0,0.0,2.0,3.0,56.15019226074219,60.52503280639648,10.930753472222223,0.12250000000000001,0.2,0.15,0.1,0.043749999978124995,0.5,0.12932264150943373,0.39432428355863824,0.016924849264705884,269.474313350796,0.25031514972500096,0.26689597405315835,0.3144651797517549,0.22910929244517386,0.39432428355863824,0.2810377131123702,BURST-DOMINATED,Moderate
185,925.0,930.0,0.0,1.0,2.0,56.7738037109375,60.3253173828125,7.4034305555555555,0.04,0.1,0.1,0.1,0.0,0.15,0.07111111111111112,0.3776878569617623,0.011113337690631808,304.552578080227,0.22507823207136007,0.09205833333333335,0.248988756752845,0.07383333333333333,0.3776878569617623,0.15342988332540186,LOW-COMPLEXITY,Low
186,930.0,935.0,0.0,1.6000000000000085,2.0,97.94014739990234,99.80181732177735,6.72925,0.11749999999999988,0.16000000000000086,0.1,1.0,0.05468749996582002,0.5,0.3699727272727272,0.42235974935919035,0.010956931781045752,829.886011361069,0.2845350794971039,0.373301417608253,0.38971135834424875,0.30513244316985516,0.42235974935919035,0.3535724869201505,LOW-COMPLEXITY,Moderate
187,935.0,940.0,0.0,1.0,37.20000000000023,72.9873046875,100.59626159667968,8.520163194444445,0.175,0.1,1.0,0.24999999999999845,0.0,0.15,0.19308465424265278,0.34037130611814304,0.015351157952069714,673.7339406433247,0.23503720179291154,0.14511682459555394,0.2575568752508333,0.11042539627279582,0.34037130611814304,0.1890333788411096,SPARSE-EXTREME,Low
188,940.0,945.0,0.0,1.0,51.52000000000001,48.92055892944336,98.55937957763672,10.345180555555554,0.275,0.1,1.0,0.11257763975155277,0.08749999991249999,0.42999999999999994,0.5934362614604702,0.3818109414987668,0.01883326157407408,401.2475753268608,0.35701482198818707,0.44715102372152327,0.3787192836157483,0.359155878407516,0.3818109414987668,0.41212186410398416,SPARSE-EXTREME,Moderate
189,945.0,950.0,0.0,1.0,36.960000000000235,97.63420104980469,100.13505554199219,5.906423611111111,0.175,0.1,1.0,0.1379870129870121,0.0,0.15,0.5158089741862162,0.500374499553874,0.010458955337690633,1122.6703385154756,0.3671539227022321,0.28550190377100404,0.3904727116310448,0.20724269225586484,0.500374499553874,0.31002013166144565,SPARSE-EXTREME,Moderate
190,950.0,955.0,0.0,1.0,49.280000000000015,143.0384521484375,145.88516845703126,5.153024305555555,0.175,0.1,1.0,0.10349025974025972,0.0,0.15,0.4687644344875457,0.4235938897048015,0.010862480528322442,1629.6129434947068,0.2926759837958497,0.2650375290020824,0.35478390503761825,0.1931293303462637,0.4235938897048015,0.27242855140802275,SPARSE-EXTREME,Moderate
191,955.0,960.0,0.0,1.0,2.0,123.17913818359375,125.47691650390625,3.0551701388888897,0.04,0.1,0.1,0.1,0.0,0.15,0.21898250963056612,0.39429826142855107,0.005203528730936819,1908.102743255759,0.2350101399073181,0.15638239168929624,0.29858638971784535,0.11819475288916984,0.39429826142855107,0.19378311744235205,LOW-COMPLEXITY,Low
192,960.0,965.0,0.0,0.0,2.0,125.96806335449219,126.32267913818359,1.2270243055555552,0.015,0.0,0.1,0.1,0.0,0.0,1.0,0.3971702936286353,0.002630258578431373,2019.680620970668,0.23401974303658268,0.435,0.43872177041593585,0.3,0.3971702936286353,0.32126991775671004,HEAVY-TAIL-RISK,Moderate
193,965.0,970.0,0.0,0.0,2.0,125.51519012451172,126.18421325683593,1.3466354166666665,0.015,0.0,0.1,0.1,0.0,0.0,1.0,0.4013097867447313,0.00332970288671024,1983.6452128230208,0.23919026626008558,0.435,0.43967679796727255,0.3,0.4013097867447313,0.32315456573240536,HEAVY-TAIL-RISK,Moderate
194,970.0,975.0,0.0,0.0,2.0,125.03783416748047,125.99388580322265,1.9132048611111108,0.015,0.0,0.1,0.1,0.0,0.0,0.0,0.39244503517634094,0.003573182598039215,1958.3865206920184,0.22993923494971635,0.0,0.23652849062789852,0.0,0.39244503517634094,0.09964333040053742,LOW-COMPLEXITY,Low
195,975.0,980.0,0.0,0.0,1.0,124.97676849365234,125.45343627929688,1.2806458333333333,0.0075,0.0,0.05,0.1,0.0,0.0,1.0,0.4047256575248844,0.0024545142973856206,1988.3974735956083,0.2446702455493572,0.435,0.44120121177045346,0.3,0.4047256575248844,0.32557413251311623,HEAVY-TAIL-RISK,Moderate
196,980.0,985.0,0.0,0.0,1.0,123.81981658935547,124.09840545654296,1.3377118055555557,0.0075,0.0,0.05,0.2,0.0,0.0,1.0,0.41322633124070185,0.002487525190631809,1958.648494167628,0.25444090988546386,0.435,0.44388752617932115,0.3,0.41322633124070185,0.32927450629531885,HEAVY-TAIL-RISK,Moderate
197,985.0,990.0,0.0,3.0,4.0,122.98820495605469,123.40118408203125,8.362149305555556,0.17166666666666666,0.3,0.2,1.0,0.05833333331388888,0.5,0.5410397186667264,0.431643566968421,0.013222514161220045,1146.8020449338749,0.2988555306770331,0.4482897776169634,0.42750154973155985,0.357728582259879,0.431643566968421,0.3972983738024662,SPARSE-EXTREME,Moderate
198,990.0,995.0,0.0,0.0,2.0,133.196044921875,133.9312713623047,1.6014756944444446,0.015,0.0,0.1,1.0,0.0,0.0,1.0,0.40555680889977436,0.00357000258714597,3919.0174703362954,0.24672292017214437,0.435,0.44150087268968896,0.3,0.40555680889977436,0.3264975633025197,HEAVY-TAIL-RISK,Moderate
199,995.0,1000.0,0.0,1.0,2.0,131.29039001464844,132.39649353027343,2.3691145833333334,0.04,0.1,0.1,1.0,0.0,0.15,0.6161678204218312,0.43578719988739395,0.005526873910675382,2801.2864684925094,0.2986131938090083,0.32915800188349653,0.3900095507756236,0.23735034612654934,0.43578719988739395,0.3067883127673986,HEAVY-TAIL-RISK,Moderate
200,1000.0,1005.0,0.0,1.0,33.16000000000021,74.99687957763672,107.55760955810547,7.476958333333334,0.275,0.1,1.0,0.13570566948130192,0.08749999991249999,0.42999999999999994,0.5440851316310891,0.41786903387131513,0.012928037173202614,790.4999293120942,0.3453089904923155,0.4256832822457425,0.4040010551535945,0.34435053945870164,0.41786903387131513,0.3987003758267504,SPARSE-EXTREME,Moderate
201,1005.0,1010.0,0.0,1.0,42.04000000000002,109.27142333984375,137.3782928466797,5.945975694444445,0.175,0.1,1.0,0.10704091341579443,0.0,0.15,0.5169869359803354,0.3485723524371663,0.012112957516339867,1457.1008174033502,0.22383611827932046,0.2860143171514459,0.3299009621436605,0.2075960807941006,0.3485723524371663,0.2552883481777001,SPARSE-EXTREME,Moderate
202,1010.0,1015.0,0.0,1.0,1.0,83.81044006347656,85.5017105102539,5.1485972222222225,0.1325,0.1,0.05,0.2,0.08749999991249999,0.42999999999999994,0.06857142857142857,0.4312854340606201,0.008551931644880176,481.14813698132593,0.28983181759353205,0.21883482141479016,0.32947649214085306,0.20169642854080352,0.4312854340606201,0.2701970368166238,LOW-COMPLEXITY,Moderate
203,1015.0,1020.0,0.0,0.0,53.320000000000036,76.55677795410156,102.09618072509785,4.13990625,0.15,0.0,1.0,0.1350337584396098,0.0,0.0,0.391089550922067,0.32544207291031463,0.010022427696078431,745.2963007818089,0.21073301033171699,0.17012395465109914,0.2739458427464865,0.11732686527662009,0.32544207291031463,0.17855046453786014,SPARSE-EXTREME,Low
204,1020.0,1025.0,0.0,1.0,40.76000000000026,46.29671096801758,91.11373138427734,6.524218749999999,0.275,0.1,1.0,0.13248282630029357,0.08749999991249999,0.42999999999999994,0.1642558410326589,0.37524417524190523,0.01269287105119826,396.26799823749934,0.33832793250779486,0.2604575408354253,0.293609934639595,0.23040175227917262,0.37524417524190523,0.3102547757221782,SPARSE-EXTREME,Low
205,1025.0,1030.0,0.0,1.0,2.0,121.29374694824219,121.97943878173828,5.285611111111113,0.04,0.1,0.1,1.0,0.0,0.15,0.35111111111111115,0.42958408830361533,0.00967234272875817,1449.887102157141,0.2902288958079344,0.21385833333333337,0.3356954826809644,0.15783333333333335,0.42958408830361533,0.24537851143306755,LOW-COMPLEXITY,Moderate
206,1030.0,1035.0,0.0,3.0,58.52000000000001,119.81085205078125,121.42300262451172,12.008326388888888,0.29166666666666663,0.3,1.0,0.13157894736842105,0.05833333331388888,0.5,0.49772717973504393,0.4294926373379226,0.021724008306100218,1273.936513791381,0.2873101418079181,0.42944882318168165,0.4207633496352825,0.3447348205803743,0.4294926373379226,0.3832081609020838,SPARSE-EXTREME,Moderate
207,1035.0,1040.0,0.0,0.0,2.0,121.12860870361328,121.59184875488282,2.920510416666667,0.015,0.0,0.1,0.1,0.0,0.0,0.147871398519455,0.3992188074908734,0.005161144063180828,1732.223645111728,0.23670273181370466,0.06432405835596292,0.26850617173925184,0.044361419555836494,0.3992188074908734,0.13470453392079035,LOW-COMPLEXITY,Low
208,1040.0,1045.0,0.0,0.0,1.0,121.78357696533203,122.04051361083984,0.83196875,0.0075,0.0,0.05,0.1,0.0,0.0,1.0,0.40581802098285574,0.0018599535675381264,1780.8662384026659,0.24495647809241905,0.435,0.4415216176933038,0.3,0.40581802098285574,0.32555629999315194,HEAVY-TAIL-RISK,Moderate
209,1045.0,1050.0,0.0,0.0,35.440000000000225,98.27324676513672,122.03255615234374,5.3247673611111095,0.15,0.0,1.0,0.1551918735891638,0.0,0.0,0.015453724604529814,0.4259837347915209,0.009697867919389978,1075.3021197963217,0.3178512465792013,0.006722370202970469,0.23382068734067218,0.004636117381358944,0.4259837347915209,0.13658498885163514,SPARSE-EXTREME,Low
210,1050.0,1055.0,0.0,1.0,46.760000000000005,98.36737060546875,131.69134826660155,5.795315972222221,0.175,0.1,1.0,0.10265183917878526,0.0,0.15,0.5755148192989474,0.33739802274510344,0.011139018790849676,1770.4748118591945,0.2223043002272389,0.3114739463950421,0.3348734000035397,0.22515444578968422,0.33739802274510344,0.26783555732342457,SPARSE-EXTREME,Moderate
211,1055.0,1060.0,0.0,2.0,48.760000000000005,88.81145477294922,93.6033447265625,10.181062500000001,0.25,0.2,1.0,0.10049220672682527,0.043749999978124995,0.5,0.39439204099529446,0.4041280531970188,0.019820388208061,697.0408925956865,0.26122762836121405,0.3822011628295078,0.38575886318490527,0.30863011229093207,0.4041280531970188,0.3487562091453633,SPARSE-EXTREME,Moderate
212,1060.0,1065.0,0.0,1.0,49.760000000000005,94.70549774169922,131.25235900878906,6.276208333333336,0.175,0.1,1.0,0.10048231511254017,0.0,0.15,0.15248378037872448,0.3207652339380255,0.01359345029956427,1979.3680022041005,0.21127207179411192,0.12745544446474516,0.2418327083404641,0.09824513411361735,0.3207652339380255,0.17045874238852068,SPARSE-EXTREME,Low
213,1065.0,1070.0,0.0,1.0,38.72000000000024,69.59623718261719,94.28363189697265,9.050805555555558,0.275,0.1,1.0,0.1291322314049579,0.08749999991249999,0.42999999999999994,0.16574704508494528,0.3198571286839444,0.015925875,523.5068013508081,0.20618627140008675,0.2611062145981699,0.29676246345755286,0.23084911349485854,0.3198571286839444,0.25935777250194253,SPARSE-EXTREME,Low
214,1070.0,1075.0,0.0,0.0,1.0,66.94156646728516,87.97074127197291,5.459777777777776,0.0075,0.0,0.05,1.0,0.0,0.0,0.28,0.4917927646880558,0.009552740332244009,485.04341992652496,0.42056524751538316,0.1218,0.30510297094229877,0.084,0.4917927646880558,0.2361204724154822,LOW-COMPLEXITY,Moderate
215,1075.0,1080.0,0.0,0.0,1.0,65.7813720703125,101.60166778564454,6.720402777777776,0.0075,0.0,0.05,1.0,0.0,0.0,1.0,0.46768801376512914,0.011438814678649236,543.4884975535907,0.4207778669053677,0.435,0.43354665372621815,0.3,0.46768801376512914,0.3952082588155779,HEAVY-TAIL-RISK,Moderate
216,1080.0,1085.0,0.0,0.0,1.0,70.90038299560547,75.29556121826172,7.706295138888888,0.0075,0.0,0.05,0.1,0.0,0.0,1.0,0.376634854793577,0.012778932325708061,429.4212679143449,0.22307060893939148,0.435,0.4237106267905229,0.3,0.376634854793577,0.3156753101479845,HEAVY-TAIL-RISK,Moderate
217,1085.0,1090.0,0.0,2.0,39.480000000000246,96.5159683227539,101.00555572509765,9.167871527777777,0.25,0.2,1.0,0.14690982776089068,0.043749999978124995,0.5,0.49203676621119075,0.40770896255939015,0.016042725217864925,799.5141843608127,0.26840051260269915,0.4246766182984227,0.40639486254437607,0.33792352985570095,0.40770896255939015,0.37331673248371233,SPARSE-EXTREME,Moderate
218,1090.0,1095.0,0.0,0.0,1.0,63.776973724365234,64.237255859375,4.073479166666666,0.0075,0.0,0.05,0.1,0.0,0.0,1.0,0.40852743063544045,0.006186346813725491,325.66472039647743,0.25081984203387253,0.435,0.43192352303949155,0.3,0.40852743063544045,0.32445129642189824,HEAVY-TAIL-RISK,Moderate
219,1095.0,1100.0,0.0,0.6000000000000085,42.040000000000276,63.55009841918945,101.15811920166016,6.167850694444445,0.1650000000000002,0.06000000000000085,1.0,0.13082778306374795,0.0,0.15,0.16324458404180012,0.40914181924146076,0.011432433278867104,664.3255664055403,0.3503128928760684,0.13213639405818303,0.2682281148756216,0.10147337521254003,0.40914181924146076,0.2287375194404066,SPARSE-EXTREME,Low
220,1100.0,1105.0,0.0,0.0,1.0,63.37519836425781,67.90930633544922,6.893302083333333,0.0075,0.0,0.05,0.1,0.0,0.0,1.0,0.4216998918809295,0.01059627205882353,323.2081906714826,0.2817978115126205,0.435,0.43075987415335826,0.3,0.4216998918809295,0.3362398887397533,HEAVY-TAIL-RISK,Moderate
221,1105.0,1110.0,0.0,0.0,1.0,65.13301086425781,65.59457397460938,4.825822916666666,0.0075,0.0,0.05,0.1,0.0,0.0,1.0,0.4318850580365083,0.007738062908496731,348.2259226558493,0.2789456108140853,0.435,0.4403597928988852,0.3,0.4318850580365083,0.3356274684125254,HEAVY-TAIL-RISK,Moderate
222,1110.0,1115.0,0.0,0.0,1.0,63.362850189208984,64.7272933959961,5.274211805555556,0.0075,0.0,0.05,0.1,0.0,0.0,1.0,0.3998659771948038,0.008387117238562091,333.5019485517463,0.24185595600966683,0.435,0.42821685954741684,0.3,0.3998659771948038,0.32083738454772837,HEAVY-TAIL-RISK,Moderate
223,1115.0,1120.0,0.0,0.0,42.040000000000276,122.66322326660156,123.29297332763672,4.19290625,0.15,0.0,1.0,0.13320647002854338,0.0,0.0,1.0,0.43122342426838184,0.008589584014161218,1681.5233224462877,0.29375853563940163,0.435,0.447526272353559,0.3,0.43122342426838184,0.345707607076351,HEAVY-TAIL-RISK,Moderate
224,1120.0,1125.0,0.0,0.0,2.0,62.02136993408203,96.83839263916016,6.564375000000001,0.015,0.0,0.1,1.0,0.0,0.0,1.0,0.39908567170792913,0.011044884259259263,550.0075498833568,0.335703994349624,0.435,0.41537825793394845,0.3,0.39908567170792913,0.3634629695247117,HEAVY-TAIL-RISK,Moderate
225,1125.0,1130.0,1.0,2.0,34.920000000000215,47.26318359375,101.43510131835937,9.1831875,0.2643184421534936,0.2,1.0,0.14604810996563483,0.456249999934375,0.23666666666666666,0.19784734793230763,0.3599366838512057,0.015482558142701523,496.54911221889,0.33030902151056146,0.2543646380068845,0.3481313584119758,0.30187503769005686,0.3599366838512057,0.28586008409318364,SPARSE-EXTREME,Moderate
226,1130.0,1135.0,0.0,0.0,48.760000000000005,99.05547332763672,101.24338684082032,5.410263888888888,0.15,0.0,1.0,0.10254306808859719,0.0,0.0,0.0007120590647926127,0.4215996889796358,0.010832730800653593,749.9017998571071,0.28685301991642675,0.00030974569318478653,0.24264762229121134,0.0002136177194377838,0.4215996889796358,0.12306006437494729,SPARSE-EXTREME,Low
227,1135.0,1140.0,0.0,0.0,1.0,50.961421966552734,53.015019226074216,3.960190972222222,0.0075,0.0,0.05,0.1,0.0,0.0,0.0,0.3923385433092732,0.0067140697167755985,284.0406030501914,0.23784717414713374,0.0,0.22104158633442456,0.0,0.3923385433092732,0.09820350646329716,LOW-COMPLEXITY,Low
228,1140.0,1145.0,0.0,0.0,35.960000000000235,66.24710845947266,102.57435455322266,5.341607638888889,0.15,0.0,1.0,0.17241379310344715,0.0,0.0,0.3109969849927333,0.37593788072347367,0.010416168981481483,643.7679149055489,0.3027807825636022,0.135283688471839,0.2696205260650444,0.09329909549781999,0.37593788072347367,0.1984226529726082,SPARSE-EXTREME,Low
229,1145.0,1150.0,0.0,1.0,1.7600000000000051,64.79610443115234,65.92284545898437,4.539211805555555,0.03820000000000004,0.1,0.08800000000000026,0.11363636363636331,0.0,0.15,0.07494539163649995,0.4067804063873758,0.007590222086056644,387.3732560090819,0.2498344459780154,0.09372624536187749,0.26694184029177626,0.07498361749094998,0.4067804063873758,0.16539357423976042,LOW-COMPLEXITY,Low
230,1150.0,1155.0,0.0,0.0,1.0,66.29488372802734,66.9349609375,1.9012187500000002,0.0075,0.0,0.05,0.1,0.0,0.0,1.0,0.44383925550125464,0.0034956315359477123,478.39012866446296,0.2913698580234389,0.435,0.45077509541363353,0.3,0.44383925550125464,0.3424963985311775,HEAVY-TAIL-RISK,Moderate
231,1155.0,1160.0,0.0,0.0,1.0,64.7156982421875,102.33662872314453,6.745385416666666,0.0075,0.0,0.05,1.0,0.0,0.0,0.28,0.4330051212487896,0.011647939678649237,544.6359010526562,0.3834437283861142,0.1218,0.27795229716814246,0.084,0.4330051212487896,0.22275388788970957,LOW-COMPLEXITY,Low
232,1160.0,1165.0,0.0,0.0,56.72000000000037,66.06442260742188,75.0976058959961,4.553895833333335,0.15,0.0,1.0,0.1868829337094487,0.0,0.0,0.35809210195394386,0.43954397206157947,0.01078641081154684,594.6721504063624,0.32120637103975913,0.15577006434996557,0.31592444286776933,0.10742763058618315,0.43954397206157947,0.21500456280129554,SPARSE-EXTREME,Moderate
233,1165.0,1170.0,0.0,1.0,36.960000000000235,66.29524230957031,131.13546142578124,7.048364583333332,0.175,0.1,1.0,0.17316017316017204,0.0,0.15,0.5605050078564606,0.3009865681357638,0.012799574482570806,1664.3990474042466,0.2421600480488755,0.30494467841756034,0.3024281688399729,0.22065150235693817,0.3009865681357638,0.2732589922629564,SPARSE-EXTREME,Moderate
234,1170.0,1175.0,0.0,1.0,48.04000000000002,64.32433319091797,99.25095672607422,6.108006944444445,0.175,0.1,1.0,0.11032472939217315,0.0,0.15,0.5805537743159581,0.40077996453090403,0.01234712037037037,559.5784717287812,0.33564020181303134,0.31366589182744176,0.35084948436188157,0.2266661322947874,0.40077996453090403,0.3150054954478419,SPARSE-EXTREME,Moderate
235,1175.0,1180.0,0.0,1.0,2.0,64.61482238769531,100.95724334716797,9.51185763888889,0.04,0.1,0.1,1.0,0.0,0.15,0.35111111111111115,0.40052528472170235,0.01622023828976035,587.9335217917868,0.3366668557821123,0.21385833333333337,0.3040570071629203,0.15783333333333335,0.40052528472170235,0.2647887258843193,LOW-COMPLEXITY,Moderate
236,1180.0,1185.0,0.0,1.0,1.7600000000000051,65.0482177734375,66.0816665649414,6.473267361111112,0.13820000000000005,0.1,0.08800000000000026,0.11363636363636331,0.08749999991249999,0.42999999999999994,0.09987658801014411,0.4133020380474734,0.010129325571895425,344.85583500763545,0.2586557475341424,0.2324525657706314,0.323293841235441,0.2110879763724182,0.4133020380474734,0.26163669688912883,LOW-COMPLEXITY,Moderate
237,1185.0,1190.0,0.0,0.0,1.0,66.33826446533203,69.55016784667968,6.160694444444444,0.0075,0.0,0.05,0.1,0.0,0.0,1.0,0.3971620139185578,0.009389995506535947,374.58394001533884,0.2474063229335361,0.435,0.42852339508559356,0.3,0.3971620139185578,0.32439584626708634,HEAVY-TAIL-RISK,Moderate
238,1190.0,1195.0,0.0,0.0,1.0,65.56902313232422,69.43716735839844,7.372100694444445,0.0075,0.0,0.05,1.0,0.0,0.0,0.44621181431802276,0.4566481705473953,0.012193172521786491,424.55556770223797,0.3174319373925325,0.19410213922833988,0.3364455165789498,0.1338635442954068,0.4566481705473953,0.22924162900975326,LOW-COMPLEXITY,Moderate
239,1195.0,1200.0,0.0,0.0,1.0,62.293575286865234,101.08145904541016,6.601500000000001,0.0075,0.0,0.05,1.0,0.0,0.0,1.0,0.39533082539991593,0.010878452205882353,573.7985209702489,0.33625306618552525,0.435,0.4124409213451772,0.3,0.39533082539991593,0.3636481492135956,HEAVY-TAIL-RISK,Moderate
240,1200.0,1205.0,0.0,0.0,2.0,131.2920379638672,132.67597045898438,1.2198854166666666,0.015,0.0,0.1,1.0,0.0,0.0,1.0,0.5037656828841953,0.003390780501089324,3825.451779001833,0.36788097607551923,0.435,0.47111857570728755,0.3,0.5037656828841953,0.37289056881426136,HEAVY-TAIL-RISK,Moderate
241,1205.0,1210.0,0.0,0.0,2.0,69.97325897216797,71.12328491210937,8.28084375,0.015,0.0,0.1,1.0,0.0,0.0,0.28,0.5457589436734134,0.013411615468409587,415.65196696968815,0.4162997182109367,0.1218,0.33330809835894376,0.084,0.5457589436734134,0.2303679576127453,LOW-COMPLEXITY,Moderate
242,1210.0,1215.0,0.0,2.0,44.520000000000266,69.024169921875,133.6493896484375,6.672114583333333,0.2,0.2,1.0,0.1347708894878698,0.0,0.15,0.41409356786269236,0.35966286123075825,0.01161266149237473,2088.2953576688715,0.3163256301342505,0.24125570202027116,0.294241466744239,0.1767280703588077,0.35966286123075825,0.2708456482993232,SPARSE-EXTREME,Low
243,1215.0,1220.0,0.0,2.0,40.480000000000246,66.6296615600586,99.09559631347656,10.091447916666668,0.25,0.2,1.0,0.13092885375493993,0.043749999978124995,0.5,0.19493260801779064,0.39201607456611703,0.017345699210239648,592.4648110839734,0.3186271933411702,0.2954363094842936,0.32345701746466193,0.24879228239768092,0.39201607456611703,0.3287594253443561,SPARSE-EXTREME,Moderate
244,1220.0,1225.0,0.0,1.0,41.000000000000256,66.16152954101562,101.81043243408203,7.434600694444444,0.275,0.1,1.0,0.14146341463414547,0.08749999991249999,0.42999999999999994,0.16686062992096215,0.4016747836224077,0.01359724237472767,684.0697187661137,0.33666775806946797,0.26159062400183725,0.31980706236297163,0.2311831889456636,0.4016747836224077,0.3123767494443164,SPARSE-EXTREME,Moderate
245,1225.0,1230.0,0.0,0.0,2.0,63.756168365478516,132.86817626953126,5.378625,0.015,0.0,0.1,1.0,0.0,0.0,1.0,0.36157709925800646,0.008980402641612201,2052.8869720630364,0.32845318358371495,0.435,0.39156214731618344,0.3,0.36157709925800646,0.36087906853802,HEAVY-TAIL-RISK,Moderate
246,1230.0,1235.0,0.0,3.0,48.280000000000015,70.03970336914062,89.48800201416016,9.89312152777778,0.2583333333333333,0.3,1.0,0.12427506213753103,0.02916666665694444,0.5,0.46763849012695624,0.41705881189640953,0.017601943899782136,650.6001506197856,0.3179966475623358,0.41176649320369474,0.3901875421279355,0.32549988036801736,0.41705881189640953,0.3864450340708864,SPARSE-EXTREME,Moderate
247,1235.0,1240.0,0.0,1.0,2.0,66.27899932861328,69.80724029541015,5.6504513888888885,0.04,0.1,0.1,0.1,0.0,0.15,0.07111111111111112,0.4057296199747184,0.008764536356209149,364.6284344950409,0.2594769651130703,0.09205833333333335,0.2626408541406144,0.07383333333333333,0.4057296199747184,0.16839704317873724,LOW-COMPLEXITY,Low
248,1240.0,1245.0,0.0,1.0,2.0,71.29930877685547,74.63521575927734,10.444826388888888,0.14,0.1,0.1,1.0,0.08749999991249999,0.42999999999999994,0.3787,0.41591556910598526,0.018063121459694995,447.7832319848512,0.2678857929736705,0.3537407499862187,0.38354737167800834,0.2947349999693749,0.41591556910598526,0.3285105842976418,LOW-COMPLEXITY,Moderate
249,1245.0,1250.0,2.0,3.0,37.20000000000023,91.84866333007812,96.34899444580078,15.018996527777775,0.27054838709677487,0.15,0.9300000000000057,0.15591397849462268,0.608333333275,0.22249999999999998,0.16768344537306035,0.4115115764650017,0.024343479302832243,645.4193183211346,0.2770260557150135,0.25942354872809376,0.41943861604323796,0.34109670025816813,0.4115115764650017,0.2632161661623486,SPARSE-EXTREME,Moderate
250,1250.0,1255.0,0.0,1.0,42.28000000000027,91.2796859741211,96.46471862792968,6.790909722222223,0.275,0.1,1.0,0.13245033112582696,0.08749999991249999,0.42999999999999994,0.16711473105184338,0.40728366721414394,0.012582761029411763,618.8177382929425,0.27309476100700675,0.2617011579937706,0.3394021215594585,0.23125941928492796,0.40728366721414394,0.2860844159035543,SPARSE-EXTREME,Moderate
251,1255.0,1260.0,1.0,1.0,2.0,93.81180572509766,97.7896224975586,7.970930555555556,0.39,0.1,0.1,0.15,0.9124999997375001,0.2583333333333333,0.13736666663866667,0.4112717116308426,0.012166220588235294,926.4497058746979,0.26467622211601133,0.3087440832798096,0.4800946106389756,0.4510016665663917,0.4112717116308426,0.2827416302030698,LOW-COMPLEXITY,Moderate
252,1260.0,1265.0,0.0,1.0,2.0,54.50849151611328,94.98204040527344,4.925982638888888,0.14,0.1,0.1,1.0,0.08749999991249999,0.42999999999999994,0.3787,0.38512717090028514,0.00885971732026144,560.1791011987241,0.33437298996599013,0.3537407499862187,0.35115534600748965,0.2947349999693749,0.38512717090028514,0.3581140733605451,LOW-COMPLEXITY,Moderate
253,1265.0,1270.0,0.0,0.0,1.7600000000000051,126.4937515258789,126.98339080810547,1.1751458333333331,0.013200000000000038,0.0,0.08800000000000026,1.0,0.0,0.0,0.47194524366000734,0.4584966597624769,0.0033933695533769053,1864.5162885331197,0.304946263444495,0.2052961809921032,0.35044184009495716,0.1415835730980022,0.4584966597624769,0.23129539736386437,LOW-COMPLEXITY,Moderate
254,1270.0,1275.0,0.0,1.0,2.0,125.93648529052734,126.25153503417968,3.161430555555555,0.04,0.1,0.1,1.0,0.0,0.15,0.35111111111111115,0.4332318678614599,0.0060086522331154685,1668.7729727602393,0.2874387633995138,0.21385833333333337,0.33844676542998187,0.15783333333333335,0.4332318678614599,0.24403444930155227,LOW-COMPLEXITY,Moderate
255,1275.0,1280.0,0.0,0.0,41.28000000000027,125.72997283935547,125.93751525878906,1.9136631944444449,0.15,0.0,1.0,0.13323643410852626,0.0,0.0,0.3006074462281425,0.43458230892834193,0.005508157952069717,1308.0252986217615,0.29974091205033837,0.13076423910924198,0.30777177225290087,0.09018223386844275,0.43458230892834193,0.19403611601582038,SPARSE-EXTREME,Moderate
256,1280.0,1285.0,0.0,4.0,38.68000000000022,54.54418182373047,98.06495056152343,8.557493055555554,0.275,0.4,1.0,0.12926577042399098,0.021874999994531248,0.5,0.2531467441472806,0.3816504732962012,0.01503739447167756,448.3482637488393,0.33503751290648226,0.31731414620320575,0.3164827469183135,0.2586002732422701,0.3816504732962012,0.3458471111726926,SPARSE-EXTREME,Moderate
257,1285.0,1290.0,0.0,1.0,2.0,125.06190490722656,126.24945983886718,4.166715277777778,0.04,0.1,0.1,1.0,0.0,0.15,0.641911750687616,0.42901287925734893,0.008327081154684095,1360.881443076572,0.2945741038403753,0.34035661154911295,0.3924048143724559,0.24507352520628478,0.42901287925734893,0.31116227973935234,HEAVY-TAIL-RISK,Moderate
258,1290.0,1295.0,0.0,0.0,2.0,127.35900115966797,127.61270904541016,1.5170694444444446,0.015,0.0,0.1,0.1,0.0,0.0,0.0,0.4137125651364571,0.002780874046840959,1933.0278700158008,0.25390472807771686,0.0,0.24331225585381017,0.0,0.4137125651364571,0.1086835123035777,LOW-COMPLEXITY,Low
259,1295.0,1300.0,0.0,1.0,58.76000000000039,126.52068328857422,127.07048797607422,6.691815972222223,0.275,0.1,1.0,0.1310415248468337,0.08749999991249999,0.42999999999999994,0.1652920719814426,0.4291919835567909,0.012856188044662308,1401.4550841276591,0.28964981453740546,0.26090830129814624,0.3500599088348987,0.23071262156380773,0.4291919835567909,0.2923416902689359,SPARSE-EXTREME,Moderate
260,1300.0,1305.0,0.0,1.0,2.0,127.88643646240234,128.6064910888672,5.744364583333332,0.04,0.1,0.1,1.0,0.0,0.15,0.35111111111111115,0.4277799592012649,0.010192359885620915,1623.2515521942405,0.2835123874820326,0.21385833333333337,0.3363098804601511,0.15783333333333335,0.4277799592012649,0.2426863287684196,LOW-COMPLEXITY,Moderate
261,1305.0,1310.0,0.0,1.0,54.280000000000015,91.72038269042969,128.10342712402343,7.843010416666668,0.175,0.1,1.0,0.10316875460574795,0.0,0.15,0.5382532482166623,0.31236407224413837,0.015831941448801744,938.4604019188571,0.20896038684754065,0.2952651629742481,0.31384621269880153,0.2139759744649987,0.31236407224413837,0.2544733370398156,SPARSE-EXTREME,Moderate
262,1310.0,1315.0,0.0,1.0,2.0,59.722633361816406,127.95947875976563,5.546534722222223,0.14,0.1,0.1,1.0,0.08749999991249999,0.42999999999999994,0.6450497811034623,0.3634883519115807,0.009969883306100219,973.5182783674187,0.3334193658813372,0.4696029047662248,0.38987833643018244,0.37463993430041365,0.3634883519115807,0.4165524798788566,HEAVY-TAIL-RISK,Moderate
263,1315.0,1320.0,0.0,2.0,3.0,128.0873565673828,128.7047088623047,4.901631944444445,0.07250000000000001,0.2,0.15,1.0,0.0,0.15,0.34,0.433912857455647,0.008788634395424835,1357.3826814612337,0.299196742354328,0.20902500000000002,0.33379648703378617,0.1545,0.433912857455647,0.2464489272750774,BURST-DOMINATED,Moderate
264,1320.0,1325.0,0.0,1.0,43.040000000000276,126.07117462158203,127.43338470458984,4.788545138888889,0.175,0.1,1.0,0.13243494423791738,0.0,0.15,0.1605143245634144,0.42754008154704415,0.009824979030501089,1113.7279777203198,0.29241995773726365,0.13094873118508527,0.2955690728074091,0.10065429736902431,0.42754008154704415,0.20435128264897612,SPARSE-EXTREME,Low
265,1325.0,1330.0,0.0,1.0,2.0,130.60324096679688,131.92733154296874,4.037850694444445,0.04,0.1,0.1,1.0,0.0,0.15,0.6354592293127286,0.42864283863362646,0.007808141339869281,2350.604836743331,0.29375536938858154,0.33754976475103693,0.3910598976079104,0.24313776879381857,0.42864283863362646,0.3094068235955621,HEAVY-TAIL-RISK,Moderate
266,1330.0,1335.0,0.0,0.0,2.0,133.52197265625,133.95079345703124,0.5694236111111112,0.015,0.0,0.1,0.1,0.0,0.0,1.0,0.40490217265937367,0.0016967621187363832,3995.5007101365727,0.24553747495610215,0.435,0.4414578341132597,0.3,0.40490217265937367,0.32605343625284855,HEAVY-TAIL-RISK,Moderate
267,1335.0,1340.0,0.0,1.0,36.960000000000235,58.4488525390625,131.6163116455078,6.440986111111112,0.275,0.1,1.0,0.14880952380952286,0.08749999991249999,0.42999999999999994,0.391511335771335,0.354954441331605,0.012387283088235291,940.4844461328107,0.3299541069313712,0.35931368104674943,0.33457812646807816,0.29857840070077546,0.354954441331605,0.359567487762312,SPARSE-EXTREME,Moderate
268,1340.0,1345.0,0.0,0.0,30.880000000000194,103.39326477050781,126.15001373291015,4.1000000000000005,0.15,0.0,1.0,0.1845854922279781,0.0,0.0,0.32805217437035605,0.35788155546513517,0.007899832788671023,1001.4518825931791,0.2480219691643193,0.14270269585110487,0.2744061010714849,0.09841565231110681,0.35788155546513517,0.17979055724644896,SPARSE-EXTREME,Low
269,1345.0,1350.0,0.0,0.0,2.5200000000000102,102.60462188720703,143.99163513183595,3.1530659722222216,0.018900000000000073,0.0,0.1260000000000005,1.0,0.0,0.0,1.0,0.42302976114372415,0.006004858387799564,2132.261819624426,0.3475432915367785,0.435,0.428254396037841,0.3,0.42302976114372415,0.3679032440957026,HEAVY-TAIL-RISK,Moderate
270,1350.0,1355.0,0.0,2.0,44.28000000000027,126.81661224365234,143.86078186035155,7.550541666666667,0.25,0.2,1.0,0.12872628726287183,0.043749999978124995,0.5,0.22181319974047894,0.37681202549541964,0.013271894471677561,1590.1625726490647,0.2532887765008544,0.307129366883663,0.33482074908277737,0.2568564599144874,0.37681202549541964,0.3079006240166162,SPARSE-EXTREME,Moderate
271,1355.0,1360.0,0.0,0.0,2.0,127.1212158203125,127.68852386474609,1.6845069444444443,0.015,0.0,0.1,0.1,0.0,0.0,1.0,0.42702783186781573,0.0030386213235294116,2123.031300471721,0.2727904384211446,0.435,0.4482033973049645,0.3,0.42702783186781573,0.33650945030035595,HEAVY-TAIL-RISK,Moderate
272,1360.0,1365.0,0.0,2.0,2.0,127.14537048339844,128.09837646484374,4.606552083333333,0.115,0.2,0.1,1.0,0.043749999978124995,0.5,0.08650952380952383,0.4281072284091393,0.007848221541394335,1647.8609290768368,0.29121392118136286,0.24827226785369752,0.3328088207132105,0.21626535713520087,0.4281072284091393,0.2930396693094488,BURST-DOMINATED,Moderate
273,1365.0,1370.0,1.0,1.0,45.52000000000001,96.1668701171875,144.63389587402344,8.566624999999998,0.2859841827768014,0.1,1.0,0.13400702987697713,0.9124999997375001,0.2583333333333333,0.16899646814494917,0.31274905425974775,0.015664250680827888,1255.940164783317,0.22365731156631918,0.3225030469350425,0.4291429072050965,0.46049060701827643,0.31274905425974775,0.27377421329508217,SPARSE-EXTREME,Moderate
274,1370.0,1375.0,0.0,1.0,2.0,76.23168182373047,79.82040710449219,7.597888888888889,0.04,0.1,0.1,0.1,0.0,0.15,0.21898250963056612,0.3818345622265731,0.012184956018518519,481.6756612765446,0.2263875708907981,0.15638239168929624,0.29148319506442566,0.11819475288916984,0.3818345622265731,0.1901016396058897,LOW-COMPLEXITY,Low
275,1375.0,1380.0,0.0,0.0,2.0,75.90960693359375,77.13780822753907,8.1619375,0.015,0.0,0.1,0.1,0.0,0.0,0.1532263851275953,0.40487553266599424,0.012608711465141611,490.7408727490369,0.24721175241109528,0.06665347753050395,0.27009854590331067,0.045967915538278586,0.40487553266599424,0.1399054418743471,LOW-COMPLEXITY,Low
276,1380.0,1385.0,0.0,0.0,38.480000000000246,77.4285659790039,96.71895751953124,7.920065972222224,0.15,0.0,1.0,0.13773388773388687,0.0,0.0,0.29438981493915695,0.40738166839814327,0.014143234204793029,624.8152849154923,0.3029083840747155,0.12805956949853325,0.2857498211911331,0.08831694448174708,0.40738166839814327,0.19377968459559206,SPARSE-EXTREME,Low
277,1385.0,1390.0,0.0,0.0,1.0,77.41889953613281,78.53197937011718,5.697250000000001,0.0075,0.0,0.05,0.1,0.0,0.0,1.0,0.4116618736103025,0.009017732979302832,510.5042815183478,0.256710434836595,0.435,0.4427449988884391,0.3,0.4116618736103025,0.3304004986266756,HEAVY-TAIL-RISK,Moderate
278,1390.0,1395.0,0.0,0.0,1.0,73.10891723632812,77.18015594482422,5.762958333333334,0.0075,0.0,0.05,0.2,0.0,0.0,0.027999999972000006,0.3946413075038292,0.009163882897603488,434.36018412066414,0.2461952941431121,0.012179999987820003,0.23598240860149527,0.008399999991600002,0.3946413075038292,0.11123116320192208,LOW-COMPLEXITY,Low
279,1395.0,1400.0,0.0,1.0,33.920000000000215,72.70978546142578,96.20563507080078,6.083465277777778,0.175,0.1,1.0,0.1621462264150933,0.0,0.15,0.16694654973679118,0.3365882660701352,0.011047211737472766,653.5443987291038,0.2226263263763282,0.13374674913550416,0.2525681161174877,0.10258396492103736,0.3365882660701352,0.17810691977226967,SPARSE-EXTREME,Low
280,1400.0,1405.0,1.0,2.0,63.040000000000404,72.56800079345703,95.09508056640625,11.840937500000003,0.2579314720812182,0.2,1.0,0.13324873096446616,0.456249999934375,0.23666666666666666,0.19620377518139465,0.3460119301139857,0.020281748638344227,741.8969229625263,0.22943124770319628,0.2536496838602374,0.36393343638950226,0.30138196586478294,0.3460119301139857,0.24418657700330337,SPARSE-EXTREME,Moderate
281,1405.0,1410.0,1.0,1.0,2.0,58.04096984863281,95.51264190673828,7.644534722222222,0.39,0.1,0.1,1.0,0.9124999997375001,0.2583333333333333,0.38936666666666664,0.3919678293619201,0.012344777641612204,471.09175560736173,0.33489895720867824,0.4183640832919896,0.49822243217434575,0.5266016665747917,0.3919678293619201,0.3668237058582134,LOW-COMPLEXITY,Moderate
282,1410.0,1415.0,0.0,1.0,2.0,58.106224060058594,60.63288879394531,10.350781249999997,0.14,0.1,0.1,0.1,0.08749999991249999,0.42999999999999994,0.246571398519455,0.37822420156088904,0.016562028594771246,283.2307564819219,0.22079045022928753,0.2962648083421816,0.3359655810963491,0.25509641952521145,0.37822420156088904,0.27791283788606197,LOW-COMPLEXITY,Moderate
283,1415.0,1420.0,1.0,3.0,36.920000000000215,100.60090637207031,125.7885955810547,11.936371527777776,0.30520946189960263,0.3,1.0,0.15167930660888318,0.3333333332944444,0.34500000000000003,0.3366721123522463,0.3750280962903196,0.019845398011982568,1215.7503660971163,0.2594844304254792,0.33953986886710213,0.3931452238244736,0.33841830035872944,0.3750280962903196,0.31033683633156234,SPARSE-EXTREME,Moderate
284,1420.0,1425.0,0.0,0.0,2.0,125.80377960205078,126.62050018310546,3.452197916666667,0.015,0.0,0.1,1.0,0.0,0.0,1.0,0.5139952966865993,0.006573264161220044,1693.1366628993123,0.38092948679803673,0.435,0.47512713151874775,0.3,0.5139952966865993,0.3782604152589302,HEAVY-TAIL-RISK,Moderate
285,1425.0,1430.0,0.0,0.0,1.0,60.49361801147461,61.7474967956543,4.744010416666667,0.0075,0.0,0.05,0.1,0.0,0.0,0.0,0.3916236696238202,0.007435237064270153,324.007529077226,0.23231026852696238,0.0,0.22488393731930023,0.0,0.3916236696238202,0.0969585949192812,LOW-COMPLEXITY,Low
286,1430.0,1435.0,0.0,1.0,53.0,101.15103149414062,126.98534851074218,6.024517361111111,0.175,0.1,1.0,0.13962264150943396,0.0,0.15,0.6725691713922314,0.40165244635746883,0.013417820397603487,1402.5477027191696,0.296839420804757,0.35369258955562066,0.37976718876114635,0.2542707514176694,0.40165244635746883,0.31931049058824723,HEAVY-TAIL-RISK,Moderate
287,1435.0,1440.0,0.0,0.0,42.28000000000027,72.9353256225586,134.24014587402343,6.922586805555556,0.15,0.0,1.0,0.19157994323557115,0.0,0.0,0.02564238410535343,0.3633959807461053,0.013100482434640523,791.3094885761028,0.3189964661493804,0.011154437085828741,0.1961526132225764,0.007692715231606029,0.3633959807461053,0.1411490101318686,SPARSE-EXTREME,Low
288,1440.0,1445.0,0.0,0.0,2.0,133.89356994628906,134.93785095214844,1.6874756944444447,0.015,0.0,0.1,0.1,0.0,0.0,1.0,0.44159872594224664,0.0032871260893246193,2132.125695681709,0.2918653716567061,0.435,0.45246798993662873,0.3,0.44159872594224664,0.3438968008206114,HEAVY-TAIL-RISK,Moderate
289,1445.0,1450.0,0.0,0.0,2.0,134.81182861328125,141.31302795410156,2.274788194444444,0.015,0.0,0.1,0.1,0.0,0.0,1.0,0.4480867632587648,0.0043954138071895426,2189.3358212002645,0.31628852534449137,0.435,0.4533810267373113,0.3,0.4480867632587648,0.3548059312156134,HEAVY-TAIL-RISK,Moderate
290,1450.0,1455.0,0.0,0.0,2.0,138.7102813720703,141.10230102539063,1.929861111111111,0.015,0.0,0.1,1.0,0.0,0.0,0.4896799955213321,0.4197111144087391,0.00476753540305011,2019.325585931099,0.273628897005535,0.21301079805177947,0.3422542965730391,0.14690399865639964,0.4197111144087391,0.2251276730293462,LOW-COMPLEXITY,Moderate
291,1455.0,1460.0,0.0,1.0,33.400000000000205,99.41008758544922,112.35431518554694,7.333017361111112,0.275,0.1,1.0,0.13473053892215486,0.08749999991249999,0.42999999999999994,0.1638826568087708,0.3679937523936176,0.013246865604575163,814.8194434780512,0.23457244769613955,0.260295205698034,0.3220207489930438,0.2302897970120062,0.3679937523936176,0.2700774464185463,SPARSE-EXTREME,Moderate
292,1460.0,1465.0,0.0,1.0,1.7600000000000051,99.01991271972656,107.14960479736328,5.7047951388888904,0.13820000000000005,0.1,0.08800000000000026,0.11363636363636331,0.08749999991249999,0.42999999999999994,0.09987658801014411,0.4098258986873134,0.00946520098039216,1083.56185252735,0.2723017945548937,0.2324525657706314,0.3277196004766132,0.2110879763724182,0.4098258986873134,0.2708777709739547,LOW-COMPLEXITY,Moderate
293,1465.0,1470.0,0.0,1.0,2.0,96.61045837402344,97.36756286621093,5.292531250000001,0.04,0.1,0.1,0.1,0.0,0.15,0.07111111111111112,0.39593736482629804,0.008671877995642703,984.5129083833707,0.2337138679515143,0.09205833333333335,0.27027925102446543,0.07383333333333333,0.39593736482629804,0.1606369972944122,LOW-COMPLEXITY,Low
294,1470.0,1475.0,0.0,1.0,2.0,130.98146057128906,132.45996704101563,2.3017152777777783,0.04,0.1,0.1,1.0,0.0,0.15,0.6127131093657014,0.5031632881771184,0.004838465277777778,3407.8651637499706,0.3678267776180628,0.3276552025740801,0.4117190509135663,0.23631393280971041,0.5031632881771184,0.3316312009893552,HEAVY-TAIL-RISK,Moderate
295,1475.0,1480.0,0.0,1.0,45.760000000000005,132.13424682617188,133.27705993652344,6.371652777777778,0.175,0.1,1.0,0.10489510489510487,0.0,0.15,0.4628907019474854,0.4290818108839904,0.012823097630718955,2025.7864901026146,0.2868827448963406,0.26248245534715614,0.3586090984318947,0.1913672105842456,0.4290818108839904,0.26861770947045865,SPARSE-EXTREME,Moderate
296,1480.0,1485.0,0.0,1.0,2.0,94.26896667480469,95.35156707763672,7.760576388888888,0.04,0.1,0.1,0.1,0.0,0.15,0.21898250963056612,0.3922323685169702,0.012688230392156864,876.6561946845152,0.22941700853041436,0.15638239168929624,0.2985255638374378,0.11819475288916984,0.3922323685169702,0.19148173592365275,LOW-COMPLEXITY,Low
297,1485.0,1490.0,1.0,3.0,4.760000000000005,91.09012603759766,94.12607116699219,15.241524305555558,0.28240868347338927,0.3,0.23800000000000027,0.10504201680672258,0.3333333332944444,0.34500000000000003,0.12277444719466907,0.3939193014796031,0.02250597045206972,800.2959325230099,0.23845743207312636,0.24649438452355604,0.3685462218934362,0.27424900081145626,0.3939193014796031,0.25440623540856544,SPARSE-EXTREME,Moderate
298,1490.0,1495.0,1.0,1.0,2.0,95.03714752197266,97.27353210449219,5.36723263888889,0.39,0.1,0.1,0.1,0.9124999997375001,0.2583333333333333,0.2572380651861217,0.3833850811019562,0.00866662391067538,962.0098676655625,0.22228841144153866,0.3608881416479525,0.4957099524756974,0.48696308613062816,0.3833850811019562,0.2919654619230259,LOW-COMPLEXITY,Moderate
299,1495.0,1500.0,0.0,1.0,37.72000000000024,95.3291244506836,96.26640014648437,5.574583333333334,0.175,0.1,1.0,0.12990455991516353,0.0,0.15,0.15865600634395752,0.4272071618879343,0.010501332788671023,695.7343653539871,0.2885737850744414,0.13014036275962154,0.29595929149791644,0.10009680190318726,0.4272071618879343,0.20236925504110154,SPARSE-EXTREME,Low
300,1500.0,1505.0,1.0,2.0,2.0,96.71438598632812,100.17975158691407,8.007225694444445,0.365,0.2,0.1,0.15,0.456249999934375,0.23666666666666666,0.10116153846153847,0.3905282931555109,0.012547399237472768,947.6182997903667,0.2361339303831002,0.21230631088709997,0.37346866091126274,0.2728692948488261,0.3905282931555109,0.22548982065751177,BURST-DOMINATED,Moderate
301,1505.0,1510.0,0.0,2.0,2.760000000000005,55.514366149902344,96.75337066650391,6.640777777777776,0.12070000000000004,0.2,0.13800000000000026,1.0,0.043749999978124995,0.5,0.3791575059571089,0.3879645369957046,0.011405416666666664,525.5649863221121,0.3382657247786976,0.375574140087897,0.3522850547173858,0.3040597517794764,0.3879645369957046,0.377315123185074,BURST-DOMINATED,Moderate
302,1510.0,1515.0,0.0,0.0,1.0,55.56767654418945,55.97268142700195,1.7184722222222222,0.0075,0.0,0.05,0.1,0.0,0.0,1.0,0.4122695799463829,0.0031731496459694994,278.9283969007647,0.2549441386733487,0.435,0.430017649362407,0.3,0.4122695799463829,0.32491085162692107,HEAVY-TAIL-RISK,Moderate
303,1515.0,1520.0,0.0,0.0,1.0,127.13788604736328,127.39801788330078,1.332708333333333,0.0075,0.0,0.05,1.0,0.0,0.0,1.0,0.42808745814764404,0.0034102621187363834,2005.932042778147,0.27318067517396916,0.435,0.4486668649616421,0.3,0.42808745814764404,0.33660187578664835,HEAVY-TAIL-RISK,Moderate
304,1520.0,1525.0,0.0,0.0,39.76000000000026,127.5055923461914,127.79822387695313,3.6592743055555563,0.15,0.0,1.0,0.1408450704225343,0.0,0.0,1.0,0.4312949122957769,0.007526348039215687,1260.5381112263674,0.2960353601942727,0.435,0.44709086801359343,0.3,0.4312949122957769,0.3466757558279498,HEAVY-TAIL-RISK,Moderate
305,1525.0,1530.0,0.0,0.0,2.0,133.294677734375,134.4650909423828,0.6322013888888888,0.015,0.0,0.1,0.1,0.0,0.0,1.0,0.3888942850210268,0.001449127450980392,3897.2578158735564,0.22581541761935864,0.435,0.4356794057444907,0.3,0.3888942850210268,0.31817192956499435,HEAVY-TAIL-RISK,Moderate
306,1530.0,1535.0,0.0,1.0,2.0,86.61962127685547,133.31931762695314,4.440225694444445,0.04,0.1,0.1,1.0,0.0,0.15,0.35111111111111115,0.4006659361245051,0.008785613425925926,2078.1916636414276,0.3352281202152246,0.21385833333333337,0.30474915943091574,0.15783333333333335,0.4006659361245051,0.2642764485439732,LOW-COMPLEXITY,Moderate
307,1535.0,1540.0,0.0,1.0,35.440000000000225,86.68382263183594,124.75872192382812,5.209565972222222,0.175,0.1,1.0,0.1382618510158005,0.0,0.15,0.5136603258230883,0.40833318107102146,0.010218106753812637,1390.477722330552,0.33303315601231837,0.2845672417330434,0.34311338805484337,0.20659809774692647,0.40833318107102146,0.2990720174310622,SPARSE-EXTREME,Moderate
308,1540.0,1545.0,0.0,1.0,43.28000000000027,97.30425262451172,98.33299865722657,4.651600694444444,0.175,0.1,1.0,0.1340110905730121,0.0,0.15,0.16101090444052968,0.4220785618715288,0.009485520152505447,948.2058364560121,0.27404143151952687,0.1311647434316304,0.29656880576316447,0.1008032713321589,0.4220785618715288,0.19695179297506824,SPARSE-EXTREME,Low
309,1545.0,1550.0,0.0,1.0,2.760000000000005,86.61570739746094,86.98285522460938,5.482927083333333,0.14570000000000005,0.1,0.13800000000000026,1.0,0.08749999991249999,0.42999999999999994,0.39058273615635186,0.49624923281411576,0.01016968586601307,863.1898114817512,0.3548256691941154,0.3589097402142318,0.4166249826293337,0.2982998208162805,0.49624923281411576,0.3652566807372483,LOW-COMPLEXITY,Moderate
310,1550.0,1555.0,0.0,0.0,2.0,85.35131072998047,132.7812927246094,2.161340277777778,0.015,0.0,0.1,1.0,0.0,0.0,1.0,0.40388443301352567,0.00465125149782135,2211.498960173018,0.34102651195646766,0.435,0.4169938074013637,0.3,0.40388443301352567,0.36548998031532975,HEAVY-TAIL-RISK,Moderate
311,1555.0,1560.0,0.0,1.0,40.000000000000256,64.03083801269531,124.35653839111328,5.210871527777778,0.275,0.1,1.0,0.157499999999999,0.08749999991249999,0.42999999999999994,0.5653533965005575,0.3685376897440815,0.010618286220043573,1130.847360139447,0.32838593345104905,0.4349349774639612,0.3789437716361287,0.35073101891954217,0.3685376897440815,0.3969918738372328,SPARSE-EXTREME,Moderate
312,1560.0,1565.0,0.0,1.0,38.480000000000246,131.6248321533203,134.0124542236328,3.31596875,0.175,0.1,1.0,0.13513513513513425,0.0,0.15,0.38020981466235076,0.510572562649093,0.006665831427015251,3446.232394099648,0.3793371814258117,0.22651626937812258,0.3670861891868471,0.16656294439870523,0.510572562649093,0.28503708846538167,SPARSE-EXTREME,Moderate
313,1565.0,1570.0,0.0,0.0,2.0,81.99308013916016,133.88147888183593,5.039364583333332,0.015,0.0,0.1,1.0,0.0,0.0,1.0,0.39720206367803595,0.008878418845315905,1266.8617758741211,0.33983085789006395,0.435,0.41274271837777143,0.3,0.39720206367803595,0.36507486445774295,HEAVY-TAIL-RISK,Moderate
314,1570.0,1575.0,1.0,3.6000000000000085,52.760000000000005,98.0674819946289,132.5218505859375,15.230944444444445,0.30503243197708707,0.3600000000000009,1.0,0.10424564063684609,0.27777777775077095,0.42466666666666775,0.39581232757846596,0.3194693402577678,0.026837766748366014,1342.2367741560631,0.21463182439262746,0.3889800291590463,0.37788819772925797,0.3645992538196433,0.3194693402577678,0.32524796214054885,SPARSE-EXTREME,Moderate
315,1575.0,1580.0,0.0,2.0,38.72000000000024,93.97799682617188,99.98676910400391,9.344628472222219,0.25,0.2,1.0,0.13946280991735452,0.043749999978124995,0.5,0.5233381214282684,0.40399485669390217,0.016131676742919394,668.5298533798072,0.2702240345349439,0.43829270781785146,0.40942350947697703,0.34731393642082425,0.40399485669390217,0.3809122496251786,SPARSE-EXTREME,Moderate
316,1580.0,1585.0,0.0,1.0,40.76000000000026,55.721553802490234,100.38023681640625,4.902701388888887,0.175,0.1,1.0,0.13248282630029357,0.0,0.15,0.16007752664832986,0.3873104240842327,0.009605374046840958,510.53873568094855,0.34141563229580846,0.1307587240920235,0.25527635834226814,0.10052325799449896,0.3873104240842327,0.22473856454388935,SPARSE-EXTREME,Low
317,1585.0,1590.0,0.0,1.0,52.52000000000001,128.01402282714844,129.14169616699218,5.872125,0.175,0.1,1.0,0.1047220106626047,0.0,0.15,0.6286309449510705,0.42769277843301656,0.011497400190631809,1406.445421892373,0.29310341224440395,0.3345794610537156,0.3895427236595115,0.24108928348532113,0.42769277843301656,0.30776310653743744,HEAVY-TAIL-RISK,Moderate
318,1590.0,1595.0,0.0,1.0,2.0,55.416351318359375,101.9382308959961,4.26815625,0.14,0.1,0.1,1.0,0.08749999991249999,0.42999999999999994,0.4986602812085479,0.44155802650210735,0.0077218390522875826,403.4661756830306,0.4168493485278013,0.40592347231193704,0.38013613687466935,0.3307230843319393,0.44155802650210735,0.4133818577257902,LOW-COMPLEXITY,Moderate
319,1595.0,1600.0,0.0,0.0,1.7600000000000051,127.44776153564453,127.74184722900391,1.939583333333333,0.013200000000000038,0.0,0.08800000000000026,1.0,0.0,0.0,0.28,0.4322529495061082,0.004197946623093683,1829.1898263137443,0.28730809142947505,0.1218,0.3052475612858323,0.084,0.4322529495061082,0.18442745478825176,LOW-COMPLEXITY,Moderate
320,1600.0,1605.0,0.0,0.0,1.0,127.86846923828125,128.38302307128907,0.48067708333333337,0.0075,0.0,0.05,0.1,0.0,0.0,1.0,0.3928293443145233,0.0012481685729847497,2126.618997880985,0.22947817687478655,0.435,0.43731844693005506,0.3,0.3928293443145233,0.31959320878428177,HEAVY-TAIL-RISK,Moderate
321,1605.0,1610.0,0.0,0.0,1.0,127.76148986816406,128.20606994628906,0.593857638888889,0.0075,0.0,0.05,0.1,0.0,0.0,1.0,0.4029208539425886,0.0014686111111111115,2123.776835822566,0.24148468086586983,0.435,0.44043138165637563,0.3,0.4029208539425886,0.3241631105270193,HEAVY-TAIL-RISK,Moderate
322,1610.0,1615.0,0.0,0.0,1.0,127.5910415649414,127.82897491455078,1.3548159722222222,0.0075,0.0,0.05,1.0,0.0,0.0,1.0,0.5173336334356495,0.003516376633986929,1795.2611797669583,0.384105112025802,0.435,0.4764194574869519,0.3,0.5173336334356495,0.37946595777442177,HEAVY-TAIL-RISK,Moderate
323,1615.0,1620.0,0.0,0.0,35.960000000000235,101.55416107177734,127.40111083984375,3.331638888888889,0.15,0.0,1.0,0.14460511679643956,0.0,0.0,0.012489432702655762,0.34076050816985176,0.007236579520697166,1116.6284991947057,0.22163730043862082,0.005432903225655256,0.2062941327497315,0.0037468298107967285,0.34076050816985176,0.09970488454465185,SPARSE-EXTREME,Low
324,1620.0,1625.0,0.0,0.0,1.0,127.25288391113281,127.7507537841797,0.6929305555555555,0.0075,0.0,0.05,0.2,0.0,0.0,1.0,0.407516505659331,0.001588299291938998,2106.533654078194,0.2487883891357441,0.435,0.44220895840575847,0.3,0.407516505659331,0.3272882035950547,HEAVY-TAIL-RISK,Moderate
325,1625.0,1630.0,0.0,0.0,1.0,128.0024871826172,128.4717987060547,0.7007152777777779,0.0075,0.0,0.05,0.2,0.0,0.0,1.0,0.38830622419522437,0.0016427049291938998,2131.0960616781804,0.2232311130533327,0.435,0.4358337824844368,0.3,0.38830622419522437,0.31708082434741314,HEAVY-TAIL-RISK,Moderate
326,1630.0,1635.0,0.0,0.0,1.0,127.39008331298828,128.0572937011719,1.1816875,0.0075,0.0,0.05,0.2,0.0,0.0,1.0,0.3914025848380433,0.0023035231481481483,2112.0369052794904,0.22732148655285492,0.435,0.43668153262418163,0.3,0.3914025848380433,0.3186486334853802,HEAVY-TAIL-RISK,Moderate
327,1635.0,1640.0,0.0,0.0,2.0,127.24537658691406,127.65506744384766,1.69078125,0.015,0.0,0.1,0.1,0.0,0.0,1.0,0.39838755832159445,0.0033226098856209154,2080.8283170832296,0.23469790362900186,0.435,0.4388642064941767,0.3,0.39838755832159445,0.3213545345070642,HEAVY-TAIL-RISK,Moderate
328,1640.0,1645.0,0.0,0.0,2.0,127.23977661132812,128.4174591064453,3.4599131944444443,0.015,0.0,0.1,1.0,0.0,0.0,0.28,0.424972033112685,0.00665673052832244,2268.941688087657,0.27724891433738785,0.1218,0.30294594604233516,0.084,0.424972033112685,0.18041253000534002,LOW-COMPLEXITY,Moderate
329,1645.0,1650.0,0.0,0.0,1.7600000000000051,80.84515380859375,112.4400390625,3.1963923611111107,0.013200000000000038,0.0,0.08800000000000026,1.0,0.0,0.0,1.0,0.4208336053925965,0.005324883442265796,1464.3981732608215,0.3430440302041201,0.435,0.42787443913395695,0.3,0.4208336053925965,0.36606966745079583,HEAVY-TAIL-RISK,Moderate
330,1650.0,1655.0,0.0,0.0,2.0,82.26087951660156,83.12247161865234,4.080208333333334,0.015,0.0,0.1,0.1,0.0,0.0,1.0,0.39890984219924447,0.005313483523965142,644.9894398732397,0.23819292778200846,0.435,0.43871931444877865,0.3,0.39890984219924447,0.3229207633982656,HEAVY-TAIL-RISK,Moderate
331,1655.0,1660.0,0.0,1.0,2.0,78.65910339355469,80.34001922607422,7.28582986111111,0.04,0.1,0.1,1.0,0.0,0.15,0.6278539714393923,0.5072410691154864,0.009756143246187366,510.12825707877045,0.3757666844743234,0.33424147757613565,0.41548604002589695,0.24085619143181766,0.5072410691154864,0.3381712846832629,HEAVY-TAIL-RISK,Moderate
332,1660.0,1665.0,0.0,1.0,45.0800000000003,127.45174407958984,127.76969451904297,5.9821875,0.175,0.1,1.0,0.18633540372670684,0.0,0.15,0.1763154293956454,0.43290305179171906,0.011144983251633989,1210.9311269357504,0.3016772514806491,0.13782221178710574,0.3000886780953528,0.10539462881869362,0.43290305179171906,0.21159121453511506,SPARSE-EXTREME,Moderate
333,1665.0,1670.0,0.0,0.0,2.0,76.75613403320312,81.0236801147461,6.982347222222222,0.015,0.0,0.1,0.15,0.0,0.0,1.0,0.4341135517818795,0.008394479711328975,573.8315126502591,0.2991471506622577,0.435,0.4480930489589594,0.3,0.4341135517818795,0.34787775452129477,HEAVY-TAIL-RISK,Moderate
334,1670.0,1675.0,0.0,3.0,32.12000000000019,83.27188110351562,112.24524078369141,14.983940972222225,0.29166666666666663,0.3,1.0,0.1494396014943951,0.05833333331388888,0.5,0.16329526788160403,0.3196424846774759,0.02421610947712418,594.5588211055449,0.20996477188553692,0.2839709415254353,0.2984030800287538,0.2444052470243423,0.3196424846774759,0.27900713296570395,SPARSE-EXTREME,Low
335,1675.0,1680.0,1.0,3.0,3.760000000000005,114.75564575195312,120.3781524658203,16.837888888888894,0.26951205673758855,0.3,0.18800000000000025,1.0,0.36249999995138893,0.303,0.42107599483759955,0.4045812589858981,0.0253100390795207,1062.590051026465,0.26449905661277295,0.36373430774669957,0.4302421792873792,0.35924779843426596,0.4045812589858981,0.3206003755361346,BURST-DOMINATED,Moderate
336,1680.0,1685.0,0.0,2.0,19.720000000000113,77.32844543457031,80.59202880859375,10.467194444444443,0.24790000000000084,0.2,0.9860000000000056,0.1724137931034473,0.043749999978124995,0.5,0.17175766516672702,0.41286834948007634,0.01575307026143791,665.7772797394225,0.26639207678851873,0.28535520934408093,0.34520010948757884,0.24183979954236184,0.41286834948007634,0.30156263911990194,SPARSE-EXTREME,Moderate
337,1685.0,1690.0,0.0,2.0,2.0,73.95655059814453,77.05161743164062,11.436048611111111,0.115,0.2,0.1,1.0,0.043749999978124995,0.5,0.08650952380952383,0.3824280740879982,0.01734628431372549,399.0973275922552,0.2263245958623795,0.24827226785369752,0.3124021233398059,0.21626535713520087,0.3824280740879982,0.2648724511495508,BURST-DOMINATED,Moderate
338,1690.0,1695.0,0.0,0.0,51.40000000000033,69.99341583251953,126.97195129394531,5.4993437499999995,0.15,0.0,1.0,0.13813229571984348,0.0,0.0,0.41192541715100495,0.3767788161081002,0.010956657135076252,1153.475606864162,0.3296163448409465,0.17918755646068713,0.28364000827860414,0.12357762514530148,0.3767788161081002,0.2316762838636104,SPARSE-EXTREME,Low
339,1695.0,1700.0,0.0,0.0,39.000000000000256,64.67081451416016,65.96319274902343,6.823118055555556,0.15,0.0,1.0,0.13589743589743503,0.0,0.0,0.010051282051024079,0.39807633477671245,0.011988288126361655,317.82258816370125,0.23953318328544365,0.004372307692195474,0.22857042350887238,0.0030153846153072234,0.39807633477671245,0.10175484848430266,SPARSE-EXTREME,Low
340,1700.0,1705.0,0.0,0.0,1.0,60.09237289428711,61.18712310791015,3.811527777777777,0.0075,0.0,0.05,0.1,0.0,0.0,1.0,0.4070754790545946,0.005954052015250544,283.34773530894824,0.2504461748112755,0.435,0.4276388329952194,0.3,0.4070754790545946,0.3231278091903158,HEAVY-TAIL-RISK,Moderate
341,1705.0,1710.0,0.0,0.0,55.20000000000036,126.82556915283203,127.54744873046874,5.309715277777778,0.15,0.0,1.0,0.13224637681159335,0.0,0.0,0.36157321333648784,0.42926355107157343,0.010681503267973857,1400.260833025325,0.2921733281134998,0.1572843478013722,0.31887814285818317,0.10847196400094634,0.42926355107157343,0.2046141082896938,SPARSE-EXTREME,Moderate
342,1710.0,1715.0,0.0,0.0,1.0,60.890140533447266,63.337067413330075,5.4919270833333345,0.0075,0.0,0.05,1.0,0.0,0.0,1.0,0.40369564704608946,0.009640318355119824,275.6058863457101,0.25122766168840677,0.435,0.42455726622868123,0.3,0.40369564704608946,0.32328496226271936,HEAVY-TAIL-RISK,Moderate
343,1715.0,1720.0,0.0,1.0,1.0,62.5944938659668,64.49300537109374,4.840631944444445,0.0325,0.1,0.05,0.1,0.0,0.15,0.04571428571428573,0.38955172846517033,0.008093987608932464,300.9455651258435,0.2310675532509963,0.08101071428571428,0.24933387519106592,0.06621428571428571,0.38955172846517033,0.1497698436832215,LOW-COMPLEXITY,Low
344,1720.0,1725.0,0.0,0.0,30.880000000000194,78.01895141601562,125.51891326904297,6.345444444444445,0.15,0.0,1.0,0.18134715025906623,0.0,0.0,0.02277720207180094,0.3428050818904035,0.01087553213507625,865.5762935519888,0.2718985330756528,0.009908082901233408,0.1950839651866497,0.0068331606215402815,0.3428050818904035,0.12194396419132306,SPARSE-EXTREME,Low
345,1725.0,1730.0,0.0,0.0,2.0,65.72930908203125,125.91846618652343,5.855437500000001,0.015,0.0,0.1,1.0,0.0,0.0,1.0,0.4383083171157616,0.010473130174291941,713.5286028380973,0.4183094445952195,0.435,0.4141431683064498,0.3,0.4383083171157616,0.39452775192592676,HEAVY-TAIL-RISK,Moderate
346,1730.0,1735.0,1.0,1.0,2.0,63.866207122802734,68.49566345214843,9.484614583333332,0.39,0.1,0.1,1.0,0.9124999997375001,0.2583333333333333,0.38936666666666664,0.4193229321039193,0.014844707924836604,287.74688312012876,0.28039887243814676,0.4183640832919896,0.5178595624107483,0.5266016665747917,0.4193229321039193,0.3396078833701888,LOW-COMPLEXITY,High
347,1735.0,1740.0,1.0,2.0,2.0,66.04776763916016,100.25078125,13.488729166666667,0.365,0.2,0.1,1.0,0.456249999934375,0.23666666666666666,0.10116153846153847,0.39390177360159906,0.0202694621459695,433.51371568550223,0.32413126813863774,0.21230631088709997,0.3499780908679809,0.2728692948488261,0.39390177360159906,0.26042341990860984,BURST-DOMINATED,Moderate
348,1740.0,1745.0,0.0,1.0,40.000000000000256,65.51304626464844,99.92821044921875,10.616201388888891,0.175,0.1,1.0,0.154999999999999,0.0,0.15,0.16638310708858423,0.35288715368736423,0.018138939678649234,343.4505729877036,0.2692656718824238,0.13350165158353414,0.23847006344835386,0.10241493212657526,0.35288715368736423,0.19233303578958233,SPARSE-EXTREME,Low
349,1745.0,1750.0,0.0,0.0,1.0,65.32772827148438,67.76638793945312,8.47455902777778,0.0075,0.0,0.05,1.0,0.0,0.0,0.28,0.46509827320609975,0.013631376633986926,253.14585180246752,0.32857753941259105,0.1218,0.2986888935097582,0.084,0.46509827320609975,0.19455531413318594,LOW-COMPLEXITY,Low
350,1750.0,1755.0,0.0,0.0,2.0,127.100830078125,127.49077453613282,2.896819444444444,0.015,0.0,0.1,1.0,0.0,0.0,1.0,0.3936160436374239,0.006006846949891068,2053.697823442261,0.22969408818472317,0.435,0.4377576914862753,0.3,0.3936160436374239,0.3196582252032019,HEAVY-TAIL-RISK,Moderate
351,1755.0,1760.0,0.0,0.0,2.0,126.41156005859375,127.33414459228516,2.4519756944444446,0.015,0.0,0.1,0.1,0.0,0.0,1.0,0.4370336869552624,0.0040643346949891055,2061.711838231596,0.28835786233768257,0.435,0.45172191130764683,0.3,0.4370336869552624,0.3430231783877021,HEAVY-TAIL-RISK,Moderate
352,1760.0,1765.0,0.0,0.0,2.0,70.53335571289062,126.2366729736328,5.099840277777778,0.015,0.0,0.1,1.0,0.0,0.0,1.0,0.36346682442623807,0.008929125272331154,1170.7318805314228,0.31003627757704416,0.435,0.39752174084730174,0.3,0.36346682442623807,0.35328404197851815,HEAVY-TAIL-RISK,Moderate
353,1765.0,1770.0,0.0,2.0,27.840000000000174,64.40515899658203,90.53453369140625,8.824583333333333,0.25,0.2,1.0,0.17959770114942417,0.043749999978124995,0.5,0.17690365413050438,0.4375080241838963,0.01418343913398693,414.18552499673547,0.36888985833369364,0.28759371454332405,0.3302465962289175,0.24338359623149505,0.4375080241838963,0.3421897799205695,SPARSE-EXTREME,Moderate
354,1770.0,1775.0,1.0,2.0,36.440000000000225,99.00938415527344,100.37453918457031,16.2855,0.263721185510428,0.2,1.0,0.13172338090010896,0.543749999890625,0.236,0.48674060452275164,0.4319718362109346,0.024031923747276685,778.7900852112584,0.2913609679207635,0.3935427879501704,0.4821212269197749,0.4189346813185442,0.4319718362109346,0.33844104500798206,SPARSE-EXTREME,Moderate
355,1775.0,1780.0,1.0,2.0,41.000000000000256,98.47269439697266,99.79582366943359,16.759180555555556,0.2621951219512194,0.2,1.0,0.13902439024390156,0.543749999890625,0.162,0.16817778981552325,0.42369001191806765,0.024016904003267975,936.8018078071149,0.28279542860563156,0.22481296355252606,0.4064473604070624,0.2974658369063757,0.42369001191806765,0.2434584559380992,SPARSE-EXTREME,Moderate
356,1780.0,1785.0,1.0,2.0,33.400000000000205,99.51095581054688,103.66981201171875,14.411406249999999,0.3149700598802394,0.2,1.0,0.16467065868263372,0.4999999999125,0.18999999999999997,0.49457710782539954,0.42062062375850867,0.02055861369825708,1010.2714645825499,0.2859272034704317,0.37131604189026757,0.4627079660862604,0.38987313231699483,0.42062062375850867,0.32144280009958975,SPARSE-EXTREME,Moderate
357,1785.0,1790.0,1.0,1.0,3.0,114.84248352050781,125.12610778808593,7.615225694444442,0.31416666666666665,0.1,0.15,1.0,0.9124999997375001,0.2583333333333333,0.7225097896057282,0.4122280997354497,0.011469507897603487,1739.582388493751,0.2773814597504739,0.5632813417704813,0.594926056381625,0.6265446034565101,0.4122280997354497,0.41681762644913584,HEAVY-TAIL-RISK,High
358,1790.0,1795.0,0.0,1.0,2.760000000000005,114.05098724365234,118.77493743896484,5.507888888888889,0.04570000000000004,0.1,0.13800000000000026,1.0,0.0,0.15,0.3639543726235743,0.4242885851880622,0.008330163126361655,2169.5317152897956,0.2825950927560096,0.21944515209125479,0.33660169006179785,0.16168631178707227,0.4242885851880622,0.2451291474961546,LOW-COMPLEXITY,Moderate
359,1795.0,1800.0,0.0,1.6000000000000085,55.760000000000005,119.12737274169922,121.52448883056641,10.845996527777778,0.2524999999999999,0.16000000000000086,1.0,0.10222381635581061,0.05468749996582002,0.5,0.3959974600792312,0.42781604156243536,0.01962289174836601,1298.417960628819,0.2927727314483574,0.3846221763790822,0.39659136757153046,0.3129398630118063,0.42781604156243536,0.3626389529954902,SPARSE-EXTREME,Moderate
360,1800.0,1805.0,0.0,1.0,27.08000000000017,53.83234405517578,60.43334121704102,7.847722222222222,0.175,0.1,1.0,0.14771048744460763,0.0,0.15,0.5289796900650385,0.4748903646030316,0.013468379901960785,337.63831090588343,0.3504925386885649,0.29123116517829173,0.36710874629494983,0.21119390701951155,0.4748903646030316,0.3018586929065128,SPARSE-EXTREME,Moderate
361,1805.0,1810.0,1.0,2.0,5.760000000000005,120.51261901855469,124.77334594726562,13.20830902777778,0.23000555555555552,0.2,0.28800000000000026,0.729166666666666,0.456249999934375,0.23666666666666666,0.6094039275569706,0.5049034008520634,0.02068450149782135,1459.6939931964466,0.37670449602837297,0.433391750143613,0.5113282978616811,0.42534201157745577,0.5049034008520634,0.3916685578529713,HEAVY-TAIL-RISK,High
362,1810.0,1815.0,0.0,2.0,3.0,78.74203491210938,80.26856079101563,10.090722222222222,0.12250000000000001,0.2,0.15,0.1,0.043749999978124995,0.5,0.10232264150943396,0.4337629776641091,0.016869332652505446,616.4917607510415,0.2844707413337525,0.25515097405315845,0.33907260210866075,0.22100929244517392,0.4337629776641091,0.29281843321529527,BURST-DOMINATED,Moderate
363,1815.0,1820.0,0.0,0.0,2.0,125.44023895263672,125.82258911132813,2.376003472222222,0.015,0.0,0.1,1.0,0.0,0.0,1.0,0.5123370815621033,0.004939362881263617,1758.6658320195284,0.37771617229087734,0.435,0.47470714588645246,0.3,0.5123370815621033,0.37692131681517116,HEAVY-TAIL-RISK,Moderate
364,1820.0,1825.0,0.0,0.6000000000000085,36.360000000000056,82.2541275024414,84.45938110351562,6.159729166666667,0.1650000000000002,0.06000000000000085,1.0,0.1375137513751373,0.0,0.15,0.612183172545706,0.5046810364803971,0.011651537854030503,511.6127789538789,0.38134542550277595,0.3274246800573821,0.40812626511777994,0.2361549517637118,0.5046810364803971,0.33667412230436755,HEAVY-TAIL-RISK,Moderate
365,1825.0,1830.0,0.0,1.0,2.0,84.90567016601562,92.07400817871094,7.642135416666667,0.14,0.1,0.1,1.0,0.08749999991249999,0.42999999999999994,0.6330863238013746,0.387301860352958,0.013044082788671025,780.5778135800115,0.2428172302939725,0.46439880083981666,0.426680671374701,0.37105089710978734,0.387301860352958,0.37638433361009827,HEAVY-TAIL-RISK,Moderate
366,1830.0,1835.0,0.0,0.0,1.0,87.46513366699219,88.00934295654297,3.196572916666666,0.0075,0.0,0.05,0.2,0.0,0.0,1.0,0.4091634567293974,0.0051632032952069725,849.0566821237659,0.25031039609765576,0.435,0.44238904284520775,0.3,0.4091634567293974,0.3277004988623012,HEAVY-TAIL-RISK,Moderate
367,1835.0,1840.0,0.0,0.0,38.480000000000246,125.1705551147461,131.94536743164062,2.3122916666666664,0.15,0.0,1.0,0.14033264033263942,0.0,0.0,0.32081417827956893,0.4840829948877207,0.00574307829520697,1957.6280968575516,0.3534247909898443,0.13955416755161248,0.3252676243399105,0.09624425348387068,0.4840829948877207,0.21765744203389598,SPARSE-EXTREME,Moderate
368,1840.0,1845.0,0.0,0.0,2.0,131.7512969970703,132.71446533203124,4.460114583333334,0.015,0.0,0.1,1.0,0.0,0.0,1.0,0.42722043484165106,0.008650419798474945,1765.5894329187474,0.28614892674409964,0.435,0.44696874857101987,0.3,0.42722043484165106,0.342708416661494,HEAVY-TAIL-RISK,Moderate
369,1845.0,1850.0,0.0,0.0,1.7600000000000051,84.05366516113281,85.59522247314453,5.351086805555556,0.013200000000000038,0.0,0.08800000000000026,0.11363636363636331,0.0,0.0,1.0,0.42810741276391995,0.008282624727668844,793.0231937424829,0.27796651257517474,0.435,0.44776146742111067,0.3,0.42810741276391995,0.33867291669399613,HEAVY-TAIL-RISK,Moderate
370,1850.0,1855.0,0.0,0.0,2.0,86.40184020996094,89.31184539794921,4.203302083333333,0.015,0.0,0.1,0.1,0.0,0.0,1.0,0.3955216650330264,0.006713320806100218,828.0635621935934,0.24100384141444514,0.435,0.43618294815722936,0.3,0.3955216650330264,0.32428553630399626,HEAVY-TAIL-RISK,Moderate
371,1855.0,1860.0,0.0,0.0,39.760000000000005,85.39790344238281,90.28521423339843,6.166736111111111,0.15,0.0,1.0,0.10311871227364185,0.0,0.0,0.38781252300359353,0.40389528247150425,0.011120127859477125,772.6139784499476,0.2569266637455997,0.16869844750656318,0.3139057860587424,0.11634375690107805,0.40389528247150425,0.19552841482602265,SPARSE-EXTREME,Moderate
372,1860.0,1865.0,0.0,0.0,1.7600000000000051,51.46086502075195,135.74849853515624,1.4923194444444443,0.013200000000000038,0.0,0.08800000000000026,1.0,0.0,0.0,1.0,0.3456128006127029,0.0035312156862745093,966.3159815664518,0.33346763382465994,0.435,0.3789619702718289,0.3,0.3456128006127029,0.36296730635429436,HEAVY-TAIL-RISK,Moderate
373,1865.0,1870.0,0.0,0.0,39.0,51.15361022949219,134.98833312988282,3.1020347222222227,0.15,0.0,1.0,0.10512820512820513,0.0,0.0,1.0,0.34528601205323006,0.006809876361655774,620.953730262405,0.34145624342796554,0.435,0.3764989384647657,0.3,0.34528601205323006,0.3661812471633432,HEAVY-TAIL-RISK,Moderate
374,1870.0,1875.0,0.0,0.0,29.360000000000184,90.61622619628906,108.14763488769532,4.335218750000001,0.15,0.0,1.0,0.180517711171661,0.0,0.0,0.37002060969335016,0.3766756499935529,0.008400898420479301,992.9340397662112,0.24990683784636414,0.1609589652166073,0.2943749813165597,0.11100618290800504,0.3766756499935529,0.18931884133959223,SPARSE-EXTREME,Low
375,1875.0,1880.0,0.0,0.0,2.0,108.40467071533203,109.00504150390626,2.1619409722222227,0.015,0.0,0.1,0.1,0.0,0.0,0.0,0.39781022507579705,0.004115693355119826,1395.129133474028,0.2349266387274222,0.0,0.23811602162671922,0.0,0.39781022507579705,0.10135137066411354,LOW-COMPLEXITY,Low
376,1880.0,1885.0,0.0,0.0,2.0,90.74557495117188,107.63218536376954,4.797135416666666,0.015,0.0,0.1,1.0,0.0,0.0,0.5652101003804982,0.39868351798773183,0.008454799019607842,1102.6749200846848,0.27844763704904524,0.24586639366551674,0.34151926416350087,0.16956303011414947,0.39868351798773183,0.24386619654188968,LOW-COMPLEXITY,Moderate
377,1885.0,1890.0,0.0,0.0,2.0,85.73296356201172,89.39774169921876,5.579413194444444,0.015,0.0,0.1,0.1,0.0,0.0,1.0,0.3890261127883804,0.009129243736383442,880.5939363033317,0.23454882541827948,0.435,0.4333974759062763,0.3,0.3890261127883804,0.3217070010792413,HEAVY-TAIL-RISK,Moderate
378,1890.0,1895.0,0.0,0.0,1.7600000000000051,83.44903564453125,85.04010772705078,3.9719444444444436,0.013200000000000038,0.0,0.08800000000000026,0.11363636363636331,0.0,0.0,1.0,0.40351922340459645,0.006209271514161221,857.8984100212863,0.24637001668352873,0.435,0.43961762581380304,0.3,0.40351922340459645,0.32617137152544634,HEAVY-TAIL-RISK,Moderate
379,1895.0,1900.0,0.0,0.0,2.0,81.91746520996094,85.79492340087891,4.1589930555555545,0.015,0.0,0.1,0.1,0.0,0.0,1.0,0.3894196336591444,0.006661121868191721,848.4103440263615,0.23624823770085746,0.435,0.4330701866156661,0.3,0.3894196336591444,0.32234377575112577,HEAVY-TAIL-RISK,Moderate
380,1900.0,1905.0,0.0,0.0,2.0,84.86333465576172,88.29855804443359,5.049670138888889,0.015,0.0,0.1,0.15,0.0,0.0,1.0,0.44077729080979056,0.008280566448801742,957.7495797839425,0.300316793554475,0.435,0.4502641621541612,0.3,0.44077729080979056,0.34755653082874627,HEAVY-TAIL-RISK,Moderate
381,1905.0,1910.0,0.0,0.0,2.0,110.24344635009766,112.36897430419921,4.49125,0.015,0.0,0.1,1.0,0.0,0.0,1.0,0.41915953481040086,0.007925857026143788,1796.1778167963434,0.2754436084069208,0.435,0.44407363645570264,0.3,0.41915953481040086,0.3383576932603561,HEAVY-TAIL-RISK,Moderate
382,1910.0,1915.0,0.0,0.0,1.0,110.98107147216797,113.45727996826172,3.2381840277777783,0.0075,0.0,0.05,0.1,0.0,0.0,1.0,0.4030496267070386,0.004946856753812635,2308.052020335969,0.2474825581359075,0.435,0.43936191936369506,0.3,0.4030496267070386,0.32675554416848734,HEAVY-TAIL-RISK,Moderate
383,1915.0,1920.0,0.0,0.0,39.760000000000005,85.37507629394531,86.80199737548828,6.170628472222222,0.15,0.0,1.0,0.16348088531187122,0.0,0.0,0.4401362014828559,0.4833550590801539,0.011497333469498912,1035.4478959248136,0.3423934882622538,0.19145924764504232,0.3517522675719241,0.13204086044485677,0.4833550590801539,0.2394917032336903,SPARSE-EXTREME,Moderate
384,1920.0,1925.0,0.0,0.0,2.0,123.9139175415039,124.83235473632813,2.850590277777777,0.015,0.0,0.1,1.0,0.0,0.0,1.0,0.42741645218451524,0.0054848103213507625,1717.71844196012,0.28528560637374184,0.435,0.4471046989106019,0.3,0.42741645218451524,0.34227533475945277,HEAVY-TAIL-RISK,Moderate
385,1925.0,1930.0,0.0,2.0,53.12000000000006,87.19254302978516,116.56037750244141,15.018708333333333,0.25,0.2,1.0,0.12424698795180708,0.043749999978124995,0.5,0.7943990834001153,0.31936951618965276,0.02471883755446623,869.2556783982575,0.2038389311342923,0.5562042262756048,0.4235239675709299,0.4286322250123783,0.31936951618965276,0.41447033767957575,HEAVY-TAIL-RISK,Moderate
386,1930.0,1935.0,0.0,1.0,49.52000000000001,84.97630310058594,124.67224578857422,15.342385416666668,0.275,0.1,1.0,0.1029886914378029,0.08749999991249999,0.42999999999999994,0.9290426968122856,0.3150758620301981,0.026425031181917212,1032.5751286267107,0.21570712443058523,0.5931398230995629,0.44483758088815195,0.4598378090130606,0.3150758620301981,0.4316341545404391,HEAVY-TAIL-RISK,Moderate
387,1935.0,1940.0,0.0,1.0,57.52000000000001,76.99470520019531,123.84097442626954,17.045979166666665,0.275,0.1,1.0,0.10778859527120999,0.08749999991249999,0.42999999999999994,0.5096672484140969,0.32099796022977245,0.030679773284313726,963.6364223791022,0.23976827756208963,0.41071150304635085,0.3587710580688942,0.334025174493604,0.32099796022977245,0.3491546063098292,SPARSE-EXTREME,Moderate
388,1940.0,1945.0,0.0,1.6000000000000085,56.800000000000026,59.93637466430664,119.65169982910156,22.45842708333333,0.2524999999999999,0.16000000000000086,1.0,0.11091549295774643,0.05468749996582002,0.5,0.41323236729113944,0.34190296940265724,0.04245128227124182,747.3069717679463,0.2978137115882585,0.39211936101626227,0.34169519205758037,0.3181103351753788,0.34190296940265724,0.3700092857572889,SPARSE-EXTREME,Moderate
389,1945.0,1950.0,0.0,3.0,54.280000000000015,83.55117797851562,109.63498992919922,19.21167361111111,0.2583333333333333,0.3,1.0,0.10685335298452465,0.02916666665694444,0.5,0.45049581676252193,0.3263057746665356,0.033912687500000004,892.9588276316053,0.20842216198037722,0.4043094302901658,0.3554878565611691,0.3203570783586871,0.3263057746665356,0.33962975963434217,SPARSE-EXTREME,Moderate
390,1950.0,1955.0,0.0,0.0,2.0,125.2943344116211,126.89779815673828,4.230611111111112,0.015,0.0,0.1,1.0,0.0,0.0,0.5416019982545903,0.4956364230787652,0.007305829793028323,1971.333892833884,0.3576752455014261,0.23559686924074677,0.3765372874659796,0.16248059947637708,0.4956364230787652,0.2679568673323031,LOW-COMPLEXITY,Moderate
391,1955.0,1960.0,0.0,0.0,54.760000000000005,135.0861358642578,137.37372436523438,5.762204861111111,0.15,0.0,1.0,0.10409057706355003,0.0,0.0,0.43527383999161984,0.5136411973848894,0.011437858932461872,2264.908346939911,0.384228103247262,0.18934412039635462,0.3607725651060053,0.13058215199748593,0.5136411973848894,0.2552652260632534,SPARSE-EXTREME,Moderate
392,1960.0,1965.0,0.0,0.0,41.000000000000256,135.86892700195312,147.3723388671875,4.135506944444443,0.15,0.0,1.0,0.1317073170731699,0.0,0.0,1.0,0.3671964897075456,0.008498485021786491,2845.7658538477076,0.21829109191737417,0.435,0.4230530687710672,0.3,0.3671964897075456,0.31541499760167424,HEAVY-TAIL-RISK,Moderate
393,1965.0,1970.0,0.0,0.0,41.76000000000026,133.2129364013672,134.82909240722657,6.1899444444444445,0.15,0.0,1.0,0.13170498084291105,0.0,0.0,0.30735779577283895,0.46092774576135614,0.010832841503267973,2612.3547246547096,0.31508742673693074,0.13370064116118494,0.31913283097017897,0.09220733873185168,0.46092774576135614,0.20011193713361483,SPARSE-EXTREME,Moderate
394,1970.0,1975.0,0.0,1.0,2.0,96.5186996459961,115.15697021484398,9.295569444444446,0.14,0.1,0.1,1.0,0.08749999991249999,0.42999999999999994,0.5010517971077172,0.5179909019884398,0.015526902913943354,1019.906369060452,0.4327172982967317,0.40696378172807574,0.4350049974255561,0.33144053910169013,0.5179909019884398,0.42177044231635813,LOW-COMPLEXITY,Moderate
395,1975.0,1980.0,0.0,1.0,40.000000000000256,95.17420196533203,98.44175567626954,5.845416666666666,0.275,0.1,1.0,0.13499999999999915,0.08749999991249999,0.42999999999999994,0.5256525803370098,0.41563674124351574,0.011036606209150328,656.4502466591163,0.28134619653934456,0.41766512243281795,0.4151153516210453,0.3388207740704779,0.41563674124351574,0.36840217307671064,SPARSE-EXTREME,Moderate
396,1980.0,1985.0,0.0,1.0,2.0,94.95943450927734,95.7582778930664,4.462333333333333,0.04,0.1,0.1,0.1,0.0,0.15,0.07111111111111112,0.4387370556274196,0.00718760811546841,932.5051581763112,0.2854180705844686,0.09205833333333335,0.2830786973735884,0.07383333333333333,0.4387370556274196,0.18026898213280199,LOW-COMPLEXITY,Low
397,1985.0,1990.0,0.0,1.0,2.0,95.15422058105469,126.56961975097656,3.802263888888889,0.04,0.1,0.1,1.0,0.0,0.15,0.6363212114916094,0.4309751904365937,0.0072421473311546835,1263.4691684760487,0.34808681968770316,0.33792472699885007,0.3792444302228213,0.2433963634474828,0.4309751904365937,0.331983344536432,HEAVY-TAIL-RISK,Moderate
398,1990.0,1995.0,0.0,0.0,1.0,126.58755493164062,127.3134979248047,1.632142361111111,0.0075,0.0,0.05,1.0,0.0,0.0,1.0,0.42894916731386723,0.003926652777777777,1563.3611628250644,0.29541786500616757,0.435,0.44556945503376155,0.3,0.42894916731386723,0.3464209499364335,HEAVY-TAIL-RISK,Moderate
399,1995.0,2000.0,0.0,0.0,1.0,47.41105651855469,48.26168975830078,1.420145833333333,0.0075,0.0,0.05,0.1,0.0,0.0,1.0,0.382943046664853,0.0028273075980392156,164.6391417440648,0.22031347486767017,0.435,0.41293556683271504,0.3,0.382943046664853,0.3089484241590721,HEAVY-TAIL-RISK,Moderate
400,2000.0,2005.0,0.0,0.0,1.0,47.66839599609375,126.32073516845703,3.349472222222222,0.0075,0.0,0.05,1.0,0.0,0.0,1.0,0.4123325612406325,0.006207059504357298,405.45191255987766,0.42617819383659483,0.435,0.38844261068679087,0.3,0.4123325612406325,0.39596087034851607,HEAVY-TAIL-RISK,Moderate
401,2005.0,2010.0,0.0,0.0,2.0,48.99784469604492,126.44566802978515,3.7560381944444448,0.015,0.0,0.1,1.0,0.0,0.0,1.0,0.3467018366616402,0.006861097086056645,831.1124160521878,0.3327623816973202,0.435,0.38002422494723054,0.3,0.3467018366616402,0.36271421041478075,HEAVY-TAIL-RISK,Moderate
402,2010.0,2015.0,0.0,0.0,1.0,50.31891632080078,55.39079666137695,5.623559027777778,0.0075,0.0,0.05,0.1,0.0,0.0,0.0,0.407816532851744,0.008901403050108935,186.02050370778477,0.27385340596608615,0.0,0.2166383845128441,0.0,0.407816532851744,0.11079600434960249,LOW-COMPLEXITY,Low
403,2015.0,2020.0,0.0,0.0,36.72000000000024,101.32518768310547,102.01846923828126,2.8154340277777776,0.15,0.0,1.0,0.13616557734204704,0.0,0.0,1.0,0.39064434964998795,0.006393599264705884,1315.056776694911,0.22746943309919807,0.435,0.43664023531290175,0.3,0.39064434964998795,0.31889771149661766,HEAVY-TAIL-RISK,Moderate
404,2020.0,2025.0,0.0,1.0,50.280000000000015,100.28291320800781,126.61413879394532,5.446020833333333,0.175,0.1,1.0,0.11336515513126488,0.0,0.15,0.15623955354982091,0.34115560438228976,0.011050440495642702,1116.7679950780414,0.23067451799947108,0.1290892057941721,0.2515351879121225,0.09937186606494627,0.34115560438228976,0.1790216067058791,SPARSE-EXTREME,Low
405,2025.0,2030.0,0.0,0.0,2.0,126.78837585449219,127.47162475585938,2.339423611111112,0.015,0.0,0.1,0.1,0.0,0.0,1.0,0.38778984600104255,0.003974698393246186,2118.1915098223376,0.22323403098410377,0.435,0.43569996888055684,0.3,0.38778984600104255,0.31716454309998615,HEAVY-TAIL-RISK,Moderate
406,2030.0,2035.0,0.0,0.0,2.0,126.66722106933594,127.71925659179688,1.0507291666666667,0.015,0.0,0.1,0.1,0.0,0.0,1.0,0.38543970836384267,0.0020650742102396517,2130.068758741014,0.22087440152544977,0.435,0.4345370262134495,0.3,0.38543970836384267,0.3161652328464716,HEAVY-TAIL-RISK,Moderate
407,2035.0,2040.0,0.0,0.0,1.7600000000000051,126.54789733886719,127.40565643310546,3.318927083333334,0.013200000000000038,0.0,0.08800000000000026,1.0,0.0,0.0,0.28,0.4284549250854066,0.006268741966230937,1630.7683256222022,0.29384906630446095,0.1218,0.3013987471626228,0.084,0.4284549250854066,0.18730036338779682,LOW-COMPLEXITY,Moderate
408,2040.0,2045.0,0.0,1.0,41.520000000000266,126.23169708251953,126.8610824584961,5.683697916666665,0.175,0.1,1.0,0.1372832369942188,0.0,0.15,0.5217129174153682,0.43348055914459255,0.010377059504357298,1388.844353601557,0.30050172350876303,0.28807011907568514,0.369949086701887,0.20901387522461043,0.43348055914459255,0.28711983992619905,SPARSE-EXTREME,Moderate
409,2045.0,2050.0,1.0,3.0,36.16000000000021,51.563514709472656,98.77056274414062,10.821090277777778,0.30549410029498514,0.3,1.0,0.13827433628318503,0.3333333332944444,0.34500000000000003,0.4127842593030141,0.3811337359415345,0.017735664215686273,619.1357061658383,0.34168688644247247,0.37264865279068615,0.39125304088202595,0.3612519444439598,0.3811337359415345,0.3606662124400138,SPARSE-EXTREME,Moderate
410,2050.0,2055.0,0.0,1.0,33.16000000000021,96.61756896972656,131.2872741699219,4.567086805555556,0.175,0.1,1.0,0.14776839565741764,0.0,0.15,0.5142541978830176,0.3231415766792533,0.008417741421568628,1583.1867016552749,0.2150271859926896,0.28482557607911263,0.31482102531566325,0.20677625936490526,0.3231415766792533,0.25155368736946626,SPARSE-EXTREME,Moderate
411,2055.0,2060.0,0.0,1.0,2.0,49.75440979003906,95.81776733398438,4.730635416666668,0.14,0.1,0.1,1.0,0.08749999991249999,0.42999999999999994,0.376,0.3730594852516742,0.00876350313180828,424.49728959807754,0.33278667264913636,0.3525662499862187,0.3384194007147005,0.29392499996937493,0.3730594852516742,0.3554752552617948,LOW-COMPLEXITY,Moderate
412,2060.0,2065.0,1.0,4.0,38.440000000000225,98.55985260009766,101.46895446777344,16.274795138888887,0.2880072840790842,0.4,1.0,0.1352757544224758,0.27187499997265624,0.419,0.25617045039182823,0.41978168139061456,0.026254925925925928,708.5735052557282,0.2852591351275397,0.3249969584161386,0.3985103738733966,0.31865738510797814,0.41978168139061456,0.3203383456305792,SPARSE-EXTREME,Moderate
413,2065.0,2070.0,0.0,0.0,1.0,49.52066421508789,50.477699279785156,2.1074131944444447,0.0075,0.0,0.05,0.1,0.0,0.0,1.0,0.3939404270396009,0.0036462329793028325,199.18519905232142,0.2338837753499573,0.435,0.41826977468269283,0.3,0.3939404270396009,0.31485120205402095,HEAVY-TAIL-RISK,Moderate
414,2070.0,2075.0,0.0,1.0,1.0,51.183753967285156,52.75950927734375,1.3981145833333335,0.0325,0.1,0.05,0.1,0.0,0.15,0.04571428571428573,0.40817779747923333,0.003183229847494553,233.1752223737645,0.2574605604072538,0.08101071428571428,0.2516211080920888,0.06621428571428571,0.40817779747923333,0.15911036152319255,LOW-COMPLEXITY,Low
415,2075.0,2080.0,0.0,1.0,1.0,51.67543029785156,53.09882431030273,2.0247187500000003,0.0325,0.1,0.05,0.2,0.0,0.15,0.04571428571428573,0.4294329778521269,0.004425687227668844,248.61579100010644,0.2853288536764389,0.08101071428571428,0.26006457873584515,0.06621428571428571,0.4294329778521269,0.1706859277898764,LOW-COMPLEXITY,Low
416,2080.0,2085.0,0.0,0.0,1.0,52.51128387451172,53.69992294311523,1.2829375,0.0075,0.0,0.05,0.1,0.0,0.0,1.0,0.3905516836870229,0.0028775650871459696,259.65212938996115,0.23206895435027744,0.435,0.42088883697976837,0.3,0.3905516836870229,0.3157076491963019,HEAVY-TAIL-RISK,Moderate
417,2085.0,2090.0,0.0,0.0,1.0,53.75751495361328,54.319184112548825,1.8483298611111114,0.0075,0.0,0.05,0.1,0.0,0.0,1.0,0.40134620327621234,0.0032877126906318077,263.29594576380345,0.24090204542271856,0.435,0.4251615494791605,0.3,0.40134620327621234,0.3189210142100124,HEAVY-TAIL-RISK,Moderate
418,2090.0,2095.0,0.0,0.0,35.960000000000235,65.59259033203125,96.59316864013672,3.3468124999999995,0.15,0.0,1.0,0.16407119021134486,0.0,0.0,0.3071495303578098,0.4092070741947597,0.007345803785403049,661.1936573008642,0.3384560210562465,0.13361004570564727,0.2825149633209879,0.09214485910734294,0.4092070741947597,0.21187890869545056,SPARSE-EXTREME,Low
419,2095.0,2100.0,0.0,0.0,1.0,66.10923767089844,66.51995239257812,1.5557569444444448,0.0075,0.0,0.05,0.1,0.0,0.0,1.0,0.4020517301653689,0.0029143035130718953,397.8561125945643,0.2422171815119664,0.435,0.43407872313788265,0.3,0.4020517301653689,0.3225232113128999,HEAVY-TAIL-RISK,Moderate
420,2100.0,2105.0,0.0,0.0,1.0,64.88752746582031,97.7701202392578,2.5458020833333324,0.0075,0.0,0.05,1.0,0.0,0.0,1.0,0.4735857981673194,0.005402179738562092,568.4777714789475,0.42416310504400107,0.435,0.4364885922524465,0.3,0.4735857981673194,0.396456110268527,HEAVY-TAIL-RISK,Moderate
421,2105.0,2110.0,0.0,1.0,35.440000000000225,98.4466552734375,131.15506591796876,5.502736111111111,0.175,0.1,1.0,0.21444695259593544,0.0,0.15,0.18243264718265692,0.32383372121666115,0.010190537309368192,1871.9885671504328,0.20812628536258584,0.14048320152445576,0.2505850788291358,0.10722979415479708,0.32383372121666115,0.17567438704472368,SPARSE-EXTREME,Low
422,2110.0,2115.0,0.0,0.0,1.0,65.60991668701172,69.95946350097657,3.524267361111111,0.0075,0.0,0.05,1.0,0.0,0.0,1.0,0.45205869449878455,0.00807302573529412,398.18055614357536,0.3213107212961359,0.435,0.4457237952802806,0.3,0.45205869449878455,0.35364401537147,HEAVY-TAIL-RISK,Moderate
423,2115.0,2120.0,0.0,0.0,2.0,66.44217681884766,123.11710357666016,2.1897222222222226,0.015,0.0,0.1,1.0,0.0,0.0,1.0,0.3792082858078591,0.004638319580610021,1244.7721760316256,0.3354042639031623,0.435,0.4015438041663192,0.3,0.3792082858078591,0.363440391957828,HEAVY-TAIL-RISK,Moderate
424,2120.0,2125.0,0.0,0.0,58.0,65.88414001464844,99.24479217529297,4.062409722222222,0.15,0.0,1.0,0.10172413793103448,0.0,0.0,0.38258615527207285,0.40373372800865576,0.009549124046840957,720.1424303813195,0.33542636708392154,0.16642497754335167,0.29462031800723587,0.11477584658162185,0.40373372800865576,0.22728478613314032,SPARSE-EXTREME,Low
425,2125.0,2130.0,0.0,0.0,1.0,66.55873107910156,67.54161224365234,1.7044548611111108,0.0075,0.0,0.05,0.1,0.0,0.0,1.0,0.41049766955682826,0.003056457380174292,402.38342344244353,0.25622232715863424,0.435,0.4367593551871399,0.3,0.41049766955682826,0.328352520505609,HEAVY-TAIL-RISK,Moderate
426,2130.0,2135.0,0.0,0.0,1.0,66.1447525024414,66.66662292480468,2.2344513888888886,0.0075,0.0,0.05,0.1,0.0,0.0,1.0,0.4001581583801481,0.003659304057734205,381.17627370691457,0.23818584343663315,0.435,0.4319152294294376,0.3,0.4001581583801481,0.3202237124235827,HEAVY-TAIL-RISK,Moderate
427,2135.0,2140.0,0.0,0.0,1.0,66.34337615966797,66.76605682373047,2.362309027777778,0.0075,0.0,0.05,0.1,0.0,0.0,1.0,0.3986325719866966,0.003805561138344226,392.28033331456464,0.2369487282280523,0.435,0.43251372847890573,0.3,0.3986325719866966,0.32019602608496894,HEAVY-TAIL-RISK,Moderate
428,2140.0,2145.0,0.0,1.0,46.800000000000026,65.09257507324219,93.99574584960938,4.2071805555555555,0.175,0.1,1.0,0.12179487179487172,0.0,0.15,0.1581222175964342,0.3418456417849423,0.00947607638888889,525.2348160843683,0.25082448301307164,0.12990816465444888,0.24522272331650347,0.09993666527893025,0.3418456417849423,0.18699711686054157,SPARSE-EXTREME,Low
429,2145.0,2150.0,0.0,0.0,34.68000000000022,130.63951110839844,131.4719268798828,3.0668506944444442,0.15,0.0,1.0,0.14129181084198295,0.0,0.0,1.0,0.4267289809772321,0.006434094635076251,2507.0386261841504,0.28337216228652806,0.435,0.44724348780044254,0.3,0.4267289809772321,0.3415390566291109,HEAVY-TAIL-RISK,Moderate
430,2150.0,2155.0,0.0,0.0,1.0,51.6754150390625,52.21525650024414,1.5465590277777777,0.0075,0.0,0.05,0.1,0.0,0.0,1.0,0.4013938200532187,0.002820069580610022,231.8987888600245,0.24144073461874457,0.435,0.4233254675957231,0.3,0.4013938200532187,0.31853582595457064,HEAVY-TAIL-RISK,Moderate
431,2155.0,2160.0,0.0,0.0,1.0,52.58371353149414,53.86476440429688,2.2617534722222223,0.0075,0.0,0.05,0.1,0.0,0.0,1.0,0.4259208292856541,0.003992100081699346,248.4768145082385,0.2763525877000155,0.435,0.4311392064334571,0.3,0.4259208292856541,0.3325948087803042,HEAVY-TAIL-RISK,Moderate
432,2160.0,2165.0,0.0,0.0,2.0,129.31942749023438,130.7972625732422,1.017965277777778,0.015,0.0,0.1,1.0,0.0,0.0,0.5369577251019837,0.40276615891166756,0.002761015931372549,3536.620807315341,0.24500556772841006,0.2335766104193629,0.34738816793090366,0.1610873175305951,0.40276615891166756,0.22394076167740198,LOW-COMPLEXITY,Moderate
433,2165.0,2170.0,0.0,0.0,45.8400000000003,66.4736557006836,95.78475799560547,4.397052083333332,0.15,0.0,1.0,0.1374345549738211,0.0,0.0,0.30913262084960313,0.5668607676217061,0.009017479438997823,527.2516044388105,0.5256949823907858,0.13447269006957735,0.32799879562342926,0.09273978625488094,0.5668607676217061,0.2823017708856071,SPARSE-EXTREME,Moderate
434,2170.0,2175.0,0.0,0.6000000000000085,35.960000000000235,53.75200653076172,95.24920806884766,5.268357638888889,0.1650000000000002,0.06000000000000085,1.0,0.13626251390433725,0.0,0.15,0.16391895789869135,0.3802519975025898,0.009324093001089323,425.87386542381324,0.3310014199907383,0.13242974668593072,0.24997815049024796,0.1016756873696074,0.3802519975025898,0.2200179069761122,SPARSE-EXTREME,Low
435,2175.0,2180.0,0.0,1.0,2.0,122.85099029541016,123.11401824951172,3.2105555555555556,0.04,0.1,0.1,1.0,0.0,0.15,0.6345794730587452,0.43182790009021144,0.006035706699346405,1813.1874747606291,0.2874263197591871,0.33716707078055413,0.39450887167887894,0.24287384191762354,0.43182790009021144,0.3065212109034601,HEAVY-TAIL-RISK,Moderate
436,2180.0,2185.0,0.0,1.0,49.0,92.47453308105469,123.27821197509766,4.482760416666666,0.175,0.1,1.0,0.12244897959183673,0.0,0.15,0.1586496763752709,0.32767540084776714,0.009862266476034855,1227.5842825492732,0.21703533270871792,0.13013760922324283,0.24615024477643516,0.10009490291258126,0.32767540084776714,0.1740488532704601,SPARSE-EXTREME,Low
437,2185.0,2190.0,0.0,1.0,36.960000000000235,49.44348907470703,92.96267700195312,6.239979166666667,0.175,0.1,1.0,0.13257575757575674,0.0,0.15,0.15923801351591158,0.43782926106737025,0.011121069444444442,305.74422277181407,0.4153131248353211,0.13039353587942154,0.25272580562206454,0.10027140405477347,0.43782926106737025,0.24803898114592732,SPARSE-EXTREME,Low
438,2190.0,2195.0,0.0,0.0,1.0,50.89985275268555,51.45846862792969,2.9209027777777767,0.0075,0.0,0.05,1.0,0.0,0.0,0.28,0.466087467785954,0.005981811410675382,264.0517077948154,0.31613543268361216,0.1218,0.29968708270774913,0.084,0.466087467785954,0.18843632834302979,LOW-COMPLEXITY,Low
439,2195.0,2200.0,0.0,1.0,36.20000000000023,94.54158782958984,95.29084777832031,5.627815972222222,0.275,0.1,1.0,0.1325966850828721,0.08749999991249999,0.42999999999999994,0.38194775709905715,0.4316142741933494,0.01018451688453159,693.9181150163218,0.29485650739665775,0.3551535243243086,0.39333925188197316,0.2957093270990921,0.4316142741933494,0.34198558687354064,SPARSE-EXTREME,Moderate
440,2200.0,2205.0,0.0,0.6000000000000085,1.0,94.92041015625,95.59399871826172,2.8761944444444447,0.022500000000000214,0.06000000000000085,0.05,0.2,0.0,0.15,0.13399999982500096,0.3950859940375123,0.00464127968409586,966.2557299292566,0.2324805182144203,0.11941499992387541,0.2825015996182598,0.09269999994750028,0.3950859940375123,0.17394432043797314,LOW-COMPLEXITY,Low
441,2205.0,2210.0,0.0,1.0,52.800000000000026,88.2421646118164,95.50003509521484,6.032795138888889,0.175,0.1,1.0,0.1041666666666666,0.0,0.15,0.47483628942515277,0.39650612165292554,0.012138160539215685,640.55302092523,0.2652566814354964,0.26767878589994143,0.34427597680789457,0.19495088682754583,0.39650612165292554,0.2627238456010529,SPARSE-EXTREME,Moderate
442,2210.0,2215.0,0.0,0.0,1.7600000000000051,122.53890228271484,123.15354919433594,2.428371527777778,0.013200000000000038,0.0,0.08800000000000026,1.0,0.0,0.0,1.0,0.43275951943908225,0.005100056508714597,999.959445630193,0.29880492666114417,0.435,0.44701695090362326,0.3,0.43275951943908225,0.34766851628706963,HEAVY-TAIL-RISK,Moderate
443,2215.0,2220.0,0.0,1.0,1.0,50.55747604370117,51.39401397705078,3.677836805555555,0.0325,0.1,0.05,1.0,0.0,0.15,0.04571428571428573,0.42768658542209614,0.006959919934640523,209.6113927824846,0.27426088979136365,0.08101071428571428,0.25656153943156446,0.06621428571428571,0.42768658542209614,0.1643624801983482,LOW-COMPLEXITY,Low
444,2220.0,2225.0,0.0,0.0,37.480000000000246,92.3689956665039,94.41279602050781,2.672128472222222,0.15,0.0,1.0,0.13340448239060745,0.0,0.0,1.0,0.4220283488473521,0.006343859068627451,585.7288877261093,0.28550621215743754,0.435,0.44335586555206874,0.3,0.4220283488473521,0.3424205718101048,HEAVY-TAIL-RISK,Moderate
445,2225.0,2230.0,0.0,1.0,2.0,86.05650329589844,90.65525512695312,7.457,0.14,0.1,0.1,0.1,0.08749999991249999,0.42999999999999994,0.246571398519455,0.41014375604807274,0.01128556454248366,732.6270048863022,0.2664227632186486,0.2962648083421816,0.3590650783787839,0.25509641952521145,0.41014375604807274,0.3008339298077987,LOW-COMPLEXITY,Moderate
446,2230.0,2235.0,0.0,0.0,1.7600000000000051,85.33131408691406,85.89125518798828,4.67229513888889,0.013200000000000038,0.0,0.08800000000000026,0.11363636363636331,0.0,0.0,0.003818181816012305,0.4077070776374556,0.00704975871459695,728.8589921425222,0.24856619262385948,0.0016609090899653528,0.24226724595678048,0.0011454545448036915,0.4077070776374556,0.10772259025984085,LOW-COMPLEXITY,Low
447,2235.0,2240.0,0.0,0.0,1.0,143.09112548828125,144.21997680664063,0.9165069444444446,0.0075,0.0,0.05,1.0,0.0,0.0,1.0,0.4008062436811981,0.0032216239106753813,2655.2347323273884,0.24138001824389155,0.435,0.43979100780490277,0.3,0.4008062436811981,0.3244153009333622,HEAVY-TAIL-RISK,Moderate
448,2240.0,2245.0,0.0,0.0,39.24000000000025,123.93524169921875,144.20712585449218,3.824402777777778,0.15,0.0,1.0,0.1376146788990817,0.0,0.0,0.010532110091474471,0.3561636179672205,0.007918609068627453,1867.9295869183604,0.22224443475537703,0.004581467889791395,0.21612117185938035,0.003159633027442341,0.3561636179672205,0.09930353955038768,SPARSE-EXTREME,Low
449,2245.0,2250.0,0.0,1.0,2.0,120.8226547241211,122.3103271484375,4.058503472222222,0.04,0.1,0.1,1.0,0.0,0.15,0.35111111111111115,0.42638410369948393,0.007712531181917212,1325.8232435849925,0.29165766737385584,0.21385833333333337,0.3331423005044112,0.15783333333333335,0.42638410369948393,0.2459992796052675,LOW-COMPLEXITY,Moderate
450,2250.0,2255.0,0.0,0.0,35.960000000000235,97.7213363647461,121.68089904785157,4.82603125,0.15,0.0,1.0,0.1473859844271403,0.0,0.0,0.01326807563923032,0.34709999961021587,0.009234789351851853,985.6453080625819,0.2291297696654218,0.005771612903065189,0.20889721486583573,0.003980422691769096,0.34709999961021587,0.10289412147908399,SPARSE-EXTREME,Low
451,2255.0,2260.0,0.0,1.0,2.0,121.12810516357422,121.81602630615234,3.4845208333333333,0.04,0.1,0.1,0.1,0.0,0.15,0.07111111111111112,0.39170279019642906,0.00567294512527233,1745.44397063716,0.22792918781457852,0.09205833333333335,0.26901682054311665,0.07383333333333333,0.39170279019642906,0.1583614502149395,LOW-COMPLEXITY,Low
452,2260.0,2265.0,0.0,0.0,1.0,121.46190643310547,121.93722381591797,1.3644479166666668,0.0075,0.0,0.05,0.2,0.0,0.0,1.0,0.41410121742641687,0.0027792904411764706,1756.4450839738465,0.2582848295791455,0.435,0.4445053053017799,0.3,0.41410121742641687,0.33119396728859146,HEAVY-TAIL-RISK,Moderate
453,2265.0,2270.0,0.0,0.0,1.0,122.0300064086914,122.52974243164063,1.436895833333333,0.0075,0.0,0.05,0.1,0.0,0.0,1.0,0.40161021397316,0.00256246568627451,1792.6494149318214,0.23964339992689687,0.435,0.43991491298664276,0.3,0.40161021397316,0.32338936601548335,HEAVY-TAIL-RISK,Moderate
454,2270.0,2275.0,0.0,0.0,1.0,121.38904571533203,122.48572998046875,2.3565590277777777,0.0075,0.0,0.05,1.0,0.0,0.0,1.0,0.3969311883903131,0.004980117783224401,1755.6316554285172,0.236143349967162,0.435,0.4383803430356511,0.3,0.3969311883903131,0.32227199794848055,HEAVY-TAIL-RISK,Moderate
455,2275.0,2280.0,0.0,1.0,34.440000000000225,48.09214401245117,98.75039672851562,5.735701388888888,0.175,0.1,1.0,0.14227642276422672,0.0,0.15,0.16136301722917856,0.36847385791323933,0.010273474264705883,725.7440338116685,0.33507995846001104,0.13131791249469266,0.24460080680166207,0.10090890516875356,0.36847385791323933,0.2227362497166542,SPARSE-EXTREME,Low
456,2280.0,2285.0,1.0,3.0,35.400000000000205,130.65139770507812,149.1018829345703,13.04240277777778,0.3057909604519773,0.3,1.0,0.14406779661016866,0.3333333332944444,0.34500000000000003,0.1669762081846528,0.3791080163782616,0.021643253540305014,2672.4607480168415,0.2603946414960437,0.265722150554199,0.3621326576027417,0.2875095291084514,0.3791080163782616,0.273463178042114,SPARSE-EXTREME,Moderate
457,2285.0,2290.0,2.0,3.0,5.0,154.2733154296875,156.33990478515625,25.37221180555556,0.25625000000000003,0.15,0.125,0.1,0.6666666665888888,0.2075,0.19940823423512513,0.41061304775883906,0.037763163534858396,3604.3024285828756,0.2569036618535009,0.27629883188002946,0.4405745722682164,0.36578080357664866,0.41061304775883906,0.2617859044161852,LOW-COMPLEXITY,Moderate
458,2290.0,2295.0,1.0,1.0,3.0,154.3864288330078,155.54869995117187,13.890319444444446,0.21416666666666664,0.1,0.15,0.13333333333333333,0.99999999965,0.015,0.22702952296739695,0.39660301085311317,0.01761852736928105,3638.02150550501,0.2340589168645969,0.2623703424356927,0.4828551013849627,0.423358856767719,0.39660301085311317,0.22468241964886665,LOW-COMPLEXITY,Moderate
459,2295.0,2300.0,0.0,1.0,2.760000000000005,72.53646087646484,155.6289306640625,5.436006944444444,0.04570000000000004,0.1,0.13800000000000026,1.0,0.0,0.15,0.3639543726235743,0.43127589119997517,0.008840573529411764,1037.9283577364606,0.4249900599976319,0.21944515209125479,0.29791226176627206,0.16168631178707227,0.43127589119997517,0.30103850471055354,LOW-COMPLEXITY,Low
460,2300.0,2305.0,0.0,0.0,2.0,71.65485382080078,73.52789001464843,5.207121527777779,0.015,0.0,0.1,0.1,0.0,0.0,1.0,0.3966456928063629,0.007925035130718955,559.877040638285,0.24135473732326537,0.435,0.43726533434791603,0.3,0.3966456928063629,0.3245588124818126,HEAVY-TAIL-RISK,Moderate
461,2305.0,2310.0,0.0,1.0,47.64000000000007,125.68782043457031,145.03751525878906,12.327590277777778,0.275,0.1,1.0,0.16792611251049513,0.08749999991249999,0.42999999999999994,0.6466094137511997,0.37374239334916637,0.021934571486928105,2348.7989836131933,0.2383244131667304,0.47028134496799057,0.42160696073958914,0.37510782409473487,0.37374239334916637,0.3777804565676098,HEAVY-TAIL-RISK,Moderate
462,2310.0,2315.0,0.0,0.0,42.760000000000005,83.4935531616211,144.8557891845703,8.649420138888887,0.15,0.0,1.0,0.19176800748362954,0.0,0.0,0.025695042094815358,0.3204653069669798,0.015260621868191724,1394.6960987283333,0.24883242018920693,0.01117734331124468,0.18863444511631483,0.007708512628444607,0.3204653069669798,0.11417619545779101,SPARSE-EXTREME,Low
463,2315.0,2320.0,0.0,0.0,2.0,144.77481079101562,145.58466491699218,5.589072916666667,0.015,0.0,0.1,1.0,0.0,0.0,0.5587749904184893,0.43250776605708346,0.009500528867102398,2045.4589250472186,0.296457094179458,0.24306712083204285,0.3591941457566423,0.1676324971255468,0.43250776605708346,0.2496358051530563,LOW-COMPLEXITY,Moderate
464,2320.0,2325.0,0.0,0.0,2.0,73.39509582519531,74.9982696533203,5.39226736111111,0.015,0.0,0.1,0.1,0.0,0.0,1.0,0.40208338093923,0.007996598720043572,554.9368108005297,0.24470025681764399,0.435,0.43876499111584377,0.3,0.40208338093923,0.3253970300645598,HEAVY-TAIL-RISK,Moderate
465,2325.0,2330.0,0.0,0.0,1.7600000000000051,75.44683074951172,76.35948486328125,5.844079861111111,0.013200000000000038,0.0,0.08800000000000026,1.0,0.0,0.0,0.28,0.43674578915083223,0.00959883959694989,609.7729361301541,0.2824779316919582,0.1218,0.30544347719307785,0.084,0.43674578915083223,0.18095773557584827,LOW-COMPLEXITY,Moderate
466,2330.0,2335.0,0.0,0.0,2.0,143.4553985595703,144.9028076171875,0.7682083333333333,0.015,0.0,0.1,0.1,0.0,0.0,1.0,0.40798637997777976,0.0016060575980392155,2946.813846705973,0.2517569023828188,0.435,0.4420605945778633,0.3,0.40798637997777976,0.32860306429921654,HEAVY-TAIL-RISK,Moderate
467,2335.0,2340.0,0.0,0.0,2.0,143.77069091796875,144.769677734375,2.290107638888889,0.015,0.0,0.1,1.0,0.0,0.0,1.0,0.512872796445523,0.004597248093681918,2504.961525978383,0.37969268275600804,0.435,0.47463579576947956,0.3,0.512872796445523,0.3777506707859411,HEAVY-TAIL-RISK,Moderate
468,2340.0,2345.0,1.0,3.0,47.0,117.26678466796875,144.34315185546876,15.207885416666663,0.26897163120567374,0.3,1.0,0.10638297872340426,0.3041666666375,0.415,0.39739781271355884,0.3500586709332033,0.027558273011982576,1288.7141826874597,0.23161452190252538,0.3898867985258043,0.39838220422263804,0.37092767713719266,0.3500586709332033,0.331086036602919,SPARSE-EXTREME,Moderate
469,2345.0,2350.0,0.0,1.0,47.08000000000004,91.7769546508789,109.44427642822265,12.01537847222222,0.275,0.1,1.0,0.17417162276975345,0.08749999991249999,0.42999999999999994,0.17951225041264884,0.3585588526775443,0.022270998774509807,921.4560163270816,0.23406936204686984,0.26709407891572096,0.31918429640140433,0.2349786750931696,0.3585588526775443,0.2735363091564376,SPARSE-EXTREME,Moderate
470,2350.0,2355.0,0.0,1.0,79.80000000000015,57.01359558105469,73.11763610839844,9.057006944444446,0.175,0.1,1.0,0.14035087719298217,0.0,0.15,0.7656122025487341,0.3518965851997504,0.019482438316993467,337.8591328203259,0.24696615842429423,0.39416630810869935,0.3671751811328056,0.2821836607646202,0.3518965851997504,0.3163620766910016,HEAVY-TAIL-RISK,Moderate
471,2355.0,2360.0,0.0,2.0,50.4400000000001,67.88269805908203,118.75635528564453,13.589635416666669,0.25,0.2,1.0,0.14869151467089584,0.043749999978124995,0.5,0.8244959334134478,0.29111430283037265,0.024766991693899783,761.0354030926336,0.2107375953699373,0.5692963560314045,0.4084912873103448,0.43766128001637805,0.29111430283037265,0.42423656254801334,HEAVY-TAIL-RISK,Moderate
472,2360.0,2365.0,0.0,2.0,82.52000000000001,69.07545471191406,116.45918426513673,19.804552083333338,0.25,0.2,1.0,0.10179350460494425,0.043749999978124995,0.5,0.5789401515964154,0.3284165020127272,0.0375223095043573,559.1546522246414,0.25923845485092445,0.4624795909409954,0.37232627619653724,0.36399454547126836,0.3284165020127272,0.38967032133053076,SPARSE-EXTREME,Moderate
473,2365.0,2370.0,1.0,4.0,51.56000000000003,75.09568786621094,95.78518371582032,22.098493055555554,0.3346974398758728,0.4,1.0,0.13382467028704415,0.27187499997265624,0.419,0.8195100869287721,0.34643788284697935,0.03799573243464052,626.966657778749,0.22752301825954485,0.5700497003097091,0.47633062159374173,0.4876592760690613,0.34643788284697935,0.42154426901515296,HEAVY-TAIL-RISK,Moderate
474,2370.0,2375.0,1.0,7.0,55.52000000000001,128.55935668945312,135.61839294433594,25.747826388888885,0.36257719226018936,0.7,1.0,0.10806916426512966,0.16785714284642855,0.6588095238095237,0.39606267495786274,0.4138830213606097,0.044263071350762524,1333.3128574002258,0.27981002769725466,0.4671896445573637,0.43379685965804193,0.4081521358169421,0.4138830213606097,0.41237494158485,SPARSE-EXTREME,Moderate
475,2375.0,2380.0,1.0,1.0,63.60000000000005,91.78282165527344,124.3865951538086,17.413006944444447,0.28286163522012575,0.1,1.0,0.1257861635220125,0.9124999997375001,0.2583333333333333,0.8620259269271286,0.3168406416240182,0.031033522194989102,1135.5362611975754,0.20411893332436043,0.6239708615052906,0.5774303386238057,0.6683994446529302,0.3168406416240182,0.4188371471469102,MOTION-HEAVY,High
476,2380.0,2385.0,0.0,1.0,56.56000000000003,83.80166625976562,120.9861053466797,11.222420138888888,0.175,0.1,1.0,0.17857142857142846,0.0,0.15,0.5690125710433589,0.31497553177655757,0.0200392704248366,1075.5905242694805,0.21219692986332062,0.3086454684038611,0.3215177013401588,0.22320377131300764,0.31497553177655757,0.26273766311308033,SPARSE-EXTREME,Moderate
477,2385.0,2390.0,2.0,8.0,67.68000000000009,84.93738555908203,143.87066955566405,28.28276041666666,0.3147754137115839,0.4,1.0,0.10638297872340412,0.27187499998632814,0.419,0.4650503717270414,0.31923437915704556,0.05152210144335512,1258.7006641450794,0.2464836982795607,0.41585972419910966,0.3829328046656839,0.38132136151332724,0.31923437915704556,0.3519672917425645,SPARSE-EXTREME,Moderate
478,2390.0,2395.0,0.0,4.6000000000000085,62.56000000000003,102.00788879394531,152.39413757324218,17.679270833333334,0.28673913043478283,0.46000000000000085,1.0,0.1166879795396419,0.019021739126299585,0.5,0.737859903425702,0.31535068343330785,0.03199446800108932,1367.3288617297467,0.22426576426138617,0.5277149819025725,0.3993538833139618,0.4030155797219154,0.31535068343330785,0.408748055946108,HEAVY-TAIL-RISK,Moderate
479,2395.0,2400.0,2.0,5.0,6.0,91.67079162597656,94.30902404785157,20.632635416666663,0.29166666666666663,0.25,0.15,0.1,0.399999999972,0.31249999999999994,0.1380924914675768,0.4037864349101484,0.030167484068627452,882.9883691408812,0.2507163720401415,0.2504139837839859,0.38448728701220514,0.290802747430473,0.4037864349101484,0.257821001466942,BURST-DOMINATED,Moderate
480,2400.0,2405.0,3.0,5.0,6.0,90.33118438720703,92.564599609375,25.50607986111111,0.3666666666666667,0.16666666666666669,0.1,0.11666666666666667,0.6174999999545,0.13115384615384615,0.12133333330533334,0.4079229781676479,0.0355378864379085,946.5734679641783,0.25357654819246794,0.20348144228834608,0.40368785672637175,0.29842884612952114,0.4079229781676479,0.21708674094281363,LOW-COMPLEXITY,Moderate
481,2405.0,2410.0,1.0,3.6000000000000085,44.520000000000266,98.50363159179688,158.51021728515624,13.274048611111109,0.3067864630128781,0.3600000000000009,1.0,0.1347708894878698,0.27777777775077095,0.42466666666666775,0.18185831775468567,0.3940047888967809,0.0210964200708061,2481.409779308797,0.33387807866628755,0.29591003488570183,0.3556297061707353,0.30041305087250925,0.3940047888967809,0.3263536535985757,SPARSE-EXTREME,Moderate
482,2410.0,2415.0,0.0,1.0,2.760000000000005,156.1286163330078,156.7981414794922,5.736093750000001,0.04570000000000004,0.1,0.13800000000000026,1.0,0.0,0.15,0.6453500092010833,0.5130168736691078,0.009419358251633984,3647.5717456240204,0.37870545376853454,0.3418522540024712,0.4222365460685954,0.246105002760325,0.5130168736691078,0.34318380097116125,HEAVY-TAIL-RISK,Moderate
483,2415.0,2420.0,0.0,0.0,2.0,151.69908142089844,154.83671875,4.825288194444445,0.015,0.0,0.1,1.0,0.0,0.0,0.5499687213455935,0.457466816685412,0.008429139161220043,3769.244553848352,0.308769102435235,0.23923639378533318,0.364731392088259,0.16499061640367804,0.457466816685412,0.25016914247899413,LOW-COMPLEXITY,Moderate
484,2420.0,2425.0,1.0,2.0,3.0,69.10747528076172,72.38328704833984,12.170118055555557,0.33916666666666667,0.2,0.15,1.0,0.4999999999125,0.18999999999999997,0.38434782608695656,0.38549238639368133,0.02089816557734205,457.24890586439216,0.23147718578495732,0.32336630433404484,0.4284550245330722,0.35680434779546194,0.38549238639368133,0.2744769287936771,BURST-DOMINATED,Moderate
485,2425.0,2430.0,1.0,2.0,4.760000000000005,97.94255065917969,99.08426818847656,8.444798611111112,0.24074201680672264,0.2,0.23800000000000027,0.9453781512605032,0.456249999934375,0.23666666666666666,0.6247858316388165,0.42535651570121735,0.01391258251633987,730.1928057553221,0.283443021294898,0.4400828784192159,0.4902806327058341,0.42995658280200955,0.42535651570121735,0.35986514458167573,HEAVY-TAIL-RISK,Moderate
486,2430.0,2435.0,0.0,2.0,40.24000000000025,99.25035858154297,100.08022918701172,8.04684375,0.25,0.2,1.0,0.12922465208747433,0.043749999978124995,0.5,0.16439405348361888,0.41404599546668774,0.014140205201525053,948.3146405717961,0.2599242262421029,0.2821520382619289,0.34697153745940323,0.2396307160374294,0.41404599546668774,0.29754976038771347,SPARSE-EXTREME,Moderate
487,2435.0,2440.0,0.0,0.0,1.0,100.18531799316406,100.96668853759766,2.868420138888889,0.0075,0.0,0.05,0.1,0.0,0.0,1.0,0.39934684672190707,0.004895565767973856,1004.230306655699,0.23930640115136154,0.435,0.43942947235367624,0.3,0.39934684672190707,0.3236168042189907,HEAVY-TAIL-RISK,Moderate
488,2440.0,2445.0,0.0,1.0,41.000000000000256,100.8162612915039,133.09008178710937,8.560069444444446,0.275,0.1,1.0,0.13902439024390156,0.08749999991249999,0.42999999999999994,0.1958606299209794,0.356042111481196,0.015253933142701525,1225.947591014838,0.2507725266128605,0.2742056240018447,0.3148127101544411,0.23988318894566876,0.356042111481196,0.2834392784783325,SPARSE-EXTREME,Moderate
489,2445.0,2450.0,0.0,3.0,57.800000000000026,128.1200408935547,132.55631103515626,12.781704861111113,0.22499999999999998,0.3,1.0,0.10380622837370237,0.0,0.15,0.5234576839909906,0.4252649976601406,0.023007485702614374,1714.8402768599708,0.2902181538206525,0.2888290925360809,0.36792206788746196,0.20953730519729716,0.4252649976601406,0.2835842038545514,SPARSE-EXTREME,Moderate
490,2450.0,2455.0,0.0,1.0,2.760000000000005,132.8460235595703,135.83131103515626,8.193895833333334,0.14570000000000005,0.1,0.13800000000000026,0.10869565217391283,0.08749999991249999,0.42999999999999994,0.11440091797236418,0.40794256222184366,0.012209457924836601,2824.431827778662,0.2541033094035455,0.23877064930419714,0.3337376841813181,0.2154452753610842,0.40794256222184366,0.26653434130562775,LOW-COMPLEXITY,Moderate
491,2455.0,2460.0,0.0,2.0,36.20000000000023,130.5030975341797,137.29042358398436,7.091756944444445,0.25,0.2,1.0,0.14088397790055157,0.043749999978124995,0.5,0.16716511783967838,0.4099400141070322,0.013487321895424838,1830.5502865134254,0.277434318051214,0.2833574512568148,0.34027308584867166,0.24046203534424726,0.4099400141070322,0.30540250322183576,SPARSE-EXTREME,Moderate
492,2460.0,2465.0,0.0,1.6000000000000085,79.76,89.47676849365234,102.54972229003906,14.736854166666669,0.2524999999999999,0.16000000000000086,1.0,0.10030090270812438,0.05468749996582002,0.5,0.9170942823584831,0.389824935796763,0.02873433537581699,1109.5219323077256,0.25498697984500096,0.6112992940705568,0.4826377064284918,0.4692689096955819,0.389824935796763,0.46152459557705433,MOTION-HEAVY,Moderate
493,2465.0,2470.0,0.0,1.0,43.28000000000027,132.20335388183594,135.5723663330078,9.493215277777779,0.275,0.1,1.0,0.13170055452864982,0.08749999991249999,0.42999999999999994,0.4601974836693397,0.49744145296012426,0.015275065223311549,2504.9137111832806,0.3639003116861729,0.3891921553823815,0.43009526982196555,0.31918424507017684,0.49744145296012426,0.3846527595911442,SPARSE-EXTREME,Moderate
494,2470.0,2475.0,1.0,3.0,46.040000000000276,136.97096252441406,138.28644409179688,15.128472222222221,0.23586012163336223,0.3,1.0,0.13032145960034675,0.3333333332944444,0.34500000000000003,0.16447914554013404,0.5098937643099101,0.02248748338779956,2681.0033724794685,0.3760088768915098,0.2646359283038333,0.4146072538992158,0.28676041031509575,0.5098937643099101,0.31656540806402295,SPARSE-EXTREME,Moderate
495,2475.0,2480.0,0.0,0.0,52.92000000000034,77.56258392333984,131.0379638671875,6.612215277777779,0.15,0.0,1.0,0.1379440665154942,0.0,0.0,1.0,0.38960019233024556,0.011887534994553379,1737.5544811974814,0.33525498190119185,0.435,0.4088319524839781,0.3,0.38960019233024556,0.36331862623742683,HEAVY-TAIL-RISK,Moderate
496,2480.0,2485.0,0.0,0.6000000000000085,33.920000000000215,130.57200622558594,130.81533203125,4.710177083333333,0.1650000000000002,0.06000000000000085,1.0,0.17688679245282907,0.0,0.15,0.5606861531983124,0.43053020323346425,0.009333135076252726,2340.6011236895506,0.2924646835666297,0.30502347664126583,0.3778966210530781,0.2207058459594937,0.43053020323346425,0.292466531323273,SPARSE-EXTREME,Moderate
497,2485.0,2490.0,1.0,2.0,54.60000000000005,72.4180679321289,73.23381805419922,8.654861111111114,0.20915750915750914,0.2,1.0,0.10622710622710614,0.4999999999125,0.18999999999999997,0.15822886534065614,0.450801305909173,0.017251436274509802,432.5354688213029,0.3057206380585756,0.22500455640940414,0.4048053182221727,0.2889686595715718,0.450801305909173,0.25307618373085333,SPARSE-EXTREME,Moderate
498,2490.0,2495.0,0.0,1.0,52.760000000000005,90.86431121826172,100.38812713623047,10.818038194444446,0.175,0.1,1.0,0.11751326762699013,0.0,0.15,0.7328099577651932,0.38290179190290163,0.02105775354030501,669.3869884432947,0.24735009182443032,0.37989733162785905,0.39168659710804565,0.272342987329558,0.38290179190290163,0.31246140058908467,HEAVY-TAIL-RISK,Moderate
499,2495.0,2500.0,0.0,2.0,76.84000000000017,74.04033660888672,90.50625152587891,13.923204861111111,0.25,0.2,1.0,0.12883914627797993,0.043749999978124995,0.5,0.46829309094978466,0.3519545379901082,0.029687648828976034,507.7604676822485,0.2220009041020151,0.41434811955971096,0.37498462062604054,0.3308004272772791,0.3519545379901082,0.3495003984150624,SPARSE-EXTREME,Moderate
500,2500.0,2505.0,0.0,1.0,49.360000000000056,88.70991516113281,99.62738037109375,10.53540277777778,0.175,0.1,1.0,0.10940032414910847,0.0,0.15,0.5801565857573795,0.3926181516558086,0.019172373774509803,752.7705454913662,0.25597542811538726,0.31349311480446007,0.36426699809315943,0.22654697572721383,0.3926181516558086,0.2818501133399542,SPARSE-EXTREME,Moderate
501,2505.0,2510.0,0.0,0.0,50.800000000000026,69.45502471923828,132.1617401123047,9.157784722222223,0.15,0.0,1.0,0.11220472440944876,0.0,0.0,0.5716823673748962,0.3644843864288898,0.01799524550653595,1105.2102540024857,0.32511856685595164,0.24868182980807985,0.30750458212860676,0.17150471021246885,0.3644843864288898,0.26481714567200015,SPARSE-EXTREME,Moderate
502,2510.0,2515.0,0.0,1.0,49.760000000000005,71.92025756835938,91.07274475097657,6.552187499999998,0.275,0.1,1.0,0.1165594855305466,0.08749999991249999,0.42999999999999994,0.16055638198931557,0.511048389948939,0.013544118600217866,605.0642547243176,0.4345862266195465,0.25884827615157097,0.3596022507994967,0.22929191456616962,0.511048389948939,0.34697526090075964,SPARSE-EXTREME,Moderate
503,2515.0,2520.0,0.0,0.0,2.0,62.51942825317383,130.79169311523438,2.105885416666667,0.015,0.0,0.1,1.0,0.0,0.0,1.0,0.3670637274953255,0.004157935593681917,2022.3088718155739,0.33542988473754554,0.435,0.39307045277147845,0.3,0.3670637274953255,0.36352366896495886,HEAVY-TAIL-RISK,Moderate
504,2520.0,2525.0,0.0,0.6000000000000085,1.0,61.752906799316406,62.453436279296874,5.163829861111111,0.022500000000000214,0.06000000000000085,0.05,0.2,0.0,0.15,0.13399999982500096,0.40596770484717914,0.007014414079520697,395.3897704898177,0.24919214123891734,0.11941499992387541,0.27979507713632296,0.09269999994750028,0.40596770484717914,0.17863242137912705,LOW-COMPLEXITY,Low
505,2525.0,2530.0,0.0,0.0,43.56000000000029,101.12265014648438,101.64477844238282,4.243868055555556,0.15,0.0,1.0,0.16299357208448012,0.0,0.0,1.0,0.5087345843620711,0.009138499863834424,902.1647149658875,0.3734869706628902,0.435,0.47353356894390075,0.3,0.5087345843620711,0.3752965883712926,HEAVY-TAIL-RISK,Moderate
506,2530.0,2535.0,0.0,0.0,1.0,101.20207977294922,101.90097045898438,2.9777986111111114,0.0075,0.0,0.05,1.0,0.0,0.0,1.0,0.40723914053627647,0.005876239651416124,1120.0538380127375,0.24935420374413855,0.435,0.44198722776941224,0.3,0.40723914053627647,0.32756284645729444,HEAVY-TAIL-RISK,Moderate
507,2535.0,2540.0,0.0,2.6000000000000085,56.280000000000015,69.02731323242188,132.56556091308593,9.565381944444443,0.2150000000000002,0.26000000000000084,1.0,0.10127931769722812,0.0,0.15,0.6463443455297206,0.3565714346011646,0.019195293300653594,1098.4671269882353,0.31787669350076386,0.34228479030542847,0.3382654328139386,0.2464033036589162,0.3565714346011646,0.32264004141442737,HEAVY-TAIL-RISK,Moderate
508,2540.0,2545.0,0.0,1.0,48.760000000000005,72.11490631103516,93.72527618408203,7.992874999999999,0.175,0.1,1.0,0.11894995898277275,0.0,0.15,0.15761372998418183,0.35594317618915194,0.014521576661220042,756.7806137677676,0.24333306365662355,0.12968697254311912,0.2581320810540012,0.09978411899525455,0.35594317618915194,0.18416902564755147,SPARSE-EXTREME,Low
509,2545.0,2550.0,0.0,0.0,2.0,132.29055786132812,132.45281677246095,0.5481701388888888,0.015,0.0,0.1,0.15,0.0,0.0,1.0,0.43426589539713406,0.0019232580337690632,3585.921114841725,0.2831754715237566,0.435,0.451136089452866,0.3,0.43426589539713406,0.3409188932210979,HEAVY-TAIL-RISK,Moderate
510,2550.0,2555.0,0.0,0.0,2.0,131.47129821777344,132.22258911132812,0.2678159722222223,0.015,0.0,0.1,0.1,0.0,0.0,1.0,0.3968022424183168,0.0011422553104575163,3672.8247201012714,0.235228143736517,0.435,0.43849123484369434,0.3,0.3968022424183168,0.3218854434589723,HEAVY-TAIL-RISK,Moderate
511,2555.0,2560.0,0.0,0.0,2.0,74.22604370117188,129.777490234375,4.4600034722222235,0.015,0.0,0.1,1.0,0.0,0.0,1.0,0.3832567318443458,0.008128636301742919,1478.1863808078788,0.3326398144641991,0.435,0.4052610646665261,0.3,0.3832567318443458,0.36234709690429723,HEAVY-TAIL-RISK,Moderate
512,2560.0,2565.0,0.0,1.0,46.0,91.02037811279297,96.3495361328125,8.727552083333332,0.275,0.1,1.0,0.1,0.08749999991249999,0.42999999999999994,0.8595726966599169,0.40546449347568825,0.01672676307189543,886.4309494076567,0.26486423156290373,0.5629203730332826,0.47867809328224653,0.43899680896735005,0.40546449347568825,0.4350392295603036,HEAVY-TAIL-RISK,Moderate
513,2565.0,2570.0,0.0,1.0,2.0,131.81759643554688,132.86989135742186,2.965225694444445,0.04,0.1,0.1,1.0,0.0,0.15,0.6426537983766556,0.43128085550833295,0.006407095043572986,2422.376971902317,0.29409140363584857,0.3406794022938452,0.3939429675496633,0.24529613951299667,0.43128085550833295,0.3110035963397216,HEAVY-TAIL-RISK,Moderate
514,2570.0,2575.0,0.0,1.0,33.16000000000021,71.69026184082031,92.48594512939454,5.944013888888889,0.275,0.1,1.0,0.14776839565741764,0.08749999991249999,0.42999999999999994,0.16760627477182488,0.3424393284331182,0.01053860552832244,542.3453936777045,0.22218661803049322,0.2619149795119625,0.30826324719675535,0.23140688240092241,0.3424393284331182,0.2660165546416051,SPARSE-EXTREME,Moderate
515,2575.0,2580.0,0.0,0.0,39.76000000000026,71.2610855102539,72.76442413330078,5.194090277777778,0.15,0.0,1.0,0.13329979879275566,0.0,0.0,0.009323943661737083,0.4655350384992827,0.01030242374727669,399.6368292313097,0.32429670193840193,0.0040559154928556315,0.2542698502368619,0.002797183098521125,0.4655350384992827,0.1361576304765425,SPARSE-EXTREME,Low
516,2580.0,2585.0,0.0,0.0,2.0,58.09756088256836,129.85135803222656,1.0415590277777778,0.015,0.0,0.1,1.0,0.0,0.0,1.0,0.358238615930428,0.002621267020697167,1680.2002788263894,0.33220149447968333,0.435,0.38799648951630994,0.3,0.358238615930428,0.36233986458794315,HEAVY-TAIL-RISK,Moderate
517,2585.0,2590.0,0.0,1.0,48.04000000000002,60.28144454956055,130.07676696777344,6.089395833333334,0.175,0.1,1.0,0.12281432139883426,0.0,0.15,0.5865084368951685,0.36085022447252774,0.011867817265795206,877.7991536868675,0.3390617429972729,0.3162561700493983,0.3231251037828733,0.22845253106855054,0.36085022447252774,0.31788836723878544,SPARSE-EXTREME,Moderate
518,2590.0,2595.0,0.0,0.0,36.960000000000235,100.35154724121094,101.15929412841797,3.9461597222222218,0.15,0.0,1.0,0.14610389610389518,0.0,0.0,0.012909090908741379,0.5000061475244459,0.008083175789760349,950.5713922913721,0.3622317590509661,0.0056154545453025,0.2724033320567223,0.0038727272726224136,0.5000061475244459,0.1533918725005356,SPARSE-EXTREME,Low
519,2595.0,2600.0,0.0,0.6000000000000085,39.24000000000025,94.24976348876953,100.40383911132812,3.294319444444444,0.1650000000000002,0.06000000000000085,1.0,0.1809378185524963,0.0,0.15,0.17712347655273267,0.39454578586602485,0.007683117102396515,733.9247236780867,0.25376576830330044,0.1381737123004387,0.286168827167269,0.1056370429658198,0.39454578586602485,0.19247404867659806,SPARSE-EXTREME,Low
520,2600.0,2605.0,0.0,1.0,55.800000000000026,70.13478088378906,73.20560913085937,6.402364583333332,0.175,0.1,1.0,0.12186379928315408,0.0,0.15,0.7219279618778107,0.41699367191429426,0.01336232843137255,422.69641164080684,0.2731409840979259,0.37516366341684765,0.39957886351720673,0.2690783885633432,0.41699367191429426,0.31796387058308334,HEAVY-TAIL-RISK,Moderate
521,2605.0,2610.0,0.0,0.0,1.0,70.59642028808594,73.65460052490235,4.282406249999999,0.0075,0.0,0.05,1.0,0.0,0.0,1.0,0.4130787636504122,0.008092946623093681,398.42977795779,0.26553357938218475,0.435,0.43524551352211555,0.3,0.4130787636504122,0.33183302851122976,HEAVY-TAIL-RISK,Moderate
522,2610.0,2615.0,0.0,1.0,34.68000000000022,88.29122924804688,104.26572113037109,6.975385416666666,0.275,0.1,1.0,0.1441753171856969,0.08749999991249999,0.42999999999999994,0.16681261009124776,0.3730908033926387,0.012325641476034857,754.4803179861373,0.24208127439007285,0.2615697353759115,0.3230701205192188,0.23116878299674928,0.3730908033926387,0.27336437004229047,SPARSE-EXTREME,Moderate
523,2615.0,2620.0,1.0,3.0,4.0,58.866600036621094,105.24542999267578,15.247927083333332,0.2966666666666667,0.3,0.2,0.975,0.3333333332944444,0.34500000000000003,0.3905154639175258,0.33350318531097284,0.022519928785403053,537.8766737797976,0.2694707020480729,0.36296172679799876,0.37361696879233275,0.3545713058283133,0.33350318531097284,0.32695281336123855,SPARSE-EXTREME,Moderate
524,2620.0,2625.0,0.0,2.0,48.280000000000015,104.22389221191406,131.5187561035156,9.35845486111111,0.25,0.2,1.0,0.10563380281690138,0.043749999978124995,0.5,0.5482997694034704,0.3350777337221219,0.01645907012527233,1813.5249030062857,0.21255798575853804,0.44915102468706425,0.382236407752087,0.3548024308133848,0.3350777337221219,0.36353726757248955,SPARSE-EXTREME,Moderate
525,2625.0,2630.0,0.0,1.0,1.7600000000000051,103.11707305908203,103.56700439453125,4.354361111111111,0.03820000000000004,0.1,0.08800000000000026,1.0,0.0,0.15,0.34610328638497667,0.4754946055289625,0.007777980800653594,935.1020282122071,0.33100487221438624,0.21167992957746484,0.35009388276366893,0.156330985915493,0.4754946055289625,0.2585771366499831,LOW-COMPLEXITY,Moderate
526,2630.0,2635.0,1.0,2.0,2.760000000000005,74.36271667480469,101.81976318359375,9.619888888888891,0.35185942028985484,0.2,0.13800000000000026,1.0,0.4999999999125,0.18999999999999997,0.3812844036697249,0.41682674422364613,0.016506586192810455,637.4397894578395,0.3348549728446441,0.32203371558254906,0.4257547792686346,0.35588532107029247,0.41682674422364613,0.3169276336608913,BURST-DOMINATED,Moderate
527,2635.0,2640.0,0.0,0.0,33.920000000000215,59.48787307739258,92.2112808227539,7.08315625,0.15,0.0,1.0,0.1385613207547161,0.0,0.0,0.010797169811002198,0.38141005974419484,0.011995194172113286,478.1714600090481,0.31499593207914406,0.004696768867785956,0.2087962424855875,0.0032391509433006595,0.38141005974419484,0.13684371144512927,SPARSE-EXTREME,Low
528,2640.0,2645.0,0.0,0.0,1.0,57.51877975463867,57.983340454101565,2.6974097222222224,0.0075,0.0,0.05,0.1,0.0,0.0,1.0,0.4016659763315501,0.00396987962962963,386.26799681056934,0.2415508444146427,0.435,0.43303929271593894,0.3,0.4016659763315501,0.3219226805750125,HEAVY-TAIL-RISK,Moderate
529,2645.0,2650.0,0.0,0.0,1.0,61.68156051635742,125.36502227783203,3.1554479166666667,0.0075,0.0,0.05,1.0,0.0,0.0,1.0,0.36200434597216485,0.005568203567538127,1397.891222664545,0.3260436950980955,0.435,0.3923153682298871,0.3,0.36200434597216485,0.359831139936467,HEAVY-TAIL-RISK,Moderate
530,2650.0,2655.0,0.0,0.0,1.0,57.8485221862793,124.93460998535156,3.40028125,0.0075,0.0,0.05,1.0,0.0,0.0,1.0,0.3613766205761257,0.005897366421568626,931.4210225767688,0.3322196828517059,0.435,0.3902663719995617,0.3,0.3613766205761257,0.3623589164816681,HEAVY-TAIL-RISK,Moderate
531,2655.0,2660.0,0.0,0.0,1.0,57.86732864379883,60.630269622802736,3.7310277777777783,0.0075,0.0,0.05,0.1,0.0,0.0,1.0,0.41793963592778716,0.005362910675381265,378.61585704036145,0.27456184703863823,0.435,0.43547608314296127,0.3,0.41793963592778716,0.3352126436374087,HEAVY-TAIL-RISK,Moderate
532,2660.0,2665.0,0.0,0.0,1.0,57.420204162597656,59.83579864501953,4.015802083333334,0.0075,0.0,0.05,0.1,0.0,0.0,1.0,0.4686330680897303,0.005919481209150326,363.6630538088339,0.3315412574681893,0.435,0.44946491259471033,0.3,0.4686330680897303,0.3559250811198107,HEAVY-TAIL-RISK,Moderate
533,2665.0,2670.0,0.0,0.0,1.0,62.897972106933594,96.21746063232422,6.111406249999999,0.0075,0.0,0.05,1.0,0.0,0.0,1.0,0.35735300377732865,0.010729985838779954,687.9038968520525,0.27596859838270277,0.435,0.40190141140534175,0.3,0.35735300377732865,0.33931154223888876,HEAVY-TAIL-RISK,Moderate
534,2670.0,2675.0,0.0,0.0,1.0,122.5771713256836,122.8067840576172,1.1217986111111111,0.0075,0.0,0.05,1.0,0.0,0.0,1.0,0.5192561542116956,0.003002770016339869,1922.8876379707046,0.38478199135647884,0.435,0.476548790854022,0.3,0.5192561542116956,0.3793690339242232,HEAVY-TAIL-RISK,Moderate
535,2675.0,2680.0,0.0,0.0,1.0,122.6754379272461,123.75974884033204,0.5302847222222222,0.0075,0.0,0.05,0.1,0.0,0.0,1.0,0.4476140815299288,0.0013703436819172113,2088.3315890750755,0.30257791709812054,0.435,0.4549113403790507,0.3,0.4476140815299288,0.3486044072992458,HEAVY-TAIL-RISK,Moderate
536,2680.0,2685.0,0.0,3.0,32.880000000000194,87.20438385009766,123.2821029663086,10.432243055555555,0.29166666666666663,0.3,1.0,0.14294403892943955,0.05833333331388888,0.5,0.16156635690981005,0.31567701656286856,0.01673914596949891,991.7881457345683,0.20968554887048974,0.28321886525270484,0.29490076535812504,0.24388657373280412,0.31567701656286856,0.27837374170634294,SPARSE-EXTREME,Low
537,2685.0,2690.0,0.0,0.0,33.920000000000215,57.07434844970703,89.91179504394532,5.502729166666667,0.15,0.0,1.0,0.1326650943396218,0.0,0.0,0.009146226414824465,0.4001697623731069,0.009522854302832246,463.4786934588789,0.33872206335864224,0.003978608490448642,0.21443062198376264,0.0027438679244473395,0.4001697623731069,0.145741242742585,SPARSE-EXTREME,Low
538,2690.0,2695.0,0.0,0.0,1.0,59.616058349609375,61.181599426269536,4.600545138888889,0.0075,0.0,0.05,1.0,0.0,0.0,1.0,0.45959321797915836,0.007846104847494553,391.8742058226117,0.3127793217648999,0.435,0.4486361071250123,0.3,0.45959321797915836,0.34851399388141463,HEAVY-TAIL-RISK,Moderate
539,2695.0,2700.0,0.0,0.0,1.0,57.28920364379883,67.91685638427734,3.4507812499999995,0.0075,0.0,0.05,1.0,0.0,0.0,1.0,0.4880437503298925,0.006093224537037037,362.29281954085434,0.3962880581920378,0.435,0.4482623854099427,0.3,0.4880437503298925,0.3830249264070257,HEAVY-TAIL-RISK,Moderate
540,2700.0,2705.0,0.0,0.0,1.0,57.43657302856445,93.36732940673828,4.129218750000001,0.0075,0.0,0.05,1.0,0.0,0.0,1.0,0.45926900852331154,0.0066949550653594755,439.6638317503062,0.41972485308873947,0.435,0.4243626088529598,0.3,0.45926900852331154,0.39357208751207773,HEAVY-TAIL-RISK,Moderate
541,2705.0,2710.0,0.0,0.0,1.0,142.36270141601562,142.56045532226562,0.8563020833333336,0.0075,0.0,0.05,1.0,0.0,0.0,1.0,0.4330462715629248,0.0029917568082788665,2081.1850421378813,0.2918970491391542,0.435,0.4489200177016057,0.3,0.4330462715629248,0.3448089628744079,HEAVY-TAIL-RISK,Moderate
542,2710.0,2715.0,0.0,0.0,1.0,141.40965270996094,142.2204162597656,0.9740833333333335,0.0075,0.0,0.05,1.0,0.0,0.0,1.0,0.46853443425529717,0.0028392045206971682,2491.762157974293,0.3192912147602617,0.435,0.4595953367504776,0.3,0.46853443425529717,0.3533703666789737,HEAVY-TAIL-RISK,Moderate
543,2715.0,2720.0,0.0,0.0,1.0,61.4195442199707,63.70023727416992,4.51667013888889,0.0075,0.0,0.05,0.1,0.0,0.0,1.0,0.3891594900070251,0.006636833197167757,410.32455831532405,0.23418365591796017,0.435,0.4285488399427888,0.3,0.3891594900070251,0.31979404943719986,HEAVY-TAIL-RISK,Moderate
544,2720.0,2725.0,0.0,0.0,1.0,61.24073028564453,63.425759887695314,3.98125,0.0075,0.0,0.05,0.1,0.0,0.0,1.0,0.4100846751971511,0.005925377859477125,431.97808839183244,0.25806910830591706,0.435,0.4360387156373194,0.3,0.4100846751971511,0.3291269358267325,HEAVY-TAIL-RISK,Moderate
545,2725.0,2730.0,0.0,0.0,2.0,129.97891235351562,130.64354553222657,1.1525659722222223,0.015,0.0,0.1,1.0,0.0,0.0,1.0,0.5221050364540463,0.002714999727668844,3426.7184299859246,0.3917014112396868,0.435,0.47782128936422774,0.3,0.5221050364540463,0.3825618977838116,HEAVY-TAIL-RISK,Moderate
546,2730.0,2735.0,0.0,0.0,27.840000000000174,60.80964660644531,132.77395629882812,3.990006944444444,0.15,0.0,1.0,0.12931034482758538,0.0,0.0,1.0,0.42486966683688004,0.00712339133986928,1184.7181585917706,0.4195311020610972,0.435,0.404451864690592,0.3,0.42486966683688004,0.3951062869630358,HEAVY-TAIL-RISK,Moderate
547,2735.0,2740.0,0.0,1.0,40.000000000000256,101.4144058227539,132.6677032470703,3.018645833333334,0.175,0.1,1.0,0.13499999999999915,0.0,0.15,0.16063951734514179,0.43493204489143783,0.007116519063180828,2114.5998813812334,0.3499693027571571,0.13100319004513666,0.2860319651034483,0.10069185520354254,0.43493204489143783,0.22795875554369727,SPARSE-EXTREME,Low
548,2740.0,2745.0,0.0,4.6000000000000085,10.760000000000005,122.90653991699219,124.74046020507812,14.049996527777777,0.2391782608695654,0.46000000000000085,0.5380000000000003,0.4089219330855016,0.03804347825259917,0.5,0.4537736495221647,0.4266232228874754,0.020961279411764705,2013.4100548584563,0.286715153859449,0.40713338536692595,0.4059544911625429,0.32444731224505907,0.4266232228874754,0.3718518905430703,SPARSE-EXTREME,Moderate
549,2745.0,2750.0,1.0,9.0,10.0,122.2281723022461,124.29945373535156,24.76683333333333,0.43888888888888894,0.9,0.5,0.6,0.16944444443364198,0.6636666666666667,0.403486529318542,0.4262855328571141,0.04089093287037038,2063.330410013383,0.283652503927703,0.472648306918531,0.443087302575473,0.4126348476806706,0.4262855328571141,0.4167750707154365,SPARSE-EXTREME,Moderate
550,2750.0,2755.0,0.0,11.0,12.0,124.46060943603516,125.62901763916015,19.53591666666666,0.36727272727272725,1.0,0.6,0.33333333333333337,0.02386363636146694,0.5,0.44628974358974366,0.5094130519405782,0.03112355541938997,2510.609509385488,0.375724740707733,0.4016445611884695,0.42921298029244137,0.3172391958034365,0.5094130519405782,0.402677112009538,SPARSE-EXTREME,Moderate
551,2755.0,2760.0,0.0,1.0,3.0,122.26988983154297,124.62571868896484,6.51298611111111,0.0475,0.1,0.15,1.0,0.0,0.15,0.6624555827305479,0.456336152938862,0.010124036492374726,2921.0241526821965,0.3063536571974132,0.34929317848778835,0.4053858709948893,0.2512366748191644,0.456336152938862,0.31784618262178455,HEAVY-TAIL-RISK,Moderate
552,2760.0,2765.0,0.0,1.0,3.760000000000005,115.9289321899414,116.3615509033203,3.8992430555555546,0.05320000000000004,0.1,0.18800000000000025,1.0,0.0,0.15,0.48767568954954593,0.47079871242185156,0.00831002205882353,1305.0424904757158,0.3217667566699476,0.2732639249540525,0.3763909008007813,0.19880270686486376,0.47079871242185156,0.2855718689422162,LOW-COMPLEXITY,Moderate
553,2765.0,2770.0,0.0,0.6000000000000085,2.0,115.61148071289062,115.96539459228515,3.0703229166666666,0.030000000000000214,0.06000000000000085,0.1,1.0,0.0,0.15,0.3714285714285709,0.467287092208338,0.007163989787581699,1344.827294005291,0.31638460674416974,0.22269642857142832,0.3518080587812925,0.16392857142857126,0.467287092208338,0.2577176366077384,LOW-COMPLEXITY,Moderate
554,2770.0,2775.0,0.0,1.0,2.0,105.80936431884766,112.0775161743164,10.80663888888889,0.04,0.1,0.1,0.1,0.0,0.15,0.21898250963056612,0.39594980178357647,0.017334222630718956,1210.1610828264484,0.24756712160088717,0.15638239168929624,0.29668843409264156,0.11819475288916984,0.39594980178357647,0.1989844387315589,LOW-COMPLEXITY,Low
555,2775.0,2780.0,0.0,0.0,2.0,114.77953338623047,117.31377716064453,9.795548611111112,0.015,0.0,0.1,0.15,0.0,0.0,0.17917124312507005,0.40557106380680763,0.01550692197712418,1331.076028246647,0.25054081939872896,0.07793949075940547,0.275980075853248,0.05375137293752101,0.40557106380680763,0.14734635676505986,LOW-COMPLEXITY,Low
556,2780.0,2785.0,0.0,1.0,2.760000000000005,114.22483825683594,118.25177307128907,10.630541666666666,0.04570000000000004,0.1,0.13800000000000026,0.10869565217391283,0.0,0.15,0.2702436421842716,0.383258712744848,0.016103141884531588,1402.9379002900698,0.22531280207935733,0.17868098435015814,0.3046275820789668,0.13357309265528147,0.383258712744848,0.20149792290874577,LOW-COMPLEXITY,Moderate
557,2785.0,2790.0,0.0,1.0,3.0,101.65287017822266,121.00070190429688,12.980958333333334,0.0475,0.1,0.15,1.0,0.0,0.15,0.670642641186835,0.45821310444563784,0.018804374319172115,1199.2133360535681,0.3599341993856928,0.3528545489162732,0.39995186471942956,0.2536927923560505,0.45821310444563784,0.34349337241126254,HEAVY-TAIL-RISK,Moderate
558,2790.0,2795.0,1.0,1.0,51.12000000000032,122.19679260253906,130.2337890625,15.103111111111112,0.28478090766823155,0.1,1.0,0.1310641627543028,0.9124999997375001,0.2583333333333333,0.1955016695462496,0.41303068329732545,0.028725575435729844,1435.081442160541,0.284013125921353,0.3340328095446081,0.4889285844621315,0.4684421674386665,0.41303068329732545,0.3037824804633619,SPARSE-EXTREME,Moderate
559,2795.0,2800.0,1.0,2.0,58.96000000000011,129.8877716064453,142.40181579589844,13.867180555555555,0.25848032564450474,0.2,1.0,0.11363636363636342,0.456249999934375,0.23666666666666666,0.22033053983335976,0.3963633345244833,0.02256217755991285,2765.158184174758,0.25816534690002,0.2641448264838422,0.39629507736047587,0.3086199952603725,0.3963633345244833,0.26091136453672636,SPARSE-EXTREME,Moderate
560,2800.0,2805.0,1.0,2.0,3.760000000000005,122.7081527709961,127.30846099853515,15.011989583333332,0.21117872340425517,0.2,0.18800000000000025,1.0,0.4999999999125,0.24999999999999997,0.594640125977769,0.3887054224906526,0.021126090277777773,2381.3919227714173,0.23307293805042475,0.43929345478654824,0.48236700656715437,0.4408920377627057,0.3887054224906526,0.3398845845977186,BURST-DOMINATED,Moderate
561,2805.0,2810.0,1.0,2.0,3.0,98.54846954345703,119.11366729736328,13.919663194444444,0.2891666666666667,0.2,0.15,1.0,0.456249999934375,0.23666666666666666,0.422641176470588,0.3817748216760341,0.022212186546840956,1170.3925898935627,0.26116847884012306,0.3521499534210365,0.4260416575713397,0.36931318625154097,0.3817748216760341,0.30681795728827677,BURST-DOMINATED,Moderate
562,2810.0,2815.0,0.0,1.0,59.000000000000384,92.34732818603516,142.72645874023436,11.727909722222224,0.175,0.1,1.0,0.13728813559321945,0.0,0.15,0.5399131423646921,0.34872352707604,0.020237495506535946,1459.2749919771932,0.2664821145718093,0.29598721692864105,0.32511935578323925,0.21447394270940762,0.34872352707604,0.27833892139573224,SPARSE-EXTREME,Moderate
563,2815.0,2820.0,0.0,0.0,2.0,80.76209259033203,89.93058166503906,9.72011111111111,0.015,0.0,0.1,0.1,0.0,0.0,1.0,0.374492411608857,0.014832127314814817,699.7801436619955,0.23256269662875295,0.435,0.4247935556536364,0.3,0.374492411608857,0.3213359898909349,HEAVY-TAIL-RISK,Moderate
564,2820.0,2825.0,0.0,1.0,59.760000000000005,89.58013916015625,119.97916107177734,14.473579861111112,0.275,0.1,1.0,0.13386880856760375,0.08749999991249999,0.42999999999999994,0.8024923041569676,0.3756350528453428,0.02830342742374728,1044.3880156181708,0.2745261506402966,0.5380904022944997,0.4456021214199968,0.4218726912164652,0.3756350528453428,0.4271889002293566,HEAVY-TAIL-RISK,Moderate
565,2825.0,2830.0,1.0,2.0,56.840000000000046,85.53108978271484,105.30605468750001,18.697586805555556,0.2587966220971147,0.2,1.0,0.11963406052075994,0.456249999934375,0.23666666666666666,0.8873775543775881,0.3943022216740635,0.034116789624183,909.2220547210657,0.2836269738667546,0.5543102778105815,0.5218283994966296,0.5087340996236409,0.3943022216740635,0.41815117116198663,HEAVY-TAIL-RISK,High
566,2830.0,2835.0,1.0,2.0,38.960000000000235,103.27123260498047,111.2293487548828,18.555749999999996,0.31283367556468167,0.2,1.0,0.1488706365503071,0.4999999999125,0.18999999999999997,0.16811260534298408,0.3956254167019804,0.03251074795751634,985.8873754815277,0.25931629721119176,0.22930398331041682,0.38820699283136506,0.29193378157227023,0.3956254167019804,0.23934113272252616,SPARSE-EXTREME,Moderate
567,2835.0,2840.0,0.0,1.0,50.92000000000009,100.66060638427734,123.47397155761719,11.97509027777778,0.275,0.1,1.0,0.11979575805184584,0.08749999991249999,0.42999999999999994,0.593932022233328,0.33793693275834624,0.020257418845315903,1637.344325603186,0.20959940516912362,0.44736667965771637,0.39437161716826974,0.35930460663937336,0.33793693275834624,0.35493533873886884,SPARSE-EXTREME,Moderate
568,2840.0,2845.0,1.0,1.0,33.400000000000205,89.23936462402344,120.3059310913086,11.747253472222223,0.28997005988023944,0.1,1.0,0.17365269461077737,0.9124999997375001,0.2583333333333333,0.6119618267115354,0.3543962434761129,0.018418856617647056,1151.4142510532965,0.24943398317012314,0.5151929779115075,0.5408759330549558,0.5933802145882523,0.3543962434761129,0.3818021146253315,HEAVY-TAIL-RISK,High
569,2845.0,2850.0,1.0,2.0,4.0,94.19512939453125,117.59040069580078,19.67042708333333,0.205,0.2,0.2,0.875,0.4999999999125,0.24999999999999997,0.6268980697706888,0.4046719507303672,0.03008698611111111,1392.1547199285824,0.3012018849321424,0.4533256603364684,0.48223036723100154,0.4505694209005816,0.4046719507303672,0.3747482937799332,HEAVY-TAIL-RISK,Moderate
570,2850.0,2855.0,1.0,2.0,53.320000000000036,110.43006134033203,121.61913452148437,21.413586805555557,0.259377344336084,0.2,1.0,0.15378844711177783,0.456249999934375,0.23666666666666666,0.7676971314503802,0.39124260300540953,0.037040423883442274,1266.8368702769533,0.25795922490047385,0.502249293837246,0.5030805977935815,0.4728299727454786,0.39124260300540953,0.3815684073108618,HEAVY-TAIL-RISK,High
571,2855.0,2860.0,1.0,1.0,37.20000000000023,123.9149169921875,125.77113342285156,13.902906250000003,0.28844086021505366,0.1,1.0,0.14247311827956902,0.9124999997375001,0.2583333333333333,0.5836320010443918,0.42735011642495796,0.02006537091503268,1771.4892488504897,0.288675822394894,0.5028695037463,0.5748813592699216,0.5848812668881092,0.42735011642495796,0.3908369913256721,SPARSE-EXTREME,High
572,2860.0,2865.0,0.0,1.0,63.60000000000005,73.41883850097656,118.35121307373046,16.0525,0.275,0.1,1.0,0.11949685534591185,0.08749999991249999,0.42999999999999994,0.8946023927428686,0.3456093070173912,0.027263498366013075,791.072004311833,0.27336915843816334,0.5781582908293665,0.44402953796379563,0.44950571779223547,0.3456093070173912,0.4473829496634926,HEAVY-TAIL-RISK,Moderate
573,2865.0,2870.0,0.0,1.0,59.280000000000015,93.36428833007812,120.94193725585937,17.7348125,0.275,0.1,1.0,0.10964912280701751,0.08749999991249999,0.42999999999999994,0.799709189447612,0.3544559512221603,0.031974930147058815,873.49866896199,0.24414155920480463,0.5368797473959299,0.4376461663527561,0.4210377568036585,0.3544559512221603,0.4140893284374686,HEAVY-TAIL-RISK,Moderate
574,2870.0,2875.0,1.0,1.0,36.08000000000004,101.27371215820312,104.79977569580078,14.1431875,0.2888580931263858,0.1,1.0,0.11363636363636351,0.9124999997375001,0.2583333333333333,0.6154837485830996,0.41428345969096536,0.02165777777777778,1244.028171897247,0.27549046565060714,0.5167250139256379,0.5758109862311743,0.5944367911497215,0.41428345969096536,0.39261410870427144,HEAVY-TAIL-RISK,High
575,2875.0,2880.0,1.0,2.0,3.760000000000005,117.89047241210938,122.91477661132812,21.015263888888885,0.21117872340425517,0.2,0.18800000000000025,1.0,0.4999999999125,0.24999999999999997,0.6033226845737527,0.4134325874320477,0.03415502410130719,1371.76913322337,0.27236643088158996,0.44307036777580117,0.49173368838454,0.44349680534150077,0.4134325874320477,0.357930262203435,HEAVY-TAIL-RISK,Moderate
576,2880.0,2885.0,2.0,3.0,61.920000000000215,91.46521759033203,107.29411163330079,23.97286458333333,0.23698320413436685,0.15,1.0,0.11950904392764816,0.6374999999319444,0.1225,0.2226918869242026,0.35729532385825713,0.041816523556644884,924.7746834923287,0.22349835594042317,0.2471959708013094,0.40153028356249054,0.3328075660534413,0.35729532385825713,0.22698972929114936,SPARSE-EXTREME,Moderate
577,2885.0,2890.0,1.0,1.0,36.440000000000225,117.7432632446289,120.6776138305664,10.606340277777777,0.288721185510428,0.1,1.0,0.172886937431393,0.9124999997375001,0.2583333333333333,0.4007709336453771,0.4951668743100446,0.017074838371459695,1533.11317444429,0.36062936547713276,0.4233249394277286,0.5593484923993168,0.5300229466684048,0.4951668743100446,0.376993909880956,SPARSE-EXTREME,High
578,2890.0,2895.0,1.0,2.0,45.80000000000028,138.36029052734375,155.8928985595703,20.391753472222224,0.2609170305676855,0.2,1.0,0.13100436681222627,0.543749999890625,0.236,0.5223877660175107,0.3774720057675758,0.03182353935185185,1842.317116121597,0.24596078221940157,0.40904930320039057,0.46450798418089845,0.4296288297669719,0.3774720057675758,0.32854834903374786,SPARSE-EXTREME,Moderate
579,2895.0,2900.0,1.0,2.0,57.800000000000026,121.10149383544922,166.2557403564453,20.49411111111111,0.20865051903114185,0.2,1.0,0.11245674740484424,0.4999999999125,0.24999999999999997,0.46509104442209837,0.42532951528606683,0.03602776851851852,2106.207295493941,0.339135486446989,0.38293960430983154,0.4482391690101186,0.4020273132960045,0.42532951528606683,0.35238273021883404,SPARSE-EXTREME,Moderate
580,2900.0,2905.0,1.0,3.0,79.88000000000007,109.30118560791016,154.11987915039063,23.56210069444445,0.26459272241695875,0.3,1.0,0.1126690035052578,0.36249999995138893,0.303,0.8245844674769306,0.3184039436366053,0.04364516435185184,1300.4914181470842,0.21325071351865238,0.5392604933448085,0.46631150748673744,0.48030034022606527,0.3184039436366053,0.38967106859207257,HEAVY-TAIL-RISK,Moderate
581,2905.0,2910.0,1.0,2.0,63.88000000000007,97.46626281738281,123.50609436035157,18.974642361111112,0.3078271759549155,0.2,1.0,0.12836568566061352,0.4999999999125,0.18999999999999997,0.8551068866124893,0.336783405374577,0.033761699754901967,1308.1406590169101,0.22049530783732285,0.5281464956626516,0.49537784582079236,0.49803206595312177,0.336783405374577,0.37520008160416785,HEAVY-TAIL-RISK,Moderate
582,2910.0,2915.0,1.0,1.0,3.0,117.13511657714844,121.34307708740235,13.512333333333332,0.21416666666666664,0.1,0.15,1.0,0.99999999965,0.015,0.7384980444254731,0.411811611156361,0.020323096405228756,1460.6807162310035,0.2718703455883434,0.48485914926995577,0.5872707949841567,0.5767994132051418,0.411811611156361,0.3530517549133573,HEAVY-TAIL-RISK,High
583,2915.0,2920.0,1.0,4.0,58.88000000000007,71.76920318603516,116.39485168457031,19.989413194444445,0.28349184782608694,0.4,1.0,0.11548913043478248,0.22812499998359376,0.5449999999999999,0.566482613770425,0.37208337550476694,0.034172395016339875,991.0185806348284,0.3083218517029907,0.5044371244875508,0.429737083565466,0.44053853412538524,0.37208337550476694,0.4327704532887804,SPARSE-EXTREME,Moderate
584,2920.0,2925.0,1.0,2.0,3.0,70.90386199951172,87.5673599243164,17.264777777777777,0.23916666666666667,0.2,0.15,1.0,0.4999999999125,0.18999999999999997,0.3929411764705883,0.35700753034601157,0.026587502042483665,630.8103699056586,0.2340189408171692,0.32710441175092464,0.41318028343681046,0.3593823529105515,0.35700753034601157,0.2788118634955536,BURST-DOMINATED,Moderate
585,2925.0,2930.0,1.0,3.0,37.920000000000215,70.79459381103516,99.50019989013671,19.655062499999993,0.30485232067510537,0.3,1.0,0.17405063291139142,0.3333333332944444,0.34500000000000003,0.4855314155396735,0.3783728073108552,0.03234621282679739,727.1036858469608,0.2900692091972734,0.404293665753633,0.4180422725292642,0.38307609131495757,0.3783728073108552,0.3558359104871164,SPARSE-EXTREME,Moderate
586,2930.0,2935.0,0.0,1.0,44.56000000000029,65.3289794921875,81.0175064086914,12.137486111111107,0.175,0.1,1.0,0.1526032315978446,0.0,0.15,0.5628177066678628,0.4042214731862254,0.019672160947712427,512.7755326221611,0.2990648121542488,0.30595070240052025,0.35880310882983046,0.2213453120003588,0.4042214731862254,0.29598078187118815,SPARSE-EXTREME,Moderate
587,2935.0,2940.0,1.0,2.0,35.16000000000021,73.62642669677734,121.90189819335937,15.881888888888891,0.2642207053469851,0.2,1.0,0.17349260523321852,0.456249999934375,0.23666666666666666,0.2090260626771477,0.377219635271765,0.02554487227668845,1130.0622785422454,0.3167323339989417,0.25922737892089,0.3662108187375539,0.30522865211350886,0.377219635271765,0.2827556208079123,SPARSE-EXTREME,Moderate
588,2940.0,2945.0,1.0,3.6000000000000085,65.0,103.18660736083984,123.67375030517579,25.344,0.2754700854700856,0.3600000000000009,1.0,0.10769230769230768,0.3020833332995749,0.3742666666666676,0.5729126851737053,0.3849473905279058,0.04608826102941176,1196.9135306675144,0.264836861912485,0.4493088097119119,0.4438909933505687,0.40859630554029647,0.3849473905279058,0.3710470004396878,SPARSE-EXTREME,Moderate
589,2945.0,2950.0,2.0,3.0,4.760000000000005,84.3395767211914,119.95031280517578,22.84493402777778,0.2987673669467785,0.15,0.11900000000000013,1.0,0.6374999999319444,0.20249999999999999,0.4504579451458425,0.3265680222504405,0.03724291026688454,786.8245908394143,0.2251292614985792,0.3788742061277227,0.43529963132398786,0.42913738351993325,0.3265680222504405,0.3014711879219516,LOW-COMPLEXITY,Moderate
590,2950.0,2955.0,1.0,2.0,68.52000000000001,108.6581802368164,123.50961151123047,23.45722222222222,0.2572971395213076,0.2,1.0,0.10361938120256857,0.543749999890625,0.162,0.8053914887109577,0.3904154938001534,0.0422952926198257,1308.0500755534836,0.2577842805690098,0.50200092257204,0.5166245456574284,0.488629946575006,0.3904154938001534,0.3734155811212102,HEAVY-TAIL-RISK,High
591,2955.0,2960.0,1.0,2.0,53.52000000000001,110.54741668701172,126.49227447509766,20.96161111111111,0.3093423019431988,0.2,1.0,0.11958146487294467,0.4999999999125,0.18999999999999997,0.9005617593768145,0.3635045185620079,0.037811047930283226,1331.660741357186,0.22506591902739403,0.5479193653151331,0.5222833235735254,0.5116685277824193,0.3635045185620079,0.3870402570304511,HEAVY-TAIL-RISK,High
592,2960.0,2965.0,2.0,4.0,68.0,116.76223754882812,128.19607238769532,26.670944444444448,0.2897058823529412,0.2,1.0,0.1,0.47812499996171876,0.21,0.4181711459167217,0.3875192599487587,0.05445502614379085,1180.2307449774335,0.24853268303468817,0.34278413596774465,0.4344913545707366,0.36629509376161806,0.3875192599487587,0.29468417251742046,SPARSE-EXTREME,Moderate
593,2965.0,2970.0,0.0,2.0,61.60000000000005,103.94920349121094,124.40427093505863,16.650972222222222,0.25,0.2,1.0,0.13474025974025963,0.043749999978124995,0.5,0.7706992284285132,0.3493344405083096,0.03083574891067538,1172.9941214543435,0.2221562791410455,0.545894789362958,0.43485392907193,0.4215222685208977,0.3493344405083096,0.4165482888828978,HEAVY-TAIL-RISK,Moderate
594,2970.0,2975.0,1.0,5.0,65.52000000000001,102.77899932861328,118.79467163085937,24.46206944444444,0.36263125763125764,0.5,1.0,0.1114163614163614,0.234999999979,0.4783333333333334,0.767441286828498,0.3810833307374361,0.047563687772331144,987.5749352251853,0.2498452824776607,0.5657702931004225,0.4834448187036574,0.4798990527078661,0.3810833307374361,0.43355702145835945,HEAVY-TAIL-RISK,Moderate
595,2975.0,2980.0,1.0,3.6000000000000085,68.76,93.93724822998047,120.88765869140624,19.997131944444444,0.27504944735311243,0.3600000000000009,1.0,0.10616637579988364,0.25347222220196697,0.5086666666666679,0.43488338809449806,0.3279851842102148,0.04047511669389978,1200.7349135078568,0.2077142703613919,0.4363778154845836,0.3993146918882525,0.3972136275323716,0.3279851842102148,0.3540201561698723,SPARSE-EXTREME,Moderate
596,2980.0,2985.0,2.0,4.0,64.60000000000005,118.22727966308594,121.93103942871093,25.685888888888893,0.24047987616099067,0.2,1.0,0.10526315789473677,0.47812499996171876,0.24,0.7564935113085477,0.42370449146788264,0.04806429724945534,1430.245367732639,0.28217216429995984,0.5021793649131889,0.5212158444120408,0.4782918033791659,0.42370449146788264,0.3910595315235057,HEAVY-TAIL-RISK,High
597,2985.0,2990.0,0.0,2.0,39.480000000000246,77.02568817138672,91.8210433959961,16.789305555555554,0.25,0.2,1.0,0.19756838905774954,0.043749999978124995,0.5,0.18443283394223753,0.3951228648712623,0.02780687322984749,699.9776047821731,0.2765363071965108,0.29086890776142804,0.33455410628961224,0.24564235017501498,0.3951228648712623,0.3092462996731397,SPARSE-EXTREME,Moderate
598,2990.0,2995.0,1.0,3.0,65.12000000000006,94.61172485351562,119.27630920410157,19.656121527777778,0.2993447993447993,0.3,1.0,0.11056511056511047,0.3333333332944444,0.34500000000000003,0.3988182865609483,0.331722034709601,0.0352891574074074,994.2500351493715,0.20953152929825883,0.36657345464788754,0.38980702187462923,0.35706215262134006,0.331722034709601,0.3043404566119916,SPARSE-EXTREME,Moderate
599,2995.0,3000.0,1.0,5.0,62.56000000000003,93.00593566894531,121.48873596191406,22.367274305555554,0.3229923273657289,0.5,1.0,0.108695652173913,0.199999999986,0.595,0.8146721228320175,0.3329655442286631,0.04149492647058825,1114.94839534694,0.2129079597224374,0.6283448734297226,0.47757907281611744,0.5226516368447052,0.3329655442286631,0.46131608771449667,MOTION-HEAVY,Moderate
600,3000.0,3005.0,0.0,1.6000000000000085,2.0,72.34227752685547,77.74820861816406,12.754475694444443,0.055000000000000215,0.16000000000000086,0.1,1.0,0.0,0.15,0.33333333333333315,0.4450397941240103,0.020740037581699348,623.0983730356071,0.3048559533151974,0.2061249999999999,0.3322585363352585,0.15249999999999994,0.4450397941240103,0.24495851584393658,LOW-COMPLEXITY,Moderate
601,3005.0,3010.0,1.0,4.0,32.360000000000184,111.01769256591797,123.89657745361328,23.567923611111112,0.3154511742892459,0.4,1.0,0.2224969097651409,0.29374999996718754,0.38166666666666665,0.42415214426773595,0.3820792762020893,0.0417216406590414,1457.4523178758695,0.24580412306783703,0.38630097441796385,0.4168562759926072,0.3636414766021697,0.3820792762020893,0.33232142738763576,SPARSE-EXTREME,Moderate
602,3010.0,3015.0,2.0,4.0,28.800000000000153,70.18049621582031,91.0593765258789,25.33354166666666,0.24272222222222262,0.2,0.7200000000000039,0.15972222222222138,0.49999999995625,0.225,0.1808592072364503,0.33509603113994524,0.03779705964052287,709.8443478101279,0.21681334504155422,0.24911125514096524,0.3641772386628994,0.3080077621556226,0.33509603113994524,0.23547357935327315,SPARSE-EXTREME,Moderate
603,3015.0,3020.0,1.0,1.0,65.80000000000015,98.5086669921875,117.86040344238282,19.11270138888889,0.18259878419452885,0.1,1.0,0.13677811550151944,0.99999999965,0.015,0.5170231331389048,0.3474148386146631,0.03351909545206972,1187.219536199159,0.2143551170813686,0.3885175628602986,0.5135892123203364,0.5103569398191714,0.3474148386146631,0.28138354316997194,SPARSE-EXTREME,High
604,3020.0,3025.0,0.0,1.0,4.0,122.65030670166016,127.1471435546875,10.267576388888887,0.155,0.1,0.2,1.0,0.08749999991249999,0.42999999999999994,0.76952900094129,0.38474492670635585,0.015608975354030502,2447.6243116256,0.22715081391529962,0.5237513653956798,0.4564945940076355,0.4119837002517619,0.38474492670635585,0.40009163332492675,HEAVY-TAIL-RISK,Moderate
605,3025.0,3030.0,1.0,3.6000000000000085,27.800000000000153,127.5964584350586,128.7928955078125,17.65599305555556,0.3413189448441246,0.3600000000000009,1.0,0.15107913669064665,0.3020833332995749,0.3742666666666676,0.16522701361826064,0.4289146007926993,0.030047253267973858,2488.346562342126,0.2807281864187255,0.27196554258529343,0.3879769379808079,0.286290604073663,0.4289146007926993,0.2872780900138766,SPARSE-EXTREME,Moderate
606,3030.0,3035.0,1.0,1.0,3.0,121.03638458251953,126.05599060058594,14.627986111111113,0.21416666666666664,0.1,0.15,0.1,0.99999999965,0.015,0.3543706215825302,0.41418321072360464,0.019009467320261438,2939.4209721316324,0.2673600262205498,0.3177637203332756,0.5119963559711772,0.461561186352259,0.41418321072360464,0.2662385282566653,LOW-COMPLEXITY,High
607,3035.0,3040.0,1.0,1.0,39.24000000000025,51.588226318359375,149.0403045654297,10.230545138888889,0.18774209989806312,0.1,1.0,0.13251783893985644,0.99999999965,0.235,0.16536695309291202,0.33657787229436986,0.017108820806100215,1138.4947756711583,0.3355054586585948,0.32519712454029165,0.4316403539972661,0.48186008580537354,0.33657787229436986,0.31823742811868483,SPARSE-EXTREME,Moderate
608,3040.0,3045.0,0.0,1.0,2.0,51.45021057128906,53.57785415649414,5.857965277777779,0.14,0.1,0.1,0.1,0.08749999991249999,0.42999999999999994,0.0987,0.4325089196162192,0.00942173406862745,285.8980322887329,0.29026430919621865,0.2319407499862187,0.3239917948820052,0.21073499996937495,0.4325089196162192,0.2727070529027563,LOW-COMPLEXITY,Moderate
609,3045.0,3050.0,0.0,1.0,41.440000000000225,152.9620361328125,155.07644958496093,8.917437500000004,0.175,0.1,1.0,0.180984555984555,0.0,0.15,0.526709885989964,0.43709797543338486,0.015600326388888888,2702.4356812055044,0.3016971919188962,0.29024380040563436,0.3733584203162278,0.2105129657969892,0.43709797543338486,0.28875603211027623,SPARSE-EXTREME,Moderate
610,3050.0,3055.0,0.0,0.0,40.000000000000256,141.96969604492188,154.20864868164062,3.331857638888889,0.15,0.0,1.0,0.14749999999999905,0.0,0.0,0.35559004882569534,0.5021633978576564,0.007415369553376907,2541.3287539771477,0.386714722813226,0.15468167123917748,0.3363823904885438,0.1066770146477086,0.5021633978576564,0.2388888559370435,SPARSE-EXTREME,Moderate
611,3055.0,3060.0,0.0,1.0,42.28000000000027,154.3162384033203,155.5341766357422,6.692444444444444,0.275,0.1,1.0,0.13245033112582696,0.08749999991249999,0.42999999999999994,0.3921483043684918,0.4251771006824111,0.011783240196078433,3213.921950201678,0.2796640166297962,0.35959076238651266,0.39533396841977564,0.29876949127992247,0.4251771006824111,0.3382268677464905,SPARSE-EXTREME,Moderate
612,3060.0,3065.0,0.0,1.0,43.80000000000028,127.96405029296875,156.24381408691406,7.036777777777778,0.275,0.1,1.0,0.13698630136986215,0.08749999991249999,0.42999999999999994,0.5310154964047891,0.4462644727985928,0.011700069989106755,2888.0305875386157,0.3506447532461555,0.41999799092230194,0.41967663906576047,0.3404296488908117,0.4462644727985928,0.39779540655716406,SPARSE-EXTREME,Moderate
613,3065.0,3070.0,0.0,1.0,2.0,155.17233276367188,155.78780822753907,2.053822916666667,0.04,0.1,0.1,1.0,0.0,0.15,0.641911750687616,0.475083022129352,0.004596219362745097,3635.321151264284,0.327577843759436,0.34035661154911295,0.40858151101542306,0.24507352520628478,0.475083022129352,0.3218084578059205,HEAVY-TAIL-RISK,Moderate
614,3070.0,3075.0,1.0,1.0,2.0,89.01497650146484,91.61155548095704,8.971545138888887,0.29000000000000004,0.1,0.1,0.1,0.99999999965,0.235,0.25453806518612165,0.4147733856594246,0.013870762799564272,829.3284570493091,0.2629057996061275,0.36398655830083787,0.5192567094184425,0.5086114194333364,0.4147733856594246,0.30643011146258076,LOW-COMPLEXITY,High
615,3075.0,3080.0,1.0,1.0,2.0,92.17898559570312,93.90912780761718,9.15457986111111,0.29000000000000004,0.1,0.1,0.1,0.99999999965,0.235,0.10666666666666667,0.39260222860334537,0.013606061683006534,890.507664775472,0.2329735931967709,0.29966249994487504,0.4834362503722114,0.46424999987749993,0.39260222860334537,0.2622889270778231,LOW-COMPLEXITY,Moderate
616,3080.0,3085.0,0.0,1.0,1.7600000000000051,91.38058471679688,92.93167266845703,6.052635416666667,0.03820000000000004,0.1,0.08800000000000026,1.0,0.0,0.15,0.34610328638497667,0.5049007075601546,0.011332088099128541,816.1802211777973,0.37176413421733157,0.21167992957746484,0.3586757735773507,0.156330985915493,0.5049007075601546,0.2746089039284464,LOW-COMPLEXITY,Moderate
617,3085.0,3090.0,0.0,2.0,57.4400000000001,60.81711959838867,116.4791488647461,16.69679513888889,0.25,0.2,1.0,0.1479805013927574,0.043749999978124995,0.5,0.9053592553077938,0.2933938203852359,0.030982587145969496,550.0747167284914,0.22990315677445866,0.604471901055445,0.421299337892055,0.4619202765846819,0.2933938203852359,0.4498617798493087,MOTION-HEAVY,Moderate
618,3090.0,3095.0,0.0,0.0,1.0,45.410987854003906,63.160359954833986,4.887850694444444,0.0075,0.0,0.05,0.2,0.0,0.0,0.027999999972000006,0.3488571627586436,0.008933686546840956,113.25365451657159,0.24802519830808845,0.012179999987820003,0.1841350322929084,0.008399999991600002,0.3488571627586436,0.10544556976270127,LOW-COMPLEXITY,Low
619,3095.0,3100.0,0.0,0.0,0.0,50.16322326660156,97.0711410522461,2.037579861111111,0.0,0.0,0.0,1.0,0.0,0.0,0.0,0.33286266898627415,0.006497389569716775,312.3773613994922,0.2853846823464194,0.0,0.17076803143712577,0.0,0.33286266898627415,0.11924548492963519,LOW-COMPLEXITY,Low
620,3100.0,3105.0,0.0,0.0,0.0,104.38961029052734,106.34712829589844,2.416847222222222,0.0,0.0,0.0,0.0,0.0,0.0,0.0,0.3986992826172765,0.004807091775599128,736.5441307062678,0.2409552386465625,0.0,0.23762254845220007,0.0,0.3986992826172765,0.10397069062723213,LOW-COMPLEXITY,Low
621,3105.0,3110.0,0.0,0.0,0.0,107.06046295166016,107.88291015625,2.3540694444444443,0.0,0.0,0.0,0.0,0.0,0.0,0.0,0.4214722415554991,0.004232167619825708,772.5913038339354,0.26838800540342855,0.0,0.2460055495741672,0.0,0.4214722415554991,0.11492788466379801,LOW-COMPLEXITY,Low
622,3110.0,3115.0,0.0,0.0,0.0,106.39220428466797,107.63949127197266,2.5490486111111106,0.0,0.0,0.0,0.0,0.0,0.0,0.0,0.41738906653923113,0.004946901143790851,762.5805560101575,0.2622600440319344,0.0,0.24399454016731728,0.0,0.41738906653923113,0.11218084443972048,LOW-COMPLEXITY,Low
623,3115.0,3120.0,0.0,0.0,0.0,100.24273681640625,110.20891876220703,1.9548958333333335,0.0,0.0,0.0,0.0,0.0,0.0,0.0,0.4139933736435587,0.0035447855392156864,722.1758215888104,0.27430877272815024,0.0,0.23617049869015916,0.0,0.4139933736435587,0.11631571749474114,LOW-COMPLEXITY,Low
624,3120.0,3125.0,0.0,0.0,0.0,99.24649047851562,99.76564178466796,0.7893229166666668,0.0,0.0,0.0,0.0,0.0,0.0,0.0,0.40564946870649554,0.0010472743736383444,651.6991915973317,0.24623842924373457,0.0,0.24085497486425173,0.0,0.40564946870649554,0.10600608864773149,LOW-COMPLEXITY,Low
625,3125.0,3130.0,0.0,0.0,0.0,99.20467376708984,99.65651092529296,0.7897083333333332,0.0,0.0,0.0,0.0,0.0,0.0,0.0,0.40970019119956963,0.0010652139161220042,650.5847175831842,0.24937949357506023,0.0,0.24172469816853537,0.0,0.40970019119956963,0.10686834334662508,LOW-COMPLEXITY,Low
626,3130.0,3135.0,0.0,0.0,0.0,99.21192169189453,99.5880615234375,0.6198993055555555,0.0,0.0,0.0,0.0,0.0,0.0,0.0,0.4021888360695501,0.0009039436274509804,649.847539510855,0.24118936885850104,0.0,0.23977569921473357,0.0,0.4021888360695501,0.10396897013701974,LOW-COMPLEXITY,Low
627,3135.0,3140.0,0.0,0.0,0.0,99.47483825683594,104.56811981201172,1.399201388888889,0.0,0.0,0.0,0.0,0.0,0.0,0.0,0.4564841112271128,0.002201986111111111,669.7649455763839,0.3279498008634204,0.0,0.2553263704512586,0.0,0.4564841112271128,0.1392181022828725,LOW-COMPLEXITY,Low
628,3140.0,3145.0,0.0,0.0,0.0,104.89500427246094,106.7984634399414,1.781954861111111,0.0,0.0,0.0,0.0,0.0,0.0,0.0,0.3949733126152426,0.002751576525054466,704.2063605509466,0.2360412127473356,0.0,0.23649211237714207,0.0,0.3949733126152426,0.10204951755185687,LOW-COMPLEXITY,Low
629,3145.0,3150.0,0.0,0.0,0.0,104.35643005371094,105.88825073242188,1.830725694444444,0.0,0.0,0.0,0.0,0.0,0.0,0.0,0.3945222009945829,0.0029548148148148146,688.359367964203,0.2338437942234035,0.0,0.23651355168020113,0.0,0.3945222009945829,0.10107108995112643,LOW-COMPLEXITY,Low
630,3150.0,3155.0,0.0,0.0,0.0,104.9580078125,105.59312438964844,0.8836076388888889,0.0,0.0,0.0,0.0,0.0,0.0,0.0,0.47711367918355385,0.0016615562363834423,736.618431329614,0.33080296134119935,0.0,0.2619031016348028,0.0,0.47711367918355385,0.13778914644689216,LOW-COMPLEXITY,Low
631,3155.0,3160.0,0.0,0.0,0.0,104.46186065673828,104.74409332275391,0.8665243055555556,0.0,0.0,0.0,0.0,0.0,0.0,0.0,0.42368904476161284,0.0012660008169934637,743.3318330308276,0.2662339393868496,0.0,0.24620728259287777,0.0,0.42368904476161284,0.11336725741052879,LOW-COMPLEXITY,Low
632,3160.0,3165.0,0.0,0.0,0.0,118.28591918945312,122.5220932006836,1.2817465277777775,0.0,0.0,0.0,0.0,0.0,0.0,0.0,0.4015255961040152,0.0029877570806100214,819.7345150791235,0.25255406801861136,0.0,0.23697894832909389,0.0,0.4015255961040152,0.10883826689848472,LOW-COMPLEXITY,Low
633,3165.0,3170.0,0.0,0.0,0.0,121.66857147216797,122.62791137695312,0.5562465277777778,0.0,0.0,0.0,0.0,0.0,0.0,0.0,0.4165176281619095,0.0008229400871459696,917.6460974999178,0.25837157650365106,0.0,0.24350308805229773,0.0,0.4165176281619095,0.11028246202965235,LOW-COMPLEXITY,Low
634,3170.0,3175.0,0.0,1.0,13.320000000000036,121.11841583251953,121.90564727783203,6.1356319444444445,0.12490000000000026,0.1,0.6660000000000018,0.11261261261261231,0.0,0.15,0.2117214890734833,0.4320902465332717,0.006592885620915033,656.9979438657215,0.300473072088974,0.15322384774696524,0.30680876821018677,0.11601644672204497,0.4320902465332717,0.2188552666457569,SPARSE-EXTREME,Moderate
635,3175.0,3180.0,0.0,4.0,31.200000000000102,56.34501266479492,80.83709716796875,11.425687499999999,0.3,0.4,1.0,0.1249999999999996,0.043749999989062496,0.5,0.48696083448452676,0.33483035000868044,0.01914926770152505,335.6169322219336,0.23729079714412912,0.4224685879990464,0.35189271404515116,0.3364007503415299,0.33483035000868044,0.3561443861583763,SPARSE-EXTREME,Moderate
636,3180.0,3185.0,1.0,2.0,48.760000000000005,118.73050689697266,155.9892578125,12.964190972222221,0.2602543068088597,0.2,1.0,0.10049220672682527,0.456249999934375,0.23666666666666666,0.856236616302806,0.3367170324371667,0.02208873883442266,2027.1415079933292,0.22281507527477398,0.5407639697480513,0.4920444239238999,0.49939181820120637,0.3367170324371667,0.3870459870135478,HEAVY-TAIL-RISK,Moderate
637,3185.0,3190.0,0.0,0.0,2.0,103.12589263916016,156.1336669921875,1.8917118055555555,0.015,0.0,0.1,1.0,0.0,0.0,1.0,0.4075804947487437,0.00458595901416122,2203.9231455001445,0.341279815130434,0.435,0.4195345829992355,0.3,0.4075804947487437,0.36558188792776347,HEAVY-TAIL-RISK,Moderate
638,3190.0,3195.0,0.0,0.0,1.7600000000000051,102.8896484375,154.94749145507814,2.339368055555555,0.013200000000000038,0.0,0.08800000000000026,1.0,0.0,0.0,1.0,0.47372397308252423,0.005126114379084967,1702.1766552640202,0.4246803809553543,0.435,0.43653621758147376,0.3,0.47372397308252423,0.39669687336056186,HEAVY-TAIL-RISK,Moderate
639,3195.0,3200.0,0.0,0.0,2.0,154.14561462402344,154.64176330566406,2.603333333333333,0.015,0.0,0.1,1.0,0.0,0.0,0.5715426872655446,0.5161790043899153,0.005581814950980393,3221.1433509085264,0.3830985969346321,0.2486210689605119,0.39014901650672495,0.17146280617966336,0.5161790043899153,0.2847881062370226,LOW-COMPLEXITY,Moderate
640,3200.0,3205.0,0.0,0.0,1.0,73.43252563476562,75.03747253417968,3.445260416666667,0.0075,0.0,0.05,0.1,0.0,0.0,1.0,0.3872648204520004,0.005482734885620916,447.88610034604216,0.2273603020679742,0.435,0.43110518904802125,0.3,0.3872648204520004,0.31775076208779446,HEAVY-TAIL-RISK,Moderate
641,3205.0,3210.0,0.0,0.0,1.7600000000000051,72.94803619384766,153.30746765136718,3.0260659722222223,0.013200000000000038,0.0,0.08800000000000026,1.0,0.0,0.0,0.4724752777236071,0.36617693701132964,0.005917372549019608,2071.883739365361,0.33488185481034877,0.20552674580976907,0.28689383978323635,0.14174258331708212,0.36617693701132964,0.24718082873501573,LOW-COMPLEXITY,Low
642,3210.0,3215.0,0.0,0.0,38.480000000000246,100.73735046386719,153.25787963867188,3.970902777777778,0.15,0.0,1.0,0.15072765072764976,0.0,0.0,0.3259025781876473,0.3188726549598962,0.008262328976034858,2229.8974765605417,0.22598783575564574,0.14176762151162658,0.2530959670804854,0.09777077345629419,0.3188726549598962,0.17074472934416576,SPARSE-EXTREME,Low
643,3215.0,3220.0,0.0,0.0,39.24000000000025,72.5901107788086,102.44178771972656,5.841256944444445,0.15,0.0,1.0,0.13251783893985644,0.0,0.0,0.009104994902927772,0.39292669032475236,0.010593581563180826,744.987254900463,0.3077616944161638,0.003960672782773581,0.21902602951592584,0.0027314984708783317,0.39292669032475236,0.13367403419290702,SPARSE-EXTREME,Low
644,3220.0,3225.0,0.0,0.0,40.000000000000256,102.57301330566406,152.61090393066405,4.325319444444445,0.15,0.0,1.0,0.14499999999999907,0.0,0.0,0.012599999999684742,0.31268194436795077,0.008677395016339868,1656.7296193512625,0.2148268005754203,0.005480999999862863,0.1888371732254704,0.0037799999999054224,0.31268194436795077,0.0972259248245898,SPARSE-EXTREME,Low
645,3225.0,3230.0,0.0,0.0,38.480000000000246,70.8487777709961,153.15647888183594,3.9319444444444445,0.15,0.0,1.0,0.1455301455301446,0.0,0.0,1.0,0.3412853700381992,0.00820370043572985,1391.390304032788,0.30517403508282737,0.435,0.3835361862755491,0.3,0.3412853700381992,0.35150334022830604,HEAVY-TAIL-RISK,Moderate
646,3230.0,3235.0,0.0,1.0,51.52000000000001,67.26167297363281,101.62145385742187,7.301486111111111,0.275,0.1,1.0,0.10675465838509315,0.08749999991249999,0.42999999999999994,0.39789241415011606,0.35744382646076406,0.015125684232026147,678.0190265512241,0.27421059404044434,0.36208945014151916,0.3516481640704303,0.30049272421440976,0.35744382646076406,0.33800505995219915,SPARSE-EXTREME,Moderate
647,3235.0,3240.0,1.0,2.0,47.04000000000002,85.85946655273438,114.7169921875,15.34775,0.26062925170068024,0.2,1.0,0.10841836734693873,0.456249999934375,0.23666666666666666,0.3983201674900979,0.3195213463185874,0.027331285539215686,822.934557631061,0.20569372630701732,0.3415703145145233,0.3930409870762802,0.3620168835573939,0.3195213463185874,0.2794455638407412,SPARSE-EXTREME,Moderate
648,3240.0,3245.0,1.0,1.0,41.800000000000026,85.6854476928711,120.30520324707031,15.616690972222221,0.2869617224880383,0.1,1.0,0.1722488038277511,0.9124999997375001,0.2583333333333333,0.6072056009444944,0.35887745038403446,0.025897288126361658,1147.320127222343,0.26188894466215035,0.5131240197028446,0.5401731732071755,0.5919533468581399,0.35887745038403446,0.38594989383258554,HEAVY-TAIL-RISK,High
649,3245.0,3250.0,1.0,2.0,41.24000000000025,117.85847473144531,151.29169616699218,21.239878472222223,0.3121241513094083,0.2,1.0,0.1454898157128992,0.4999999999125,0.18999999999999997,0.16861061684578538,0.3578378816553629,0.03780924836601307,2167.2084358816164,0.24527386659973902,0.22952061831413537,0.36663506702049253,0.2920831850231106,0.3578378816553629,0.23429132887006895,SPARSE-EXTREME,Moderate
650,3250.0,3255.0,0.0,5.0,38.920000000000215,85.54297637939453,115.91478424072265,14.9163125,0.29500000000000004,0.5,1.0,0.13103802672147924,0.0174999999965,0.5,0.510034740963804,0.38103388331061094,0.025659535811546837,825.8615752980734,0.28438408476372556,0.42837136231870343,0.3801566235567476,0.33413542228791615,0.38103388331061094,0.3814936009436423,SPARSE-EXTREME,Moderate
651,3255.0,3260.0,0.0,0.0,47.280000000000015,59.13613510131836,151.56842956542968,6.077961805555556,0.15,0.0,1.0,0.143824027072758,0.0,0.0,0.012270727580112707,0.3451239755678018,0.012099766476034859,1369.5234953809506,0.3299838103989706,0.005337766497349027,0.1819872731613157,0.0036812182740338117,0.3451239755678018,0.14424706605101223,SPARSE-EXTREME,Low
652,3260.0,3265.0,0.0,0.0,2.0,60.294639587402344,152.1105499267578,4.294836805555554,0.015,0.0,0.1,1.0,0.0,0.0,0.5643481182016175,0.3451061986536003,0.007564823529411765,2003.5176847626944,0.32867433691582687,0.24549143141770358,0.2928394162572585,0.16930443546048524,0.3451061986536003,0.26520663221479646,LOW-COMPLEXITY,Low
653,3265.0,3270.0,0.0,0.0,1.7600000000000051,57.85843276977539,152.42542724609376,4.8135972222222225,0.013200000000000038,0.0,0.08800000000000026,1.0,0.0,0.0,1.0,0.34118350515173057,0.008248572984749456,1387.5232493740752,0.32806451813318355,0.435,0.3777005149301398,0.3,0.34118350515173057,0.36093156300420803,HEAVY-TAIL-RISK,Moderate
654,3270.0,3275.0,0.0,0.0,1.0,57.158023834228516,150.30185241699218,2.4917673611111115,0.0075,0.0,0.05,1.0,0.0,0.0,1.0,0.413723855953458,0.005479993191721133,831.2238214529974,0.4269673021532138,0.435,0.3947524044421983,0.3,0.413723855953458,0.39821602864301187,HEAVY-TAIL-RISK,Moderate
655,3275.0,3280.0,0.0,0.0,47.760000000000005,150.3921661376953,152.404931640625,3.712989583333333,0.15,0.0,1.0,0.10259631490787269,0.0,0.0,0.4673793220901483,0.42537106914688905,0.008409524918300654,2353.6426268799223,0.2925550731252767,0.20331000510921454,0.33732804859287546,0.1402137966270445,0.42537106914688905,0.22810648459694474,SPARSE-EXTREME,Moderate
656,3280.0,3285.0,0.0,0.0,2.0,151.7720184326172,152.88599243164063,2.184638888888889,0.015,0.0,0.1,1.0,0.0,0.0,1.0,0.4287528739637933,0.0046972806372549015,2825.09739402503,0.29376420331613623,0.435,0.445834797182993,0.3,0.4287528739637933,0.3457360621811673,HEAVY-TAIL-RISK,Moderate
657,3285.0,3290.0,0.0,0.0,2.0,151.75070190429688,152.41244506835938,0.6080347222222223,0.015,0.0,0.1,0.1,0.0,0.0,1.0,0.39235158692749633,0.0015360740740740743,3925.0089207766,0.22920649346587746,0.435,0.43720680815490187,0.3,0.39235158692749633,0.3195377328552803,HEAVY-TAIL-RISK,Moderate
658,3290.0,3295.0,0.0,0.0,2.0,151.4881134033203,151.9869415283203,0.7196284722222221,0.015,0.0,0.1,0.1,0.0,0.0,1.0,0.3956701409670186,0.0017389703159041397,3890.8365296761576,0.23312946658886546,0.435,0.43836599897475925,0.3,0.3956701409670186,0.32107529769384374,HEAVY-TAIL-RISK,Moderate
659,3295.0,3300.0,0.0,0.0,2.0,59.61722946166992,152.32314453125,3.968684027777778,0.015,0.0,0.1,1.0,0.0,0.0,0.4884607853235813,0.4130380487560704,0.0072823660130718944,731.9526261935589,0.4233393006946773,0.21248044161575785,0.292784693030157,0.14653823559707438,0.4130380487560704,0.28415389851741313,LOW-COMPLEXITY,Low
660,3300.0,3305.0,0.0,0.0,1.0,58.96335220336914,96.09420471191406,2.2483125,0.0075,0.0,0.05,1.0,0.0,0.0,1.0,0.3936311773873646,0.0055485106209150325,425.84248391802873,0.3351985437524141,0.435,0.4071081962344871,0.3,0.3936311773873646,0.3616793462114363,HEAVY-TAIL-RISK,Moderate
661,3305.0,3310.0,0.0,0.0,1.0,92.76347351074219,95.772412109375,1.1014756944444444,0.0075,0.0,0.05,0.1,0.0,0.0,1.0,0.40011219723610475,0.0028145641339869278,772.6593993127971,0.24673812009549714,0.435,0.4376088950981405,0.3,0.40011219723610475,0.3265041240230716,HEAVY-TAIL-RISK,Moderate
662,3310.0,3315.0,0.0,0.0,1.0,86.57038879394531,88.2363494873047,0.874201388888889,0.0075,0.0,0.05,0.1,0.0,0.0,1.0,0.5144968725525939,0.002683196078431372,640.6352889612377,0.3806962974781575,0.435,0.4726629512727559,0.3,0.5144968725525939,0.3771559635463948,HEAVY-TAIL-RISK,Moderate
663,3315.0,3320.0,0.0,0.0,1.0,90.5142593383789,95.80701141357422,1.07565625,0.0075,0.0,0.05,0.1,0.0,0.0,1.0,0.3726947356133666,0.002990256808278867,743.720230182316,0.2179120263155665,0.435,0.42671594452646444,0.3,0.3726947356133666,0.3151329098387042,HEAVY-TAIL-RISK,Moderate
664,3320.0,3325.0,0.0,0.0,1.7600000000000051,85.42085266113281,92.64389190673828,2.818559027777778,0.013200000000000038,0.0,0.08800000000000026,1.0,0.0,0.0,1.0,0.3926439755507459,0.006260062363834421,543.3982535945502,0.2555239715836197,0.435,0.43065990623871786,0.3,0.3926439755507459,0.33033195908767465,HEAVY-TAIL-RISK,Moderate
665,3325.0,3330.0,0.0,0.0,1.0,57.87530517578125,62.61418533325195,3.565243055555556,0.0075,0.0,0.05,0.2,0.0,0.0,1.0,0.41352249407090685,0.005942026416122004,241.6050886929556,0.27816135369943085,0.435,0.4239266616224727,0.3,0.41352249407090685,0.33407438489985414,HEAVY-TAIL-RISK,Moderate
666,3330.0,3335.0,1.0,1.0,50.64000000000033,81.40191650390625,150.2154998779297,9.619840277777778,0.2848736176935228,0.1,1.0,0.17772511848341116,0.9124999997375001,0.2583333333333333,0.17910307708875428,0.36910643077945865,0.01656373066448802,1713.1888169363976,0.32184918155038006,0.3268994218255977,0.4456838289424323,0.46352258970141796,0.36910643077945865,0.31608611810682313,SPARSE-EXTREME,Moderate
667,3335.0,3340.0,0.0,0.0,2.0,152.1638946533203,152.85472412109374,0.2675034722222222,0.015,0.0,0.1,0.1,0.0,0.0,1.0,0.39107364590211474,0.0011503073257080607,3883.317191691996,0.2273685531130919,0.435,0.4367223956662877,0.3,0.39107364590211474,0.31876870356421794,HEAVY-TAIL-RISK,Moderate
668,3340.0,3345.0,0.0,1.0,2.0,150.93016052246094,151.43852844238282,5.016489583333334,0.04,0.1,0.1,1.0,0.0,0.15,0.6238374585667802,0.5150715298263204,0.009155128540305011,3221.8288506739354,0.3813851335656009,0.3324942944765493,0.4187061982240836,0.23965123757003404,0.5150715298263204,0.33954747248966666,HEAVY-TAIL-RISK,Moderate
669,3345.0,3350.0,0.0,1.0,45.52000000000001,147.67837524414062,149.09637451171875,10.977555555555556,0.275,0.1,1.0,0.14059753954305795,0.08749999991249999,0.42999999999999994,0.645593556281983,0.4281172602505491,0.018720377723311546,2219.495474389732,0.2943371685960429,0.46983944696888136,0.4447370024000227,0.37480306685396986,0.4281172602505491,0.4001362535176896,HEAVY-TAIL-RISK,Moderate
670,3350.0,3355.0,0.0,0.0,2.0,150.0861358642578,152.13138427734376,4.95782986111111,0.015,0.0,0.1,1.0,0.0,0.0,1.0,0.5164920130158841,0.008944094090413943,3234.4285586858205,0.3856952018862734,0.435,0.47544109979953975,0.3,0.5164920130158841,0.3801289826190045,HEAVY-TAIL-RISK,Moderate
671,3355.0,3360.0,0.0,1.0,56.840000000000046,150.75144958496094,152.1827423095703,6.701392361111112,0.175,0.1,1.0,0.12139338494018288,0.0,0.15,0.5475551225057183,0.4302307100014782,0.01446437949346405,2595.11878748683,0.2938713097710336,0.2993114782899874,0.3748979781490317,0.21676653675171545,0.4302307100014782,0.2902255381131661,SPARSE-EXTREME,Moderate
672,3360.0,3365.0,0.0,0.0,2.0,151.30953979492188,152.3275634765625,1.4859027777777778,0.015,0.0,0.1,0.1,0.0,0.0,1.0,0.38654933949620085,0.0028619507080610016,3751.011771995539,0.22178837420677938,0.435,0.43509487762736876,0.3,0.38654933949620085,0.3165400593989185,HEAVY-TAIL-RISK,Moderate
673,3365.0,3370.0,0.0,3.0,4.0,149.68202209472656,151.062744140625,8.777003472222223,0.13833333333333334,0.3,0.2,1.0,0.02916666665694444,0.5,0.5372670001036699,0.4165348784877111,0.014626513480392156,3417.586377857564,0.2644428273965465,0.4420548950435652,0.4194809289599243,0.34638843336103153,0.4165348784877111,0.3804960692278695,SPARSE-EXTREME,Moderate
674,3370.0,3375.0,1.0,2.0,3.760000000000005,60.58392333984375,138.0650604248047,15.30450694444444,0.2611787234042552,0.2,0.18800000000000025,1.0,0.543749999890625,0.162,0.636312243521418,0.3584041610666271,0.022319583333333334,698.3299246453785,0.3429790776112836,0.4284514509145903,0.43691721439723286,0.43790617301814416,0.3584041610666271,0.37075636010622925,HEAVY-TAIL-RISK,Moderate
675,3375.0,3380.0,0.0,7.0,27.200000000000102,148.25167846679688,150.894873046875,10.078597222222221,0.32499999999999996,0.7,1.0,0.17647058823529344,0.0,0.15,0.2811363409606871,0.4278498380967496,0.021111034313725487,2115.588268790726,0.29599230749016797,0.18341930831789888,0.31967861815518417,0.13684090228820614,0.4278498380967496,0.23259166171931409,SPARSE-EXTREME,Moderate
676,3380.0,3385.0,0.0,0.0,2.0,150.6214599609375,151.3131317138672,1.3711215277777775,0.015,0.0,0.1,0.1,0.0,0.0,1.0,0.40545433719207324,0.0027206186002178647,3738.6836906048284,0.2468234961376247,0.435,0.4416069106933358,0.3,0.40545433719207324,0.3266105825134616,HEAVY-TAIL-RISK,Moderate
677,3385.0,3390.0,0.0,0.6000000000000085,2.0,66.7737808227539,151.4240234375,4.100510416666667,0.030000000000000214,0.06000000000000085,0.1,1.0,0.0,0.15,0.6511844479579807,0.3549364848689657,0.00736461274509804,2014.4008956067528,0.32951428558797224,0.3443902348617216,0.3348540346190121,0.24785533438739418,0.3549364848689657,0.328399600887096,HEAVY-TAIL-RISK,Moderate
678,3390.0,3395.0,0.0,1.0,35.440000000000225,63.822288513183594,149.17446594238282,8.445020833333334,0.175,0.1,1.0,0.14108352144469435,0.0,0.15,0.16129443580115702,0.3508601214851813,0.014820748638344228,1793.732936905818,0.32773857940161055,0.1312880795735033,0.23474041834600762,0.1008883307403471,0.3508601214851813,0.22000757112078614,SPARSE-EXTREME,Low
679,3395.0,3400.0,0.0,1.0,28.60000000000018,57.60984420776367,144.18050537109374,9.426892361111111,0.275,0.1,1.0,0.18531468531468415,0.08749999991249999,0.42999999999999994,0.5304110865999224,0.34448654139914914,0.014879852396514157,1311.663410259963,0.3271718676874428,0.4197350726571849,0.3560054655992323,0.34024832594935167,0.34448654139914914,0.3891278744436537,SPARSE-EXTREME,Moderate
680,3400.0,3405.0,0.0,1.0,1.0,67.89617919921875,82.3479217529297,7.561927083333334,0.0325,0.1,0.05,0.1,0.0,0.15,0.04571428571428573,0.35602762316125935,0.011330749591503268,342.18670357660176,0.22721965911678182,0.08101071428571428,0.23085736399222373,0.06621428571428571,0.35602762316125935,0.14976014402249724,LOW-COMPLEXITY,Low
681,3405.0,3410.0,0.0,0.0,37.72000000000024,150.54315185546875,151.64530029296876,4.414628472222223,0.15,0.0,1.0,0.13255567338281996,0.0,0.0,0.39266985108611074,0.4280324451044853,0.008472904547930284,2542.7676098844977,0.29105480165211656,0.17081138522245817,0.32445949944086494,0.11780095532583322,0.4280324451044853,0.2109805920171563,SPARSE-EXTREME,Moderate
682,3410.0,3415.0,0.0,1.0,6.0,59.48152542114258,74.1221206665039,12.117868055555558,0.17,0.1,0.3,0.8166666666666667,0.08749999991249999,0.42999999999999994,0.7874834534317154,0.3789510168310753,0.01910237785947712,218.02175121055527,0.26362432423753107,0.5315615522290149,0.4292010786430382,0.41737003599888955,0.3789510168310753,0.4129173034508174,HEAVY-TAIL-RISK,Moderate
683,3415.0,3420.0,0.0,0.0,1.7600000000000051,61.46974563598633,149.634423828125,5.165145833333333,0.013200000000000038,0.0,0.08800000000000026,1.0,0.0,0.0,1.0,0.3515212839346504,0.010136588235294118,1396.390406626269,0.33277839538928455,0.435,0.3834543482445407,0.3,0.3515212839346504,0.36271789859656894,HEAVY-TAIL-RISK,Moderate
684,3420.0,3425.0,0.0,0.0,2.0,114.41642761230469,149.0296844482422,2.7779548611111107,0.015,0.0,0.1,1.0,0.0,0.0,1.0,0.43349769387376,0.006067172657952069,2724.478281851017,0.34712126072301985,0.435,0.43557837773760477,0.3,0.43349769387376,0.36763863910123157,HEAVY-TAIL-RISK,Moderate
685,3425.0,3430.0,0.0,0.0,2.0,115.94788360595703,150.7904815673828,2.6201111111111115,0.015,0.0,0.1,1.0,0.0,0.0,1.0,0.432088187855406,0.005588962418300653,2957.8846389681885,0.3450829158214356,0.435,0.43523863005156316,0.3,0.432088187855406,0.3668529314649134,HEAVY-TAIL-RISK,Moderate
686,3430.0,3435.0,0.0,0.0,2.0,150.46673583984375,150.9430145263672,3.384590277777778,0.015,0.0,0.1,1.0,0.0,0.0,1.0,0.43116210927386733,0.006161817538126361,2717.686959509813,0.29565703026152756,0.435,0.4470299526801117,0.3,0.43116210927386733,0.34649847125033606,HEAVY-TAIL-RISK,Moderate
687,3435.0,3440.0,0.0,0.0,35.440000000000225,151.6479949951172,152.0935028076172,2.5714826388888894,0.15,0.0,1.0,0.1382618510158005,0.0,0.0,1.0,0.5161268076413216,0.006016771377995643,3109.230596084058,0.38298257552431164,0.435,0.47606973703495536,0.3,0.5161268076413216,0.3790839938140597,HEAVY-TAIL-RISK,Moderate
688,3440.0,3445.0,0.0,0.0,1.0,87.3351058959961,94.87255401611328,0.9463333333333332,0.0075,0.0,0.05,0.1,0.0,0.0,1.0,0.4018998980604691,0.002790982843137255,704.1646865671435,0.2597789061862982,0.435,0.43458129597799544,0.3,0.4018998980604691,0.3315179321703302,HEAVY-TAIL-RISK,Moderate
689,3445.0,3450.0,0.0,0.0,46.60000000000031,71.88980102539062,90.22696228027344,4.460041666666665,0.15,0.0,1.0,0.1330472103004283,0.0,0.0,0.3079202850452287,0.36797492211170885,0.009791623229847493,506.06841739566,0.25174659079442074,0.1339453239946745,0.27660788749158727,0.09237608551356861,0.36797492211170885,0.17688036824812303,SPARSE-EXTREME,Low
690,3450.0,3455.0,0.0,0.0,1.0,91.53343200683594,95.05704193115234,1.1987777777777775,0.0075,0.0,0.05,0.1,0.0,0.0,1.0,0.39184609257270236,0.0030863368736383442,749.9008858194128,0.23835477262590316,0.435,0.43461551996538184,0.3,0.39184609257270236,0.32333129515765957,HEAVY-TAIL-RISK,Moderate
691,3455.0,3460.0,0.0,0.0,1.7600000000000051,94.48844146728516,151.37672119140626,1.5211180555555552,0.013200000000000038,0.0,0.08800000000000026,1.0,0.0,0.0,1.0,0.41106622512651714,0.0042929502995642695,1452.2488406333946,0.35627981766427297,0.435,0.41275065700858515,0.3,0.41106622512651714,0.36983608250351196,HEAVY-TAIL-RISK,Moderate
692,3460.0,3465.0,0.0,0.0,1.7600000000000051,68.86215209960938,150.08851928710936,3.4141875,0.013200000000000038,0.0,0.08800000000000026,1.0,0.0,0.0,1.0,0.42411930469180803,0.0062954098583878,758.3154694076163,0.41835366923722517,0.435,0.40423013982954104,0.3,0.42411930469180803,0.39462755738599997,HEAVY-TAIL-RISK,Moderate
693,3465.0,3470.0,0.0,0.0,33.16000000000021,71.4762191772461,123.8776840209961,3.0818090277777777,0.15,0.0,1.0,0.1628468033775623,0.0,0.0,0.01759710494518677,0.38608798613039685,0.006965108660130719,1010.7961869340635,0.33481683805238294,0.007654740651156245,0.20957456290618998,0.005279131483556031,0.38608798613039685,0.14687708525253673,SPARSE-EXTREME,Low
694,3470.0,3475.0,0.0,1.0,52.04000000000002,88.79115295410156,125.9472152709961,7.673229166666666,0.175,0.1,1.0,0.10953112990007682,0.0,0.15,0.5951662726010756,0.332826612786961,0.01448660661764706,1166.6518968908458,0.22757610231860842,0.32002232858146784,0.33431312569632265,0.23104988178032265,0.332826612786961,0.27436593284643823,SPARSE-EXTREME,Moderate
695,3475.0,3480.0,0.0,1.0,63.12000000000006,90.5018081665039,149.5579071044922,9.201465277777777,0.275,0.1,1.0,0.10614702154626099,0.08749999991249999,0.42999999999999994,0.398438984857446,0.33252962365102057,0.01755964801198257,1585.9169519051195,0.2558657889930874,0.36232720839920773,0.33742172787270397,0.3006566954266088,0.33252962365102057,0.33016394106785185,SPARSE-EXTREME,Moderate
696,3480.0,3485.0,0.0,0.0,41.520000000000266,125.00484466552734,150.5112091064453,3.841013888888889,0.15,0.0,1.0,0.1589595375722533,0.0,0.0,1.0,0.3491309776444902,0.007989318763616558,2491.304214433585,0.21509177150304626,0.435,0.41139068932083855,0.3,0.3491309776444902,0.3142498826026941,HEAVY-TAIL-RISK,Moderate
697,3485.0,3490.0,0.0,0.0,36.960000000000235,149.18536376953125,150.23729858398437,3.7781076388888892,0.15,0.0,1.0,0.13257575757575674,0.0,0.0,1.0,0.5166770446563753,0.007277030773420479,3072.0341836115012,0.3845312104461041,0.435,0.47599129881172275,0.3,0.5166770446563753,0.37969329864306123,HEAVY-TAIL-RISK,Moderate
698,3490.0,3495.0,0.0,0.0,2.0,150.89300537109375,151.18462829589845,0.49947222222222226,0.015,0.0,0.1,0.1,0.0,0.0,1.0,0.4078155054277131,0.001363511574074074,3845.246160594681,0.2482467215104266,0.435,0.44233121748869064,0.3,0.4078155054277131,0.3269854105193267,HEAVY-TAIL-RISK,Moderate
699,3495.0,3500.0,0.0,0.0,2.0,149.64337158203125,150.0429229736328,2.5599409722222224,0.015,0.0,0.1,1.0,0.0,0.0,1.0,0.4304988428821975,0.005075290577342048,2887.948087115652,0.29595584568473027,0.435,0.4465572531546448,0.3,0.4304988428821975,0.3466482507259414,HEAVY-TAIL-RISK,Moderate
700,3500.0,3505.0,0.0,1.0,44.12000000000006,82.43650817871094,150.85740661621094,5.501791666666666,0.275,0.1,1.0,0.11106074342701706,0.08749999991249999,0.42999999999999994,0.1611753726765312,0.3028132547333193,0.010705662854030504,1943.9387611288769,0.23431847496538732,0.2591175371005098,0.2767911077777103,0.2294776117723343,0.3028132547333193,0.2700091174230421,SPARSE-EXTREME,Low
701,3505.0,3510.0,0.0,0.0,36.960000000000235,82.86890411376953,151.28473205566405,2.820638888888888,0.15,0.0,1.0,0.165043290043289,0.0,0.0,0.33020379861629534,0.34245934376513154,0.006922783224400872,1139.599885342699,0.29233944711882615,0.14363865239808848,0.25109838536087825,0.0990611395848886,0.34245934376513154,0.19796989228688186,SPARSE-EXTREME,Low
702,3510.0,3515.0,0.0,0.0,36.960000000000235,149.6853790283203,151.5676055908203,4.362760416666667,0.15,0.0,1.0,0.12987012987012905,0.0,0.0,0.36203009734242236,0.5136753504146254,0.00834898883442266,3139.028564252007,0.38213509038028204,0.15748309234395372,0.3466706121621762,0.1086090292027267,0.5136753504146254,0.23828793644460972,SPARSE-EXTREME,Moderate
703,3515.0,3520.0,0.0,1.0,2.760000000000005,149.5034942626953,149.82762451171874,4.125527777777777,0.14570000000000005,0.1,0.13800000000000026,0.10869565217391283,0.08749999991249999,0.42999999999999994,0.29687200571704925,0.4188368525451954,0.005746911492374728,3654.7621275990005,0.2638401865499674,0.31814557247313513,0.3752122300250589,0.2701866016844897,0.4188368525451954,0.3105659615050128,LOW-COMPLEXITY,Moderate
704,3520.0,3525.0,0.0,0.0,2.0,150.75991821289062,151.66735229492187,2.7487222222222223,0.015,0.0,0.1,1.0,0.0,0.0,1.0,0.4285707148515652,0.005147578431372548,2502.9707462296205,0.29281032252250017,0.435,0.4460208692591644,0.3,0.4285707148515652,0.3453697867890663,HEAVY-TAIL-RISK,Moderate
705,3525.0,3530.0,0.0,0.0,1.0,67.74453735351562,68.8343276977539,3.389611111111111,0.0075,0.0,0.05,0.1,0.0,0.0,1.0,0.4249900755935446,0.005414808006535949,353.31700028078785,0.27053646607684295,0.435,0.4372346763739784,0.3,0.4249900755935446,0.33205285087092773,HEAVY-TAIL-RISK,Moderate
706,3530.0,3535.0,0.0,0.0,45.0800000000003,85.46482849121094,85.91444854736328,2.697475694444444,0.15,0.0,1.0,0.13975155279503013,0.0,0.0,1.0,0.43119410244675954,0.00756272903050109,563.3068434047594,0.2865448994343113,0.435,0.44916211218749924,0.3,0.43119410244675954,0.3426806633710905,HEAVY-TAIL-RISK,Moderate
707,3535.0,3540.0,0.0,0.0,37.480000000000246,67.99886322021484,121.31888580322266,3.169635416666667,0.15,0.0,1.0,0.1307363927427953,0.0,0.0,0.29342586099009965,0.3807265628742827,0.006819907679738561,1017.0173165396901,0.33218479540693735,0.12764024953069336,0.26186965969566345,0.0880277582970299,0.3807265628742827,0.20657901702689516,SPARSE-EXTREME,Low
708,3540.0,3545.0,0.0,0.0,1.0,69.67109680175781,70.60062713623047,2.2908125,0.0075,0.0,0.05,0.1,0.0,0.0,1.0,0.4187374074625289,0.003942861383442266,374.98031161022305,0.2640175947609864,0.435,0.43721549843361807,0.3,0.4187374074625289,0.33034986996662724,HEAVY-TAIL-RISK,Moderate
709,3545.0,3550.0,0.0,1.0,38.480000000000246,98.66108703613281,150.1947509765625,9.067100694444443,0.275,0.1,1.0,0.15592515592515493,0.08749999991249999,0.42999999999999994,0.562373411648627,0.31180981695676596,0.01440711220043573,1945.905761173998,0.21741413123908396,0.4336386840533714,0.367918004971013,0.34983702346396306,0.31180981695676596,0.3513819248674991,SPARSE-EXTREME,Moderate
710,3550.0,3555.0,1.0,1.0,56.56000000000003,88.77980041503906,113.513525390625,18.241055555555555,0.2838401697312588,0.1,1.0,0.14851485148514842,0.9124999997375001,0.2583333333333333,0.9730193722091975,0.34442048921511215,0.03400282965686274,1001.1422815090054,0.22525798068719086,0.6722530102029904,0.6121496305572046,0.7016974782375509,0.34442048921511215,0.451312477899552,MOTION-HEAVY,High
711,3555.0,3560.0,0.0,1.0,59.60000000000005,65.27903747558594,118.44605712890625,13.744552083333334,0.275,0.1,1.0,0.13758389261744955,0.08749999991249999,0.42999999999999994,0.9551217191172408,0.3347541903101798,0.023966742647058826,1010.0117633590382,0.2740216375954811,0.6044841978022184,0.448389456579529,0.46766151570454717,0.3347541903101798,0.4610268388906168,MOTION-HEAVY,Moderate
712,3560.0,3565.0,0.0,1.0,42.88000000000007,148.6561279296875,149.22335815429688,6.317506944444445,0.175,0.1,1.0,0.12126865671641773,0.0,0.15,0.5740792814563069,0.44791865283559634,0.011879346132897602,3037.345100094548,0.30837547193196213,0.3108494874334935,0.3873479746959638,0.22472378443689206,0.44791865283559634,0.30139175611911534,SPARSE-EXTREME,Moderate
713,3565.0,3570.0,0.0,0.0,37.72000000000024,149.890869140625,150.33501281738282,2.883927083333334,0.15,0.0,1.0,0.12990455991516353,0.0,0.0,0.3327911780434646,0.4338134987174018,0.006183212690631808,2870.004388661258,0.2984543297931292,0.14476416244890708,0.31406958944158914,0.09983735341303937,0.4338134987174018,0.20061682322829003,SPARSE-EXTREME,Moderate
714,3570.0,3575.0,0.0,0.0,1.0,150.14842224121094,150.6647216796875,1.11565625,0.0075,0.0,0.05,0.1,0.0,0.0,1.0,0.3925400750435198,0.002096514705882353,3820.8091722988024,0.229094960822919,0.435,0.43736755779503145,0.3,0.3925400750435198,0.3194911068788405,HEAVY-TAIL-RISK,Moderate
715,3575.0,3580.0,0.0,0.0,1.7600000000000051,52.873504638671875,53.79351119995117,6.134586805555554,0.013200000000000038,0.0,0.08800000000000026,1.0,0.0,0.0,0.28,0.49224878146041584,0.010240144199346405,238.2127707558301,0.3480106539657273,0.1218,0.3053034625227908,0.084,0.49224878146041584,0.19979934350073644,LOW-COMPLEXITY,Moderate
716,3580.0,3585.0,0.0,0.0,1.0,150.12576293945312,150.30288696289062,1.4703506944444447,0.0075,0.0,0.05,1.0,0.0,0.0,1.0,0.4186073975774101,0.003461365604575163,3734.5692669343252,0.26328511114110675,0.435,0.4462753535268964,0.3,0.4186073975774101,0.3331870799106146,HEAVY-TAIL-RISK,Moderate
717,3585.0,3590.0,0.0,1.0,51.16000000000034,149.0428466796875,149.636083984375,5.12390625,0.175,0.1,1.0,0.13682564503518285,0.0,0.15,0.16306240425696852,0.42944335160346997,0.01009872508169935,2819.047516470506,0.2920605921348069,0.1320571458517813,0.297618073079601,0.10141872127709056,0.42944335160346997,0.20479514438294155,SPARSE-EXTREME,Low
718,3590.0,3595.0,0.0,0.0,2.0,148.8724365234375,149.15426635742188,0.8574444444444445,0.015,0.0,0.1,0.1,0.0,0.0,1.0,0.39249251516816425,0.0017641643518518516,3765.710757130016,0.22780192076241218,0.435,0.43726416811244495,0.3,0.39249251516816425,0.3188202904285207,HEAVY-TAIL-RISK,Moderate
719,3595.0,3600.0,0.0,1.0,1.0,148.80067443847656,149.4071807861328,2.587041666666666,0.0325,0.1,0.05,1.0,0.0,0.15,0.04571428571428573,0.5179061937166617,0.00524039038671024,3163.5113229679037,0.3856815167123427,0.08101071428571428,0.3035938336585947,0.06621428571428571,0.5179061937166617,0.21397919456465694,LOW-COMPLEXITY,Moderate
720,3600.0,3605.0,0.0,1.0,48.52000000000001,53.7164306640625,149.84360961914064,6.167201388888889,0.275,0.1,1.0,0.1071723000824402,0.08749999991249999,0.42999999999999994,0.5865302451208694,0.3405704410483807,0.012280849128540307,1270.5411301140045,0.33249139907866304,0.44414690661379685,0.36317360971585777,0.35708407350563576,0.3405704410483807,0.40369338944591693,SPARSE-EXTREME,Moderate
721,3605.0,3610.0,0.0,1.0,54.04000000000002,92.92163848876953,148.81511840820312,9.564826388888887,0.275,0.1,1.0,0.10547742413027383,0.08749999991249999,0.42999999999999994,0.8784328770092511,0.30410141849661604,0.01812192783224401,1378.1116388495807,0.2244594876800071,0.571124551485243,0.42367925603692025,0.4446548630721503,0.30410141849661604,0.42375706038015926,HEAVY-TAIL-RISK,Moderate
722,3610.0,3615.0,0.0,1.0,43.040000000000276,94.29967498779297,149.72186584472655,6.81325,0.275,0.1,1.0,0.13011152416356794,0.08749999991249999,0.42999999999999994,0.16652408694995183,0.3079321334454021,0.012165320942265795,2046.317464017153,0.21408076238397183,0.26144422780944776,0.28655251161250295,0.2310822260543605,0.3079321334454021,0.2628293399375042,SPARSE-EXTREME,Low
723,3615.0,3620.0,0.0,0.0,2.0,149.6200408935547,149.8249969482422,1.0265798611111108,0.015,0.0,0.1,1.0,0.0,0.0,1.0,0.42920841739122867,0.0031035998093681917,3609.4173413461212,0.27926851359028093,0.435,0.4497173334443916,0.3,0.42920841739122867,0.3397332191528703,HEAVY-TAIL-RISK,Moderate
724,3620.0,3625.0,0.0,1.0,38.480000000000246,141.09805297851562,141.63330993652343,6.860180555555556,0.275,0.1,1.0,0.1455301455301446,0.08749999991249999,0.42999999999999994,0.16773024166102155,0.45352285365206063,0.012355717047930285,2396.258350015382,0.31459081749023116,0.2619689051087631,0.35930297395460165,0.23144407246768142,0.45352285365206063,0.3023302724653642,SPARSE-EXTREME,Moderate
725,3625.0,3630.0,0.0,0.0,32.400000000000205,66.75949096679688,68.3864517211914,7.752003472222222,0.15,0.0,1.0,0.1481481481481472,0.0,0.0,1.0,0.5056378612582932,0.012109590413943355,413.8128448948326,0.366923980133618,0.435,0.463940674488297,0.3,0.5056378612582932,0.36943176082313955,HEAVY-TAIL-RISK,Moderate
726,3630.0,3635.0,0.0,0.0,2.0,150.25735473632812,151.02634887695314,0.4656076388888889,0.015,0.0,0.1,0.1,0.0,0.0,1.0,0.391886325721672,0.0012007184095860566,3880.4863231413765,0.2284778314242076,0.435,0.43695629008712833,0.3,0.391886325721672,0.3192020358121807,HEAVY-TAIL-RISK,Moderate
727,3635.0,3640.0,0.0,0.0,40.76000000000026,140.74461364746094,151.19911499023436,2.2616631944444445,0.15,0.0,1.0,0.13738959764474887,0.0,0.0,1.0,0.47357582147444305,0.006003413534858388,2947.6057464471196,0.34510374673927735,0.435,0.45664365952086927,0.3,0.47357582147444305,0.36398319883333213,HEAVY-TAIL-RISK,Moderate
728,3640.0,3645.0,0.0,0.0,2.0,148.11097717285156,149.67625427246094,1.557527777777778,0.015,0.0,0.1,1.0,0.0,0.0,1.0,0.5132138865709945,0.0034254782135076252,3154.1263392240894,0.3808599970921612,0.435,0.4743922057110822,0.3,0.5132138865709945,0.37816379890221075,HEAVY-TAIL-RISK,Moderate
729,3645.0,3650.0,0.0,0.0,45.760000000000005,73.70176696777344,150.9008819580078,4.048510416666667,0.15,0.0,1.0,0.10270979020979021,0.0,0.0,0.38248452273927536,0.36626568693163963,0.008055288126361656,1432.2211414836438,0.33198344885408226,0.16638076739158478,0.26974354899007036,0.11474535682178261,0.36626568693163963,0.22620822325154716,SPARSE-EXTREME,Low
730,3650.0,3655.0,0.0,0.0,1.0,71.44982147216797,72.81988067626953,5.554454861111111,0.0075,0.0,0.05,0.1,0.0,0.0,1.0,0.39627210861535533,0.008145966639433552,352.35316820420536,0.2372286534952751,0.435,0.4285309667152024,0.3,0.39627210861535533,0.31953213794411955,HEAVY-TAIL-RISK,Moderate
731,3655.0,3660.0,0.0,0.0,1.0,69.27422332763672,93.96719055175781,2.9143125,0.0075,0.0,0.05,1.0,0.0,0.0,1.0,0.49415614898828447,0.005629813997821352,457.8467137173972,0.430270761768899,0.435,0.4464511844438521,0.3,0.49415614898828447,0.3978542581927266,HEAVY-TAIL-RISK,Moderate
732,3660.0,3665.0,0.0,0.0,1.0,91.53842163085938,94.75247344970703,1.094045138888889,0.0075,0.0,0.05,0.1,0.0,0.0,1.0,0.39642964261250535,0.0027562186819172106,749.342030055085,0.24286532735715669,0.435,0.43622344135034463,0.3,0.39642964261250535,0.32500345749807263,HEAVY-TAIL-RISK,Moderate
733,3665.0,3670.0,0.0,0.0,1.7600000000000051,85.8742904663086,86.49349517822266,2.851559027777778,0.013200000000000038,0.0,0.08800000000000026,1.0,0.0,0.0,1.0,0.43524713936627474,0.006578827069716775,551.0334641510065,0.2909750842835361,0.435,0.4503122163152262,0.3,0.43524713936627474,0.3442850330105285,HEAVY-TAIL-RISK,Moderate
734,3670.0,3675.0,0.0,0.0,1.7600000000000051,73.44297790527344,149.7124481201172,3.5122812500000005,0.013200000000000038,0.0,0.08800000000000026,1.0,0.0,0.0,0.46606627478764184,0.366714162554548,0.006235699210239651,1822.54785735002,0.33208099980358496,0.20273882953262418,0.28700703786706105,0.13981988243629254,0.366714162554548,0.24472436373477313,LOW-COMPLEXITY,Low
735,3675.0,3680.0,0.0,0.0,20.240000000000123,149.02198791503906,149.64135131835937,5.775465277777779,0.15,0.0,1.0,0.3211462450592866,0.0,0.0,0.39285295259061614,0.4308450551147598,0.01002761887254902,2839.4576134108297,0.29204760322817863,0.17089103437691802,0.32615723962273535,0.11785588577718484,0.4308450551147598,0.21139551459194914,SPARSE-EXTREME,Moderate
736,3680.0,3685.0,0.0,0.0,1.0,113.16812896728516,114.44356689453124,1.5580763888888889,0.0075,0.0,0.05,0.1,0.0,0.0,1.0,0.4046526291031305,0.0027496828703703706,2311.3267244545723,0.2450743487304019,0.435,0.44020130166040083,0.3,0.4046526291031305,0.32544447267055865,HEAVY-TAIL-RISK,Moderate
737,3685.0,3690.0,0.0,0.0,2.0,125.08480072021484,125.73139038085938,1.8213923611111111,0.015,0.0,0.1,1.0,0.0,0.0,1.0,0.4721570588288989,0.004150697440087146,2202.3749294032964,0.32381178707941394,0.435,0.4608390672115138,0.3,0.4721570588288989,0.3551603023565121,HEAVY-TAIL-RISK,Moderate
738,3690.0,3695.0,0.0,0.0,40.000000000000256,123.8619155883789,124.64589080810546,2.41359375,0.15,0.0,1.0,0.13249999999999915,0.0,0.0,1.0,0.4278085181308033,0.005785532679738561,1605.7441264305312,0.28989683082568796,0.435,0.44630210622654476,0.3,0.4278085181308033,0.3442020230594338,HEAVY-TAIL-RISK,Moderate
739,3695.0,3700.0,0.0,0.0,42.040000000000276,125.04093170166016,125.55670013427735,2.776107638888889,0.15,0.0,1.0,0.13320647002854338,0.0,0.0,1.0,0.42899732461206114,0.006390892837690632,1472.9053717012544,0.29017975056527223,0.435,0.44704668379689183,0.3,0.42899732461206114,0.3443068834585329,HEAVY-TAIL-RISK,Moderate
740,3700.0,3705.0,0.0,0.0,36.20000000000023,70.69933319091797,149.15897521972656,4.53113888888889,0.15,0.0,1.0,0.14917127071823108,0.0,0.0,1.0,0.3601755410176718,0.00845974754901961,1356.6065770219307,0.331897975757918,0.435,0.3896660461495792,0.3,0.3601755410176718,0.36228821877689377,HEAVY-TAIL-RISK,Moderate
741,3705.0,3710.0,0.0,0.0,2.0,149.74134826660156,150.8671142578125,0.44200694444444444,0.015,0.0,0.1,0.1,0.0,0.0,1.0,0.4076907629680465,0.0012152839052287578,3852.0483023965994,0.25000291418701387,0.435,0.44194781365831637,0.3,0.4076907629680465,0.327760501131906,HEAVY-TAIL-RISK,Moderate
742,3710.0,3715.0,0.0,1.0,2.0,90.1231689453125,150.65896606445312,10.41134375,0.14,0.1,0.1,1.0,0.08749999991249999,0.42999999999999994,0.6508916673715965,0.37785266506323567,0.015876974128540305,1999.2347606300448,0.31870859095439685,0.4721441252928632,0.40536354895315974,0.3763925001808539,0.37785266506323567,0.41190212145073485,HEAVY-TAIL-RISK,Moderate
743,3715.0,3720.0,0.0,0.0,46.760000000000005,148.20018005371094,150.41365661621094,3.786052083333333,0.15,0.0,1.0,0.14114627887082976,0.0,0.0,0.41374463352253765,0.42596889138762445,0.008379515795206972,2403.4904438707176,0.29095205279401987,0.1799789155823039,0.32721407245868195,0.12412339005676129,0.42596889138762445,0.21557042393902315,SPARSE-EXTREME,Moderate
744,3720.0,3725.0,0.0,0.0,49.56000000000003,134.97250366210938,150.51498107910157,4.648378472222222,0.15,0.0,1.0,0.10492332526230826,0.0,0.0,0.4273601618013276,0.40413681994682393,0.009590158496732025,2513.4631474584075,0.2719832963000363,0.1859016703835775,0.31903611056778447,0.12820804854039827,0.40413681994682393,0.21072410613223586,SPARSE-EXTREME,Moderate
745,3725.0,3730.0,0.0,0.0,1.0,140.50836181640625,141.1995086669922,0.3945868055555555,0.0075,0.0,0.05,0.2,0.0,0.0,1.0,0.42630366060574154,0.0018248751361655772,3003.1158828310713,0.2732617449590242,0.435,0.4481069295112241,0.3,0.42630366060574154,0.33689238265700516,HEAVY-TAIL-RISK,Moderate
746,3730.0,3735.0,0.0,0.0,36.960000000000235,141.3687744140625,149.0478942871094,2.441677083333334,0.15,0.0,1.0,0.13528138528138442,0.0,0.0,1.0,0.40445726909271845,0.005982986519607842,2804.653790447413,0.2651841788335526,0.435,0.4363673435311862,0.3,0.40445726909271845,0.33420634237951186,HEAVY-TAIL-RISK,Moderate
747,3735.0,3740.0,0.0,0.0,2.0,148.64295959472656,149.66852111816405,2.319597222222222,0.015,0.0,0.1,1.0,0.0,0.0,0.4884607853235813,0.4268088755835316,0.00491141952614379,2523.492188832238,0.28544224097435245,0.21248044161575785,0.3441302792493238,0.14653823559707438,0.4268088755835316,0.22973361712709384,LOW-COMPLEXITY,Moderate
748,3740.0,3745.0,0.0,1.0,2.0,150.30615234375,150.6341583251953,2.639489583333333,0.04,0.1,0.1,1.0,0.0,0.15,0.6363212114916094,0.5115813911392305,0.005198279820261437,3219.4027935423755,0.37658791072780706,0.33792472699885007,0.41997954724124686,0.2433963634474828,0.5115813911392305,0.3403396308372737,HEAVY-TAIL-RISK,Moderate
749,3745.0,3750.0,0.0,0.0,46.0,70.15248107910156,148.74931640625,3.5125381944444443,0.15,0.0,1.0,0.10217391304347827,0.0,0.0,0.39595592641421085,0.3608205817909021,0.007448921432461875,1636.0152448844963,0.3294524248204831,0.1722408279901817,0.2695780980216005,0.11878677792426325,0.3608205817909021,0.2282667902322078,SPARSE-EXTREME,Low
750,3750.0,3755.0,0.0,0.0,45.760000000000005,149.32736206054688,150.4196319580078,3.560711805555555,0.15,0.0,1.0,0.10270979020979021,0.0,0.0,0.38248452273927536,0.42834119044986335,0.007396183006535948,2458.208368786468,0.29255272050243386,0.16638076739158478,0.32220935766849057,0.11474535682178261,0.42834119044986335,0.2093370162336141,SPARSE-EXTREME,Moderate
751,3755.0,3760.0,0.0,0.0,40.520000000000266,140.32081604003906,150.528662109375,2.151795138888889,0.15,0.0,1.0,0.1406712734452113,0.0,0.0,1.0,0.48233668006032593,0.005817862064270153,2806.9257826867947,0.35647928945257706,0.435,0.4597558014328862,0.3,0.48233668006032593,0.3685700052127172,HEAVY-TAIL-RISK,Moderate
752,3760.0,3765.0,0.0,0.0,36.20000000000023,69.97830200195312,148.8738555908203,3.5296006944444445,0.15,0.0,1.0,0.12983425414364558,0.0,0.0,0.31175769761879557,0.36255246140308706,0.006866464324618736,1952.4207680427278,0.3318714130655093,0.13561459846417606,0.2531794297854228,0.09352730928563867,0.36255246140308706,0.2106740462497002,SPARSE-EXTREME,Low
753,3765.0,3770.0,0.0,0.0,35.440000000000225,137.98252868652344,150.81358032226564,2.7883888888888886,0.15,0.0,1.0,0.14954853273137603,0.0,0.0,1.0,0.39305142525706016,0.0062059365468409575,2099.325370543818,0.26417810158141375,0.435,0.4291163863742553,0.3,0.39305142525706016,0.33401692970743124,HEAVY-TAIL-RISK,Moderate
754,3770.0,3775.0,0.0,0.0,1.0,139.51039123535156,140.17833251953124,1.1739652777777778,0.0075,0.0,0.05,1.0,0.0,0.0,1.0,0.4095170417646725,0.003616351579520697,2907.4272645742426,0.25282204779117345,0.435,0.4430720402167072,0.3,0.4095170417646725,0.3291069775302661,HEAVY-TAIL-RISK,Moderate
755,3775.0,3780.0,0.0,0.0,1.0,101.14069366455078,101.55438842773438,2.712621527777777,0.0075,0.0,0.05,1.0,0.0,0.0,1.0,0.4752670350065703,0.005303474264705883,1405.7032635490739,0.32705221306254945,0.435,0.4619134221097779,0.3,0.4752670350065703,0.3563790455180544,HEAVY-TAIL-RISK,Moderate
756,3780.0,3785.0,0.0,0.0,1.7600000000000051,150.71414184570312,150.97694702148436,0.34614930555555556,0.013200000000000038,0.0,0.08800000000000026,0.11363636363636331,0.0,0.0,1.0,0.4000192424054139,0.0010933115468409586,3880.148780463548,0.23809829118972162,0.435,0.4398050212703334,0.3,0.4000192424054139,0.322976092438124,HEAVY-TAIL-RISK,Moderate
757,3785.0,3790.0,0.0,0.6000000000000085,45.32000000000029,148.99005126953125,150.14305725097657,3.6472187500000004,0.1650000000000002,0.06000000000000085,1.0,0.13018534863194972,0.0,0.15,0.1634392806460467,0.42742776975244684,0.008300551062091504,2635.367481902497,0.2913029201607838,0.1322210870810303,0.2964300034367585,0.101531784193814,0.42742776975244684,0.20456091094205264,SPARSE-EXTREME,Low
758,3790.0,3795.0,0.0,1.0,43.80000000000028,148.87747192382812,149.29217529296875,3.7188333333333334,0.175,0.1,1.0,0.13242009132420007,0.0,0.15,0.16065041077065945,0.43979177704732925,0.008899324074074073,2617.162239071519,0.30510048567303505,0.13100792868523686,0.2998796395575519,0.10069512323119784,0.43979177704732925,0.2091577340354273,SPARSE-EXTREME,Low
759,3795.0,3800.0,0.0,0.0,1.7600000000000051,148.8367462158203,149.62285461425782,3.776829861111111,0.013200000000000038,0.0,0.08800000000000026,1.0,0.0,0.0,0.47350846786991363,0.4286579756845362,0.007693075027233114,2200.785618430155,0.2929492899399556,0.20597618352341243,0.3406499820879273,0.1420525403609741,0.4286579756845362,0.22956391496010534,LOW-COMPLEXITY,Moderate
760,3800.0,3805.0,0.0,0.6000000000000085,57.320000000000036,93.489501953125,150.03938903808594,6.250875,0.1650000000000002,0.06000000000000085,1.0,0.10293091416608506,0.0,0.15,0.15674909227979575,0.31546825507018417,0.014094861519607843,1580.6048318841274,0.23026128495037046,0.12931085514171115,0.23421846505959987,0.09952472768393872,0.31546825507018417,0.1792524053204685,SPARSE-EXTREME,Low
761,3805.0,3810.0,0.0,0.0,1.7600000000000051,68.2732925415039,70.15813446044922,5.367086805555555,0.013200000000000038,0.0,0.08800000000000026,0.11363636363636331,0.0,0.0,1.0,0.4025332337948276,0.008422392701525054,465.23678550373705,0.24544281181634092,0.435,0.4361025179974502,0.3,0.4025332337948276,0.3247239787585711,HEAVY-TAIL-RISK,Moderate
762,3810.0,3815.0,0.0,0.6000000000000085,20.000000000000128,87.19091796875,113.18533935546876,5.626131944444445,0.1650000000000002,0.06000000000000085,1.0,0.25999999999999834,0.0,0.15,0.19502277631025364,0.3427404712635571,0.009615289488017431,1565.8051241113562,0.22423171225550811,0.14595990769496034,0.26170331746212216,0.11100683289307609,0.3427404712635571,0.18478031587014554,SPARSE-EXTREME,Low
763,3815.0,3820.0,0.0,1.0,37.72000000000024,148.4199981689453,149.5331298828125,9.08625,0.275,0.1,1.0,0.16967126193000953,0.08749999991249999,0.42999999999999994,0.4028593091811329,0.4296415055108859,0.01485307107843137,2302.2402546751723,0.2949565960457046,0.3642500494800115,0.39664338006265587,0.3019827927237148,0.4296415055108859,0.3468220010442302,SPARSE-EXTREME,Moderate
764,3820.0,3825.0,1.0,1.6000000000000085,39.480000000000246,62.63724899291992,95.67201385498046,9.331052083333333,0.2651646403242146,0.16000000000000086,1.0,0.13931104356636187,0.5703124998974579,0.22283333333333344,0.19654211933163962,0.4289165453816038,0.016571196486928105,451.3108193311269,0.370786604954726,0.26612462397644626,0.3981993909022889,0.3365636774302689,0.4289165453816038,0.30272360418084243,SPARSE-EXTREME,Moderate
765,3825.0,3830.0,0.0,1.0,2.0,65.13919830322266,149.05328369140625,4.432923611111111,0.14,0.1,0.1,1.0,0.08749999991249999,0.42999999999999994,0.376,0.358561810087267,0.00785418137254902,1556.948289220626,0.33491807182561506,0.3525662499862187,0.3322126335005344,0.29392499996937493,0.358561810087267,0.3579930051161778,LOW-COMPLEXITY,Moderate
766,3830.0,3835.0,0.0,0.0,1.0,64.8248062133789,65.63903045654297,5.46653125,0.0075,0.0,0.05,1.0,0.0,0.0,1.0,0.4341484791980962,0.008885652777777777,483.8365783033093,0.2808818905067999,0.435,0.4483210723339473,0.3,0.4341484791980962,0.33881620077075747,HEAVY-TAIL-RISK,Moderate
767,3835.0,3840.0,0.0,1.0,52.04000000000002,65.92298126220703,150.35849609375,4.511666666666665,0.175,0.1,1.0,0.10184473481936969,0.0,0.15,0.15319257902800743,0.3583075650798866,0.009859899101307188,1088.5722734434855,0.34274381430895995,0.12776377187718324,0.23330237192496633,0.09845777370840222,0.3583075650798866,0.22392973291244764,SPARSE-EXTREME,Low
768,3840.0,3845.0,0.0,1.0,36.960000000000235,66.80431365966797,150.3327850341797,5.906802083333334,0.175,0.1,1.0,0.13257575757575674,0.0,0.15,0.5133626808772072,0.35754044964409437,0.010956608523965138,1904.5822583302304,0.3321462757785233,0.2844377661815851,0.30848839967583797,0.20650880426316212,0.35754044964409437,0.2991633674963624,SPARSE-EXTREME,Moderate
769,3845.0,3850.0,0.0,1.0,2.0,68.7706527709961,70.72240142822265,7.696979166666667,0.04,0.1,0.1,1.0,0.0,0.15,0.6354592293127286,0.47467130858800366,0.012415151688453158,615.1827866884707,0.3326081453134491,0.33754976475103693,0.40534647688597436,0.24313776879381857,0.47467130858800366,0.322326396816724,HEAVY-TAIL-RISK,Moderate
770,3850.0,3855.0,0.0,1.0,48.0,150.1343994140625,150.36214294433594,4.2886875,0.175,0.1,1.0,0.10208333333333333,0.0,0.15,0.5774230384151025,0.43172315802882577,0.00927759381808279,2517.511667517414,0.29630726523675305,0.3123040217105696,0.38106999302194755,0.22572691152453073,0.43172315802882577,0.2977107964311171,SPARSE-EXTREME,Moderate
771,3855.0,3860.0,0.0,0.0,55.280000000000015,96.91796112060547,149.8475799560547,4.239746527777777,0.15,0.0,1.0,0.11758321273516639,0.0,0.0,0.00492329956575753,0.3071324244776123,0.009757846132897603,1569.6363925806677,0.21685847183306706,0.002141635311104525,0.183164719905651,0.001476989869727259,0.3071324244776123,0.09649227669897192,SPARSE-EXTREME,Low
772,3860.0,3865.0,0.0,0.0,41.520000000000266,148.96963500976562,150.57835388183594,2.6800694444444444,0.15,0.0,1.0,0.15173410404624182,0.0,0.0,0.24254948883364907,0.45574699376624406,0.006356755991285404,3255.0720659824105,0.31500623481812606,0.10550902764263735,0.30501038326310925,0.07276484665009472,0.45574699376624406,0.1867024264346376,SPARSE-EXTREME,Moderate
773,3865.0,3870.0,0.0,0.0,1.7600000000000051,89.65167236328125,90.80548248291015,5.437607638888889,0.013200000000000038,0.0,0.08800000000000026,0.11363636363636331,0.0,0.0,0.003818181816012305,0.3911114906401126,0.008656160539215684,859.3146031666836,0.22987231909390524,0.0016609090899653528,0.2367036815888491,0.0011454545448036915,0.3911114906401126,0.1005773027154235,LOW-COMPLEXITY,Low
774,3870.0,3875.0,0.0,1.0,2.0,90.59954071044922,92.16942901611328,6.684444444444444,0.14,0.1,0.1,1.0,0.08749999991249999,0.42999999999999994,0.64375670931072,0.4605644227837671,0.011335426470588234,1165.1968017772056,0.310712307785155,0.4690404185363819,0.45461049041782664,0.37425201276259096,0.4605644227837671,0.403392226239483,HEAVY-TAIL-RISK,Moderate
775,3875.0,3880.0,0.0,0.0,2.0,93.64250946044922,150.6671569824219,1.2417361111111112,0.015,0.0,0.1,1.0,0.0,0.0,1.0,0.39620942433841144,0.0034420479302832243,1980.3871407849165,0.3365749461264618,0.435,0.4129275226120759,0.3,0.39620942433841144,0.36375974989285464,HEAVY-TAIL-RISK,Moderate
776,3880.0,3885.0,0.0,1.0,2.0,91.32198333740234,92.1287857055664,4.694277777777779,0.04,0.1,0.1,0.15,0.0,0.15,0.13394505295626802,0.4058773429893455,0.007268697848583877,969.919995536289,0.2473662754405855,0.11939109803597658,0.2861079056656878,0.0926835158868804,0.4058773429893455,0.1799433268993873,LOW-COMPLEXITY,Low
777,3885.0,3890.0,0.0,1.0,49.04000000000002,92.2759017944336,130.73998107910157,9.752947916666669,0.275,0.1,1.0,0.11011419249592165,0.08749999991249999,0.42999999999999994,0.16135587923239522,0.31684138115215016,0.01724165727124183,1207.5955417577281,0.21095694954292657,0.25919605745231067,0.2927109866200841,0.2295317637390935,0.31684138115215016,0.26042035668531444,SPARSE-EXTREME,Low
778,3890.0,3895.0,0.0,2.0,37.20000000000023,67.12151336669922,114.18543701171906,10.339371527777777,0.25,0.2,1.0,0.1478494623655905,0.043749999978124995,0.5,0.16940335931502581,0.3874847651116107,0.017177330610021788,636.5366333016914,0.3380375174951457,0.28433108629859094,0.3096130222307465,0.24113350778685147,0.3874847651116107,0.3309226291476853,SPARSE-EXTREME,Moderate
779,3895.0,3900.0,0.0,1.0,1.7600000000000051,63.59428024291992,66.50584716796875,3.6125624999999997,0.03820000000000004,0.1,0.08800000000000026,1.0,0.0,0.15,0.34610328638497667,0.488012976630143,0.007025277096949891,578.6306247550447,0.355093452505008,0.21167992957746484,0.35041912819224774,0.156330985915493,0.488012976630143,0.26760566992000145,LOW-COMPLEXITY,Moderate
780,3900.0,3905.0,0.0,1.0,2.0,72.35154724121094,148.71139831542968,5.423152777777777,0.14,0.1,0.1,1.0,0.08749999991249999,0.42999999999999994,0.3787,0.3641077900816648,0.009606255855119825,2044.3124326803645,0.32936896025324175,0.3537407499862187,0.3380296153067024,0.2947349999693749,0.3641077900816648,0.35627289796355055,LOW-COMPLEXITY,Moderate
781,3905.0,3910.0,0.0,1.0,37.72000000000024,149.3431396484375,150.20412902832032,4.204913194444442,0.275,0.1,1.0,0.14316012725344554,0.08749999991249999,0.42999999999999994,0.16965132812774159,0.43384190298120023,0.008482779411764705,2433.976673392925,0.29525040316004797,0.2628045777217863,0.35246309551088206,0.23202039840769742,0.43384190298120023,0.2954745084826939,SPARSE-EXTREME,Moderate
782,3910.0,3915.0,0.0,0.6000000000000085,2.0,148.20883178710938,148.9919647216797,2.1823055555555553,0.030000000000000214,0.06000000000000085,0.1,1.0,0.0,0.15,0.3714285714285709,0.45830776039612975,0.004396010348583878,3558.5898263392155,0.3052281670260184,0.22269642857142832,0.34854361340686346,0.16392857142857126,0.45830776039612975,0.25324169382066464,LOW-COMPLEXITY,Moderate
783,3915.0,3920.0,1.0,1.0,2.0,66.08216094970703,99.36004943847657,5.253673611111111,0.39,0.1,0.1,1.0,0.9124999997375001,0.2583333333333333,0.38936666666666664,0.4677116968990505,0.009483825027233115,544.9888796996406,0.41626849291941226,0.4183640832919896,0.5238893119294996,0.5266016665747917,0.4677116968990505,0.3975559147436017,LOW-COMPLEXITY,High
784,3920.0,3925.0,0.0,0.0,1.0,67.02900695800781,68.38742218017578,2.505784722222222,0.0075,0.0,0.05,1.0,0.0,0.0,0.28,0.4725395194741955,0.005337173338779955,420.6018508101164,0.32830712582333077,0.1218,0.3106356726482465,0.084,0.4725395194741955,0.19674116847000278,LOW-COMPLEXITY,Moderate
785,3925.0,3930.0,0.0,1.0,34.68000000000022,66.67425537109375,68.08758087158203,5.499541666666667,0.175,0.1,1.0,0.13552479815455507,0.0,0.15,0.5112482260704677,0.4446291659924365,0.010211660947712418,321.9553894215159,0.29969878118831017,0.28351797834065345,0.36215504917898617,0.2058744678211403,0.4446291659924365,0.27963360021926126,SPARSE-EXTREME,Moderate
786,3930.0,3935.0,0.0,2.0,3.0,68.05178833007812,72.641796875,8.047381944444446,0.12250000000000001,0.2,0.15,1.0,0.043749999978124995,0.5,0.38232264150943396,0.3905585744087479,0.013255833877995641,302.53969591557035,0.2482122687898647,0.37695097405315847,0.3657300327805281,0.30500929244517394,0.3905585744087479,0.33682039849234524,BURST-DOMINATED,Moderate
787,3935.0,3940.0,0.0,0.0,35.960000000000235,96.19605255126953,96.96067657470704,3.7798750000000005,0.15,0.0,1.0,0.14460511679643956,0.0,0.0,1.0,0.42809220160233835,0.007893766748366013,847.1026520555581,0.2818173540734795,0.435,0.448249976972645,0.3,0.42809220160233835,0.34077311857658094,HEAVY-TAIL-RISK,Moderate
788,3940.0,3945.0,0.0,0.0,1.0,96.68391418457031,97.25650482177734,4.497402777777778,0.0075,0.0,0.05,1.0,0.0,0.0,0.28,0.47592282796872076,0.008277049428104576,1138.2196429505761,0.3260464113555224,0.1218,0.3171938778860973,0.084,0.47592282796872076,0.19706035594571508,LOW-COMPLEXITY,Moderate
789,3945.0,3950.0,0.0,1.0,42.28000000000027,130.92625427246094,133.97215270996094,6.168510416666667,0.175,0.1,1.0,0.13245033112582696,0.0,0.15,0.520490833443233,0.4227413213493084,0.011292528322440086,2329.6021565442047,0.2866130678346466,0.2875385125478064,0.3658925349477754,0.20864725003296988,0.4227413213493084,0.28125721582820257,SPARSE-EXTREME,Moderate
790,3950.0,3955.0,0.0,0.0,1.7600000000000051,71.18930053710938,72.15980834960938,5.483027777777777,0.013200000000000038,0.0,0.08800000000000026,1.0,0.0,0.0,0.28,0.4894351165648676,0.009409692129629627,498.42594476879117,0.3444356273198991,0.1218,0.3205620945451174,0.084,0.4894351165648676,0.20405576760952376,LOW-COMPLEXITY,Moderate
791,3955.0,3960.0,0.0,0.0,1.0,71.37577056884766,72.56014556884766,3.6115625,0.0075,0.0,0.05,0.1,0.0,0.0,1.0,0.41694343910276377,0.0057097464596949895,393.6148338487119,0.2622453799877311,0.435,0.43751718278566715,0.3,0.41694343910276377,0.3300178441931581,HEAVY-TAIL-RISK,Moderate
792,3960.0,3965.0,0.0,0.0,2.0,71.54280090332031,131.64585571289064,3.3246562499999994,0.015,0.0,0.1,1.0,0.0,0.0,1.0,0.37666097725892056,0.006273980800653595,1800.0200899580093,0.33140917464863323,0.435,0.40099897237720916,0.3,0.37666097725892056,0.3618889833416096,HEAVY-TAIL-RISK,Moderate
793,3965.0,3970.0,0.0,2.0,12.0,131.12640380859375,133.62279052734374,5.79059375,0.19,0.2,0.6,0.4333333333333333,0.043749999978124995,0.5,0.6234034087928456,0.42403662383278495,0.009674427696078432,2326.470185355017,0.29145665489714107,0.4818211078214425,0.4377007026522236,0.37733352263019737,0.42403662383278495,0.41142492873757947,HEAVY-TAIL-RISK,Moderate
794,3970.0,3975.0,1.0,2.0,3.0,65.13648223876953,65.43555145263672,3.4665277777777774,0.2891666666666667,0.2,0.15,0.1,0.456249999934375,0.23666666666666666,0.142641176470588,0.4199896925089653,0.006863136982570805,372.79157553659843,0.26436463982435054,0.2303499534210365,0.3855992918348492,0.28531318625154095,0.4199896925089653,0.24270749206438602,BURST-DOMINATED,Moderate
795,3975.0,3980.0,0.0,0.0,1.0,65.34181213378906,82.23349151611328,3.6128541666666667,0.0075,0.0,0.05,1.0,0.0,0.0,1.0,0.5104056202551627,0.006576889978213507,414.79682022425703,0.4354752262317279,0.435,0.4537802026484252,0.3,0.5104056202551627,0.3989592789790221,HEAVY-TAIL-RISK,Moderate
796,3980.0,3985.0,1.0,3.0,48.52000000000001,64.81079864501953,81.82271423339844,14.453392361111112,0.30197169552074743,0.3,1.0,0.11541632316570485,0.3333333332944444,0.34500000000000003,0.3967883011200214,0.4018652755415879,0.024277724537037037,478.1478720891704,0.2952795634449776,0.36569041098108435,0.41231807320440894,0.356453156989062,0.4018652755415879,0.3372530336266381,SPARSE-EXTREME,Moderate
797,3985.0,3990.0,0.0,2.0,49.760000000000005,69.02629852294922,133.18427734375,8.550697916666666,0.2,0.2,1.0,0.1045016077170418,0.0,0.15,0.6843432063032873,0.3448977993467275,0.016554414896514165,1026.9290103024919,0.3034234244840527,0.35881429474192994,0.3408418356611196,0.25780296189098617,0.3448977993467275,0.3249333858322294,HEAVY-TAIL-RISK,Moderate
798,3990.0,3995.0,0.0,2.0,47.56000000000003,87.73261260986328,137.2308380126953,6.9143229166666655,0.2,0.2,1.0,0.12825904121110168,0.0,0.15,0.15303917693277413,0.3100614733291119,0.012879157815904142,1119.4397630988287,0.21944163408636774,0.12769704196575676,0.23269688201718336,0.09841175307983224,0.3100614733291119,0.1741052339568362,SPARSE-EXTREME,Low
799,3995.0,4000.0,0.0,0.0,1.0,137.7464141845703,140.25355834960936,0.37547916666666664,0.0075,0.0,0.05,0.1,0.0,0.0,1.0,0.5292998191560647,0.0017733474945533768,2877.8364110211023,0.40535456695951677,0.435,0.4792486868631831,0.3,0.5292998191560647,0.38808936909285624,HEAVY-TAIL-RISK,Moderate
800,4000.0,4005.0,0.0,0.0,52.760000000000005,61.99536895751953,149.104638671875,3.4211770833333337,0.15,0.0,1.0,0.11182714177407124,0.0,0.0,1.0,0.41773146603616323,0.00797914392701525,983.1194849262719,0.4224072508251663,0.435,0.3989013732030441,0.3,0.41773146603616323,0.3963862395246078,HEAVY-TAIL-RISK,Moderate
801,4005.0,4010.0,0.0,0.0,1.0,148.5799102783203,149.5238006591797,1.932704861111111,0.0075,0.0,0.05,1.0,0.0,0.0,1.0,0.43231620325145387,0.00396969730392157,2876.26057887486,0.29820671099451224,0.435,0.4467849076173176,0.3,0.43231620325145387,0.34739902235045383,HEAVY-TAIL-RISK,Moderate
802,4010.0,4015.0,0.0,0.0,1.0,65.64936828613281,149.62796936035156,5.0805451388888905,0.0075,0.0,0.05,1.0,0.0,0.0,0.28,0.35408320914664587,0.008350635484749454,1454.6019732811812,0.3293101166576206,0.1218,0.2418701175023249,0.084,0.35408320914664587,0.20278879716796253,LOW-COMPLEXITY,Low
803,4015.0,4020.0,0.0,0.0,1.0,65.83651733398438,66.79272766113282,5.1207569444444445,0.0075,0.0,0.05,1.0,0.0,0.0,0.45187176542796836,0.4702731547022129,0.008727455201525056,360.6069784915235,0.323437462940902,0.19656421796116622,0.3414072606824645,0.1355615296283905,0.4702731547022129,0.23142374884795555,LOW-COMPLEXITY,Moderate
804,4020.0,4025.0,0.0,0.0,1.0,94.55343627929688,94.80522766113282,0.94915625,0.0075,0.0,0.05,0.1,0.0,0.0,1.0,0.4734779338671442,0.0019839734477124183,914.471698279322,0.3308960949601196,0.435,0.4626499837282658,0.3,0.4734779338671442,0.3590060583181668,HEAVY-TAIL-RISK,Moderate
805,4025.0,4030.0,0.0,0.0,1.0,73.79788208007812,74.03856353759765,0.6624895833333335,0.0075,0.0,0.05,0.1,0.0,0.0,1.0,0.5593236388346718,0.0014738413671023965,544.9819304649436,0.43074974201638205,0.435,0.48770583026720526,0.3,0.5593236388346718,0.3962410018930449,HEAVY-TAIL-RISK,Moderate
806,4030.0,4035.0,0.0,0.0,1.0,91.03331756591797,92.27738647460937,2.832215277777778,0.0075,0.0,0.05,1.0,0.0,0.0,1.0,0.43614131380522037,0.005912242647058823,767.3795563317337,0.29270304767176286,0.435,0.4505648594110645,0.3,0.43614131380522037,0.34501389617844896,HEAVY-TAIL-RISK,Moderate
807,4035.0,4040.0,0.0,0.0,1.0,62.56398010253906,64.1286117553711,6.075093750000001,0.0075,0.0,0.05,0.1,0.0,0.0,1.0,0.4078415036006357,0.008575782543572986,284.16898318658815,0.2526520247769623,0.435,0.4273885247668205,0.3,0.4078415036006357,0.32395162015670936,HEAVY-TAIL-RISK,Moderate
808,4040.0,4045.0,0.0,0.0,1.0,63.4718132019043,64.33738250732422,2.4669513888888894,0.0075,0.0,0.05,0.1,0.0,0.0,1.0,0.43450890917454826,0.0038429907407407406,310.8319300136396,0.28295738901585327,0.435,0.4380514257754381,0.3,0.43450890917454826,0.3361694662356929,HEAVY-TAIL-RISK,Moderate
809,4045.0,4050.0,0.0,0.0,1.0,91.41835021972656,94.04872589111328,2.168628472222222,0.0075,0.0,0.05,1.0,0.0,0.0,1.0,0.4445090580376241,0.004939645016339871,643.7494638747673,0.30444962455845836,0.435,0.45170434808968263,0.3,0.4445090580376241,0.3491940696012121,HEAVY-TAIL-RISK,Moderate
810,4050.0,4055.0,0.0,0.0,1.0,85.97562408447266,86.59642944335937,0.8418854166666666,0.0075,0.0,0.05,0.1,0.0,0.0,1.0,0.46041729020439315,0.0027321049836601303,623.9414947123087,0.3172038607599962,0.435,0.4582048603615957,0.3,0.46041729020439315,0.3538693089554583,HEAVY-TAIL-RISK,Moderate
811,4055.0,4060.0,0.0,0.0,1.0,82.34457397460938,88.6884536743164,2.3663680555555553,0.0075,0.0,0.05,1.0,0.0,0.0,1.0,0.389686252380445,0.0054103312908496725,481.45335299030825,0.2514380253138367,0.435,0.42884414256925407,0.3,0.389686252380445,0.328392899461046,HEAVY-TAIL-RISK,Moderate
812,4060.0,4065.0,0.0,0.0,1.0,61.8107795715332,62.63428268432617,2.9714374999999995,0.0075,0.0,0.05,0.1,0.0,0.0,1.0,0.40913144318466416,0.004540194308278866,299.3411062487659,0.25213432961271465,0.435,0.42978664247109305,0.3,0.40913144318466416,0.3242096288750739,HEAVY-TAIL-RISK,Moderate
813,4065.0,4070.0,0.0,0.0,1.0,62.61854553222656,63.47470703125,3.020409722222222,0.0075,0.0,0.05,0.1,0.0,0.0,1.0,0.39974739244479096,0.004563242783224401,297.6948776465884,0.24067769489942845,0.435,0.42665505381527435,0.3,0.39974739244479096,0.3197312681738625,HEAVY-TAIL-RISK,Moderate
814,4070.0,4075.0,0.0,0.0,1.0,62.919578552246094,63.88515167236328,4.143020833333333,0.0075,0.0,0.05,0.1,0.0,0.0,1.0,0.4298276221113459,0.006087723311546841,298.3612308285008,0.2774429656467616,0.435,0.4358011781372846,0.3,0.4298276221113459,0.3337949896435939,HEAVY-TAIL-RISK,Moderate
815,4075.0,4080.0,0.0,0.0,63.32000000000042,114.77083587646484,115.88473663330078,3.0184791666666664,0.15,0.0,1.0,0.1310802274162973,0.0,0.0,1.0,0.510738481562057,0.007834021377995642,2116.7461044526426,0.37792839489689484,0.435,0.47378924905347597,0.3,0.510738481562057,0.3771058142266498,HEAVY-TAIL-RISK,Moderate
816,4080.0,4085.0,0.0,0.0,1.0,61.93828201293945,62.84436111450195,3.7502569444444442,0.0075,0.0,0.05,0.1,0.0,0.0,1.0,0.3949836264967674,0.005891476171023965,285.68046818311586,0.2356687768329419,0.435,0.4245975730064472,0.3,0.3949836264967674,0.31769763234453563,HEAVY-TAIL-RISK,Moderate
817,4085.0,4090.0,0.0,0.0,32.400000000000205,64.66234588623047,111.24915771484375,8.182086805555556,0.15,0.0,1.0,0.2499999999999984,0.0,0.0,0.358564443814787,0.3817255579773297,0.013740308687363834,1015.0020606407766,0.3283430596660486,0.15597553305943235,0.27690094246258845,0.1075693331444361,0.3817255579773297,0.21944013677281587,SPARSE-EXTREME,Low
818,4090.0,4095.0,1.0,1.0,61.00000000000013,83.69815826416016,98.59276733398438,13.791899305555555,0.2831967213114754,0.1,1.0,0.10983606557377026,0.9124999997375001,0.2583333333333333,0.18991935483866274,0.35629805434733447,0.02501780324074074,694.6238885400883,0.22188951121145223,0.33160450264680785,0.464745006741906,0.4667674730263905,0.35629805434733447,0.2776022309376923,SPARSE-EXTREME,Moderate
819,4095.0,4100.0,5.0,12.0,40.360000000000184,81.15029907226562,98.0457046508789,38.18671875,0.2408158506772382,0.24,0.40360000000000185,0.13875123885034624,0.438541666652691,0.2350869565217391,0.28373975342659924,0.40501711419786784,0.06453333210784315,576.2516850809433,0.2933346590922305,0.28829504002097817,0.40314130598406306,0.3208919441390303,0.40501711419786784,0.287845210235495,SPARSE-EXTREME,Moderate
820,4100.0,4105.0,1.0,2.0,50.320000000000036,149.4620361328125,151.40583190917968,13.036913194444441,0.2599364069952305,0.2,1.0,0.10930047694753568,0.456249999934375,0.23666666666666666,0.4643673006568371,0.4886251725412701,0.022142394471677564,2861.4325380814525,0.3535549592177762,0.3703008174420549,0.4789777663563314,0.3818310235074157,0.4886251725412701,0.35108516646347876,SPARSE-EXTREME,Moderate
821,4105.0,4110.0,0.0,2.0,44.040000000000276,151.503173828125,152.55132446289062,7.738722222222221,0.25,0.2,1.0,0.13169845594913632,0.043749999978124995,0.5,0.16565414338161924,0.44522996053070485,0.014351067265795207,2861.785339123154,0.3079049718091632,0.28270017736755904,0.35480867621001333,0.2400087430068295,0.44522996053070485,0.3166761539526529,SPARSE-EXTREME,Moderate
822,4110.0,4115.0,0.0,0.0,2.0,155.2564239501953,155.70921020507814,3.326840277777778,0.015,0.0,0.1,1.0,0.0,0.0,0.5625700831551932,0.5196882011133265,0.006222273011982571,3444.1698621118067,0.3864596506866968,0.24471798617250906,0.3892271993924431,0.16877102494655796,0.5196882011133265,0.28392280732565084,LOW-COMPLEXITY,Moderate
823,4115.0,4120.0,0.0,0.0,2.0,146.32626342773438,148.20396423339844,2.492989583333334,0.015,0.0,0.1,1.0,0.0,0.0,1.0,0.4287290321849081,0.005361903050108933,2599.993364664147,0.2923108207927991,0.435,0.4460240543970323,0.3,0.4287290321849081,0.3450815713891338,HEAVY-TAIL-RISK,Moderate
824,4120.0,4125.0,0.0,1.0,58.760000000000005,149.0748291015625,149.91454162597657,5.7944201388888885,0.275,0.1,1.0,0.1004084411164057,0.08749999991249999,0.42999999999999994,0.4863825000426991,0.4288454168266024,0.012284056100217865,2907.4945431447773,0.28871646880327284,0.40058263750479284,0.41437178345863035,0.32703974998218466,0.4288454168266024,0.3626343794119113,SPARSE-EXTREME,Moderate
825,4125.0,4130.0,0.0,0.0,1.0,147.34336853027344,148.6548095703125,2.7110763888888894,0.0075,0.0,0.05,1.0,0.0,0.0,0.28,0.5097181851543513,0.005425668028322441,3261.43043270169,0.3758194706546465,0.1218,0.32909454516706627,0.084,0.5097181851543513,0.2176632798472086,LOW-COMPLEXITY,Moderate
826,4130.0,4135.0,0.0,1.0,2.0,98.18293762207031,148.63892822265626,4.415631944444445,0.14,0.1,0.1,1.0,0.08749999991249999,0.42999999999999994,0.376,0.40701559754709954,0.007793057734204792,2322.6522083750147,0.3405294882522792,0.3525662499862187,0.3641396377972348,0.29392499996937493,0.40701559754709954,0.35985971796839683,LOW-COMPLEXITY,Moderate
827,4135.0,4140.0,0.0,1.0,1.7600000000000051,97.80513000488281,99.20720062255859,4.915319444444445,0.03820000000000004,0.1,0.08800000000000026,1.0,0.0,0.15,0.34610328638497667,0.40856947488129375,0.008614438861655775,1019.5300221234676,0.252618985820934,0.21167992957746484,0.32907677401184865,0.156330985915493,0.40856947488129375,0.2287594880520371,LOW-COMPLEXITY,Moderate
828,4140.0,4145.0,0.0,1.0,1.7600000000000051,93.7713394165039,99.03860626220703,4.0760000000000005,0.03820000000000004,0.1,0.08800000000000026,1.0,0.0,0.15,0.34610328638497667,0.4152790338389988,0.007296824482570807,1072.8631594240721,0.2739477004287162,0.21167992957746484,0.3288589047764562,0.156330985915493,0.4152790338389988,0.23767020138411454,LOW-COMPLEXITY,Moderate
829,4145.0,4150.0,0.0,0.0,1.0,136.30419921875,138.71311950683594,1.563496527777778,0.0075,0.0,0.05,1.0,0.0,0.0,1.0,0.42012978965768244,0.003956908360566449,2351.145090028432,0.27758549523547693,0.435,0.44406152901546325,0.3,0.42012978965768244,0.33918183535873,HEAVY-TAIL-RISK,Moderate
830,4150.0,4155.0,0.0,2.0,49.800000000000026,99.26670837402344,136.46263427734374,7.559718750000001,0.25,0.2,1.0,0.10642570281124493,0.043749999978124995,0.5,0.1859386897383769,0.3709053289159259,0.013887392973856208,1753.2415645189376,0.2745030559786108,0.29152395503274864,0.3182979385907104,0.2460941069138568,0.3709053289159259,0.3088202777278291,SPARSE-EXTREME,Moderate
831,4155.0,4160.0,0.0,0.0,1.0,149.02101135253906,149.52228088378905,0.7431701388888888,0.0075,0.0,0.05,0.2,0.0,0.0,1.0,0.40832021384708483,0.001547400871459695,3920.4251295536983,0.2500793609503791,0.435,0.4426170127376208,0.3,0.40832021384708483,0.3278755814715856,HEAVY-TAIL-RISK,Moderate
832,4160.0,4165.0,0.0,0.0,1.0,149.53782653808594,150.05231018066405,0.8203402777777778,0.0075,0.0,0.05,0.1,0.0,0.0,1.0,0.41957006407827335,0.0018205516067538122,3973.5585281344297,0.26390917129467856,0.435,0.44606552905430397,0.3,0.41957006407827335,0.33318500479677726,HEAVY-TAIL-RISK,Moderate
833,4165.0,4170.0,0.0,1.0,2.0,149.89398193359375,150.51377563476564,5.531857638888891,0.14,0.1,0.1,1.0,0.08749999991249999,0.42999999999999994,0.376,0.4333765337898022,0.01009579711328976,2298.967090097608,0.300915552958324,0.3525662499862187,0.39198867013692085,0.29392499996937493,0.4333765337898022,0.3432096775796338,LOW-COMPLEXITY,Moderate
834,4170.0,4175.0,0.0,2.0,3.0,149.01329040527344,150.09998779296876,6.932586805555555,0.12250000000000001,0.2,0.15,1.0,0.043749999978124995,0.5,0.38232264150943396,0.4336152060272035,0.013488750953159042,2391.0150492803796,0.29897538671000445,0.37695097405315847,0.39404375283980997,0.30500929244517394,0.4336152060272035,0.3613476015685499,BURST-DOMINATED,Moderate
835,4175.0,4180.0,0.0,0.0,2.0,149.9623260498047,150.15817565917968,2.715482638888889,0.015,0.0,0.1,1.0,0.0,0.0,1.0,0.43266393284350596,0.005716816176470589,2917.184177978109,0.29520059879018157,0.435,0.4480400403225794,0.3,0.43266393284350596,0.34624833029711705,HEAVY-TAIL-RISK,Moderate
836,4180.0,4185.0,0.0,0.0,52.0,90.342041015625,150.0404083251953,5.769065972222223,0.15,0.0,1.0,0.11730769230769231,0.0,0.0,0.5674682546462404,0.36072443172190594,0.012664321078431375,1565.828563067688,0.29962717269945416,0.24684869077111454,0.30854538467703363,0.1702404763938721,0.36072443172190594,0.25274360125314843,SPARSE-EXTREME,Moderate
837,4185.0,4190.0,0.0,0.0,39.76000000000026,83.34994506835938,150.27048034667968,4.76384375,0.15,0.0,1.0,0.15593561368209152,0.0,0.0,1.0,0.35892659731110493,0.009771235021786492,1908.644975058063,0.3051085532640564,0.435,0.39574836032030425,0.3,0.35892659731110493,0.35133455341635844,HEAVY-TAIL-RISK,Moderate
838,4190.0,4195.0,0.0,0.0,2.0,85.01300048828125,86.10769348144531,3.394145833333333,0.015,0.0,0.1,0.1,0.0,0.0,0.0,0.39513552031896537,0.006424901416122004,825.4537902898594,0.234280552098009,0.0,0.23700250033246428,0.0,0.39513552031896537,0.10130727108562565,LOW-COMPLEXITY,Low
839,4195.0,4200.0,0.0,0.0,2.0,148.88809204101562,150.5337677001953,3.8930659722222227,0.015,0.0,0.1,1.0,0.0,0.0,1.0,0.42657590972806975,0.007399036356209151,2659.951564831083,0.28797103425935466,0.435,0.4459382599353672,0.3,0.42657590972806975,0.34341993067503834,HEAVY-TAIL-RISK,Moderate
840,4200.0,4205.0,0.0,1.0,57.760000000000005,147.80335998535156,148.85802612304687,7.015850694444445,0.275,0.1,1.0,0.10560941828254847,0.08749999991249999,0.42999999999999994,0.6433725337961103,0.42758625385224736,0.015087230255991287,2217.905425104156,0.29113315934546663,0.46887330218752665,0.4446295269371965,0.374136760108208,0.42758625385224736,0.39829623070710674,HEAVY-TAIL-RISK,Moderate
841,4205.0,4210.0,0.0,1.6000000000000085,3.0,69.61048126220703,93.19274597167968,14.41963888888889,0.12499999999999989,0.16000000000000086,0.15,1.0,0.05468749996582002,0.5,0.41255714285714257,0.38664362903595334,0.02604418082788671,408.5642693205893,0.2896592734335284,0.39182563838747364,0.364951524903461,0.31790776784517977,0.38664362903595334,0.3627853346025586,LOW-COMPLEXITY,Moderate
842,4210.0,4215.0,0.0,2.0,3.760000000000005,150.29037475585938,150.98263854980468,6.943951388888888,0.12820000000000004,0.2,0.18800000000000025,1.0,0.043749999978124995,0.5,0.4205487614080835,0.5109947215376173,0.012101398965141612,3169.4552841848285,0.376465138959696,0.393579336209071,0.4281186833787981,0.31647712841476877,0.5109947215376173,0.39840774248923555,BURST-DOMINATED,Moderate
843,4215.0,4220.0,1.0,1.0,2.0,73.47781372070312,78.53591918945312,9.112854166666665,0.39,0.1,0.1,1.0,0.9124999997375001,0.2583333333333333,0.652391076818633,0.47339959442488116,0.01602649686819172,777.0296355107582,0.3418511818846569,0.532779701708095,0.5990468447475967,0.6055089896203816,0.47339959442488116,0.42468408285389525,HEAVY-TAIL-RISK,High
844,4220.0,4225.0,0.0,1.0,52.92000000000009,80.07121276855469,82.12591400146485,8.593982638888887,0.175,0.1,1.0,0.11715797430083126,0.0,0.15,0.6308887390981928,0.4098199628656235,0.01656744321895425,647.1031547923786,0.26012092689461436,0.33556160150771386,0.3860182435931695,0.24176662172945781,0.4098199628656235,0.2948451688532395,HEAVY-TAIL-RISK,Moderate
845,4225.0,4230.0,0.0,1.0,50.92000000000009,84.7673568725586,86.16598205566406,7.239128472222222,0.175,0.1,1.0,0.1119402985074625,0.0,0.15,0.6245694901086523,0.4325091814619229,0.013806472630718956,682.6221556310963,0.2850616578071849,0.3328127281972637,0.3922818172303104,0.23987084703259567,0.4325091814619229,0.3028875930850182,HEAVY-TAIL-RISK,Moderate
846,4230.0,4235.0,0.0,1.0,1.7600000000000051,148.73731994628906,149.19859619140624,3.2544756944444444,0.03820000000000004,0.1,0.08800000000000026,1.0,0.0,0.15,0.34610328638497667,0.430270951347915,0.00646249537037037,2997.417221267245,0.29541669268409015,0.21167992957746484,0.3338037225865269,0.156330985915493,0.430270951347915,0.24638740436809725,LOW-COMPLEXITY,Moderate
847,4235.0,4240.0,0.0,0.0,1.0,148.74197387695312,149.44749755859374,1.853048611111111,0.0075,0.0,0.05,0.1,0.0,0.0,1.0,0.4059659125064506,0.003291418436819172,3906.3537543617795,0.24759976379434287,0.435,0.4417833683107196,0.3,0.4059659125064506,0.3269325826793106,HEAVY-TAIL-RISK,Moderate
848,4240.0,4245.0,0.0,0.0,45.760000000000005,146.7351531982422,148.64034729003907,3.209482638888889,0.15,0.0,1.0,0.10708041958041956,0.0,0.0,1.0,0.4263594735499766,0.007866725490196078,2634.4354691171843,0.2898072272629493,0.435,0.445266051609299,0.3,0.4263594735499766,0.34415686330723505,HEAVY-TAIL-RISK,Moderate
849,4245.0,4250.0,0.0,1.0,1.7600000000000051,75.02411651611328,76.39275665283203,4.92264236111111,0.03820000000000004,0.1,0.08800000000000026,0.11363636363636331,0.0,0.15,0.07494539163649995,0.3949440181794236,0.0078971147875817,454.5240291681944,0.23567965275709726,0.09372624536187749,0.2673008221588168,0.07498361749094998,0.3949440181794236,0.1614009183347536,LOW-COMPLEXITY,Low
850,4250.0,4255.0,0.0,1.0,40.760000000000005,75.49324798583984,140.9674835205078,3.4981875000000007,0.175,0.1,1.0,0.10058881256133463,0.0,0.15,0.15092259707109548,0.37564360822980686,0.007956576933551198,1587.1077777446776,0.33221004741641363,0.12677632972592653,0.2482631083879963,0.09777677912132865,0.37564360822980686,0.21922459914721815,SPARSE-EXTREME,Low
851,4255.0,4260.0,0.0,1.0,49.12000000000006,76.5035400390625,149.8782165527344,8.113097222222224,0.275,0.1,1.0,0.1119706840390878,0.08749999991249999,0.42999999999999994,0.9459708548307084,0.3096407741217612,0.0163062746459695,1364.4275015666076,0.2505107438638444,0.6005035718375769,0.4344415583438913,0.46491625641858747,0.3096407741217612,0.44929535204645005,MOTION-HEAVY,Moderate
852,4260.0,4265.0,0.0,0.0,49.0,74.3895263671875,148.2240203857422,5.223572916666668,0.15,0.0,1.0,0.10408163265306122,0.0,0.0,0.0011428571428338194,0.3235266367121457,0.01037886887254902,1405.2184425309042,0.2697918722455873,0.0004971428571327114,0.1799479278468483,0.0003428571428501458,0.3235266367121457,0.11716748026257919,SPARSE-EXTREME,Low
853,4265.0,4270.0,0.0,0.0,1.0,148.3573455810547,148.54284057617187,0.6288819444444443,0.0075,0.0,0.05,0.1,0.0,0.0,1.0,0.40137939375468834,0.0014026240468409587,3963.2884313931618,0.23951845047244083,0.435,0.44026094341431,0.3,0.40137939375468834,0.32350570699255676,HEAVY-TAIL-RISK,Moderate
854,4270.0,4275.0,0.0,1.0,52.0,92.12089538574219,150.095263671875,5.018131944444445,0.175,0.1,1.0,0.10576923076923077,0.0,0.15,0.6288706755092852,0.3309927598613608,0.010410394199346406,1967.9907496836938,0.2524962625801412,0.33468374384653904,0.33364181031053275,0.24116120265278554,0.3309927598613608,0.29210517625980964,HEAVY-TAIL-RISK,Moderate
855,4275.0,4280.0,0.0,0.0,2.0,149.84750366210938,150.2096740722656,0.53803125,0.015,0.0,0.1,0.1,0.0,0.0,1.0,0.4078975167414256,0.0013286843681917214,3971.8233560386707,0.24775426329562608,0.435,0.44214894695376095,0.3,0.4078975167414256,0.32665488389627295,HEAVY-TAIL-RISK,Moderate
856,4280.0,4285.0,0.0,0.0,1.7600000000000051,148.6372528076172,148.95431823730468,0.500267361111111,0.013200000000000038,0.0,0.08800000000000026,0.11363636363636331,0.0,0.0,1.0,0.39571700031103074,0.0012907869008714598,3972.5848357474542,0.23248300460105092,0.435,0.4383472378285712,0.3,0.39571700031103074,0.32073378546276765,HEAVY-TAIL-RISK,Moderate
857,4285.0,4290.0,0.0,1.0,62.08000000000004,89.53839874267578,148.59015808105468,5.6475381944444445,0.275,0.1,1.0,0.10309278350515456,0.08749999991249999,0.42999999999999994,0.6463336447601424,0.3377351674952733,0.011814416802832243,2006.7283253101348,0.2640023365696633,0.4701613854568807,0.3906470790933966,0.3750250933974177,0.3377351674952733,0.3887439008077235,HEAVY-TAIL-RISK,Moderate
858,4290.0,4295.0,0.0,0.0,2.0,149.36769104003906,149.7859680175781,1.9209791666666665,0.015,0.0,0.1,1.0,0.0,0.0,0.28,0.4292310415348435,0.004287935321350763,2981.635107131186,0.2885917642579011,0.1218,0.30317142144987697,0.084,0.4292310415348435,0.18509811925269665,LOW-COMPLEXITY,Moderate
859,4295.0,4300.0,0.0,0.0,1.0,148.37289428710938,149.05125732421874,0.22450000000000003,0.0075,0.0,0.05,0.1,0.0,0.0,1.0,0.40414562228575096,0.0009554769880174292,3982.2711638397923,0.24516260172580356,0.435,0.44117791342116686,0.3,0.40414562228575096,0.32595716498887245,HEAVY-TAIL-RISK,Moderate
860,4300.0,4305.0,0.0,0.0,37.480000000000246,148.68824768066406,149.48946533203124,2.990649305555556,0.15,0.0,1.0,0.1360725720384196,0.0,0.0,1.0,0.4311944827528804,0.006392102396514161,2655.832677925438,0.2945444825637351,0.435,0.4471963339620987,0.3,0.4311944827528804,0.34599233748038194,HEAVY-TAIL-RISK,Moderate
861,4305.0,4310.0,0.0,0.0,1.0,72.63710021972656,149.5526092529297,3.609763888888889,0.0075,0.0,0.05,1.0,0.0,0.0,1.0,0.3681253262492678,0.006401017973856209,1479.1482781742602,0.3348484703172519,0.435,0.3940615021041223,0.3,0.3681253262492678,0.36331442933275176,HEAVY-TAIL-RISK,Moderate
862,4310.0,4315.0,0.0,0.0,2.0,148.37869262695312,148.55030517578126,1.7132847222222223,0.015,0.0,0.1,1.0,0.0,0.0,1.0,0.4732924819184443,0.003796165032679739,3638.418065747574,0.3234363918507953,0.435,0.46137093670000195,0.3,0.4732924819184443,0.35487490329078725,HEAVY-TAIL-RISK,Moderate
863,4315.0,4320.0,0.0,1.0,50.0,90.77728271484375,149.2244659423828,4.5948263888888885,0.175,0.1,1.0,0.10800000000000001,0.0,0.15,0.5833882577577401,0.32465946111269955,0.009867381808278864,1813.1355145004081,0.24609655419286183,0.3148988921246169,0.32209846764992667,0.227516477327322,0.32465946111269955,0.2796261141593913,SPARSE-EXTREME,Moderate
864,4320.0,4325.0,0.0,1.0,2.0,77.22735595703125,150.31851196289062,5.060135416666668,0.04,0.1,0.1,1.0,0.0,0.15,0.35111111111111115,0.4338676563510947,0.009084244008714598,1158.1461025168455,0.4152847294037467,0.21385833333333337,0.30010753684365166,0.15783333333333335,0.4338676563510947,0.2943797551760444,LOW-COMPLEXITY,Moderate
865,4325.0,4330.0,0.0,1.0,1.0,79.85502624511719,80.72734375,3.0124340277777772,0.0325,0.1,0.05,0.1,0.0,0.15,0.04571428571428573,0.41472306712624085,0.005258515659041395,544.088383028059,0.26033735342317194,0.08101071428571428,0.27109430221486147,0.06621428571428571,0.41472306712624085,0.16572805856237013,LOW-COMPLEXITY,Low
866,4330.0,4335.0,1.0,1.0,2.0,73.14957427978516,79.07610931396485,10.795642361111112,0.39,0.1,0.1,1.0,0.9124999997375001,0.2583333333333333,0.38936666666666664,0.4167231306441382,0.018190628131808276,461.0272665409545,0.2776909265876901,0.4183640832919896,0.5264765072710803,0.5266016665747917,0.4167231306441382,0.341919791511022,LOW-COMPLEXITY,High
867,4335.0,4340.0,0.0,0.0,2.0,148.1893768310547,149.13164367675782,1.9243020833333335,0.015,0.0,0.1,0.1,0.0,0.0,1.0,0.43285753830917634,0.0035197905773420475,3868.8632413685123,0.28295873310747893,0.435,0.4505035120805101,0.3,0.43285753830917634,0.3409412112046239,HEAVY-TAIL-RISK,Moderate
868,4340.0,4345.0,0.0,0.0,2.0,149.30453491210938,149.7181884765625,1.7415937499999998,0.015,0.0,0.1,0.1,0.0,0.0,1.0,0.4035112473431375,0.00312712145969499,3908.0914092200305,0.24203193097154008,0.435,0.44075603177143885,0.3,0.4035112473431375,0.32440276476998925,HEAVY-TAIL-RISK,Moderate
869,4345.0,4350.0,0.0,0.0,2.0,147.6212615966797,148.7565887451172,1.1912881944444444,0.015,0.0,0.1,0.1,0.0,0.0,1.0,0.4094147100886426,0.002369449074074074,3908.03156448929,0.25320924820836993,0.435,0.442805947001223,0.3,0.4094147100886426,0.32923302803245236,HEAVY-TAIL-RISK,Moderate
870,4350.0,4355.0,0.0,0.0,2.0,149.82342529296875,150.22402954101562,0.7656388888888889,0.015,0.0,0.1,0.1,0.0,0.0,1.0,0.4138351973937485,0.0017485535130718952,3916.343186988236,0.2574729760704288,0.435,0.4444940865329313,0.3,0.4138351973937485,0.3308506189733032,HEAVY-TAIL-RISK,Moderate
871,4355.0,4360.0,0.0,0.0,2.0,77.92282104492188,149.1531219482422,5.762506944444445,0.015,0.0,0.1,1.0,0.0,0.0,1.0,0.3721385390260299,0.010069281590413943,1670.927351505476,0.3309730649022277,0.435,0.39820517758650764,0.3,0.3721385390260299,0.36182370984988405,HEAVY-TAIL-RISK,Moderate
872,4360.0,4365.0,0.0,0.0,1.0,74.78717803955078,76.13853912353515,4.626336805555557,0.0075,0.0,0.05,1.0,0.0,0.0,1.0,0.49484684844909577,0.007827349264705883,545.0021231609226,0.3511377592567956,0.435,0.466066896582206,0.3,0.49484684844909577,0.3649805813198959,HEAVY-TAIL-RISK,Moderate
873,4365.0,4370.0,0.0,0.0,38.480000000000246,136.27403259277344,148.6036590576172,4.023357638888889,0.15,0.0,1.0,0.14033264033263942,0.0,0.0,0.32081417827956893,0.47948366780636054,0.00886877668845316,2419.1191085554397,0.3570995190309826,0.13955416755161248,0.3216198619745454,0.09624425348387068,0.47948366780636054,0.21936792099692737,SPARSE-EXTREME,Moderate
874,4370.0,4375.0,0.0,0.0,2.0,149.69830322265625,150.39957275390626,0.8395902777777778,0.015,0.0,0.1,0.1,0.0,0.0,1.0,0.3945210459582054,0.0017180641339869277,3939.9473321011183,0.23179615012115545,0.435,0.43782515050439563,0.3,0.3945210459582054,0.3205066162475649,HEAVY-TAIL-RISK,Moderate
875,4375.0,4380.0,0.0,0.0,38.480000000000246,75.85140228271484,149.2335235595703,4.062288194444444,0.15,0.0,1.0,0.13513513513513425,0.0,0.0,1.0,0.3246059453530897,0.008432458197167756,1116.0608050873268,0.2812128390127406,0.435,0.3760086957071471,0.3,0.3246059453530897,0.3410579766655994,HEAVY-TAIL-RISK,Moderate
876,4380.0,4385.0,0.0,0.0,38.480000000000246,149.031982421875,149.83440246582032,6.891704861111111,0.15,0.0,1.0,0.1325363825363817,0.0,0.0,1.0,0.42904239877933587,0.012153389978213507,2355.4939142770354,0.29253992594165834,0.435,0.4467905000770964,0.3,0.42904239877933587,0.3453860383029789,HEAVY-TAIL-RISK,Moderate
877,4385.0,4390.0,0.0,0.0,2.0,148.57284545898438,148.86437377929687,2.031177083333333,0.015,0.0,0.1,1.0,0.0,0.0,1.0,0.5140039766985759,0.00444229139433551,3542.076120344677,0.37988783648579394,0.435,0.4753894013805423,0.3,0.5140039766985759,0.37782921455144275,HEAVY-TAIL-RISK,Moderate
878,4390.0,4395.0,0.0,0.0,45.52000000000001,66.51183319091797,150.14307861328126,2.9989861111111114,0.15,0.0,1.0,0.1010544815465729,0.0,0.0,0.46236903584680306,0.3551730957286281,0.007026485430283223,1785.335109386625,0.32954985306676693,0.2011305305933593,0.2789530333300152,0.1387107107540409,0.3551730957286281,0.24297056964375222,SPARSE-EXTREME,Low
879,4395.0,4400.0,0.0,1.0,1.7600000000000051,67.93092346191406,70.0214630126953,3.0897743055555553,0.03820000000000004,0.1,0.08800000000000026,0.11363636363636331,0.0,0.15,0.07494539163649995,0.3885340516497697,0.004980306917211328,269.96626035816075,0.23189412227662595,0.09372624536187749,0.25300562531555304,0.07498361749094998,0.3885340516497697,0.15610732583178907,LOW-COMPLEXITY,Low
880,4400.0,4405.0,0.0,0.0,1.0,66.88204193115234,127.50190887451171,4.212434027777778,0.0075,0.0,0.05,1.0,0.0,0.0,1.0,0.43786954068461703,0.00741151538671024,684.1667061930957,0.41742885417984377,0.435,0.4139839477813406,0.3,0.43786954068461703,0.3941414236422368,HEAVY-TAIL-RISK,Moderate
881,4405.0,4410.0,0.0,0.0,44.760000000000005,68.22369384765625,149.7563720703125,8.622368055555555,0.15,0.0,1.0,0.11617515638963358,0.0,0.0,1.0,0.3581015019478844,0.01446187867647059,1606.8492143176804,0.33005306380926713,0.435,0.38906245295257813,0.3,0.3581015019478844,0.3616730149510648,HEAVY-TAIL-RISK,Moderate
882,4410.0,4415.0,0.0,1.0,42.520000000000266,132.77566528320312,148.6377166748047,8.48454513888889,0.175,0.1,1.0,0.13875823142050714,0.0,0.15,0.5640894675652517,0.38253566661334537,0.013722066857298473,2018.8983501971175,0.2575762334853224,0.3065039183908844,0.35483792471951037,0.22172684026957548,0.38253566661334537,0.2794608938759412,SPARSE-EXTREME,Moderate
883,4415.0,4420.0,0.0,0.0,51.320000000000036,136.86053466796875,148.4597595214844,4.555812499999999,0.15,0.0,1.0,0.12081060015588456,0.0,0.0,1.0,0.42863329223243807,0.009536999183006538,2673.8099612269484,0.2958449848596898,0.435,0.44335695011477905,0.3,0.42863329223243807,0.345939101911908,HEAVY-TAIL-RISK,Moderate
884,4420.0,4425.0,0.0,0.0,35.440000000000225,67.30255126953125,148.80018920898436,3.334826388888889,0.15,0.0,1.0,0.13261851015801268,0.0,0.0,1.0,0.4266136764267626,0.006835290849673202,1128.9997193373001,0.42320842412313403,0.435,0.4045036742844176,0.3,0.4266136764267626,0.39652707895442246,HEAVY-TAIL-RISK,Moderate
885,4425.0,4430.0,0.0,0.0,44.56000000000029,68.8055648803711,136.88160705566406,2.3461979166666675,0.15,0.0,1.0,0.13240574506283578,0.0,0.0,0.3534436439570374,0.3697707829032638,0.006133556644880175,995.7531956410402,0.33286471966687226,0.15374798512131127,0.2662356653343777,0.10603309318711122,0.3697707829032638,0.22018869356820797,SPARSE-EXTREME,Low
886,4430.0,4435.0,0.0,0.0,39.24000000000025,112.91059112548828,134.8763427734375,3.2269305555555556,0.15,0.0,1.0,0.216615698267073,0.0,0.0,1.0,0.3761775854498742,0.007587800245098039,2202.780947522754,0.2484369903046715,0.435,0.4205381290271808,0.3,0.3761775854498742,0.32736244394938047,HEAVY-TAIL-RISK,Moderate
887,4435.0,4440.0,0.0,0.0,33.920000000000215,148.60263061523438,150.49647827148436,3.363149305555556,0.15,0.0,1.0,0.16509433962264047,0.0,0.0,1.0,0.4535175798329184,0.006795061819172112,3365.9574620411677,0.309187006558359,0.435,0.45535755415552714,0.3,0.4535175798329184,0.3505892522753844,HEAVY-TAIL-RISK,Moderate
888,4440.0,4445.0,0.0,0.0,2.0,149.0283203125,150.28579406738282,0.6263472222222222,0.015,0.0,0.1,0.1,0.0,0.0,1.0,0.4086656036871435,0.0014754488017429195,3905.2051321616423,0.2522745188196596,0.435,0.4424334851269306,0.3,0.4086656036871435,0.32882257828246964,HEAVY-TAIL-RISK,Moderate
889,4445.0,4450.0,0.0,0.0,2.0,134.87158203125,150.36928100585936,2.3900625,0.015,0.0,0.1,1.0,0.0,0.0,1.0,0.47043980500240495,0.004988125272331155,3183.724390807659,0.362091451774853,0.435,0.45708947571659275,0.3,0.47043980500240495,0.3734170911376328,HEAVY-TAIL-RISK,Moderate
890,4450.0,4455.0,0.0,0.0,2.0,135.0916748046875,135.80213317871093,2.6550729166666676,0.015,0.0,0.1,0.1,0.0,0.0,1.0,0.40525022484820894,0.004514831563180827,2724.877565782821,0.24327737740362965,0.435,0.4407433969128848,0.3,0.40525022484820894,0.32458632140927224,HEAVY-TAIL-RISK,Moderate
891,4455.0,4460.0,0.0,0.0,46.8400000000003,149.8129425048828,150.717919921875,2.3140624999999995,0.15,0.0,1.0,0.13450042698548165,0.0,0.0,0.2665658441620356,0.5006503786708507,0.006005555691721133,3657.7740198615306,0.362642682468421,0.11595614221048547,0.32351795104641934,0.07996975324861068,0.5006503786708507,0.20937490605704995,SPARSE-EXTREME,Moderate
892,4460.0,4465.0,0.0,0.0,34.68000000000022,136.04847717285156,150.44638366699218,2.440149305555556,0.15,0.0,1.0,0.17012687427912235,0.0,0.0,0.37237444889502264,0.38877943519672276,0.005907172657952069,2559.2820634211284,0.26078886726674017,0.16198288526933485,0.30116869958163395,0.11171233466850679,0.38877943519672276,0.19446478702201467,SPARSE-EXTREME,Moderate
893,4465.0,4470.0,0.0,0.0,62.52000000000001,135.61085510253906,148.66574401855468,4.538770833333334,0.15,0.0,1.0,0.13755598208573255,0.0,0.0,0.010515674983836917,0.39234787905161017,0.011514794117647057,2109.5055677440187,0.26371099936235465,0.004574318617969059,0.23060624027089127,0.003154702495151075,0.39234787905161017,0.11605806526066227,SPARSE-EXTREME,Low
894,4470.0,4475.0,0.0,0.0,1.0,111.00640106201172,134.55068664550782,2.4240763888888885,0.0075,0.0,0.05,1.0,0.0,0.0,1.0,0.5175476974941291,0.004862164215686273,2382.2777843073322,0.43583749374229164,0.435,0.46343801440606314,0.3,0.5175476974941291,0.4007351275397356,HEAVY-TAIL-RISK,Moderate
895,4475.0,4480.0,0.0,1.0,62.0,135.9193572998047,147.94630737304686,7.039656249999999,0.175,0.1,1.0,0.11451612903225808,0.0,0.15,0.157929597153319,0.43812559444829907,0.015119889978213506,2831.786439698677,0.30544868377720397,0.12982437476169376,0.2958650553266865,0.09987887914599569,0.43812559444829907,0.20793515221386535,SPARSE-EXTREME,Low
896,4480.0,4485.0,0.0,0.0,58.16000000000008,148.7191925048828,149.45152282714844,4.832836805555557,0.15,0.0,1.0,0.12551581843191179,0.0,0.0,0.33484571088667037,0.4574765919172784,0.010666467456427017,3120.729306446409,0.314861740209891,0.1456578842357016,0.3243500823442639,0.10045371326600111,0.4574765919172784,0.2068111075791188,SPARSE-EXTREME,Moderate
897,4485.0,4490.0,0.0,1.0,40.24000000000025,122.91732788085938,126.2428985595703,4.506618055555555,0.175,0.1,1.0,0.14662027833001895,0.0,0.15,0.16402742610263438,0.4185435738999612,0.00876960089869281,1301.0621602583121,0.28225089074680104,0.13247693035464594,0.2927168439822102,0.10170822783079031,0.4185435738999612,0.20104456120757894,SPARSE-EXTREME,Low
898,4490.0,4495.0,0.0,2.0,40.000000000000256,67.37006378173828,128.77855529785157,6.373149305555557,0.25,0.2,1.0,0.13749999999999912,0.043749999978124995,0.5,0.16679610983952586,0.38453329262359015,0.011668483796296297,662.9231057439481,0.35326055863780825,0.2831969327767484,0.3017815326098213,0.2403513329442015,0.38453329262359015,0.33613990905237295,SPARSE-EXTREME,Moderate
899,4495.0,4500.0,0.0,0.0,51.56000000000003,125.40019989013672,129.1559631347656,4.889190972222222,0.15,0.0,1.0,0.16485647788983698,0.0,0.0,0.361886558366367,0.41834495198073496,0.010795948393246187,1837.8185512991272,0.2839082491441199,0.15742065288936966,0.3136283522303307,0.1085659675099101,0.41834495198073496,0.201420793612447,SPARSE-EXTREME,Moderate
900,4500.0,4505.0,0.0,0.0,2.0,124.05109405517578,124.70934600830078,3.0086250000000003,0.015,0.0,0.1,1.0,0.0,0.0,1.0,0.4284529905944005,0.005960779411764706,1403.6640989902364,0.2914124793141075,0.435,0.446355538459251,0.3,0.4284529905944005,0.34481743046919155,HEAVY-TAIL-RISK,Moderate
901,4505.0,4510.0,0.0,0.0,2.760000000000005,57.90947341918945,133.37642822265624,3.713805555555556,0.020700000000000038,0.0,0.13800000000000026,1.0,0.0,0.0,0.5037789980949889,0.3546372448638342,0.00709297290305011,1227.6274288571865,0.331114255601082,0.21914386417132015,0.2865600855500573,0.15113369942849667,0.3546372448638342,0.25276069624135084,LOW-COMPLEXITY,Low
902,4510.0,4515.0,0.0,0.0,57.64000000000007,132.75157165527344,150.0823547363281,6.818972222222223,0.15,0.0,1.0,0.14052741151977777,0.0,0.0,0.3488527761127492,0.38765770654367293,0.013190747004357302,2044.7640973253237,0.26505503066665487,0.1517509576090459,0.2945359997312932,0.10465583283382475,0.38765770654367293,0.1910286050202742,SPARSE-EXTREME,Low
903,4515.0,4520.0,0.0,1.0,57.360000000000056,110.15362548828125,121.31841583251953,11.962100694444443,0.275,0.1,1.0,0.13598326359832622,0.08749999991249999,0.42999999999999994,0.7279144421788789,0.38486532367180726,0.019528668164488016,1655.132622139207,0.248863747109611,0.505649032334031,0.4430022204541644,0.3994993326230386,0.38486532367180726,0.399953486122643,HEAVY-TAIL-RISK,Moderate
904,4520.0,4525.0,0.0,1.0,54.840000000000046,74.14856719970703,120.44061889648438,15.693815972222222,0.275,0.1,1.0,0.10576221735959146,0.08749999991249999,0.42999999999999994,0.39784561900489623,0.3220475713106641,0.028153153322440082,1040.4149193508467,0.24007090335980166,0.36206909425334854,0.33687927105605864,0.3004786856708438,0.3220475713106641,0.3246081465725898,SPARSE-EXTREME,Moderate
905,4525.0,4530.0,0.0,1.0,40.04000000000002,113.23565673828125,119.8372085571289,13.267822916666667,0.275,0.1,1.0,0.12487512487512482,0.08749999991249999,0.42999999999999994,0.8547953364893199,0.41115438436359075,0.021207687636165574,1457.3833865525698,0.27565344894432126,0.5608422213590729,0.4798150648912215,0.43756360091617097,0.41115438436359075,0.43869270156658846,HEAVY-TAIL-RISK,Moderate
906,4530.0,4535.0,0.0,1.0,39.04000000000002,96.08331298828125,98.1305435180664,7.5338368055555565,0.175,0.1,1.0,0.13831967213114746,0.0,0.15,0.6186536751217526,0.5155888517882193,0.013552279547930283,1133.2046584923578,0.38500314886369436,0.33023934867796234,0.4161786512357952,0.23809610253652577,0.5155888517882193,0.33956494068558357,HEAVY-TAIL-RISK,Moderate
907,4535.0,4540.0,0.0,0.0,2.0,149.46926879882812,150.11664123535155,1.5823437500000004,0.015,0.0,0.1,1.0,0.0,0.0,1.0,0.4590557577192232,0.0039042900326797386,3718.8608169139493,0.30577569514360226,0.435,0.4564931987339772,0.3,0.4590557577192232,0.34789652769888735,HEAVY-TAIL-RISK,Moderate
908,4540.0,4545.0,0.0,1.0,2.0,70.39253234863281,132.74950256347657,4.051138888888889,0.14,0.1,0.1,1.0,0.08749999991249999,0.42999999999999994,0.376,0.44100131956324706,0.007833517156862745,1080.0912984385338,0.4196407139410815,0.3525662499862187,0.36012465250281867,0.29392499996937493,0.44100131956324706,0.38951365545571554,LOW-COMPLEXITY,Moderate
909,4545.0,4550.0,0.0,0.0,1.7600000000000051,70.8659439086914,133.47777709960937,2.1648229166666666,0.013200000000000038,0.0,0.08800000000000026,1.0,0.0,0.0,1.0,0.4406990117470086,0.004805355255991286,1193.0586309969815,0.4194188308937302,0.435,0.41526857117163263,0.3,0.4406990117470086,0.3948786624201844,HEAVY-TAIL-RISK,Moderate
910,4550.0,4555.0,0.0,0.0,1.0,96.94908142089844,97.41644287109375,3.0045625000000005,0.0075,0.0,0.05,1.0,0.0,0.0,1.0,0.4045134451489376,0.005542826525054466,965.2025686513676,0.24399973924978063,0.435,0.44102845254544576,0.3,0.4045134451489376,0.32523146672856196,HEAVY-TAIL-RISK,Moderate
911,4555.0,4560.0,0.0,0.0,1.0,96.38675689697266,96.9058853149414,1.940451388888889,0.0075,0.0,0.05,1.0,0.0,0.0,1.0,0.5080354009231665,0.00480341857298475,911.754951841612,0.37190584005358734,0.435,0.47289082261255366,0.3,0.5080354009231665,0.37445585771039586,HEAVY-TAIL-RISK,Moderate
912,4560.0,4565.0,0.0,1.0,2.0,78.50018310546875,133.34998474121093,4.922555555555555,0.04,0.1,0.1,1.0,0.0,0.15,0.6454992970219323,0.4609977588866607,0.00915048052832244,1233.52778441944,0.4283289616414587,0.34191719420454053,0.373607501455376,0.24614978910657967,0.4609977588866607,0.3640025611617356,HEAVY-TAIL-RISK,Moderate
913,4565.0,4570.0,0.0,0.0,2.0,131.59190368652344,132.93854370117188,0.722982638888889,0.015,0.0,0.1,0.1,0.0,0.0,1.0,0.3892276336651866,0.002072874591503268,3592.347104054135,0.2259920569048488,0.435,0.43553496322023943,0.3,0.3892276336651866,0.3181263571632115,HEAVY-TAIL-RISK,Moderate
914,4570.0,4575.0,0.0,0.0,36.20000000000023,132.3681182861328,133.4937530517578,3.157079861111111,0.15,0.0,1.0,0.12983425414364558,0.0,0.0,0.3311839611359805,0.43006051232150144,0.006534379901960785,2279.2552154434384,0.29269429197164554,0.1440650230941515,0.31273476678987466,0.09935518834079414,0.43006051232150144,0.1979667804523006,SPARSE-EXTREME,Moderate
915,4575.0,4580.0,0.0,0.0,2.0,147.25025939941406,149.1341979980469,1.2572708333333336,0.015,0.0,0.1,1.0,0.0,0.0,1.0,0.47027814586434763,0.0034277479575163397,4100.969204630764,0.3234481413430886,0.435,0.4596639222346742,0.3,0.47027814586434763,0.3550369069875933,HEAVY-TAIL-RISK,Moderate
916,4580.0,4585.0,0.0,1.0,37.72000000000024,132.2195587158203,133.66979370117187,4.782513888888889,0.175,0.1,1.0,0.16436903499469674,0.0,0.15,0.5578594263698033,0.429178850845415,0.00999886315359477,2310.4660299353927,0.29224513762932347,0.3037938504708645,0.37629518326903333,0.219857827910941,0.429178850845415,0.2917100842029401,SPARSE-EXTREME,Moderate
917,4585.0,4590.0,1.0,1.0,2.0,83.87076568603516,130.57658996582032,4.518677083333333,0.39,0.1,0.1,1.0,0.9124999997375001,0.2583333333333333,0.6816387164222081,0.39972093373519013,0.009894358251633989,1733.3748861813738,0.33547484715477044,0.54550242493565,0.5633724930654121,0.6142832815014541,0.39972093373519013,0.4318167035131465,HEAVY-TAIL-RISK,High
918,4590.0,4595.0,0.0,1.0,43.040000000000276,80.0179214477539,83.73687591552735,5.379302083333333,0.275,0.1,1.0,0.13243494423791738,0.08749999991249999,0.42999999999999994,0.5577993059733997,0.4009269561775026,0.011494488289760348,549.0177729925174,0.25358652983840263,0.4316489480846475,0.4177637010723536,0.34846479176139483,0.4009269561775026,0.36394871714615934,SPARSE-EXTREME,Moderate
919,4595.0,4600.0,0.0,2.0,56.52000000000001,84.11085510253906,131.84967651367188,6.8004444444444445,0.25,0.2,1.0,0.10261854210898795,0.043749999978124995,0.5,0.8254036804469906,0.3387928956712863,0.014786073529411766,1906.2896739327668,0.25428196243061485,0.5696912259909956,0.4296654567156458,0.4379336041264409,0.3387928956712863,0.4416362192150105,HEAVY-TAIL-RISK,Moderate
920,4600.0,4605.0,0.0,1.0,2.760000000000005,131.25894165039062,132.67471923828126,3.870125,0.14570000000000005,0.1,0.13800000000000026,0.10869565217391283,0.08749999991249999,0.42999999999999994,0.29687200571704925,0.394853042768854,0.006009652096949891,3482.140262530255,0.23402191885548146,0.31814557247313513,0.36648206725483756,0.2701866016844897,0.394853042768854,0.2985972231322777,LOW-COMPLEXITY,Moderate
921,4605.0,4610.0,0.0,2.0,50.280000000000015,130.5771942138672,132.77169189453124,7.319166666666665,0.25,0.2,1.0,0.10342084327764516,0.043749999978124995,0.5,0.2151136518617572,0.4268219179161802,0.013961884123093678,2484.439454809025,0.28915083058689467,0.30421506355641903,0.35833208619166,0.25484659555087086,0.4268219179161802,0.3205532137607469,SPARSE-EXTREME,Moderate
922,4610.0,4615.0,0.0,2.0,36.68000000000022,76.11331939697266,131.9434051513672,8.510878472222222,0.2,0.2,1.0,0.14176663031624778,0.0,0.15,0.3474548168519998,0.40763859568831345,0.014828666530501088,1167.6703206326326,0.3677702812948283,0.21226784533061993,0.2974508195223414,0.15673644505559994,0.40763859568831345,0.27570150108595526,SPARSE-EXTREME,Low
923,4615.0,4620.0,0.0,0.0,36.960000000000235,129.44610595703125,130.51104736328125,4.026190972222222,0.15,0.0,1.0,0.1379870129870121,0.0,0.0,0.3941688485777304,0.42683393724822816,0.007998911764705881,2262.9657861543733,0.2881484080757876,0.17146344913131273,0.3247070286314,0.11825065457331911,0.42683393724822816,0.21013850703348633,SPARSE-EXTREME,Moderate
924,4620.0,4625.0,0.0,1.0,3.0,131.23619079589844,133.0104766845703,4.280746527777778,0.0475,0.1,0.15,1.0,0.0,0.15,0.6569746696700232,0.5022020386902328,0.006674393927015252,3250.8467498500167,0.36706040600337037,0.3469089813064601,0.42023845381407343,0.24959240090100693,0.5022020386902328,0.3411093526145561,HEAVY-TAIL-RISK,Moderate
925,4625.0,4630.0,0.0,0.0,2.0,83.47859191894531,134.36513671875,3.1767777777777773,0.015,0.0,0.1,1.0,0.0,0.0,1.0,0.39457007894620877,0.0060625973583878,1999.6547637731294,0.3345365693709015,0.435,0.41230827799941183,0.3,0.39457007894620877,0.36293366224869267,HEAVY-TAIL-RISK,Moderate
926,4630.0,4635.0,0.0,0.0,53.0,79.26549530029297,82.6318588256836,6.0254409722222215,0.15,0.0,1.0,0.1018867924528302,0.0,0.0,0.377510639655697,0.3929440981771849,0.012073215958605665,579.722933243378,0.24270171997146422,0.16421712825022816,0.3098587455248428,0.11325319189670909,0.3929440981771849,0.1881919923234854,SPARSE-EXTREME,Moderate
927,4635.0,4640.0,0.0,0.0,52.800000000000026,82.0444107055664,134.30818786621094,6.797027777777778,0.15,0.0,1.0,0.1041666666666666,0.0,0.0,0.47515151709403824,0.34119683010308083,0.013435787445533769,1525.270007911527,0.26662076363520554,0.2066909099359066,0.288300586639195,0.14254545512821146,0.34119683010308083,0.2201891071796565,SPARSE-EXTREME,Low
928,4640.0,4645.0,0.0,1.0,2.0,130.93057250976562,132.89229431152344,3.618684027777778,0.04,0.1,0.1,1.0,0.0,0.15,0.6345794730587452,0.5027742520318577,0.006747520424836602,3226.8194391305283,0.3678888917883633,0.33716707078055413,0.41574393802142395,0.24287384191762354,0.5027742520318577,0.3364481821525274,HEAVY-TAIL-RISK,Moderate
929,4645.0,4650.0,1.0,7.0,40.440000000000225,84.43390655517578,97.51314697265624,15.933770833333336,0.36593542461494977,0.7,1.0,0.14342235410484588,0.14285714285,0.6821428571428572,0.21459765530687677,0.3724818632791887,0.025589792347494558,639.2951664597306,0.23742803333711132,0.3938231943430807,0.37619133713827957,0.35312929658956305,0.3724818632791887,0.3599858814289021,SPARSE-EXTREME,Moderate
930,4650.0,4655.0,1.0,2.0,48.280000000000015,116.3205795288086,130.0368438720703,16.831475694444446,0.3103562551781276,0.2,1.0,0.12427506213753103,0.4999999999125,0.18999999999999997,0.8223297543141159,0.3792032829696318,0.027918983115468407,1722.6555326272126,0.2414710958406815,0.5138884431128592,0.5121629046513883,0.4881989262636097,0.3792032829696318,0.37604120695303606,HEAVY-TAIL-RISK,High
931,4655.0,4660.0,0.0,2.0,3.0,132.9178466796875,134.09974060058593,9.81771875,0.17250000000000001,0.2,0.15,0.13333333333333333,0.08749999995624999,0.42999999999999994,0.1127058823249412,0.41640365594826595,0.015912570806100215,2465.572332995938,0.26149138307715303,0.23803330880445878,0.3372214258216458,0.21493676468216982,0.41640365594826595,0.2690781589378272,BURST-DOMINATED,Moderate
932,4660.0,4665.0,0.0,2.0,3.760000000000005,120.26017761230469,129.19658203125,8.373822916666667,0.07820000000000005,0.2,0.18800000000000025,1.0,0.0,0.15,0.34867579908675805,0.5359203553058087,0.013252914760348582,2846.1254357718026,0.42925299775222725,0.21279897260273978,0.36581863834502104,0.15710273972602742,0.5359203553058087,0.2984843033334325,BURST-DOMINATED,Moderate
933,4665.0,4670.0,0.0,1.0,2.0,119.76702117919922,143.8320556640625,5.836128472222222,0.04,0.1,0.1,1.0,0.0,0.15,0.6298861015296006,0.45180462768515567,0.00960863112745098,2969.801568321709,0.35417223312099155,0.3351254541653762,0.39064079466947477,0.24146583045888015,0.45180462768515567,0.3328421530029631,HEAVY-TAIL-RISK,Moderate
934,4670.0,4675.0,1.0,2.0,56.280000000000015,119.66323852539062,145.20245666503905,17.68778472222223,0.25888415067519543,0.2,1.0,0.12970859985785355,0.456249999934375,0.23666666666666666,0.9101898038500078,0.3700653546613742,0.030518871732026148,1965.99080693129,0.24863984546545487,0.5642336063310841,0.5185633020076718,0.5155777744653669,0.3700653546613742,0.40899587701423684,HEAVY-TAIL-RISK,High
935,4675.0,4680.0,1.0,2.0,50.52000000000001,89.30391693115234,117.34979858398438,18.54870833333334,0.2598970704671417,0.2,1.0,0.16231195566112427,0.456249999934375,0.23666666666666666,0.9051828758168068,0.33582730756511386,0.03238989052287582,792.5349862838517,0.22412565975274512,0.5620555926366417,0.5011253114968675,0.5140756960554066,0.33582730756511386,0.39844396004818533,HEAVY-TAIL-RISK,High
936,4680.0,4685.0,1.0,1.0,28.08000000000017,136.6005096435547,138.76690063476562,12.366236111111114,0.29280626780626773,0.1,1.0,0.22435897435897303,0.9124999997375001,0.2583333333333333,0.6126621287096784,0.4185348628800786,0.018732813453159042,2463.597632446856,0.2705055931206146,0.5154976092806998,0.5792239709386164,0.5935903051876952,0.4185348628800786,0.38983012330858846,HEAVY-TAIL-RISK,High
937,4685.0,4690.0,1.0,3.0,44.04000000000002,133.11500549316406,144.30599365234374,17.979944444444445,0.3030199818346957,0.3,1.0,0.11126248864668478,0.3333333332944444,0.34500000000000003,0.5116068524527289,0.4043757459750323,0.031051424700435724,2298.065262445157,0.2667236505102288,0.41563648081081206,0.44664651651243525,0.39089872238887424,0.4043757459750323,0.351585197408618,SPARSE-EXTREME,Moderate
938,4690.0,4695.0,0.0,1.0,51.280000000000015,108.13455963134766,143.64148559570313,17.184645833333327,0.275,0.1,1.0,0.11310452418096721,0.08749999991249999,0.42999999999999994,0.8256983915205929,0.3300584903841538,0.02834666339869281,1541.1015981681874,0.22012689064184698,0.5481850502976766,0.4332094881370975,0.4288345174255528,0.3300584903841538,0.410526902300958,HEAVY-TAIL-RISK,Moderate
939,4695.0,4700.0,1.0,2.0,58.16000000000008,85.18431091308594,121.53063049316407,20.119802083333333,0.20859697386519943,0.2,1.0,0.13583218707015113,0.4999999999125,0.18999999999999997,0.6509433294028586,0.32745898922491584,0.03422039447167756,960.2855474553111,0.22495520823288714,0.4393353482764622,0.4472048096683776,0.4367829987902325,0.32745898922491584,0.3322760396045755,HEAVY-TAIL-RISK,Moderate
940,4700.0,4705.0,1.0,3.0,49.60000000000005,76.80756378173828,94.95923309326172,24.138100694444447,0.2684139784946236,0.3,1.0,0.1774193548387095,0.36249999995138893,0.303,0.7317772949925978,0.3523730498264282,0.04043434177559913,682.8044370508012,0.22656998196715783,0.49888937331412375,0.4660047202105214,0.45245818848076547,0.3523730498264282,0.373809974849544,HEAVY-TAIL-RISK,Moderate
941,4705.0,4710.0,0.0,1.0,37.20000000000023,118.29244232177734,119.98007507324219,9.235586805555556,0.275,0.1,1.0,0.15591397849462268,0.08749999991249999,0.42999999999999994,0.5710267501761415,0.42307902523617696,0.015599887118736385,2272.9041663832068,0.27564854513915016,0.43740288631284024,0.43051642448858374,0.3524330250222174,0.42307902523617696,0.3758892773579563,SPARSE-EXTREME,Moderate
942,4710.0,4715.0,0.0,0.0,2.0,144.98959350585938,145.77344360351563,4.573354166666668,0.015,0.0,0.1,1.0,0.0,0.0,1.0,0.40878318413957404,0.007734088371459695,3360.5624722933176,0.2506284500801687,0.435,0.4427264152792847,0.3,0.40878318413957404,0.32807267435294046,HEAVY-TAIL-RISK,Moderate
943,4715.0,4720.0,0.0,0.0,29.360000000000184,143.06065368652344,143.9435302734375,4.342489583333333,0.15,0.0,1.0,0.16689373297002622,0.0,0.0,0.22842580961411355,0.428537766531073,0.008551329248366012,2778.138783625631,0.28712816964837184,0.09936522718213939,0.29284148880978345,0.06852774288423406,0.428537766531073,0.1731880357169589,SPARSE-EXTREME,Low
944,4720.0,4725.0,0.0,3.0,49.60000000000005,89.55763244628906,143.2131317138672,13.475916666666665,0.29166666666666663,0.3,1.0,0.11290322580645148,0.05833333331388888,0.5,0.5165599878020182,0.3711308512179401,0.02435307802287582,1613.7828786175785,0.30182248736444356,0.43764109469081536,0.3812108082206106,0.35038466300046656,0.3711308512179401,0.3940363119252532,SPARSE-EXTREME,Moderate
945,4725.0,4730.0,0.0,0.0,2.0,143.1108856201172,144.4924560546875,3.5860625,0.015,0.0,0.1,1.0,0.0,0.0,1.0,0.42796130421858286,0.006496874183006534,2525.393905187339,0.2870123947049679,0.435,0.44694098492220746,0.3,0.42796130421858286,0.34294521602061084,HEAVY-TAIL-RISK,Moderate
946,4730.0,4735.0,0.0,0.0,2.0,143.7699432373047,145.23624267578126,3.8168472222222225,0.015,0.0,0.1,0.1,0.0,0.0,1.0,0.3983636945114638,0.00645049741285403,3382.4532158897387,0.23822663602169566,0.435,0.4387829470694822,0.3,0.3983636945114638,0.3230964258573006,HEAVY-TAIL-RISK,Moderate
947,4735.0,4740.0,1.0,2.0,3.0,80.1903076171875,141.35521545410157,12.252097222222222,0.2891666666666667,0.2,0.15,1.0,0.456249999934375,0.23666666666666666,0.4256411764705883,0.3808915915674453,0.020187449210239652,1564.3572289520023,0.330759239191387,0.3534549534210366,0.40849882140007343,0.37021318625154104,0.3808915915674453,0.3361441523311127,BURST-DOMINATED,Moderate
948,4740.0,4745.0,1.0,1.0,2.0,76.59192657470703,143.38803100585938,8.474427083333333,0.39,0.1,0.1,1.0,0.9124999997375001,0.2583333333333333,0.6575719412161936,0.37469129541490437,0.014323834694989107,1728.7769826219233,0.331431487179545,0.5350333777210338,0.5427314846487419,0.6070632489396497,0.37469129541490437,0.42521806387886846,HEAVY-TAIL-RISK,High
949,4745.0,4750.0,0.0,1.0,40.000000000000256,78.45401000976562,142.4479217529297,11.061086805555554,0.175,0.1,1.0,0.154999999999999,0.0,0.15,0.557258297630087,0.2902263104342879,0.017911327069716775,1698.2575138735242,0.21744866070433083,0.30353235946908785,0.3008617355288903,0.2196774892890261,0.2902263104342879,0.26255810482321806,SPARSE-EXTREME,Moderate
950,4750.0,4755.0,0.0,2.0,49.04000000000002,98.41091918945312,138.8549774169922,15.662302083333334,0.30000000000000004,0.2,1.0,0.1407014681892332,0.08749999995624999,0.42999999999999994,0.5780010536857281,0.31840736874073117,0.027893534177559916,1111.0941094237353,0.215206877455569,0.44043670834640103,0.3757804196257931,0.35452531609040583,0.31840736874073117,0.35372490146448854,SPARSE-EXTREME,Moderate
951,4755.0,4760.0,0.0,8.0,38.12000000000019,139.61801147460938,142.38194580078124,16.488579861111113,0.38749999999999996,0.8,1.0,0.1337880377754453,0.032812499995898435,0.5,0.3509351067867885,0.4284810361041343,0.027848432461873636,1812.7579102154496,0.2936845779833209,0.361574740201607,0.3838061210678091,0.291764907034601,0.4284810361041343,0.35169443835737835,SPARSE-EXTREME,Moderate
952,4760.0,4765.0,2.0,6.0,10.0,76.17861938476562,140.93829956054688,21.825423611111106,0.2791666666666667,0.3,0.25,0.38,0.33333333331388887,0.34500000000000003,0.3930370895165771,0.3443227108008958,0.03412413194444445,1195.56655556855,0.28863836402931986,0.36405863393664856,0.3770618002473335,0.35532779351483423,0.3443227108008958,0.33541569782848923,SPARSE-EXTREME,Moderate
953,4765.0,4770.0,0.0,6.0,6.0,140.93988037109375,142.25914001464844,16.715645833333333,0.2783333333333333,0.6,0.3,0.8166666666666667,0.07291666665451389,0.486,0.0720879120879121,0.44067147102417686,0.02821990795206972,1766.8937261282888,0.3062487616853669,0.24088761675632767,0.3386358337003794,0.21724720695545346,0.44067147102417686,0.2937922416949588,SPARSE-EXTREME,Moderate
954,4770.0,4775.0,0.0,0.0,2.0,143.08607482910156,144.96690979003907,2.6900659722222224,0.015,0.0,0.1,0.1,0.0,0.0,1.0,0.3870765799274627,0.004758643518518518,2920.4348557378557,0.22384249555281222,0.435,0.4347515364413105,0.3,0.3870765799274627,0.31731514054899906,HEAVY-TAIL-RISK,Moderate
955,4775.0,4780.0,0.0,0.0,2.0,144.68409729003906,145.125,3.008895833333333,0.015,0.0,0.1,0.1,0.0,0.0,1.0,0.42621590854594327,0.005827206835511983,3000.71027428667,0.2732158437676923,0.435,0.4485442917133038,0.3,0.42621590854594327,0.3370444468470166,HEAVY-TAIL-RISK,Moderate
956,4780.0,4785.0,0.0,0.0,2.0,144.76951599121094,145.97041015625,1.867256944444444,0.015,0.0,0.1,0.1,0.0,0.0,1.0,0.3852864512653485,0.003536503267973856,3079.0333523723,0.22076836435800568,0.435,0.43461561473371857,0.3,0.3852864512653485,0.31617803451946724,HEAVY-TAIL-RISK,Moderate
957,4785.0,4790.0,0.0,0.0,2.0,144.82342529296875,145.7926513671875,1.4902986111111112,0.015,0.0,0.1,0.1,0.0,0.0,1.0,0.39473444108677863,0.0030870849673202616,3113.747452091965,0.2328611767293156,0.435,0.4378676304060988,0.3,0.39473444108677863,0.3210006487350977,HEAVY-TAIL-RISK,Moderate
958,4790.0,4795.0,0.0,1.0,3.0,112.64644622802734,114.93927307128907,7.0449062499999995,0.0475,0.1,0.15,1.0,0.0,0.15,0.6598206326095267,0.5047136463927353,0.012104720315904139,1544.2614537670268,0.3695584866193411,0.34814697518514415,0.42070048693858053,0.25044618978285804,0.5047136463927353,0.34231909703141894,HEAVY-TAIL-RISK,Moderate
959,4795.0,4800.0,0.0,2.0,41.480000000000246,143.828125,144.6563262939453,10.565753472222221,0.25,0.2,1.0,0.18322082931533162,0.043749999978124995,0.5,0.49876613660254354,0.4486550791207242,0.019437544526143786,1950.3628201813935,0.30968367582352035,0.4276038944186611,0.4244352998220867,0.3399423409731068,0.4486550791207242,0.391045343559691,SPARSE-EXTREME,Moderate
960,4800.0,4805.0,1.0,5.6000000000000085,51.52000000000001,90.94579315185547,141.2144744873047,18.02521875,0.33541925465838524,0.5600000000000008,1.0,0.11257763975155277,0.1785714285602676,0.6224285714285718,0.3979307499154806,0.3062740355325018,0.03271418218954248,1239.7761235602136,0.21264463898042915,0.45486451906861913,0.3748807655333546,0.39972922497073793,0.3062740355325018,0.3762588338882282,SPARSE-EXTREME,Moderate
961,4805.0,4810.0,0.0,3.0,52.04000000000002,97.10067749023438,145.58873596191407,12.56364236111111,0.29166666666666663,0.3,1.0,0.11337432744043038,0.05833333331388888,0.5,0.4256586079498661,0.30523200590003735,0.02219438398692811,1290.7247794293849,0.20966830427661023,0.39809899445512925,0.3410570989137318,0.3231142490448209,0.30523200590003735,0.33674492647558185,SPARSE-EXTREME,Moderate
962,4810.0,4815.0,0.0,0.0,2.0,135.761962890625,138.7271484375,3.3969652777777775,0.015,0.0,0.1,0.1,0.0,0.0,1.0,0.40538638050333825,0.005923466775599128,2792.4047813855545,0.25136261305959445,0.435,0.4405992616990496,0.3,0.40538638050333825,0.32854445299863005,HEAVY-TAIL-RISK,Moderate
963,4815.0,4820.0,0.0,0.0,2.0,135.01852416992188,136.50971374511718,4.440874999999999,0.015,0.0,0.1,0.1,0.0,0.0,1.0,0.38626519649290364,0.008001959558823529,2588.91651831509,0.22240450875020107,0.435,0.4348613632650985,0.3,0.38626519649290364,0.31683743239465906,HEAVY-TAIL-RISK,Moderate
964,4820.0,4825.0,0.0,0.0,2.0,135.85960388183594,136.98953247070312,4.51229513888889,0.015,0.0,0.1,0.1,0.0,0.0,0.147871398519455,0.38867980742694097,0.007409690904139433,2588.5742699271836,0.22498403159223293,0.06432405835596292,0.26502927803993526,0.044361419555836494,0.38867980742694097,0.13026302103127682,LOW-COMPLEXITY,Low
965,4825.0,4830.0,0.0,1.0,3.0,134.91998291015625,135.84739379882814,8.765798611111112,0.14750000000000002,0.1,0.15,0.1,0.08749999991249999,0.42999999999999994,0.31324016312653086,0.39845895642468654,0.011852016612200434,2545.9462374444342,0.23635735551300743,0.3252657209462596,0.3712941857257942,0.2750970489073342,0.39845895642468654,0.3030029281233397,LOW-COMPLEXITY,Moderate
966,4830.0,4835.0,0.0,1.0,2.0,76.01824188232422,136.25264587402344,5.768263888888889,0.04,0.1,0.1,1.0,0.0,0.15,0.6127131093657014,0.3836269250116129,0.009518037581699348,1590.736141812446,0.3361684574115201,0.3276552025740801,0.34501092294410085,0.23631393280971041,0.3836269250116129,0.32233828688814736,HEAVY-TAIL-RISK,Moderate
967,4835.0,4840.0,0.0,0.0,2.0,137.3524627685547,138.09378051757812,3.4802743055555556,0.015,0.0,0.1,1.0,0.0,0.0,0.5547954227371732,0.43024394613220834,0.006667063861655773,1941.3338241643105,0.2925893845415946,0.24133600889067036,0.3578568148625644,0.16643862682115196,0.43024394613220834,0.24720290435021872,LOW-COMPLEXITY,Moderate
968,4840.0,4845.0,0.0,0.0,2.0,135.8357391357422,136.40806884765624,1.2591875,0.015,0.0,0.1,0.1,0.0,0.0,1.0,0.4128295132872275,0.002308748229847495,2709.1794822494126,0.2546728852943584,0.435,0.4436634155821563,0.3,0.4128295132872275,0.329411259779127,HEAVY-TAIL-RISK,Moderate
969,4845.0,4850.0,0.0,1.0,2.0,93.70561981201172,94.68924255371094,8.974180555555554,0.14,0.1,0.1,1.0,0.08749999991249999,0.42999999999999994,0.6424148309824411,0.4917705791662067,0.015452994281045752,1020.8018300383827,0.3479102812103691,0.46845670146358065,0.4647333270579094,0.3738494492641073,0.4917705791662067,0.4175313849312673,HEAVY-TAIL-RISK,Moderate
970,4850.0,4855.0,0.0,1.0,46.760000000000005,135.1004638671875,137.2497131347656,8.06334375,0.275,0.1,1.0,0.11976047904191615,0.08749999991249999,0.42999999999999994,0.16121802691335665,0.42129829244236283,0.014839425789760352,2305.4894600394687,0.27821692285347177,0.25913609169352886,0.3468639825867609,0.22949040804338194,0.42129829244236283,0.286868986258515,SPARSE-EXTREME,Moderate
971,4855.0,4860.0,0.0,1.0,2.0,135.0364532470703,136.67972106933593,5.584746527777778,0.04,0.1,0.1,0.1,0.0,0.15,0.21898250963056612,0.3887051309382367,0.009262342864923747,2693.614329133906,0.2261165606720656,0.15638239168929624,0.2974324020565853,0.11819475288916984,0.3887051309382367,0.19033071476586338,LOW-COMPLEXITY,Low
972,4860.0,4865.0,0.0,0.0,2.0,137.3838348388672,137.8877716064453,2.213534722222222,0.015,0.0,0.1,0.1,0.0,0.0,1.0,0.39856849362782,0.003911920479302832,2810.683083785844,0.2353769885870377,0.435,0.4389950473768327,0.3,0.39856849362782,0.3216946374684553,HEAVY-TAIL-RISK,Moderate
973,4865.0,4870.0,0.0,1.0,35.440000000000225,135.6507110595703,136.9505615234375,8.305819444444442,0.275,0.1,1.0,0.13261851015801268,0.08749999991249999,0.42999999999999994,0.5465165497532155,0.42826337779639,0.013968933415032681,2134.456757331706,0.28861061191085957,0.4267409491288674,0.4260009728422256,0.3450799648953396,0.42826337779639,0.3758172844640935,SPARSE-EXTREME,Moderate
974,4870.0,4875.0,0.0,0.0,2.0,137.0475311279297,139.16576538085937,2.8610451388888887,0.015,0.0,0.1,0.1,0.0,0.0,1.0,0.42683959619491896,0.005034837282135076,2834.8304147127437,0.27834708913047995,0.435,0.4481405046741268,0.3,0.42683959619491896,0.3393128221524546,HEAVY-TAIL-RISK,Moderate
975,4875.0,4880.0,0.0,0.0,2.0,140.92953491210938,141.76821899414062,2.8767638888888887,0.015,0.0,0.1,0.1,0.0,0.0,1.0,0.39559329796618725,0.0051483839869281055,2870.4587340744774,0.23272502885739926,0.435,0.4380370798064468,0.3,0.39559329796618725,0.3207771678694092,HEAVY-TAIL-RISK,Moderate
976,4880.0,4885.0,0.0,0.0,2.0,137.92227172851562,139.95823669433594,2.641708333333333,0.015,0.0,0.1,0.1,0.0,0.0,1.0,0.4083001378686857,0.004907596677559913,2768.9333173463383,0.25330669271718276,0.435,0.4419904400307638,0.3,0.4083001378686857,0.3292749659021873,HEAVY-TAIL-RISK,Moderate
977,4885.0,4890.0,0.0,0.0,2.0,139.002685546875,140.01734924316406,2.1704965277777784,0.015,0.0,0.1,0.1,0.0,0.0,1.0,0.3893959027810585,0.00424994621459695,2814.1143890560948,0.2255912559916118,0.435,0.43603313988654535,0.3,0.3893959027810585,0.31805825126083215,HEAVY-TAIL-RISK,Moderate
978,4890.0,4895.0,1.0,1.0,2.760000000000005,104.3069839477539,141.80585632324218,13.729270833333334,0.22685942028985479,0.1,0.13800000000000026,1.0,0.99999999965,0.235,0.7024428935837079,0.4199880829446318,0.02046610539215686,2186.1098089843713,0.338447522855868,0.558825158653788,0.5957373282166021,0.6429828679526124,0.4199880829446318,0.43685123960514294,HEAVY-TAIL-RISK,High
979,4895.0,4900.0,1.0,1.0,55.800000000000026,129.22410583496094,155.31049194335938,16.867531249999995,0.1839605734767025,0.1,1.0,0.10394265232974906,0.99999999965,0.015,0.5110099949763626,0.3458105932166704,0.027074353622004357,2480.896090537093,0.21105660103349325,0.3859018477595927,0.512306705111119,0.5085529983704087,0.3458105932166704,0.278784498247925,SPARSE-EXTREME,High
980,4900.0,4905.0,1.0,1.0,42.000000000000256,110.73530578613281,123.79836730957031,19.913416666666663,0.18690476190476182,0.1,1.0,0.17142857142857038,0.99999999965,0.015,0.5203250933446364,0.38353286021729843,0.0309995318627451,2002.2505168330767,0.24548043440252726,0.3899539155497918,0.5311305819992465,0.5113475278808909,0.38353286021729843,0.29455146984837066,SPARSE-EXTREME,High
981,4905.0,4910.0,2.0,3.0,40.480000000000246,134.86865234375,140.94384765625,21.389677083333336,0.24553689064558615,0.15,1.0,0.14081027667984106,0.6374999999319444,0.1225,0.4805771229179586,0.39103039175442383,0.033371099537037034,2285.795576516622,0.23727624608263298,0.3593760484585932,0.4716618812677722,0.4101731368515681,0.39103039175442383,0.2886737519841246,SPARSE-EXTREME,Moderate
982,4910.0,4915.0,4.0,6.0,38.920000000000215,114.4198989868164,137.88656311035157,33.7201076388889,0.21186246145940402,0.15,0.4865000000000027,0.1336073997944494,0.652083333296875,0.15916666666666665,0.15554271102480724,0.3673553792449642,0.05425059123093681,1653.87642423062,0.24128660095753252,0.23522462095671562,0.3978398261754582,0.3306003132946817,0.3673553792449642,0.23117146814932332,SPARSE-EXTREME,Moderate
983,4915.0,4920.0,1.0,9.600000000000009,11.0,120.72964477539062,123.78201904296876,27.142309027777777,0.44087121212121233,0.9600000000000009,0.55,0.44545454545454544,0.16796874998955608,0.5129090909090912,0.45532545684209147,0.4501381953603389,0.04217063589324619,1745.9000792813388,0.3033663809317184,0.4335321063951195,0.4413757949538176,0.37490488136715394,0.4501381953603389,0.3901562611131972,SPARSE-EXTREME,Moderate
984,4920.0,4925.0,1.0,1.0,3.0,123.8634262084961,128.12877197265624,13.311600694444445,0.21416666666666664,0.1,0.15,0.1,0.99999999965,0.015,0.3543706215825302,0.40188919246183086,0.019503624455337692,1959.6377269387433,0.2473881722028869,0.3177637203332756,0.5080160197388386,0.461561186352259,0.40188919246183086,0.25793298813195875,LOW-COMPLEXITY,High
985,4925.0,4930.0,1.0,1.0,3.0,118.64127349853516,119.85953826904297,12.921374999999998,0.31416666666666665,0.1,0.15,0.1,0.9124999997375001,0.2583333333333333,0.38707062158253014,0.4178299047170391,0.019359673747276682,1801.1594502217563,0.26080985938492385,0.4173653036803902,0.5337886740723531,0.5259128530495507,0.4178299047170391,0.33541741600923847,LOW-COMPLEXITY,High
986,4930.0,4935.0,1.0,1.0,3.0,114.79396057128906,118.52532653808593,13.395506944444447,0.21416666666666664,0.1,0.15,1.0,0.99999999965,0.015,0.7229032800681542,0.48645395409881614,0.02053187881263616,1618.774277308436,0.35092115580548944,0.478075426774522,0.6081057457904173,0.5721209838979462,0.48645395409881614,0.37886959241490986,HEAVY-TAIL-RISK,High
987,4935.0,4940.0,1.0,1.0,3.0,109.27918243408203,114.04530639648438,12.842364583333332,0.21416666666666664,0.1,0.15,1.0,0.99999999965,0.235,0.7224227232983622,0.3986910806921148,0.020142034994553377,1351.7285223129716,0.2515751346421513,0.5675163845796626,0.6070570049660657,0.6489768168670086,0.3986910806921148,0.4056981573809243,HEAVY-TAIL-RISK,High
988,4940.0,4945.0,1.0,1.0,2.0,102.55683135986328,105.48937530517578,12.347927083333333,0.39,0.1,0.1,0.1,0.9124999997375001,0.2583333333333333,0.2572380651861217,0.4056169026718245,0.018284513208060998,977.6792529071307,0.2551160340616552,0.3608881416479525,0.5030730534303671,0.48696308613062816,0.4056169026718245,0.30539840317475153,LOW-COMPLEXITY,High
989,4945.0,4950.0,1.0,1.0,66.52000000000001,89.14398956298828,104.4892349243164,17.31229513888889,0.18251653638003607,0.1,1.0,0.10974143114852675,0.99999999965,0.235,0.5038869245507072,0.37941216503092967,0.030228168436819174,750.2544296990184,0.2512122497582188,0.47245331212443265,0.5488926833470991,0.5834160772427122,0.37941216503092967,0.3571985614754677,SPARSE-EXTREME,High
990,4950.0,4955.0,1.0,1.0,50.800000000000026,125.88681030273438,131.02533264160155,16.84049305555556,0.18484251968503937,0.1,1.0,0.10826771653543302,0.99999999965,0.235,0.6527646182372201,0.4139736523369851,0.02828980051742919,1614.0065949941666,0.278092263522439,0.5372151088780657,0.5971853703184165,0.6280793853486659,0.4139736523369851,0.401232291024002,HEAVY-TAIL-RISK,High
991,4955.0,4960.0,0.0,1.0,48.60000000000031,73.7723159790039,88.93850402832031,18.06364236111111,0.275,0.1,1.0,0.14403292181069868,0.08749999991249999,0.42999999999999994,0.5481199565605148,0.3462890122530147,0.02826254820261438,590.3332548463437,0.2176790562381494,0.42743843109004265,0.3891538915234949,0.3455609869375294,0.3462890122530147,0.34818913057312145,SPARSE-EXTREME,Moderate
992,4960.0,4965.0,1.0,4.0,48.280000000000015,73.33505249023438,127.29352569580078,23.152166666666663,0.2853562551781276,0.4,1.0,0.1346313173156586,0.27187499997265624,0.419,0.8181427503761096,0.3221055224468338,0.03771140454793028,969.7898680064627,0.25010150104557755,0.5694549089093011,0.4539879482507905,0.48724907510326254,0.3221055224468338,0.4308915643552734,HEAVY-TAIL-RISK,Moderate
993,4965.0,4970.0,1.0,2.0,61.760000000000005,93.44792938232422,122.05207061767578,22.978920138888892,0.25809585492227977,0.2,1.0,0.11334196891191708,0.543749999890625,0.236,0.8635745342920582,0.3549401329763608,0.04192990046296297,1031.0037006064688,0.24263614647320217,0.5574655473998187,0.5190282304296717,0.5319848602493362,0.3549401329763608,0.4027791007867047,HEAVY-TAIL-RISK,High
994,4970.0,4975.0,1.0,2.0,45.80000000000028,97.70943450927734,124.90523376464844,18.17726736111111,0.2609170305676855,0.2,1.0,0.1484716157205231,0.543749999890625,0.236,0.5285732532747109,0.5034104375516325,0.030340512118736385,1191.5573822814897,0.4291192051751465,0.4117399901572727,0.49824414440715115,0.431484475944132,0.5034104375516325,0.4013784317333747,SPARSE-EXTREME,Moderate
995,4975.0,4980.0,1.0,2.0,3.0,89.73043823242188,96.36290893554688,16.799927083333337,0.23916666666666667,0.2,0.15,1.0,0.4999999999125,0.24999999999999997,0.3929411764705883,0.4023740846956542,0.02616795547385621,1104.8151786041697,0.25875035099226107,0.3515544117509246,0.4437386669495349,0.38038235291055145,0.4023740846956542,0.3055313642251424,BURST-DOMINATED,Moderate
996,4980.0,4985.0,0.0,1.0,70.28000000000002,79.02379608154297,94.42526245117188,14.397402777777778,0.275,0.1,1.0,0.11098463289698346,0.08749999991249999,0.42999999999999994,0.18984113129138686,0.38980451602250243,0.026774297657952074,708.0728457435387,0.26945004661703653,0.271587142097972,0.3336888644984769,0.238077339356791,0.38980451602250243,0.2900411665710676,SPARSE-EXTREME,Moderate
997,4985.0,4990.0,1.0,3.0,55.04000000000015,123.93091583251953,127.17638244628907,19.211249999999996,0.2674176356589147,0.3,1.0,0.13081395348837174,0.36249999995138893,0.303,0.8414243961124883,0.466936545991767,0.033698801606753814,1387.352100602141,0.33200182637417347,0.5465858623012761,0.5371065701462545,0.4853523188167326,0.466936545991767,0.43921773565720734,HEAVY-TAIL-RISK,High
998,4990.0,4995.0,1.0,2.6000000000000085,55.320000000000164,97.0172119140625,129.212158203125,19.296520833333336,0.3009613994104232,0.26000000000000084,1.0,0.11749819233550218,0.3846153845636082,0.2876153846153859,0.16029583437414577,0.3277880647140966,0.03219217415577342,1060.5712347068306,0.2166066552980556,0.24750888025229145,0.3401624398164441,0.28336951952489164,0.3277880647140966,0.24136138671622745,SPARSE-EXTREME,Moderate
999,4995.0,5000.0,1.0,2.0,48.8400000000003,123.51785278320312,127.07359466552734,21.793524305555554,0.21023751023751017,0.2,1.0,0.1351351351351343,0.4999999999125,0.24999999999999997,0.3855071171179283,0.49943165039293,0.035906806508714605,1611.006117224595,0.3672756124362814,0.3483205959325175,0.47592331763349593,0.37815213510475343,0.49943165039293,0.34567912235932097,SPARSE-EXTREME,Moderate
1000,5000.0,5005.0,1.0,2.0,3.760000000000005,112.82029724121094,125.77156677246094,20.033083333333334,0.21117872340425517,0.2,0.18800000000000025,1.0,0.4999999999125,0.24999999999999997,0.6117276189049254,0.36862200168167164,0.034090571078431366,1514.491676051924,0.22484779614896733,0.4467265142098613,0.4747284933799074,0.44601828564085255,0.36862200168167164,0.34068251317277215,HEAVY-TAIL-RISK,Moderate
1001,5005.0,5010.0,1.0,2.0,3.0,80.06038665771484,94.09948883056641,17.65517013888889,0.2891666666666667,0.2,0.15,1.0,0.543749999890625,0.162,0.6306478557735029,0.3643853889634723,0.027602216639433554,640.508212136477,0.23351268125979988,0.4259874422442472,0.4711654390933707,0.4362068566937696,0.3643853889634723,0.32566507543773704,HEAVY-TAIL-RISK,Moderate
1002,5010.0,5015.0,1.0,2.0,3.0,105.75897979736328,110.20366363525392,18.850486111111113,0.23916666666666667,0.2,0.15,0.1,0.4999999999125,0.24999999999999997,0.19944039953366335,0.4149980910114858,0.029614430964052287,1412.5228751564528,0.2656630485799581,0.2673815737833623,0.4108848626110231,0.32233211982947396,0.4149980910114858,0.26530776338101514,BURST-DOMINATED,Moderate
1003,5015.0,5020.0,1.0,2.0,3.0,116.55318450927734,120.23626556396485,17.484,0.23916666666666667,0.2,0.15,0.1,0.4999999999125,0.24999999999999997,0.19944039953366335,0.3899790643456093,0.02714425340413943,1784.3709645490296,0.23293331385824398,0.2673815737833623,0.4042013230475675,0.32233211982947396,0.3899790643456093,0.25285841383941776,BURST-DOMINATED,Moderate
1004,5020.0,5025.0,1.0,3.0,4.0,116.34733581542969,117.94832000732421,22.374409722222218,0.2966666666666667,0.3,0.2,0.125,0.3916666666083333,0.28833333333333333,0.20397283503066294,0.406885643272907,0.03545041394335512,1783.9124947503474,0.24922148450975018,0.26791151656248424,0.39546614236305166,0.2991918504887822,0.406885643272907,0.2639817398516492,SPARSE-EXTREME,Moderate
1005,5025.0,5030.0,0.0,3.0,4.0,85.93310546875,113.7429702758789,14.133451388888888,0.17166666666666666,0.3,0.2,0.1,0.05833333331388888,0.5,0.0910582089552239,0.35872167641146036,0.027178970179738565,1055.9764101620876,0.25165216232085236,0.25254782089245986,0.2999449454389982,0.22273412934642828,0.35872167641146036,0.279785124304494,SPARSE-EXTREME,Low
1006,5030.0,5033.56,0.0,0.0,0.0,76.35382843017578,76.35748748779297,0.23721812578027465,0.0,0.0,0.0,0.0,0.0,0.0,0.0,0.5063554869485394,0.001036900871459695,641.4782441869539,0.3682762884326516,0.0,0.27210807434730594,0.0,0.5063554869485394,0.15278709850074804,LOW-COMPLEXITY,Low
