segment,start,end,medad_p50,medad_p90,medad_p99,si_p50,si_p90,changed_pct,rtci,burst_score,tail_score,extreme_score,adim_sustained,adim_dynamic,adim_risk,spatial_adim,scene_activity,texture,spatial_score,temporal_score,v9_fusion,adci_temporal,adci_spatial,bdi,regime,class
0,0.0,5.0,0.0,1.0,31.389999999999972,57.762935638427734,104.83337097167968,8.474395861335127,0.175,0.1,1.0,0.1784007645747055,0.0,0.15,0.35434554247534794,0.3530430728429442,0.010855178849093403,808.5607026073635,0.2945120180203543,0.21526531097677637,0.27620561391685705,0.15880366274260438,0.3530430728429442,0.24631903704164326,SPARSE-EXTREME,Low
1,5.0,10.0,1.0,3.0,5.760000000000005,109.91314697265625,123.70812225341797,17.060333333333332,0.23833888888888885,0.3,0.28800000000000026,1.0,0.36249999995138893,0.303,0.6614953243906101,0.3868390207503575,0.02573143069172113,1691.606313752114,0.25220710133778235,0.4683167161022591,0.46940248515511684,0.4313735973001691,0.3868390207503575,0.3686589639441842,HEAVY-TAIL-RISK,Moderate
2,10.0,15.0,1.0,3.0,38.20000000000023,94.85836029052734,122.50777740478516,17.604399305555557,0.30475567190226865,0.3,1.0,0.18062827225130781,0.3333333332944444,0.34500000000000003,0.1800342166149639,0.45311191073082946,0.02631379901960784,1705.1337465551069,0.3682541653552647,0.27140238422138435,0.38331721250887685,0.29142693163754474,0.45311191073082946,0.3182652618652765,SPARSE-EXTREME,Moderate
3,15.0,20.0,0.0,1.0,45.8400000000003,57.452735900878906,145.3597412109375,9.329239583333335,0.175,0.1,1.0,0.14834205933682276,0.0,0.15,0.16556292423137306,0.34926302607508364,0.019427892020697165,1018.3763294652899,0.34251607368301284,0.13314487204064726,0.23035554940224495,0.10216887726941191,0.34926302607508364,0.22690116124822718,SPARSE-EXTREME,Low
4,20.0,25.0,1.0,3.0,5.0,76.07130432128906,141.97828979492186,24.01169791666667,0.24583333333333332,0.3,0.25,0.8400000000000001,0.36249999995138893,0.307,0.6112413006096987,0.3846074905430904,0.0393560883714597,1447.9524464882606,0.3423661782216488,0.4480862157575627,0.43537692626149904,0.4176973901658957,0.3846074905430904,0.3958493357580313,HEAVY-TAIL-RISK,Moderate
5,25.0,30.0,2.0,4.0,5.0,73.41083526611328,84.13279113769532,26.298552083333337,0.29375,0.2,0.125,1.0,0.5218749999507812,0.21333333333333332,0.5789816845446548,0.3682345239847737,0.03480706059368192,1113.276521483533,0.23081170892169814,0.42098567860250624,0.46564992572753183,0.43101742201283655,0.3682345239847737,0.3265052834843234,BURST-DOMINATED,Moderate
6,30.0,35.0,5.0,11.600000000000009,15.0,70.20083618164062,84.48744659423828,31.833624999999998,0.33337356321839073,0.23200000000000015,0.15,0.2533333333333333,0.43103448274561507,0.24428965517241405,0.3483292361118218,0.37072735584351163,0.03971743545751634,1483.719034180217,0.24789933716281087,0.3189591832238356,0.40375902646320183,0.3408622191048567,0.37072735584351163,0.2859052880925249,BURST-DOMINATED,Moderate
7,35.0,40.0,1.0,3.0,5.760000000000005,70.533935546875,72.03118896484375,18.869333333333337,0.23833888888888885,0.3,0.28800000000000026,0.13888888888888878,0.36249999995138893,0.307,0.2829104724210283,0.4902703618850638,0.02548337132352941,377.2043761540349,0.35230501708184636,0.3052623054954911,0.42461639827663605,0.3191981417092946,0.4902703618850638,0.32138722832963407,SPARSE-EXTREME,Moderate
8,40.0,45.0,2.0,3.0,6.0,64.66404724121094,68.99130554199219,21.015451388888888,0.26,0.15,0.15,0.1,0.6374999999319444,0.1225,0.1752555555555553,0.37969884206364657,0.028252846949891067,313.2500373018721,0.22877933232610018,0.22656116665594783,0.3939839113497916,0.3185766666428471,0.37969884206364657,0.21427265795289877,LOW-COMPLEXITY,Moderate
9,45.0,50.0,0.0,1.0,6.0,86.43740844726562,92.55762329101563,15.319982638888886,0.17,0.1,0.3,0.6333333333333333,0.08749999991249999,0.42999999999999994,0.5648360722954048,0.38377624538515775,0.019279383714596948,799.8391454638024,0.2343788679555996,0.43470994143471986,0.412379605762208,0.3505758216579964,0.38377624538515775,0.35780364549259386,SPARSE-EXTREME,Moderate
10,50.0,55.0,1.0,1.0,2.0,111.27152252197266,112.02588195800782,12.427114583333335,0.29000000000000004,0.1,0.1,1.0,0.99999999965,0.235,0.3866666666666667,0.5106158619569368,0.016405557461873638,2290.4407814318524,0.3759712738828308,0.421462499944875,0.5773092024304644,0.5482499998775,0.5106158619569368,0.37913989230284373,LOW-COMPLEXITY,High
11,55.0,60.0,2.0,3.0,5.0,112.7236099243164,116.80853881835938,23.90260763888889,0.3229166666666667,0.15,0.125,0.9199999999999999,0.6666666665888888,0.11249999999999999,0.3855478260869564,0.4280227728679375,0.03449657257625272,2349.6769910532216,0.2852773262834102,0.318557054335576,0.4704595779833134,0.388372681132198,0.4280227728679375,0.2862509961319239,LOW-COMPLEXITY,Moderate
12,60.0,65.0,3.0,5.0,5.0,125.06837463378906,125.88741302490234,37.18976041666667,0.3741666666666667,0.16666666666666669,0.08333333333333334,0.1,0.6174999999545,0.22843589743589748,0.1217203327171904,0.44815479664726987,0.06075697058823529,2486.4113397436145,0.3003545973501467,0.2432922229299398,0.43118426901225815,0.33259366390179623,0.44815479664726987,0.26442011793409914,LOW-COMPLEXITY,Moderate
13,65.0,70.0,1.0,6.0,47.24000000000025,72.48616027832031,124.56071014404297,19.07689236111111,0.3772509173017216,0.6,1.0,0.2963590177815395,0.19583333331875,0.57,0.2252165931933942,0.39142094697892227,0.03196401811002179,1198.8344493435673,0.3402565408666962,0.3610879680368296,0.3627765034481284,0.33560664461958073,0.39142094697892227,0.3755272988744716,SPARSE-EXTREME,Moderate
14,70.0,75.0,3.0,8.0,9.0,55.579620361328125,120.30399932861329,30.107534722222223,0.33083333333333337,0.26666666666666666,0.15,0.888888888888889,0.3968749999808594,0.29428571428571426,0.379622641509434,0.35361657014653564,0.04222906440631808,589.856434833185,0.3232593744090534,0.3475650901250177,0.37898999391504695,0.35579304244613097,0.35361657014653564,0.3363868673360029,BURST-DOMINATED,Moderate
15,75.0,80.0,1.0,3.0,5.0,54.32699203491211,59.28743362426758,19.78427777777778,0.24583333333333332,0.3,0.25,0.1,0.36249999995138893,0.307,0.2356763520654268,0.3675500972682498,0.02495378758169934,182.75912451208842,0.21926730848672973,0.2847154631408044,0.3604564436450812,0.30502790560261417,0.3675500972682498,0.25600733801189485,SPARSE-EXTREME,Moderate
16,80.0,85.0,2.0,4.0,5.760000000000005,50.167747497558594,54.168113708496094,23.149041666666673,0.295211111111111,0.2,0.14400000000000013,0.9374999999999991,0.49999999995625,0.225,0.475576304092575,0.3880532765594729,0.030319050245098043,154.70962175050528,0.242654356001509,0.37731319227337945,0.4318724210519008,0.39642289121246,0.3880532765594729,0.30305565184293776,BURST-DOMINATED,Moderate
17,85.0,90.0,1.0,1.0,1.0,53.761966705322266,58.51941146850586,10.930906249999998,0.5325,0.1,0.05,1.0,0.99999999965,0.015,0.08000000000000002,0.41918371252266745,0.01424784844771242,389.50947827297364,0.2868710270671989,0.19841249994487498,0.44951782054042094,0.37924999987749997,0.41918371252266745,0.21172082259207992,LOW-COMPLEXITY,Moderate
18,90.0,95.0,1.0,1.0,1.0,59.571815490722656,67.46884002685547,8.25915625,0.5325,0.1,0.05,1.0,0.99999999965,0.235,0.08000000000000002,0.5025453977174484,0.012032460648148148,528.2752938671997,0.40374563361856836,0.288062499944875,0.5060916438302809,0.4562499998775,0.5025453977174484,0.32411854272052043,LOW-COMPLEXITY,High
19,95.0,100.0,0.0,0.0,0.0,65.14698791503906,67.65748291015625,3.724888888888889,0.0,0.0,0.0,0.0,0.0,0.0,0.0,0.4007102819238164,0.00502717156862745,407.8784056606943,0.2471072347925474,0.0,0.23086991842810745,0.0,0.4007102819238164,0.1041805183651572,LOW-COMPLEXITY,Low
20,100.0,105.0,3.0,3.0,46.520000000000266,71.46085357666016,73.2794189453125,24.408559027777777,0.1735441960447124,0.1,0.7753333333333378,0.14617368873602668,0.9999999998833333,0.015,0.38157593424396186,0.4709057662422342,0.03147136873638343,679.5990881532429,0.3273306668446672,0.32959803137774835,0.5350939661099721,0.46972278023235514,0.4709057662422342,0.2942081701368595,SPARSE-EXTREME,High
21,105.0,110.0,4.0,6.0,7.760000000000005,121.02657318115234,122.967578125,29.204767361111106,0.3597819587628864,0.15,0.09700000000000006,0.6314432989690718,0.652083333296875,0.11716666666666667,0.486665980283746,0.4143754334152153,0.040061786900871456,1681.3079630019404,0.2643117048631529,0.362148243084354,0.48524206508209367,0.41523729407236337,0.4143754334152153,0.30068828056573393,LOW-COMPLEXITY,Moderate
22,110.0,115.0,3.0,5.0,7.52000000000001,105.4765396118164,110.35061187744141,27.197447916666665,0.27993475177304944,0.16666666666666669,0.1253333333333335,0.9308510638297859,0.6174999999545,0.17961538461538462,0.5837396333675411,0.3966337535588735,0.03979061465141612,958.2140827079022,0.24533794013225593,0.42437625973848336,0.49770845581046563,0.4541122746097219,0.3966337535588735,0.33017328236904986,LOW-COMPLEXITY,Moderate
23,115.0,120.0,1.0,2.0,5.52000000000001,117.98094940185547,122.82492218017578,21.050621527777775,0.18197971014492745,0.2,0.2760000000000005,1.0,0.4999999999125,0.21283333333333337,0.4104579025110784,0.3941052410077271,0.03634790659041394,1110.5136367905666,0.24366857616686258,0.34402877091187123,0.44290469390396703,0.37262903738936515,0.3941052410077271,0.2931016394078831,SPARSE-EXTREME,Moderate
24,120.0,125.0,1.0,1.6000000000000085,2.0,105.03071594238281,107.64420318603516,11.600621527777776,0.3050000000000002,0.16000000000000086,0.1,1.0,0.6249999998632779,0.18549999999999991,0.3807407407407407,0.4209328470626555,0.01661493736383442,989.519750169477,0.2830646197339086,0.33965097220068846,0.46539257473019335,0.39789722217436946,0.4209328470626555,0.3026726103679691,LOW-COMPLEXITY,Moderate
25,125.0,130.0,1.0,3.0,78.00000000000026,107.59654235839844,134.40626525878906,15.35295138888889,0.298076923076923,0.3,1.0,0.1628205128205123,0.3333333332944444,0.34500000000000003,0.17590186307495223,0.3473564519139658,0.02398478417755991,1282.4754436911114,0.22684049989306443,0.2696048104314792,0.35077375359860596,0.2901872255755412,0.3473564519139658,0.26198723018879566,SPARSE-EXTREME,Moderate
26,130.0,135.0,1.0,3.0,5.0,108.82882690429688,112.620703125,15.524243055555553,0.24583333333333332,0.3,0.25,1.0,0.36249999995138893,0.307,0.6105235618618712,0.41954178185488755,0.022570835375816986,886.2711724474266,0.2831978342082185,0.4477739994022577,0.47360574115193743,0.41748206854154746,0.41954178185488755,0.37080401532284607,HEAVY-TAIL-RISK,Moderate
27,135.0,140.0,0.0,1.0,1.0,67.00138854980469,95.1166275024414,8.429253472222221,0.0325,0.1,0.05,1.0,0.0,0.15,0.04571428571428573,0.4833346080736489,0.014055464188453158,599.9350720586051,0.42548735619271577,0.08101071428571428,0.2702312137777212,0.06621428571428571,0.4833346080736489,0.23084809375729093,LOW-COMPLEXITY,Low
28,140.0,145.0,1.0,1.0,1.0,94.03899383544922,126.53814239501953,12.112329861111114,0.5325,0.1,0.05,1.0,0.99999999965,0.235,0.08000000000000002,0.4247137070706591,0.016123960784313728,1625.3746965381224,0.3422230773593305,0.288062499944875,0.4729632500618398,0.4562499998775,0.4247137070706591,0.30122024943364445,LOW-COMPLEXITY,Moderate
29,145.0,150.0,1.0,1.0,35.400000000000205,95.62332153320312,97.33920288085938,16.815215277777774,0.18912429378531065,0.1,1.0,0.20903954802259767,0.99999999965,0.015,0.43063346877982517,0.5203430149626163,0.02624301075708061,1174.219307181667,0.3897916935979588,0.3509380588640989,0.5616131024775816,0.4844400405114475,0.5203430149626163,0.3297196992424526,SPARSE-EXTREME,High
30,150.0,155.0,3.0,7.0,9.760000000000005,60.12867736816406,63.16706924438476,30.430333333333333,0.27927900078064005,0.23333333333333334,0.16266666666666676,0.11270491803278682,0.4410714285482143,0.25423076923076926,0.14189364982156294,0.4029670620465214,0.039822029956427016,238.42648031654838,0.2557305613529268,0.2347915261302621,0.36985202329090944,0.28592386416911314,0.4029670620465214,0.24141346309757813,BURST-DOMINATED,Moderate
31,155.0,160.0,2.0,5.0,7.0,57.13132095336914,79.71416473388672,24.05975,0.29160714285714284,0.25,0.175,0.6571428571428571,0.4174999999685,0.2969444444444444,0.5034132940589614,0.4511938675870142,0.03086508442265795,477.0313007503735,0.384079539919579,0.40574589402179806,0.45350276331435113,0.40107954376221894,0.4511938675870142,0.38771537544301404,BURST-DOMINATED,Moderate
32,160.0,165.0,3.0,4.6000000000000085,33.880000000000194,87.94819641113281,88.6959228515625,19.13796180555556,0.21078550211317032,0.1533333333333336,0.56466666666667,0.17119244391971566,0.6521739129938551,0.1396666666666666,0.16932820884010233,0.4370276590128055,0.024184421568627452,2159.3289649155813,0.2901125614950279,0.23328932880864334,0.43104610213563876,0.3279426655332133,0.4370276590128055,0.24698139973446814,SPARSE-EXTREME,Moderate
33,165.0,170.0,2.0,3.0,4.760000000000005,144.54476928710938,145.99395751953125,18.233204861111112,0.2987673669467785,0.15,0.11900000000000013,1.0,0.6374999999319444,0.1225,0.6205005879931708,0.422299604463157,0.02759490291394335,3053.9563923836504,0.27134426084645513,0.42024275576631054,0.512238516716244,0.45215017637413174,0.422299604463157,0.33308079835709925,HEAVY-TAIL-RISK,High
34,170.0,175.0,2.0,3.0,3.760000000000005,124.19853973388672,139.04708862304688,29.049201388888886,0.3508907801418436,0.15,0.09400000000000013,1.0,0.6958333332458333,0.10472222222222222,0.3763099585062241,0.3628431431252915,0.0515619940087146,1312.3162200940362,0.2185745364929795,0.31596288749198176,0.44713338758692023,0.39308743196568663,0.3628431431252915,0.2577002174520781,LOW-COMPLEXITY,Moderate
35,175.0,180.0,3.0,7.0,49.040000000000276,124.27789306640625,128.9036376953125,28.646072916666668,0.2829491804552169,0.23333333333333334,0.817333333333338,0.13050570962479535,0.4660714285446429,0.237,0.15449138125758483,0.4484325998973984,0.045096865332244,2390.943379085116,0.30350387270602674,0.23718750084283063,0.40463281094398085,0.29242241436790045,0.4484325998973984,0.26368897739769476,SPARSE-EXTREME,Moderate
36,180.0,185.0,6.0,8.0,9.0,63.53589630126953,127.73037109375,36.14323263888889,0.45291666666666663,0.13333333333333333,0.075,0.7444444444444445,0.728124999969922,0.18137662337662336,0.367887323943662,0.3660707400108773,0.05597368110021787,1039.2911885631222,0.3299679505106248,0.3486216474367297,0.43549991741879357,0.42869176535438946,0.3660707400108773,0.3264185157848759,LOW-COMPLEXITY,Moderate
37,185.0,190.0,2.0,4.0,5.0,61.367881774902344,62.9739990234375,22.63273263888889,0.31875,0.2,0.125,1.0,0.49999999995625,0.225,0.3836230769230769,0.4094661949626177,0.03155519035947712,235.9546964013612,0.2541509781789521,0.3373135384546478,0.428377684901279,0.36883692306161053,0.4094661949626177,0.2884345916027308,BURST-DOMINATED,Moderate
38,190.0,195.0,0.0,3.6000000000000085,5.0,75.03093719482422,95.69041137695314,22.97617013888889,0.15527777777777793,0.3600000000000009,0.25,0.1,0.024305555548803953,0.5,0.2519005962691603,0.37605182124921105,0.03719568436819172,483.95309350827443,0.267033190268793,0.31715488437602135,0.3327090755713033,0.25907712332282945,0.37605182124921105,0.31873690571242397,SPARSE-EXTREME,Moderate
39,195.0,200.0,3.0,5.0,50.60000000000031,113.23394012451172,116.02986602783203,33.216090277777774,0.19781093544137082,0.16666666666666669,0.8433333333333385,0.13833992094861575,0.599999999958,0.22166666666666665,0.1613637574947419,0.4787873675889842,0.048333385212418305,1694.2742242661418,0.33856309432866905,0.2550224011702644,0.44109755249850635,0.3359924605670559,0.4787873675889842,0.2835900789324436,SPARSE-EXTREME,Moderate
40,200.0,205.0,0.0,1.0,60.2800000000004,97.3363037109375,137.4917724609375,9.525520833333335,0.275,0.1,1.0,0.14100862641008532,0.08749999991249999,0.42999999999999994,0.16821365934584406,0.3300540600156072,0.015559295070806101,1484.4732054312533,0.22701198026411998,0.2621791918016609,0.2990391003837458,0.23158909777312817,0.3300540600156072,0.26838820916434575,SPARSE-EXTREME,Low
41,205.0,210.0,1.0,1.0,1.7600000000000051,72.04550170898438,105.217431640625,12.903201388888885,0.32229090909090835,0.1,0.08800000000000026,1.0,0.99999999965,0.235,0.3820289855072465,0.40041462926581084,0.0179250114379085,1038.3801379075287,0.32597152640025145,0.41944510864052725,0.5211022600284928,0.5468586955296739,0.40041462926581084,0.3613222447197324,LOW-COMPLEXITY,High
42,210.0,215.0,2.0,3.0,50.36000000000031,73.92980194091797,140.1875427246094,18.599538194444445,0.27402369605507004,0.15,1.0,0.13701350277998328,0.6666666665888888,0.11249999999999999,0.34837748958790127,0.36979345446459705,0.026534950708061004,1208.7202941095397,0.3271134096158679,0.30238795795848705,0.41287865917560673,0.3772215801824815,0.36979345446459705,0.29599749534143216,SPARSE-EXTREME,Moderate
43,215.0,220.0,1.0,2.0,43.040000000000276,131.3162078857422,133.79989929199218,17.357868055555556,0.2616171003717471,0.2,1.0,0.21840148698884615,0.543749999890625,0.162,0.19173326416314668,0.48983568616415063,0.02563025585511983,2363.2457545451043,0.35116876193529495,0.23505959489374226,0.431889196744058,0.30453247921066273,0.48983568616415063,0.2735466679115021,SPARSE-EXTREME,Moderate
44,220.0,225.0,1.0,2.0,2.0,108.41625213623047,109.31960754394531,11.830309027777778,0.365,0.2,0.1,1.0,0.456249999934375,0.23666666666666666,0.10116153846153847,0.4237501214010719,0.018099148420479303,1509.2567737704258,0.27190292128462584,0.21230631088709997,0.3866034173145766,0.2728692948488261,0.4237501214010719,0.23966602378804422,BURST-DOMINATED,Moderate
45,225.0,230.0,2.0,4.0,9.280000000000015,48.34611511230469,49.76630783081055,20.013493055555557,0.21755862068965506,0.2,0.23200000000000037,0.8189655172413779,0.47812499996171876,0.24,0.6591051102282295,0.46011820657562086,0.026943764569716772,229.00064553908317,0.3128240443741453,0.45981541044325047,0.4948344428095441,0.4490752830550704,0.46011820657562086,0.3734402920607423,HEAVY-TAIL-RISK,Moderate
46,230.0,235.0,2.0,5.0,6.760000000000005,49.114776611328125,57.36256637573243,24.59921180555555,0.2757789940828401,0.25,0.16900000000000012,0.1183431952662721,0.434999999965,0.2845,0.14368730697529208,0.42307446225929896,0.0303622181372549,169.28565843549097,0.3086045141236086,0.24695022852873955,0.3672010894938473,0.29493119208033763,0.42307446225929896,0.2697321188661199,BURST-DOMINATED,Moderate
47,235.0,240.0,3.0,7.0,10.0,58.848419189453125,60.05784530639649,29.445420138888892,0.27619047619047615,0.23333333333333334,0.16666666666666669,0.1,0.4410714285482143,0.3126923076923077,0.1381662576687115,0.4188545250875126,0.03699688262527233,238.4049970490947,0.26604015551827526,0.2569931874668486,0.38254328709061586,0.3052671849847961,0.4188545250875126,0.26109461254235866,BURST-DOMINATED,Moderate
48,240.0,245.0,3.0,28.0,33.760000000000005,58.33883285522461,60.738172149658205,36.51035069444445,0.37645032723990074,0.9333333333333333,0.5626666666666668,0.10367298578199051,0.11339285714129464,0.8284615384615385,0.3350755100101885,0.43172020051869026,0.05271360566448802,244.0018820347287,0.2826614028685581,0.5012152987772628,0.4228235296397326,0.4301716914640481,0.43172020051869026,0.4387655977954258,SPARSE-EXTREME,Moderate
49,245.0,250.0,3.0,4.0,24.760000000000005,73.8079833984375,114.5091766357422,29.911711805555555,0.18081491653204093,0.13333333333333333,0.4126666666666668,0.23424878836833596,0.7281249999398438,0.09090909090909091,0.6991372814656687,0.3692245753311665,0.04118774850217864,1258.8861897991828,0.29458850356527855,0.45584985947354584,0.501362984636849,0.49640311623682776,0.3692245753311665,0.35806301751986785,HEAVY-TAIL-RISK,High
50,250.0,255.0,2.0,7.6000000000000085,55.80000000000028,111.09945678710938,118.19068756103516,26.674114583333335,0.2760790416902471,0.38000000000000045,1.0,0.15591397849462288,0.2746710526179446,0.4788787878787884,0.6061432542472437,0.4007329365961914,0.04222987309368192,1188.8619351479435,0.26368396568267743,0.5020761124454836,0.469905496798826,0.4455854204480296,0.4007329365961914,0.40676685767866366,HEAVY-TAIL-RISK,Moderate
51,255.0,260.0,1.0,2.6000000000000085,37.68000000000022,96.47752380371094,119.26973571777344,14.955392361111112,0.26673117752735587,0.26000000000000084,1.0,0.1433121019108272,0.4182692307045105,0.2786000000000006,0.22871204228095549,0.3584915586883219,0.020881076525054467,1966.0790418388206,0.23321533873806038,0.2788966422281763,0.3752995898231598,0.3125178434308655,0.3584915586883219,0.26229644247719913,SPARSE-EXTREME,Moderate
52,260.0,265.0,0.0,4.0,52.60000000000031,68.96598052978516,114.09789123535157,16.328315972222224,0.3,0.4,1.0,0.18631178707224225,0.043749999989062496,0.5,0.3791040422802549,0.38290106619849007,0.025397549700435725,814.7798658401683,0.3259872174787931,0.3755508833901883,0.34830685611501333,0.3040437126802483,0.38290106619849007,0.37104134817206696,SPARSE-EXTREME,Moderate
53,265.0,270.0,0.0,7.0,9.0,46.4381217956543,119.42976684570313,17.460121527777776,0.29964285714285716,0.7,0.45,0.8777777777777779,0.04999999999285714,0.5,0.373188750969744,0.3416301744518988,0.023123550108932467,1283.227228835119,0.3265951373600115,0.37396210667071367,0.3243849261735877,0.3044566252884232,0.3416301744518988,0.37240306187324834,SPARSE-EXTREME,Moderate
54,270.0,275.0,0.0,1.0,1.7600000000000051,49.165103912353516,57.26436767578125,12.961395833333334,0.03820000000000004,0.1,0.08800000000000026,0.11363636363636331,0.0,0.15,0.07494539163649995,0.3790460827813992,0.014551415168845316,420.5226682395676,0.2504549958448489,0.09372624536187749,0.2512755987376772,0.07498361749094998,0.3790460827813992,0.16715424553073668,LOW-COMPLEXITY,Low
55,275.0,280.0,0.0,1.0,1.0,48.35295867919922,54.715816497802734,9.318489583333333,0.0325,0.1,0.05,0.2,0.0,0.15,0.04571428571428573,0.39061431785441486,0.012573157815904139,467.04175586841427,0.2580821418827698,0.08101071428571428,0.2541268288172816,0.06621428571428571,0.39061431785441486,0.1646890244209726,LOW-COMPLEXITY,Low
56,280.0,285.0,1.0,1.0,2.0,44.91424560546875,101.86199493408203,9.796628472222222,0.39,0.1,0.1,1.0,0.9124999997375001,0.2583333333333333,0.3866666666666667,0.4224011301005755,0.013217112336601304,602.884737834024,0.42120216322770615,0.41718958329198963,0.49112358000593725,0.5257916665747917,0.4224011301005755,0.3994773854241205,LOW-COMPLEXITY,Moderate
57,285.0,290.0,1.0,1.0,59.76000000000039,101.72247314453125,113.3458984375,12.397559027777778,0.18336680053547516,0.1,1.0,0.1489290495314582,0.99999999965,0.235,0.17129997656167795,0.3601549654586615,0.019767441312636167,1508.9290980733235,0.2165693717332675,0.32777798974920486,0.47881960890563635,0.48363999284600334,0.3601549654586615,0.2702778041031928,SPARSE-EXTREME,Moderate
58,290.0,295.0,2.0,10.0,11.0,116.73722839355469,135.90975646972657,31.781767361111115,0.2971590909090909,0.5,0.275,0.4909090909090909,0.2349999999895,0.5616666666666666,0.4114126325940212,0.45259919483603805,0.04631544880174292,2847.4522319138578,0.3481970875507837,0.44485616184341215,0.4473535766201022,0.40225712310786466,0.45259919483603805,0.41965105843918793,SPARSE-EXTREME,Moderate
59,295.0,300.0,7.0,9.0,10.0,138.732666015625,140.7558380126953,43.153739583333326,0.4373015873015873,0.1285714285714286,0.07142857142857142,0.63,0.7583333333052469,0.14390109890109892,0.3685423128046079,0.3960837939144274,0.07223950149782137,2805.3917995700594,0.23612555991695658,0.33839310386777866,0.481508808870856,0.42634474511360343,0.3960837939144274,0.2788265362306369,LOW-COMPLEXITY,Moderate
60,300.0,305.0,3.0,3.0,4.0,150.21600341796875,156.39845275878906,29.13047222222222,0.44333333333333336,0.1,0.06666666666666667,1.0,0.9708333332263889,0.19045454545454543,0.37142857142857144,0.44244915067012175,0.051739581971677565,3717.2221811225813,0.29792438291467876,0.39208790582731207,0.5404533492090943,0.5178793289668984,0.44244915067012175,0.330836498090914,LOW-COMPLEXITY,High
61,305.0,310.0,1.0,2.0,3.0,125.07032775878906,126.15457611083984,15.242986111111108,0.2891666666666667,0.2,0.15,1.0,0.543749999890625,0.162,0.41704782608695656,0.39072290426287404,0.020512532543572985,2108.7427243608836,0.22824195834001243,0.3330714293305995,0.447435176001151,0.3721268477878057,0.39072290426287404,0.276099738617734,BURST-DOMINATED,Moderate
62,310.0,315.0,1.0,1.0,1.0,78.2889175415039,123.45157623291016,8.258197916666665,0.6325,0.1,0.05,1.0,0.9124999997375001,0.2583333333333333,0.08000000000000002,0.46916091675767774,0.012961724537037037,919.4212784107782,0.42628082937290396,0.2837895832919896,0.4601729202145348,0.4337916665747917,0.46916091675767774,0.33349404090545304,LOW-COMPLEXITY,Moderate
63,315.0,320.0,2.0,2.0,3.0,109.49407958984375,118.8613052368164,17.762493055555563,0.46958333333333335,0.1,0.075,1.0,0.91249999986875,0.2583333333333333,0.376,0.38792321090071225,0.03804725735294117,1074.1961277931912,0.24772182057431819,0.41254958331266145,0.5176791909888107,0.5225916666207291,0.38792321090071225,0.3290511577413981,LOW-COMPLEXITY,High
64,320.0,325.0,1.0,2.0,43.28000000000027,102.1562728881836,102.60043182373047,12.765128472222225,0.3115526802218114,0.2,1.0,0.13632162661737438,0.4999999999125,0.18999999999999997,0.16495869087566903,0.5065746016310104,0.019685697303921567,1777.3383653674034,0.37009703832514596,0.22793203051713476,0.4277043382163489,0.2909876072320757,0.5065746016310104,0.2803451907618928,SPARSE-EXTREME,Moderate
65,325.0,330.0,1.0,2.0,2.0,92.11027526855469,98.18281555175781,14.11642361111111,0.41500000000000004,0.2,0.1,1.0,0.4999999999125,0.18999999999999997,0.0888888888888889,0.48231708308530025,0.019706781862745097,1183.6561541010672,0.36434011776568653,0.1948416666528854,0.40270303892900394,0.26816666663604166,0.48231708308530025,0.26337018507000287,BURST-DOMINATED,Moderate
66,330.0,335.0,0.0,1.6000000000000085,2.0,92.0063705444336,92.30508117675781,9.790465277777779,0.11749999999999988,0.16000000000000086,0.1,1.0,0.05468749996582002,0.5,0.3699727272727272,0.429758921887266,0.013393490876906316,963.8799511690482,0.27963266639919376,0.373301417608253,0.3956847445435764,0.30513244316985516,0.429758921887266,0.35136217240894113,LOW-COMPLEXITY,Moderate
67,335.0,340.0,1.0,6.0,36.360000000000184,81.63680267333984,113.68273010253907,21.90197916666667,0.33041804180418033,0.6,1.0,0.3630363036303612,0.15208333332604168,0.6399999999999999,0.6022215377578238,0.4488153390879604,0.04302194349128541,912.6231683461724,0.3809480568748988,0.5467194939235049,0.46470040651048117,0.45789562799146166,0.4488153390879604,0.49124856660780125,HEAVY-TAIL-RISK,Moderate
68,340.0,345.0,13.0,16.0,18.760000000000005,97.59085083007812,110.02314453125,57.03432638888889,0.4068241840249302,0.12307692307692308,0.07215384615384617,0.277185501066098,0.8070312499825685,0.11188310708898944,0.5498620705262474,0.397195829527728,0.09176909272875816,880.1081320196714,0.26560909025720747,0.4118897886899353,0.5176898016133121,0.48657864613291946,0.397195829527728,0.3251471056625155,LOW-COMPLEXITY,High
69,345.0,350.0,4.0,4.0,39.16000000000021,134.45797729492188,135.55475463867188,28.215711805555557,0.19949752298263546,0.1,0.4895000000000026,0.14044943820224645,0.9562499999234375,0.22499999999999998,0.34120760007842815,0.4305264702500661,0.04290988344226579,2370.0878685964303,0.28388280122816845,0.39072218102205764,0.5348832441884965,0.5157997799967315,0.4305264702500661,0.3289500585293057,SPARSE-EXTREME,High
70,350.0,355.0,0.0,1.0,1.0,116.41388702392578,116.87369537353516,5.77711111111111,0.1325,0.1,0.05,1.0,0.08749999991249999,0.42999999999999994,0.06857142857142857,0.43483531131252956,0.008655533632897602,2443.7760026272426,0.2909430806930755,0.21883482141479016,0.33340866813507586,0.20169642854080352,0.43483531131252956,0.27124146065139615,LOW-COMPLEXITY,Moderate
71,355.0,360.0,1.0,1.0,37.960000000000235,57.97294235229492,91.76131744384766,7.549541666666666,0.28817175974710213,0.1,1.0,0.20021074815595238,0.9124999997375001,0.2583333333333333,0.18471140563670366,0.3057267332393663,0.013526394471677562,514.3545760829669,0.21638338832077358,0.32933904474395564,0.4299933642817163,0.46520508826580276,0.3057267332393663,0.2745477325279848,SPARSE-EXTREME,Moderate
72,360.0,365.0,1.0,2.0,2.0,124.8444595336914,126.11391754150391,12.499138888888886,0.315,0.2,0.1,1.0,0.4999999999125,0.18999999999999997,0.09846153846153848,0.42924990343320224,0.01867204234749455,1588.2473215485784,0.2899998556500047,0.19900576921698795,0.3886898485178447,0.2710384615078365,0.42924990343320224,0.23599812971717818,BURST-DOMINATED,Moderate
73,365.0,370.0,2.0,5.0,46.520000000000266,133.98570251464844,135.70815734863282,23.647017361111118,0.2939961306964745,0.25,1.0,0.16122098022355885,0.4174999999685,0.2969444444444444,0.31437713743596407,0.42473916548255997,0.033021681100217866,2717.8687880672373,0.2808255490518884,0.3235151658907942,0.4288196285818707,0.3443686967753197,0.42473916548255997,0.30570753488546465,SPARSE-EXTREME,Moderate
74,370.0,375.0,1.0,1.0,1.0,101.11236572265625,103.41183929443359,8.020753472222221,0.6325,0.1,0.05,1.0,0.9124999997375001,0.2583333333333333,0.08000000000000002,0.42323311126135543,0.01264394825708061,1151.1416880260638,0.28698599585321294,0.2837895832919896,0.47105164553564327,0.4337916665747917,0.42323311126135543,0.2791361293820761,LOW-COMPLEXITY,Moderate
75,375.0,380.0,0.0,0.0,1.0,56.1141242980957,56.364881896972655,1.4067847222222227,0.0075,0.0,0.05,0.1,0.0,0.0,0.0,0.40677480134405036,0.0030955702614379084,583.507917037746,0.24742833399958009,0.0,0.2413120037764093,0.0,0.40677480134405036,0.10647966798552072,LOW-COMPLEXITY,Low
76,380.0,385.0,1.0,3.0,33.400000000000205,108.35934448242188,113.66402740478516,17.5428125,0.2733033932135728,0.3,1.0,0.16467065868263372,0.36249999995138893,0.303,0.2044515525170804,0.44023102889620674,0.024770016067538127,1542.626128640571,0.30390668128337417,0.2695026753372737,0.39916665564886156,0.2942604657381102,0.44023102889620674,0.288021645772299,SPARSE-EXTREME,Moderate
77,385.0,390.0,1.0,2.0,47.0800000000003,64.5750503540039,98.20457153320312,9.996288194444443,0.21062022090059468,0.2,1.0,0.13169073916737387,0.4999999999125,0.18999999999999997,0.3639474173767092,0.40691251750595014,0.015631406998910677,925.8171451652867,0.3412502985297352,0.31449212654508724,0.41389439837187647,0.35068422518238773,0.40691251750595014,0.31585217192504317,SPARSE-EXTREME,Moderate
78,390.0,395.0,3.0,5.0,7.760000000000005,88.91535186767578,93.48114318847657,28.175781249999996,0.27436563573883155,0.16666666666666669,0.1293333333333334,0.9278350515463911,0.6174999999545,0.17961538461538462,0.6238356957044074,0.3765319715844653,0.043299968001089324,565.7266029965298,0.22060355749431085,0.44181804685502024,0.4986112744526501,0.46614109331078185,0.3765319715844653,0.32916193241897385,HEAVY-TAIL-RISK,Moderate
79,395.0,400.0,3.0,4.0,7.52000000000001,102.13123321533203,118.39950408935547,28.52938541666667,0.2766014184397161,0.13333333333333333,0.1253333333333335,0.8909574468085093,0.7718749999289063,0.08307692307692308,0.5395474425914065,0.3491062501071924,0.04963053322440087,860.3849181759518,0.20979783730002824,0.3901272961699107,0.48504733539343026,0.4610974058294622,0.3491062501071924,0.2890902706688584,LOW-COMPLEXITY,Moderate
80,400.0,405.0,4.0,7.0,11.760000000000005,115.0789566040039,143.65437927246094,32.95922222222222,0.27872517006802716,0.175,0.14700000000000008,0.518707482993197,0.5589285714017858,0.17958333333333332,0.5307799319243706,0.34330258835437527,0.06045221677559913,1587.620599898101,0.21873208618504736,0.39210072871621576,0.44745007246512114,0.4177131462346028,0.34330258835437527,0.30466074448871117,LOW-COMPLEXITY,Moderate
81,405.0,410.0,4.0,10.0,14.760000000000005,96.94807434082031,118.40451049804688,36.21519097222222,0.2756763550135501,0.25,0.18450000000000005,0.3184281842818427,0.40874999998512496,0.3042647058823529,0.39689451448420643,0.34966877416613756,0.064549348583878,694.0076262047581,0.22113471759184486,0.36101510644534573,0.4097342888487987,0.3686235013988791,0.34966877416613756,0.3021575199946867,BURST-DOMINATED,Moderate
82,410.0,415.0,6.0,11.0,16.280000000000015,128.02255249023438,136.3991943359375,43.395229166666674,0.2868221539721538,0.18333333333333332,0.1356666666666668,0.3501228501228498,0.5454545454371901,0.22345238095238093,0.4311833104156979,0.39350047228877905,0.07609464038671021,1643.6482725279259,0.24519760284602077,0.36453067617528123,0.45725796442730027,0.3984724173610592,0.39350047228877905,0.3048045627008206,LOW-COMPLEXITY,Moderate
83,415.0,420.0,3.0,6.0,10.0,100.99559020996094,120.80001373291016,31.654493055555555,0.25833333333333336,0.2,0.16666666666666669,0.12,0.5291666666326389,0.24499999999999997,0.1701999999964999,0.35276712862967813,0.0480650288671024,661.4599314902343,0.2217855640202029,0.25721824999311804,0.3820583190433998,0.32201833332037355,0.35276712862967813,0.2432014115173468,BURST-DOMINATED,Moderate
84,420.0,425.0,2.0,13.0,27.320000000000036,114.06231689453125,119.14605712890626,28.31848958333333,0.31693783646807083,0.65,0.6830000000000009,0.1098096632503659,0.1673076923025148,0.7585000000000001,0.4313971943820042,0.4231137682088259,0.049811671432461874,1038.2300118639134,0.2768125342343544,0.5230974910938179,0.45755123702708855,0.45345185062048143,0.4231137682088259,0.4471053371817524,SPARSE-EXTREME,Moderate
85,425.0,430.0,4.0,18.60000000000001,26.52000000000001,126.60154724121094,131.95710144042968,40.12817013888888,0.2575188135551988,0.4650000000000002,0.33150000000000013,0.23755656108597276,0.21975806451182928,0.6574604072398191,0.4726498414880938,0.4926257804165185,0.07450297508169935,1467.2221052673437,0.36305748837137986,0.5081296921581602,0.4867408495509924,0.4488214175595051,0.4926257804165185,0.4639941744575765,SPARSE-EXTREME,Moderate
86,430.0,435.0,3.0,4.0,4.0,94.6031494140625,120.02802886962891,22.734118055555555,0.44333333333333336,0.13333333333333333,0.06666666666666667,1.0,0.7281249999398438,0.09090909090909091,0.08997272727272727,0.4277303499630239,0.03209941217320261,815.4359667248955,0.3308731906095934,0.19086327839961628,0.4051989370039478,0.3136537499789453,0.4277303499630239,0.23654681758360427,LOW-COMPLEXITY,Moderate
87,435.0,440.0,2.0,4.0,6.760000000000005,94.75653076171875,100.17247161865234,24.963385416666668,0.24827899408284015,0.2,0.16900000000000012,0.9467455621301768,0.5218749999507812,0.2422222222222222,0.4543567630174238,0.38305028037997035,0.03856649251089324,1064.4642649085179,0.2293744358789492,0.37854605996038293,0.4550335129220786,0.4037410566657783,0.38305028037997035,0.3068954473753786,BURST-DOMINATED,Moderate
88,440.0,445.0,4.0,7.0,51.56000000000029,96.63729095458984,106.05409088134766,30.046312500000003,0.23635761664634852,0.175,0.6445000000000036,0.14158262218774165,0.5714285714,0.18517857142857141,0.30066967916923093,0.3904158816211854,0.0466155241013072,687.6348169932303,0.24961493711923322,0.2962515782912583,0.4272620978701783,0.3550134037407693,0.3904158816211854,0.2681403271414102,SPARSE-EXTREME,Moderate
89,445.0,450.0,0.0,4.0,8.0,76.30216979980469,98.7955825805664,9.12893402777778,0.16,0.4,0.4,1.0,0.0,0.15,0.5437243730126213,0.5035653574751167,0.015833019335511983,218.87879614152018,0.4327315804613718,0.29764510226049024,0.36528661261975964,0.21561731190378639,0.5035653574751167,0.3373834212307158,SPARSE-EXTREME,Moderate
90,450.0,455.0,6.0,13.600000000000009,20.760000000000005,95.52647399902344,104.48358917236328,43.33039930555556,0.25653710189278023,0.2266666666666668,0.17300000000000004,0.10597302504816952,0.4540441176347586,0.26391485244315455,0.1780620853989172,0.3645462201450435,0.06878769744008716,349.0235662237981,0.21572288629104386,0.2565142580465889,0.37291139611009566,0.3047042651469447,0.3645462201450435,0.23993190266842077,BURST-DOMINATED,Moderate
91,455.0,460.0,7.0,11.0,14.0,85.63055419921875,88.77445220947266,43.025930555555554,0.34064935064935065,0.15714285714285714,0.1,0.1,0.6363636363433884,0.12357142857142855,0.14660838945314789,0.395056865299957,0.06765662894880173,250.4563459896151,0.23907601157807934,0.21435727927906015,0.3928347006812654,0.3099597895561303,0.395056865299957,0.21115005026332262,LOW-COMPLEXITY,Moderate
92,460.0,465.0,5.0,10.0,13.0,86.48094940185547,96.51143188476563,37.17511458333333,0.31180769230769234,0.2,0.13,0.1,0.508749999981625,0.2075,0.12118289657560492,0.3870304764775388,0.05823918137254901,299.1330202707099,0.2494523766111592,0.21739893500749408,0.3680354350500412,0.2870423689662502,0.3870304764775388,0.22683340594005005,BURST-DOMINATED,Moderate
93,465.0,470.0,2.0,2.0,3.0,91.45416259765625,95.36224517822265,17.43400347222222,0.3695833333333333,0.1,0.075,0.1,0.999999999825,0.2,0.096,0.4184143322589351,0.024174969635076256,296.7666939367349,0.2724534578454529,0.2807599999724375,0.4719921669248664,0.44879999993874997,0.4184143322589351,0.2612204042816959,LOW-COMPLEXITY,Moderate
94,470.0,475.0,1.0,2.0,2.0,87.22004699707031,91.5953582763672,12.062555555555555,0.365,0.2,0.1,0.1,0.543749999890625,0.236,0.0888888888888889,0.403970874694145,0.01729291203703704,285.742212772896,0.25675640407410005,0.2204772916494401,0.37938731445099944,0.2995791666283854,0.403970874694145,0.23250437675469693,BURST-DOMINATED,Moderate
95,475.0,480.0,2.0,4.0,5.760000000000005,99.47942352294922,105.21316223144531,24.493826388888895,0.270211111111111,0.2,0.14400000000000013,0.10416666666666659,0.5218749999507812,0.21333333333333332,0.1726098260208641,0.3864217889822821,0.037411483115468415,351.5887772801125,0.23746476128758426,0.24421392014465723,0.38709121664273816,0.3091058644556993,0.3864217889822821,0.2368336664596429,BURST-DOMINATED,Moderate
96,480.0,485.0,2.0,7.0,10.760000000000005,96.4954605102539,104.14141998291015,22.329871527777776,0.2636439458311205,0.35,0.26900000000000013,0.1022304832713754,0.2982142856982143,0.4391666666666666,0.19022219332638207,0.3786854775883209,0.03216030814270152,306.1355587455975,0.23327555161740376,0.30867582076111155,0.36675339996803913,0.3151499913256229,0.3786854775883209,0.2886550920660593,SPARSE-EXTREME,Moderate
97,485.0,490.0,3.0,4.0,6.0,86.18988037109375,92.51986694335938,22.521621527777782,0.32333333333333336,0.13333333333333333,0.1,0.11666666666666667,0.7281249999398438,0.09090909090909091,0.20963315997321827,0.41475850221279176,0.030482081427015244,235.4393363004404,0.2759591604874455,0.24291556662432992,0.4214797297500652,0.34955187978909263,0.41475850221279176,0.2359801068263031,LOW-COMPLEXITY,Moderate
98,490.0,495.0,3.0,5.0,7.0,87.29688262939453,89.2603546142578,22.79079513888889,0.29345238095238096,0.16666666666666669,0.11666666666666667,0.11428571428571428,0.5824999999615,0.19136363636363635,0.2727317334187691,0.39585702534039596,0.031138463235294116,263.56163010361524,0.23754379631718273,0.2883627358492826,0.416459712203582,0.3526717927394285,0.39585702534039596,0.25431921019847054,LOW-COMPLEXITY,Moderate
99,495.0,500.0,3.0,8.0,12.760000000000005,116.33535766601562,117.9484130859375,31.43301388888889,0.2536215256008359,0.26666666666666666,0.21266666666666673,0.5642633228840123,0.3859374999822266,0.3692307692307692,0.5343549813970339,0.4269777670855979,0.047802345043572995,855.8104898938166,0.28347441697225745,0.44369111161644886,0.47696271856790395,0.42461538864365866,0.4269777670855979,0.374390657730743,SPARSE-EXTREME,Moderate
100,500.0,505.0,3.0,4.0,4.760000000000005,98.49136352539062,116.14215240478515,28.13959375,0.3853593837535011,0.13333333333333333,0.07933333333333342,0.10504201680672258,0.7281249999398438,0.09090909090909091,0.1056442469319187,0.34520664710756244,0.041004079248366014,784.3058700429563,0.209058619312038,0.1976803894513646,0.3874876411044579,0.31835520587670274,0.34520664710756244,0.1924222320327492,LOW-COMPLEXITY,Moderate
101,505.0,510.0,3.0,6.0,7.760000000000005,97.17382049560547,110.24535827636718,31.539704861111108,0.29603230240549816,0.2,0.1293333333333334,0.7731958762886593,0.49999999997083333,0.2583333333333333,0.5304434613809584,0.36671497501816736,0.051414168028322445,711.6604249225869,0.22763835062562554,0.4147637390294565,0.4582971224197546,0.42454970507074585,0.36671497501816736,0.32669427694566217,BURST-DOMINATED,Moderate
102,510.0,515.0,5.0,12.600000000000009,20.52000000000001,87.45021057128906,100.17227783203126,42.961409722222214,0.2552948983570036,0.25200000000000017,0.2052000000000001,0.31189083820662755,0.41765873014605354,0.3181695652173916,0.28837968402923286,0.36827138718805275,0.07286373352396515,363.522803111833,0.22986899760758994,0.32088051037680676,0.39294131013979167,0.3440538085859756,0.36827138718805275,0.28319545446444166,SPARSE-EXTREME,Moderate
103,515.0,520.0,9.0,16.0,22.760000000000005,82.64444732666016,107.4445571899414,45.977083333333326,0.3111264010935364,0.17777777777777776,0.12644444444444447,0.2724077328646748,0.5624999999876954,0.17083333333333334,0.3444222278088245,0.3593661462534465,0.08039735021786493,424.29711550401686,0.24858936628366365,0.30803200242823403,0.407425866776393,0.3599933350050074,0.3593661462534465,0.27142386745486474,LOW-COMPLEXITY,Moderate
104,520.0,525.0,0.0,1.0,1.0,109.30938720703125,119.33893127441407,8.737979166666667,0.1325,0.1,0.05,1.0,0.08749999991249999,0.42999999999999994,0.06857142857142857,0.3983857700659061,0.014726876089324619,588.1345030570425,0.2764975465274392,0.21883482141479016,0.3130380544628081,0.20169642854080352,0.3983857700659061,0.26600136409494013,LOW-COMPLEXITY,Moderate
105,525.0,530.0,0.0,2.0,47.0800000000003,130.81166076660156,142.796826171875,10.342256944444447,0.25,0.2,1.0,0.19541206457094185,0.043749999978124995,0.5,0.5603250295342976,0.40290857469434893,0.0176335378540305,1888.9961931467662,0.2838885877689947,0.45438201284397417,0.4125272338236322,0.358410008852633,0.40290857469434893,0.39465043647932607,SPARSE-EXTREME,Moderate
106,530.0,535.0,3.0,31.200000000000017,52.760000000000005,140.47824096679688,142.34140319824218,42.80746875,0.46481780875177386,1.0,0.8793333333333335,0.1326762699014405,0.1382211538437268,0.7993176355163114,0.23493753259773761,0.42806914616028974,0.09323829084967321,1425.8296151847935,0.29168255753114436,0.44968959488329974,0.42182648483563767,0.39861983605533463,0.42806914616028974,0.4215333006867114,SPARSE-EXTREME,Moderate
107,535.0,540.0,1.0,29.0,59.4400000000001,136.79254150390625,137.61915283203126,35.49752083333333,0.4704808093934191,1.0,1.0,0.11440107671601596,0.08879310344598691,1.0,0.21787430845078182,0.433560320607719,0.07971935076252722,1307.6202454112763,0.29680442193567386,0.516260237968833,0.43478885497061937,0.44643987874132995,0.433560320607719,0.47486937632324117,SPARSE-EXTREME,Moderate
108,540.0,545.0,3.0,5.0,10.56000000000003,57.23196792602539,60.6565803527832,25.603190972222226,0.23011212121212093,0.16666666666666669,0.17600000000000052,0.17045454545454497,0.6174999999545,0.17961538461538462,0.3381559269008745,0.39073700899183716,0.03699115359477123,119.27081901596651,0.23977086071279247,0.3175473474254834,0.4220420637982197,0.38043716266972194,0.39073700899183716,0.2655431356267911,LOW-COMPLEXITY,Moderate
109,545.0,550.0,2.0,4.0,7.760000000000005,125.22026062011719,130.49685363769532,24.555260416666663,0.23296597938144323,0.2,0.19400000000000012,1.0,0.47812499996171876,0.24,0.49071364522417127,0.457275228610908,0.04129956590413942,622.8632725095138,0.32360278777050205,0.38656512316648517,0.4779860864714144,0.39855784355385293,0.457275228610908,0.3483847637811448,BURST-DOMINATED,Moderate
110,550.0,555.0,0.0,1.0,2.0,101.57139587402344,128.14549865722657,10.242090277777779,0.04,0.1,0.1,1.0,0.0,0.15,0.35111111111111115,0.49357580411714014,0.020222404684095866,1045.9120247404464,0.4144168565636902,0.21385833333333337,0.3423903802532883,0.15783333333333335,0.49357580411714014,0.2938177770078776,LOW-COMPLEXITY,Moderate
111,555.0,560.0,2.0,3.0,38.20000000000023,118.535400390625,120.99917144775391,25.366878472222222,0.2402613438045382,0.15,0.9550000000000057,0.18062827225130781,0.6958333332458333,0.1758333333333333,0.23675954322932002,0.45736371725816316,0.0471346267701525,1433.1434176257412,0.3153488609603948,0.28423623462430625,0.4641903117446564,0.37611119627150424,0.45736371725816316,0.28527237509401765,SPARSE-EXTREME,Moderate
112,560.0,565.0,3.0,5.0,6.0,123.39122009277344,132.81731872558595,32.577423611111115,0.3266666666666667,0.16666666666666669,0.1,1.0,0.6174999999545,0.17961538461538462,0.5595927021556989,0.37705555369425064,0.053057684912854036,1868.3143755308656,0.22802468647946833,0.41387234466133205,0.48499180599777136,0.4468681952461693,0.37705555369425064,0.3183383383925925,LOW-COMPLEXITY,Moderate
113,565.0,570.0,3.0,6.0,9.0,128.098876953125,131.61853942871093,32.12212847222222,0.2725,0.2,0.15,0.8222222222222222,0.5291666666326389,0.24499999999999997,0.5349688307374321,0.4204344943029455,0.0503652043845316,1639.0518638980486,0.2731649556760768,0.4158926913654235,0.48793908319456436,0.4314489825426532,0.4204344943029455,0.34374785799101437,BURST-DOMINATED,Moderate
114,570.0,575.0,4.0,5.0,5.0,120.7322006225586,124.42634582519531,30.667736111111108,0.4806250000000001,0.125,0.0625,1.0,0.764999999951,0.18041666666666661,0.08828139534883721,0.43793707836236234,0.0482629591503268,2030.3711338409028,0.2947075428363958,0.23240969863569333,0.4424186061308236,0.3573802519208345,0.43793707836236234,0.25106238994238783,LOW-COMPLEXITY,Moderate
115,575.0,580.0,5.0,6.0,7.0,118.00003051757812,123.82244567871093,30.9636875,0.48097619047619045,0.12,0.06999999999999999,0.8285714285714286,0.7895833332920139,0.1953529411764706,0.3680898876404495,0.4100467283905703,0.05019114133986928,1564.0169622294172,0.27690898161086114,0.3640847996464995,0.49243924461707667,0.4551546623561044,0.4100467283905703,0.31234826276394995,LOW-COMPLEXITY,Moderate
116,580.0,585.0,1.0,1.0,1.0,63.52336120605469,65.18018493652343,9.045027777777776,0.5325,0.1,0.05,0.1,0.99999999965,0.015,0.08000000000000002,0.4025375057087223,0.01259705841503268,330.05185128305203,0.2487581816478412,0.19841249994487498,0.4440903478815868,0.37924999987749997,0.4025375057087223,0.19492633615529542,LOW-COMPLEXITY,Moderate
117,585.0,590.0,4.0,5.0,6.0,64.09654998779297,65.94841766357422,26.01883680555556,0.4358333333333333,0.125,0.075,0.11666666666666667,0.7824999999475,0.1750833333333333,0.11767032964232968,0.3823904919468339,0.0303766033496732,427.5324944279119,0.22242580859811598,0.24577680171947797,0.4278985872946608,0.3704552655409905,0.3823904919468339,0.22680116964516353,LOW-COMPLEXITY,Moderate
118,590.0,595.0,4.0,7.0,7.760000000000005,62.72633743286133,64.88651428222656,35.86915277777777,0.3588891016200293,0.175,0.09700000000000006,0.10309278350515456,0.5839285713982143,0.22713235294117645,0.10434613700961784,0.3850000766231609,0.040571970043573,393.3875187106786,0.22819533637998754,0.2299157534179319,0.3913679941003365,0.3151751646216721,0.3850000766231609,0.22726145575605816,LOW-COMPLEXITY,Moderate
119,595.0,600.0,1.0,2.0,2.0,76.63481903076172,90.88955688476562,23.28817708333333,0.315,0.2,0.1,0.1,0.4999999999125,0.24999999999999997,0.09846153846153848,0.3435119463180239,0.02809976007625272,509.06910116772787,0.2085803076108664,0.22345576921698798,0.35877809080326983,0.2920384615078365,0.3435119463180239,0.22125372977630245,BURST-DOMINATED,Moderate
120,600.0,605.0,4.0,8.0,9.0,92.5445327758789,122.56641998291016,38.50459375,0.3265972222222222,0.2,0.1125,0.5222222222222223,0.5109374999767579,0.2823529411764706,0.48529757612119406,0.34034807993132377,0.05428315454793028,1251.9948289216388,0.2251304674421298,0.4066359253884706,0.43746612303664967,0.4232409272399882,0.34034807993132377,0.32397422851335805,BURST-DOMINATED,Moderate
121,605.0,610.0,2.0,3.0,3.0,104.71224975585938,118.90970306396484,27.586243055555553,0.4487499999999999,0.15,0.075,0.1,0.6666666665888888,0.11249999999999999,0.08470588235294119,0.3962550932719455,0.03758964787581699,1816.4532973515968,0.2667158910098062,0.18769080881127942,0.39344487278631735,0.29812009801199346,0.3962550932719455,0.21283076001506895,LOW-COMPLEXITY,Moderate
122,610.0,615.0,1.0,1.0,2.0,86.40042114257812,97.28172302246094,14.997274305555555,0.39,0.1,0.1,1.0,0.9124999997375001,0.2583333333333333,0.3866666666666667,0.4211592626665412,0.02546256712962963,1705.9165900855605,0.2983578853910914,0.41718958329198963,0.5288828326920564,0.5257916665747917,0.4211592626665412,0.3515814518044635,LOW-COMPLEXITY,High
123,615.0,620.0,2.0,4.0,4.0,125.02388000488281,136.78077697753906,24.992034722222222,0.365,0.2,0.1,1.0,0.49999999995625,0.18999999999999997,0.09509436619718312,0.38609562504208494,0.04175669090413943,2198.4841565722327,0.25078813577017217,0.19754104928888402,0.3698276069598747,0.2700283098438424,0.38609562504208494,0.22007397899009845,BURST-DOMINATED,Moderate
124,620.0,625.0,2.0,2.0,3.0,57.31751251220703,120.19283599853516,21.423409722222218,0.4195833333333333,0.1,0.075,1.0,0.956249999846875,0.20500000000000002,0.3787,0.36073386674510466,0.031650179602396515,922.0667997222023,0.3289183323172308,0.3988813749758828,0.48103581945575424,0.5200474999464062,0.36073386674510466,0.3506932362818532,LOW-COMPLEXITY,Moderate
125,625.0,630.0,2.0,3.0,4.0,55.78244400024414,57.14514312744141,19.967506944444445,0.3358333333333333,0.15,0.1,1.0,0.6374999999319444,0.1225,0.41416341463414635,0.46291301376730465,0.02840025871459695,374.76713914712093,0.31556769050218475,0.3304860853551349,0.47290095867757986,0.3902490243664244,0.46291301376730465,0.3003204395415411,LOW-COMPLEXITY,Moderate
126,630.0,635.0,4.0,6.0,45.520000000000266,107.98684692382812,124.31610717773438,31.900034722222223,0.21678673110720587,0.15,0.5690000000000033,0.18453427065026254,0.652083333296875,0.15916666666666665,0.17136817077560923,0.3698967194689285,0.058251757897603486,1055.8996462569437,0.24075434144095545,0.2421086959483145,0.4035676118010101,0.33534795121992234,0.3698967194689285,0.2346485472666072,SPARSE-EXTREME,Moderate
127,635.0,640.0,2.0,3.0,4.760000000000005,76.38381958007812,86.4093734741211,18.048173611111107,0.2987673669467785,0.15,0.11900000000000013,1.0,0.6374999999319444,0.1225,0.42045794514584245,0.37527994669995096,0.029119351034858392,374.96501219988033,0.23828971202396962,0.33322420612772263,0.44162584542749506,0.3921373835199332,0.37527994669995096,0.27358760700849666,LOW-COMPLEXITY,Moderate
128,640.0,645.0,1.0,1.0,2.0,71.56298065185547,75.6967041015625,10.129048611111111,0.29000000000000004,0.1,0.1,0.1,0.99999999965,0.015,0.10666666666666667,0.37740990077953146,0.014880225490196079,232.13696882877466,0.22311115799507752,0.210012499944875,0.4326229472468368,0.3872499998775,0.37740990077953146,0.18837113533904876,LOW-COMPLEXITY,Moderate
129,645.0,650.0,1.0,3.0,3.760000000000005,81.64619445800781,92.78600769042968,15.364621527777775,0.26951205673758855,0.3,0.18800000000000025,1.0,0.36249999995138893,0.307,0.3910759948375995,0.35577089128665357,0.025015450980392158,406.55382002647895,0.21290690220399605,0.35231430774669953,0.39870157392461003,0.35164779843426597,0.35577089128665357,0.29246767837958815,BURST-DOMINATED,Moderate
130,650.0,655.0,1.0,2.0,57.800000000000026,77.20539855957031,111.55086975097656,18.061642361111108,0.3086505190311418,0.2,1.0,0.13148788927335636,0.4999999999125,0.18999999999999997,0.16482285217752723,0.39024968381740716,0.036870443491285404,517.7283116168929,0.3124550260128901,0.2278729406834431,0.3708611486393253,0.29094685562263317,0.39024968381740716,0.2606899219024862,SPARSE-EXTREME,Moderate
131,655.0,660.0,1.0,3.6000000000000085,6.0,73.5212631225586,83.0143051147461,20.967684027777786,0.24611111111111125,0.3600000000000009,0.3,1.0,0.3020833332995749,0.3496000000000006,0.606859614354698,0.365265314080716,0.05343266789215686,193.68438106218727,0.22401579391739354,0.45402405723897693,0.42710812422039623,0.4101470509612608,0.365265314080716,0.3486083540688613,HEAVY-TAIL-RISK,Moderate
132,660.0,665.0,1.0,1.0,1.0,93.08312225341797,96.92910766601562,17.302055555555555,0.5325,0.1,0.05,0.1,0.99999999965,0.235,0.08000000000000002,0.379911814753949,0.02909047807734205,362.16302464268205,0.2221604771488206,0.288062499944875,0.46476338471221385,0.4562499998775,0.379911814753949,0.2495194695351979,LOW-COMPLEXITY,Moderate
133,665.0,670.0,0.0,1.0,1.0,141.3016357421875,145.07076721191407,11.586920138888889,0.1325,0.1,0.05,1.0,0.08749999991249999,0.42999999999999994,0.06857142857142857,0.4178787132976628,0.021465228077342045,1205.5614422884685,0.2777950079572288,0.21883482141479016,0.3263309724565927,0.20169642854080352,0.4178787132976628,0.2664293802997204,LOW-COMPLEXITY,Moderate
134,670.0,675.0,0.0,0.0,1.0,154.02719116210938,156.7467010498047,7.293423611111112,0.0075,0.0,0.05,0.1,0.0,0.0,0.0,0.45351843418722315,0.015917942129629627,2330.762652441454,0.30748343046237664,0.0,0.2551072472462035,0.0,0.45351843418722315,0.12964964322055378,LOW-COMPLEXITY,Low
135,675.0,680.0,0.0,0.0,0.0,136.3184051513672,153.35732727050782,6.645520833333333,0.0,0.0,0.0,0.1,0.0,0.0,0.0,0.3584390896407077,0.019354061683006536,1979.1064348582768,0.21457355614963874,0.0,0.21812544665113923,0.0,0.3584390896407077,0.09402091199254117,LOW-COMPLEXITY,Low
136,680.0,685.0,0.0,0.0,0.0,110.9819107055664,113.8857406616211,4.923277777777777,0.0,0.0,0.0,0.1,0.0,0.0,0.0,0.39353609169123027,0.01109659068627451,1605.0565802288215,0.236770598632296,0.0,0.23602384894222178,0.0,0.39353609169123027,0.10260962352311805,LOW-COMPLEXITY,Low
137,685.0,690.0,0.0,0.0,1.0,141.13333129882812,145.31995544433593,10.187381944444441,0.0075,0.0,0.05,1.0,0.0,0.0,1.0,0.4061365518306896,0.02361786342592593,2357.2451433793685,0.2559286570310593,0.435,0.44062285857393535,0.3,0.4061365518306896,0.3306481910587346,HEAVY-TAIL-RISK,Moderate
138,690.0,695.0,0.0,0.0,0.0,136.1331329345703,140.61627197265625,6.294173611111113,0.0,0.0,0.0,0.1,0.0,0.0,0.0,0.4328566149544905,0.014065977668845315,2588.613641707257,0.291406136490023,0.0,0.24903038878009676,0.0,0.4328566149544905,0.12464955057942274,LOW-COMPLEXITY,Low
139,695.0,700.0,0.0,0.0,0.0,130.9561309814453,133.1902069091797,4.547315972222223,0.0,0.0,0.0,0.0,0.0,0.0,0.0,0.4505754373493393,0.008424236383442266,2409.2813865415537,0.30755927920341086,0.0,0.2548183636087617,0.0,0.4505754373493393,0.13032220752743717,LOW-COMPLEXITY,Low
140,700.0,705.0,0.0,0.0,1.0,134.2046661376953,148.1627990722656,7.611885416666666,0.0075,0.0,0.05,0.1,0.0,0.0,0.0,0.42534008344295837,0.019117662173202623,2496.4936710053735,0.298731371631554,0.0,0.24197313930009243,0.0,0.42534008344295837,0.12772126371006975,LOW-COMPLEXITY,Low
141,705.0,710.0,0.0,0.0,1.0,145.7351837158203,149.36355895996093,9.979774305555555,0.0075,0.0,0.05,0.1,0.0,0.0,0.0,0.3971357264353088,0.026973429193899782,2775.897776244224,0.23954558731473605,0.0,0.23770041114360965,0.0,0.3971357264353088,0.1036840059488042,LOW-COMPLEXITY,Low
142,710.0,715.0,0.0,0.0,1.0,153.22720336914062,164.01661987304686,9.324746527777778,0.0075,0.0,0.05,0.3,0.0,0.0,1.0,0.39274508627633903,0.03148782666122004,2860.8688535346555,0.24547384797291077,0.435,0.4337988233623262,0.3,0.39274508627633903,0.3263802405941848,HEAVY-TAIL-RISK,Moderate
143,715.0,720.0,1.0,2.0,53.68000000000035,85.47386932373047,127.48956604003907,17.092454861111104,0.20931445603576745,0.2,1.0,0.13971684053651176,0.4999999999125,0.18999999999999997,0.167910085957756,0.35188852150632743,0.034929181781045746,700.8436779246699,0.2679285439070457,0.2292158873778426,0.35531256707411885,0.29187302575670176,0.35188852150632743,0.24303805294654596,SPARSE-EXTREME,Moderate
144,720.0,725.0,1.0,1.0,1.0,90.58061981201172,104.04183044433594,14.142215277777778,0.5325,0.1,0.05,1.0,0.99999999965,0.015,0.08000000000000002,0.3981323972730294,0.028698684912854027,667.5811251348881,0.27091996863615453,0.19841249994487498,0.44488714468236845,0.37924999987749997,0.3981323972730294,0.20738738563864886,LOW-COMPLEXITY,Moderate
145,725.0,730.0,0.0,1.0,2.0,105.86764526367188,107.48105926513672,7.181184027777778,0.14,0.1,0.1,1.0,0.08749999991249999,0.42999999999999994,0.376,0.4259903808819493,0.014012801470588239,692.5763050988052,0.28335783746723026,0.3525662499862187,0.3916867255454096,0.29392499996937493,0.4259903808819493,0.33617167745402116,LOW-COMPLEXITY,Moderate
146,730.0,735.0,1.0,2.0,4.0,62.64425277709961,106.73098602294922,11.697371527777777,0.205,0.2,0.2,1.0,0.4999999999125,0.18999999999999997,0.5795256628247545,0.2976502385231893,0.02339593341503268,384.37388335415534,0.2164663853586512,0.4082686633149869,0.40759036309839203,0.4153576988168013,0.2976502385231893,0.31090610955667863,SPARSE-EXTREME,Moderate
147,735.0,740.0,3.0,9.0,13.0,67.56218719482422,76.87777709960938,31.524930555555553,0.28955128205128206,0.3,0.21666666666666665,0.4,0.3527777777626543,0.33999999999999997,0.4509665978129763,0.3710245979183644,0.06042170819716776,160.59317669023713,0.238094626524704,0.39028297004626267,0.4039998096281093,0.37776220156082185,0.3710245979183644,0.3203360868245456,SPARSE-EXTREME,Moderate
148,740.0,745.0,0.0,1.0,1.0,56.401695251464844,65.79632568359375,4.7673854166666665,0.1325,0.1,0.05,1.0,0.08749999991249999,0.42999999999999994,0.06857142857142857,0.35923007690594966,0.009757069308278864,184.13454478858043,0.22406056594999418,0.21883482141479016,0.28009549809095785,0.20169642854080352,0.35923007690594966,0.2380419023660592,LOW-COMPLEXITY,Low
149,745.0,750.0,0.0,2.0,4.0,54.68560791015625,103.71390228271484,14.072875,0.18,0.2,0.2,1.0,0.08749999995624999,0.42999999999999994,0.376,0.36734978682477826,0.030437070397603485,283.63582344197204,0.3253655466453078,0.35256624999310937,0.3290304214889549,0.29392499998468746,0.36734978682477826,0.3499059741375935,SPARSE-EXTREME,Moderate
150,750.0,755.0,3.0,6.0,7.0,69.03792572021484,119.83376464843751,30.29856597222222,0.31511904761904763,0.2,0.11666666666666667,0.1,0.49999999997083333,0.20666666666666667,0.117606103286385,0.29771980519005786,0.0647902866285403,342.2988411836174,0.22516654077970977,0.2141253215916504,0.3133765066563335,0.2826151643090405,0.29771980519005786,0.21714267858168157,BURST-DOMINATED,Moderate
151,755.0,760.0,0.0,1.0,2.0,83.84591674804688,87.73025360107422,14.861048611111112,0.14,0.1,0.1,1.0,0.08749999991249999,0.42999999999999994,0.3787,0.4338367204106496,0.030703756535947712,384.3897925786043,0.29309888536501366,0.3537407499862187,0.3858600931074655,0.2947349999693749,0.4338367204106496,0.3374462951674573,LOW-COMPLEXITY,Moderate
152,760.0,765.0,1.0,2.0,3.760000000000005,82.45932006835938,84.85355987548829,16.161777777777782,0.21117872340425517,0.2,0.18800000000000025,0.10638297872340412,0.4999999999125,0.18999999999999997,0.12389802213537363,0.44701837987120285,0.029735382352941177,355.0148153506914,0.3038038021751769,0.21007063961510625,0.39108262758696355,0.27866940660998707,0.44701837987120285,0.24311092909553098,BURST-DOMINATED,Moderate
153,765.0,770.0,1.0,2.0,4.0,77.2358627319336,82.87321319580079,13.069343749999998,0.255,0.2,0.2,0.125,0.456249999934375,0.23666666666666666,0.30144808175740456,0.409618539800167,0.02709009558823529,307.4482117393263,0.26828894309029566,0.2994309572208017,0.40633522457355037,0.33295525783758595,0.409618539800167,0.2783410441261261,SPARSE-EXTREME,Moderate
154,770.0,775.0,1.0,4.0,6.0,73.58855438232422,77.2912841796875,13.453749999999998,0.25333333333333335,0.4,0.3,0.1,0.22812499998359376,0.5449999999999999,0.22193076923076926,0.37814755015690504,0.0220279026416122,220.259394496959,0.22261375148263596,0.35455707211280063,0.36892456916998373,0.33717298076348856,0.37814755015690504,0.3154332027962014,SPARSE-EXTREME,Moderate
155,775.0,780.0,1.0,2.0,4.0,78.39090728759766,79.51863403320313,10.688666666666666,0.255,0.2,0.2,0.1,0.456249999934375,0.23666666666666666,0.18160476190476166,0.4182750049572972,0.016626176062091498,291.0571920172022,0.2662856365281122,0.24729911308490204,0.3877519494515994,0.2970022618817931,0.4182750049572972,0.2506946302851725,SPARSE-EXTREME,Moderate
156,780.0,785.0,1.0,1.6000000000000085,2.0,97.67048645019531,100.07369995117188,12.88497916666667,0.3674999999999999,0.16000000000000086,0.1,1.0,0.5703124998974579,0.22283333333333344,0.3834407407407407,0.4189664767364479,0.02190343613834423,530.5218113540437,0.27845289826522907,0.3474255242894052,0.4599455871822462,0.3926332638529992,0.4189664767364479,0.30869022990673317,LOW-COMPLEXITY,Moderate
157,785.0,790.0,0.0,1.0,35.960000000000235,80.76529693603516,104.43800659179688,8.124024305555556,0.275,0.1,1.0,0.20022246941045477,0.08749999991249999,0.42999999999999994,0.18314457382745847,0.3404819737806876,0.016708598447712414,542.2292471994382,0.21935365397588774,0.26867413960116315,0.3110223268948705,0.2360683721176125,0.3404819737806876,0.26838583403009536,SPARSE-EXTREME,Moderate
158,790.0,795.0,0.0,1.0,1.0,53.916839599609375,59.948184204101565,3.3361666666666676,0.1325,0.1,0.05,0.2,0.08749999991249999,0.42999999999999994,0.06857142857142857,0.3647141290068766,0.0060141620370370375,271.372971592604,0.21976870277344457,0.21883482141479016,0.29017674641449775,0.20169642854080352,0.3647141290068766,0.23805339466579162,LOW-COMPLEXITY,Low
159,795.0,800.0,1.0,2.0,2.0,67.67591094970703,68.27615509033203,13.009486111111116,0.315,0.2,0.1,1.0,0.4999999999125,0.24999999999999997,0.09846153846153848,0.48225171350488216,0.015716609477124183,849.7025206644163,0.33751504286776113,0.22345576921698798,0.4126894038235671,0.2920384615078365,0.48225171350488216,0.2699051151651393,BURST-DOMINATED,Moderate
160,800.0,805.0,1.0,2.0,2.0,70.72367858886719,72.98275604248047,10.306069444444443,0.365,0.2,0.1,1.0,0.543749999890625,0.162,0.0915888888888889,0.40738671438685303,0.01415253894335512,803.5178367763783,0.2572397050015955,0.1914967916494401,0.38546667583508476,0.2744891666283854,0.40738671438685303,0.21592484377969748,BURST-DOMINATED,Moderate
161,805.0,810.0,1.0,1.0,1.0,76.44883728027344,77.39044342041015,4.72925,0.5325,0.1,0.05,1.0,0.99999999965,0.015,0.08000000000000002,0.4101255621887122,0.008350292619825707,1080.5101103286436,0.2555131729201073,0.19841249994487498,0.45724184399997836,0.37924999987749997,0.4101255621887122,0.20100984131286803,LOW-COMPLEXITY,Moderate
162,810.0,815.0,0.0,1.0,21.520000000000138,38.28449630737305,76.52590942382812,3.094427083333334,0.275,0.1,1.0,0.25092936802973814,0.08749999991249999,0.42999999999999994,0.19498479895881016,0.38617759602389373,0.007000959967320261,336.5200969035652,0.3610716202691451,0.2738246375333011,0.2962006984571941,0.239620439657018,0.38617759602389373,0.32440937543243853,SPARSE-EXTREME,Low
163,815.0,820.0,1.0,1.0,26.08000000000017,44.7235107421875,84.21987457275391,4.487604166666666,0.29417177914110415,0.1,1.0,0.14570552147239169,0.9124999997375001,0.2583333333333333,0.16739939549371033,0.3756192617064461,0.008405962282135075,491.9718901293225,0.333308440792496,0.32180832033175355,0.4440246814364787,0.46001148522290475,0.3756192617064461,0.31785128612979385,SPARSE-EXTREME,Moderate
164,820.0,825.0,1.0,3.0,3.0,115.63899230957031,121.74102783203125,18.135135416666667,0.2975,0.3,0.15,1.0,0.36249999995138893,0.307,0.13288691588785045,0.4129571538782979,0.04106705024509804,962.6779905998022,0.2701146511064011,0.2400020584035587,0.3770689479792365,0.27419107474934123,0.4129571538782979,0.26047520625953635,BURST-DOMINATED,Moderate
165,825.0,830.0,1.0,2.0,3.0,115.39659118652344,118.05747833251954,15.981260416666666,0.2891666666666667,0.2,0.15,0.1,0.543749999890625,0.236,0.10434782608695653,0.3997586307475944,0.027804985430283223,994.2867174994643,0.24335160184306,0.22720192933059952,0.39567606670644195,0.30421684778780567,0.3997586307475944,0.23487494049492957,BURST-DOMINATED,Moderate
166,830.0,835.0,3.0,4.0,4.0,74.38711547851562,119.41652069091798,26.943461805555557,0.4683333333333333,0.13333333333333333,0.06666666666666667,1.0,0.749999999934375,0.15,0.08320000000000001,0.41491991808663437,0.03415841258169935,1083.8134275944801,0.36205235862606,0.21544199998966407,0.3988000679894359,0.33995999997703125,0.41491991808663437,0.26685622358767397,LOW-COMPLEXITY,Moderate
167,835.0,840.0,2.0,3.0,4.0,79.37702941894531,86.4652603149414,22.415590277777778,0.3358333333333333,0.15,0.1,1.0,0.6374999999319444,0.1225,0.41116341463414613,0.38202893002602,0.03670092510893247,381.1385831508693,0.24104365492366386,0.3291810853551348,0.4443790949575424,0.3893490243664244,0.38202893002602,0.27284679038558873,LOW-COMPLEXITY,Moderate
168,840.0,845.0,3.0,13.0,14.0,94.07405090332031,96.97574157714844,34.666930555555545,0.3273992673992674,0.4333333333333333,0.23333333333333334,0.5071428571428571,0.28461538460502955,0.3944358974358974,0.4603075363215362,0.402197857921363,0.06306738902505447,733.0139782781359,0.25183494819025903,0.4057933295802886,0.4373551067831425,0.37576020961078527,0.402197857921363,0.3460974017960934,SPARSE-EXTREME,Moderate
169,845.0,850.0,12.0,21.0,22.0,95.453857421875,98.55102844238282,41.162510416666656,0.4207034632034632,0.175,0.09166666666666666,0.1,0.5505952380867063,0.19942275747508303,0.09185411257412547,0.3812269654455651,0.07167745111655775,1097.0989799427862,0.2221625263685215,0.20794006263949716,0.38571678708680845,0.2900625322188639,0.3812269654455651,0.214409203558142,LOW-COMPLEXITY,Moderate
170,850.0,855.0,2.0,6.0,8.0,103.94210052490234,122.47532958984375,23.285996527777773,0.2966666666666667,0.3,0.2,0.1,0.33333333331388887,0.34500000000000003,0.12890805625234747,0.35656741042730417,0.05239579765795208,818.2731204699401,0.22401827042609665,0.24916250446670865,0.3499529693912983,0.2760890835355653,0.35656741042730417,0.2509370303310288,SPARSE-EXTREME,Moderate
171,855.0,860.0,2.0,5.0,8.0,105.1187515258789,122.39614868164062,24.865347222222223,0.27749999999999997,0.25,0.2,0.9,0.4174999999685,0.25305555555555553,0.5495437415182516,0.36837090078035406,0.0514445029956427,821.3025968142865,0.24134884501175233,0.40792791644436704,0.44326190452103864,0.3995575668888949,0.36837090078035406,0.32941881400977785,SPARSE-EXTREME,Moderate
172,860.0,865.0,1.0,2.0,4.0,66.1688003540039,71.31287689208985,16.400149305555555,0.255,0.2,0.2,0.1,0.543749999890625,0.162,0.2383578897420942,0.3871392121399291,0.025385518790849673,280.85143424539046,0.24000385015201764,0.2553413070205844,0.39212644315700446,0.31851986688434697,0.3871392121399291,0.23671506060729225,SPARSE-EXTREME,Moderate
173,865.0,870.0,1.0,2.0,3.0,66.15435028076172,68.90208282470704,14.013506944444442,0.2891666666666667,0.2,0.15,0.1,0.456249999934375,0.23666666666666666,0.14564117647058827,0.40270474080000035,0.021580857026143794,283.412620011085,0.25230122203620425,0.23165495342103662,0.3733964678155938,0.286213186251541,0.40270474080000035,0.23717603269081478,BURST-DOMINATED,Moderate
174,870.0,875.0,1.0,2.0,3.0,65.0338363647461,72.39449768066406,17.162031249999995,0.2891666666666667,0.2,0.15,0.1,0.543749999890625,0.236,0.22354704915003162,0.368253771301212,0.026281349264705885,277.6164102060012,0.22440579689828716,0.2790535913630372,0.3900175573702976,0.33997661470672824,0.368253771301212,0.24917765807594947,BURST-DOMINATED,Moderate
175,875.0,880.0,0.0,1.0,1.0,66.7912826538086,69.44329986572265,9.942628472222223,0.0325,0.1,0.05,0.1,0.0,0.15,0.04571428571428573,0.41289083921908065,0.014491577886710238,349.3737892619377,0.26664321833438537,0.08101071428571428,0.2603599204391941,0.06621428571428571,0.41289083921908065,0.16558201437328332,LOW-COMPLEXITY,Low
176,880.0,885.0,6.0,10.600000000000009,12.760000000000005,75.43280792236328,80.6074691772461,40.537506944444445,0.3329622335916089,0.1766666666666668,0.10633333333333336,0.7366771159874606,0.5660377358303662,0.1602984496124034,0.5202798609282271,0.386828477184904,0.061723977532679726,216.1953394721051,0.23987615163040665,0.38079430111411583,0.4513771787722616,0.41030162318343744,0.386828477184904,0.29932956063160376,LOW-COMPLEXITY,Moderate
177,885.0,890.0,5.0,8.600000000000009,11.760000000000005,87.08627319335938,91.75776977539063,36.03592013888888,0.29648084796709373,0.17200000000000018,0.11760000000000007,0.4081632653061223,0.5813953488135473,0.18501860465116277,0.4894820563552125,0.40782017175509216,0.05744216979847494,410.84908223473604,0.2681833969052389,0.37988954334799996,0.47006660657138416,0.41508950061921224,0.40782017175509216,0.31633692742990344,LOW-COMPLEXITY,Moderate
178,890.0,895.0,3.0,4.0,6.0,70.87989044189453,77.86533966064454,27.25039236111111,0.32333333333333336,0.13333333333333333,0.1,0.95,0.7281249999398438,0.15636363636363634,0.5514002715531053,0.363523630268979,0.04731526783769063,231.60970731678373,0.21477733127605128,0.41825698743430806,0.48009566256955916,0.4749911041721496,0.363523630268979,0.30634218979400146,LOW-COMPLEXITY,Moderate
179,895.0,900.0,2.0,2.0,3.0,80.38372039794922,86.4694320678711,24.661802083333335,0.3695833333333333,0.1,0.075,0.1,0.999999999825,0.2,0.096,0.3763483952101939,0.038317335375817003,331.10238993921325,0.2268712804051369,0.2807599999724375,0.45888391254054994,0.44879999993874997,0.3763483952101939,0.24435791078921243,LOW-COMPLEXITY,Moderate
180,900.0,905.0,3.0,6.0,7.0,115.55133819580078,122.89210052490235,31.48284375,0.3317857142857143,0.2,0.11666666666666667,1.0,0.5145833333017361,0.25115384615384617,0.49496738715173216,0.4312323524858125,0.05747333020152505,1056.4714779258388,0.292956936669795,0.3987028807137192,0.47879916194804384,0.41649822895497346,0.4312323524858125,0.34328365650648107,BURST-DOMINATED,Moderate
181,905.0,910.0,2.0,4.0,46.80000000000028,113.2734375,155.84209594726562,29.725885416666664,0.27136752136752124,0.2,1.0,0.1538461538461529,0.5437499999453125,0.204,0.16624598130802581,0.3825797307969086,0.054624641339869294,1708.2164941359786,0.29001697330989346,0.2410876268603779,0.38289200455168315,0.31158629437326707,0.3825797307969086,0.25931265274501253,SPARSE-EXTREME,Moderate
182,910.0,915.0,1.0,1.0,2.0,149.3735809326172,155.71333923339844,21.331194444444442,0.29000000000000004,0.1,0.1,1.0,0.99999999965,0.015,0.3866666666666667,0.4559889624084295,0.04062229193899782,2503.6462817540696,0.32459365207913204,0.331812499944875,0.5338759630601732,0.47124999987749994,0.4559889624084295,0.2969061725085192,LOW-COMPLEXITY,High
183,915.0,920.0,1.0,1.0,1.0,143.4805145263672,146.7513214111328,11.86560763888889,0.6325,0.1,0.05,1.0,0.9124999997375001,0.2583333333333333,0.08000000000000002,0.41549288855739686,0.02181357529956427,1889.14733834444,0.27047653708881997,0.2837895832919896,0.4706482931307605,0.4337916665747917,0.41549288855739686,0.2726752823341603,LOW-COMPLEXITY,Moderate
184,920.0,925.0,1.0,1.0,1.0,129.11587524414062,132.6055419921875,11.522336805555556,0.5325,0.1,0.05,1.0,0.99999999965,0.015,0.08000000000000002,0.40531857140603245,0.019154798066448802,1686.0350876452203,0.25557263492707544,0.19841249994487498,0.45486872353898555,0.37924999987749997,0.40531857140603245,0.20141072785067454,LOW-COMPLEXITY,Moderate
185,925.0,930.0,1.0,2.0,2.0,114.539794921875,136.34818420410156,18.42640625,0.365,0.2,0.1,1.0,0.543749999890625,0.236,0.0888888888888889,0.448026517204446,0.03084444185729847,1649.10068628519,0.34730088761815286,0.2204772916494401,0.40003680305672873,0.2995791666283854,0.448026517204446,0.27399002891115337,BURST-DOMINATED,Moderate
186,930.0,935.0,2.0,3.0,50.12000000000032,133.65025329589844,138.87874755859374,29.599625,0.20745211492418184,0.15,1.0,0.1336791699920183,0.6666666665888888,0.2075,0.16298789344826342,0.4053480668500289,0.05313994444444444,2312.018537143225,0.25302768347445287,0.2604559836377446,0.429968635562064,0.35485470134059016,0.4053480668500289,0.2519890314886811,SPARSE-EXTREME,Moderate
187,935.0,940.0,2.0,3.0,39.72000000000024,130.03370666503906,141.72073364257812,21.007302083333332,0.24495956696878218,0.15,0.993000000000006,0.14350453172205352,0.6374999999319444,0.1225,0.1940910543787831,0.3791538759179869,0.03492160539215687,2414.3792356915383,0.2313610662345432,0.2347546086440519,0.4077046482140336,0.32422731628981544,0.3791538759179869,0.22332734916950409,SPARSE-EXTREME,Moderate
188,940.0,945.0,3.0,3.0,4.0,119.78369903564453,125.01464538574218,24.45888888888889,0.4766666666666667,0.1,0.06666666666666667,1.0,0.9416666665694444,0.22099999999999997,0.5530524059045173,0.3872119150781413,0.03946171173747277,1534.6225016959781,0.23239571113075447,0.47894779655315245,0.5576098272372817,0.5728490550706606,0.3872119150781413,0.35276617721456804,LOW-COMPLEXITY,High
189,945.0,950.0,2.0,4.0,46.28000000000027,85.75408172607422,118.94397583007813,23.055375,0.24660760587726868,0.2,1.0,0.16205704407951504,0.5218749999507812,0.21333333333333332,0.5432141636318848,0.4098905675827134,0.03615462949346405,621.8871430724951,0.3214491748414323,0.4054268070054512,0.45788430014166315,0.4202871657390055,0.4098905675827134,0.35332690845273595,SPARSE-EXTREME,Moderate
190,950.0,955.0,2.0,2.0,44.80000000000028,89.65281677246094,110.32887420654296,20.001288194444445,0.24732142857142841,0.1,1.0,0.1607142857142847,0.956249999846875,0.20500000000000002,0.4784630150497947,0.3390931793415906,0.03061040359477124,728.064174697092,0.21012513273317637,0.44227828652254353,0.5161498869146957,0.5499764044613447,0.3390931793415906,0.32396118420880315,SPARSE-EXTREME,High
191,955.0,960.0,1.0,2.0,3.0,82.01036834716797,89.18739013671875,21.15932986111111,0.2891666666666667,0.2,0.15,1.0,0.543749999890625,0.236,0.38704782608695654,0.37369151697467523,0.03200584327342047,433.1482879818607,0.22631280475618493,0.35017642933059956,0.4357888870364994,0.3890268477878057,0.37369151697467523,0.28931680751024186,BURST-DOMINATED,Moderate
192,960.0,965.0,2.0,3.0,3.760000000000005,74.07725524902344,76.99615936279297,21.80564930555556,0.3508907801418436,0.15,0.09400000000000013,0.10638297872340412,0.6958333332458333,0.10472222222222222,0.10515206375774744,0.3927584803343417,0.028755799836601308,564.4143400143478,0.2387603827739075,0.19800920327639443,0.40658974588044094,0.31174006354114364,0.3927584803343417,0.2054503474807403,LOW-COMPLEXITY,Moderate
193,965.0,970.0,1.0,2.0,4.0,87.33387756347656,89.07888793945312,14.997034722222223,0.255,0.2,0.2,1.0,0.543749999890625,0.236,0.6305588048597259,0.45019102006984424,0.021681175517429197,516.977481554789,0.30230889705696634,0.45610370509675424,0.5161224363773685,0.4620801414196365,0.45019102006984424,0.37283336697205993,HEAVY-TAIL-RISK,High
194,970.0,975.0,1.0,2.0,3.0,85.03759765625,85.94840850830079,15.225701388888888,0.2891666666666667,0.2,0.15,0.1,0.543749999890625,0.236,0.10434782608695653,0.4121765159865558,0.02001766339869281,475.8225533963145,0.25798584552152876,0.22720192933059952,0.39920432020273044,0.30421684778780567,0.4121765159865558,0.24032247974812457,BURST-DOMINATED,Moderate
195,975.0,980.0,1.0,1.0,2.0,84.39720153808594,85.14738006591797,10.659895833333335,0.29000000000000004,0.1,0.1,0.1,0.99999999965,0.235,0.10666666666666667,0.40314961926046616,0.014862669798474943,470.4138280824027,0.2437701552640198,0.29966249994487504,0.4859490510696878,0.46424999987749993,0.40314961926046616,0.26592984069128406,LOW-COMPLEXITY,Moderate
196,980.0,985.0,1.0,5.0,10.0,84.16497802734375,86.39123840332032,19.993982638888887,0.29000000000000004,0.5,0.5,0.11000000000000001,0.234999999979,0.4116666666666667,0.2710321679870262,0.4370905826474706,0.028062520152505446,440.51743458508673,0.28848735749284465,0.32266565973771555,0.39717176593668657,0.3076429837220912,0.4370905826474706,0.31755264302711556,SPARSE-EXTREME,Moderate
197,985.0,990.0,1.0,2.0,3.0,82.90233612060547,83.50448608398438,13.760149305555554,0.2891666666666667,0.2,0.15,0.1,0.543749999890625,0.236,0.10434782608695653,0.43489553216547966,0.0186531802832244,457.27531917068984,0.2823859703664131,0.22720192933059952,0.4048877330345425,0.30421684778780567,0.43489553216547966,0.24883198261697,BURST-DOMINATED,Moderate
198,990.0,995.0,1.0,2.0,24.280000000000143,124.17813110351562,125.15299072265626,22.127854166666665,0.2705930807248763,0.2,1.0,0.3253706754530459,0.543749999890625,0.236,0.575137554342612,0.4312061898212483,0.03359397875816994,4187.546515274969,0.2892625667157561,0.43199546112180964,0.5006421473614103,0.44545376626450234,0.4312061898212483,0.3573251206304514,SPARSE-EXTREME,High
199,995.0,1000.0,2.0,2.0,39.480000000000246,107.44890594482422,115.47964630126953,19.950125000000003,0.29837928064843033,0.1,0.9870000000000061,0.22289766970617894,0.91249999986875,0.2583333333333333,0.18853303748401973,0.38623318173964466,0.03192240577342048,1423.396992816549,0.24224079730695808,0.33100145461821,0.47979699197072057,0.46635157786593506,0.38623318173964466,0.28535433936425636,SPARSE-EXTREME,Moderate
200,1000.0,1005.0,1.0,2.0,2.760000000000005,102.85676574707031,117.55252838134766,13.499458333333333,0.2518594202898548,0.2,0.13800000000000026,1.0,0.4999999999125,0.24999999999999997,0.39012468827930186,0.4396249396077172,0.020032492783224397,1358.9634542781532,0.32654798538982205,0.350329239387715,0.4527076029932091,0.37953740645316547,0.4396249396077172,0.3328341220825002,BURST-DOMINATED,Moderate
201,1005.0,1010.0,2.0,9.600000000000009,12.760000000000005,68.85095977783203,102.80890655517578,28.654152777777778,0.29830323928944624,0.4800000000000004,0.3190000000000001,0.4231974921630092,0.23567708332288934,0.5580253699788589,0.40676701110824076,0.36682457124206214,0.0399451526416122,404.2194091696034,0.2879341264101215,0.44145812872182477,0.3941962925846384,0.39982596198808407,0.36682457124206214,0.39075101696011943,SPARSE-EXTREME,Moderate
202,1010.0,1015.0,4.0,8.0,12.760000000000005,66.07263946533203,104.56424865722656,35.47945833333333,0.26816481191222563,0.2,0.15950000000000006,0.43887147335423177,0.5109374999767579,0.1933893557422969,0.47900613340756687,0.44342407830028163,0.049261903594771235,471.0031329631646,0.39617814469995805,0.3676464867436169,0.44500866617742474,0.3902162395239392,0.44342407830028163,0.3631843448837165,BURST-DOMINATED,Moderate
203,1015.0,1020.0,1.0,2.0,2.0,100.8929214477539,103.56207427978515,21.713711805555562,0.365,0.2,0.1,1.0,0.543749999890625,0.236,0.0915888888888889,0.3982197016875993,0.035387752723311544,1644.1840722655977,0.24331350289901668,0.2216517916494401,0.39324753226094733,0.3003891666283854,0.3982197016875993,0.2324767956522734,BURST-DOMINATED,Moderate
204,1020.0,1025.0,1.0,1.0,1.0,99.22447204589844,103.1359146118164,11.411743055555556,0.5325,0.1,0.05,1.0,0.99999999965,0.20699999999999996,0.08000000000000002,0.40793945870879433,0.017938639025054468,1361.402593042642,0.25985022420997095,0.276652499944875,0.4790001440183006,0.4464499998775,0.40793945870879433,0.2593402978341921,LOW-COMPLEXITY,Moderate
205,1025.0,1030.0,1.0,1.0,2.0,101.86077880859375,102.74812927246094,15.33175,0.29000000000000004,0.1,0.1,1.0,0.99999999965,0.015,0.6536457660669965,0.398557620909899,0.023934083061002174,1432.7607573815992,0.2377174349573226,0.4479484081840185,0.5694715755687932,0.5513437296975989,0.398557620909899,0.32033122861031366,HEAVY-TAIL-RISK,High
206,1030.0,1035.0,1.0,2.0,3.0,112.31045532226562,113.54116668701172,16.895333333333337,0.2891666666666667,0.2,0.15,1.0,0.543749999890625,0.236,0.38434782608695656,0.4254348306546792,0.024106168709150326,1841.038774846083,0.2756034960660764,0.34900192933059954,0.46109624177947495,0.3882168477878057,0.4254348306546792,0.3094788989052281,BURST-DOMINATED,Moderate
207,1035.0,1040.0,2.0,3.0,41.24000000000025,110.69210815429688,128.44658203125,22.772701388888887,0.24508163595214985,0.15,1.0,0.16246362754607077,0.6374999999319444,0.1225,0.4565405167702209,0.43404840978796155,0.03693736369825708,1711.9568871051963,0.323907969034727,0.3489201247843273,0.4750313174077335,0.40296215500724675,0.43404840978796155,0.31880892067861294,SPARSE-EXTREME,Moderate
208,1040.0,1045.0,4.0,5.0,5.760000000000005,118.55487823486328,126.49165802001953,31.58564236111111,0.409272222222222,0.125,0.07200000000000006,1.0,0.7824999999475,0.1750833333333333,0.4638768754301446,0.41403742746996314,0.047215290032679734,1853.799711829143,0.27105565368768286,0.39637664913717746,0.5097467701842882,0.474317229277335,0.41403742746996314,0.32378220418870657,LOW-COMPLEXITY,High
209,1045.0,1050.0,2.0,2.6000000000000085,41.480000000000246,100.61591339111328,113.28720397949219,18.910263888888895,0.2450695423188189,0.13000000000000042,1.0,0.20491803278688403,0.7355769229863142,0.1329999999999996,0.2399711650764651,0.4114136332812271,0.025911890795206973,1264.6504249547709,0.2805772526612021,0.2744383221786066,0.4450029535104626,0.3759932725681493,0.4114136332812271,0.2624319265004258,SPARSE-EXTREME,Moderate
210,1050.0,1055.0,3.0,5.0,10.760000000000005,64.40755462646484,116.2729736328125,26.44809027777778,0.2679718711276331,0.16666666666666669,0.1793333333333334,0.5762081784386615,0.5824999999615,0.14681818181818182,0.5250123486773677,0.33887975673521614,0.03655477478213508,932.4176614524624,0.2786502308061491,0.3799525307595003,0.42746467369315244,0.41276506822609893,0.33887975673521614,0.31967420976802446,LOW-COMPLEXITY,Moderate
211,1055.0,1060.0,2.0,3.0,4.0,90.39214324951172,105.55442657470704,20.254125,0.3358333333333333,0.15,0.1,1.0,0.6374999999319444,0.1225,0.3841634146341463,0.36152744180578994,0.029807239379084968,1153.198063838579,0.22891467033210433,0.3174360853551349,0.43419406793683646,0.3812490243664244,0.36152744180578994,0.26429291068761934,LOW-COMPLEXITY,Moderate
212,1060.0,1065.0,1.0,3.0,3.0,129.07424926757812,130.88170166015624,19.55895486111111,0.2975,0.3,0.15,1.0,0.36249999995138893,0.307,0.10288691588785047,0.43972652764590436,0.02975063126361656,2072.798297595641,0.29088661614657,0.2269520584035587,0.38181004094136095,0.2651910747493412,0.43972652764590436,0.2613282278744628,BURST-DOMINATED,Moderate
213,1065.0,1070.0,2.0,6.0,17.280000000000015,124.44805908203125,129.5449951171875,27.925920138888888,0.23100370370370368,0.3,0.4320000000000004,0.3298611111111108,0.33333333331388887,0.39,0.49675206056611876,0.39694700191366267,0.04398251034858387,2045.3960113004478,0.24540349935035138,0.4275121463431991,0.4505710623838789,0.4021922848296967,0.39694700191366267,0.35317768011603545,SPARSE-EXTREME,Moderate
214,1070.0,1075.0,1.0,1.0,51.92000000000034,126.15403747558594,129.20301208496093,13.324677083333334,0.18463020030816635,0.1,1.0,0.1367488443759621,0.99999999965,0.015,0.16746832017241198,0.42767384634234085,0.021458196895424837,1895.5038818175258,0.28366946090890827,0.2364612192198742,0.4800317621829011,0.40549049592922354,0.42767384634234085,0.2317976336587461,SPARSE-EXTREME,Moderate
215,1075.0,1080.0,2.0,3.0,3.0,142.75564575195312,147.44342651367188,23.544579861111117,0.4487499999999999,0.15,0.075,1.0,0.6666666665888888,0.11249999999999999,0.08470588235294119,0.4135104862951101,0.04112055787037037,2101.2660475035764,0.27456408672654864,0.18769080881127942,0.4038701303558263,0.29812009801199346,0.4135104862951101,0.21608984976697718,LOW-COMPLEXITY,Moderate
216,1080.0,1085.0,2.0,3.0,47.040000000000276,119.34467315673828,123.22683563232422,22.878774305555552,0.24209183673469375,0.15,1.0,0.1360544217687067,0.6374999999319444,0.1225,0.4590863726121449,0.4151639270362936,0.039673157952069715,1468.9382062359375,0.2631747919111385,0.35002757207556423,0.4754912578265814,0.403725911759824,0.4151639270362936,0.29370631032762107,SPARSE-EXTREME,Moderate
217,1085.0,1090.0,1.0,1.0,43.80000000000028,112.45198059082031,145.51328125,14.953368055555558,0.18641552511415516,0.1,1.0,0.1484018264840173,0.99999999965,0.015,0.17029773030675183,0.4832080507996389,0.022525405637254903,1415.738648884879,0.4065214138808874,0.23769201262831202,0.48168001734882593,0.40633931896952546,0.4832080507996389,0.28034135985863584,SPARSE-EXTREME,Moderate
218,1090.0,1095.0,1.0,1.0,36.20000000000023,111.32965087890625,146.09481201171874,9.279229166666665,0.28881215469613253,0.1,1.0,0.24309392265193214,0.9124999997375001,0.2583333333333333,0.19690347018455726,0.4328413969933773,0.015219048883442266,1372.8937559812737,0.34776835896399283,0.33464259282227193,0.4859896007162513,0.4688627076301588,0.4328413969933773,0.32988904434535693,SPARSE-EXTREME,Moderate
219,1095.0,1100.0,0.0,1.0,35.920000000000215,121.1430892944336,121.52850341796875,7.9473819444444445,0.175,0.1,1.0,0.19766146993318368,0.0,0.15,0.6167176433489023,0.45537451129097306,0.013168856209150327,1074.0646955114955,0.31083192435983753,0.32939717485677256,0.3989273938994734,0.2375152930046707,0.45537451129097306,0.31120456872432656,HEAVY-TAIL-RISK,Moderate
220,1100.0,1105.0,1.0,4.0,45.480000000000246,104.6069564819336,106.18997344970703,19.484708333333337,0.3109938434476692,0.4,1.0,0.12752858399296324,0.29374999996718754,0.35,0.3544386307019411,0.4377032846336736,0.029892834831154683,960.8528038649514,0.2943980738565373,0.34307142935017637,0.42292893729770464,0.33164408919909794,0.4377032846336736,0.326464138429338,SPARSE-EXTREME,Moderate
221,1105.0,1110.0,1.0,5.0,9.760000000000005,123.50775909423828,128.76312561035155,12.983923611111111,0.26942950819672135,0.5,0.48800000000000027,0.5020491803278686,0.1824999999895,0.595,0.6753181162969912,0.4611720301210326,0.019591311546840958,1849.9161469969313,0.3267210794740805,0.5649696305875375,0.5006250138686159,0.47472043488542237,0.4611720301210326,0.47333400450534635,HEAVY-TAIL-RISK,High
222,1110.0,1115.0,1.0,2.0,45.80000000000028,129.4039764404297,129.99026184082032,14.380215277777777,0.21091703056768552,0.2,1.0,0.1397379912663747,0.4999999999125,0.18999999999999997,0.510162667849553,0.470624196722312,0.021412488970588235,2321.5676555518075,0.3208357101079725,0.3780957605007743,0.48473277204859677,0.3945488003242409,0.470624196722312,0.33644267626785007,SPARSE-EXTREME,Moderate
223,1115.0,1120.0,1.0,2.0,2.0,91.67427825927734,100.46155700683593,14.8974375,0.365,0.2,0.1,1.0,0.543749999890625,0.236,0.0888888888888889,0.37566936725271666,0.024681896922657955,756.2152995212211,0.23217138378083962,0.2204772916494401,0.3794448740603339,0.2995791666283854,0.37566936725271666,0.2273073893316908,BURST-DOMINATED,Moderate
224,1120.0,1125.0,0.0,1.0,2.0,112.40052032470703,114.17225036621093,8.237079861111111,0.14,0.1,0.1,1.0,0.08749999991249999,0.42999999999999994,0.376,0.4118783826697092,0.01371898420479303,1248.60104288988,0.2601360509657949,0.3525662499862187,0.38786659426385084,0.29392499996937493,0.4118783826697092,0.32675173780781785,LOW-COMPLEXITY,Moderate
225,1125.0,1130.0,9.0,12.0,42.880000000000194,125.96400451660156,133.09534912109376,40.71957986111111,0.24901069651741264,0.13333333333333333,0.2382222222222233,0.18656716417910363,0.7135416666478299,0.17889400921658985,0.16156050648699594,0.39715661538653724,0.07109108020152505,1344.626514227102,0.2532243866843472,0.25556094157463677,0.4321524862551438,0.36082063849864565,0.39715661538653724,0.24753398796203646,SPARSE-EXTREME,Moderate
226,1130.0,1135.0,3.0,6.0,8.760000000000005,126.95377349853516,128.67383422851563,28.401961805555555,0.2931328767123287,0.2,0.14600000000000007,1.0,0.5145833333017361,0.25115384615384617,0.5362204361115623,0.5090806998211581,0.037908948393246183,2236.467603890413,0.3764662893794577,0.41664795701124535,0.5136919500822077,0.42887414364292253,0.5090806998211581,0.3839766792184079,BURST-DOMINATED,High
227,1135.0,1140.0,5.0,7.0,8.0,67.8529281616211,87.43703765869141,33.64557638888887,0.38807142857142857,0.13999999999999999,0.08,0.8875,0.71428571425,0.097,0.41584754098360643,0.4740902860590547,0.04380188180827887,429.74812454956856,0.39188244124711774,0.33292118032224377,0.4784831986741793,0.4087042622825819,0.4740902860590547,0.3315148997922989,LOW-COMPLEXITY,Moderate
228,1140.0,1145.0,2.0,5.0,27.280000000000143,85.48909759521484,114.66890563964844,16.971635416666665,0.26145689149560153,0.25,0.6820000000000036,0.21260997067448567,0.4174999999685,0.2969444444444444,0.18078825977291405,0.4505655548030144,0.021860525326797383,2151.907074873085,0.37615666749186355,0.2654040041073674,0.3924346280414803,0.3042920334764047,0.4505655548030144,0.3141434149367445,SPARSE-EXTREME,Moderate
229,1145.0,1150.0,1.0,6.6000000000000085,9.0,111.07694244384766,123.6361312866211,16.943809027777778,0.30320707070707087,0.6600000000000008,0.45,0.6888888888888889,0.16477272726268344,0.5626000000000005,0.562907363520948,0.4634628809630915,0.023303252042483662,2616.5094910050593,0.35246015044991696,0.5000759076754853,0.4692632290431308,0.42345266359822376,0.4634628809630915,0.4496925896774237,SPARSE-EXTREME,Moderate
230,1150.0,1155.0,1.0,5.0,8.0,80.51837158203125,122.2398452758789,24.377784722222227,0.2875,0.5,0.4,0.7875,0.234999999979,0.4116666666666667,0.5757429830929284,0.3473019476380909,0.02960686002178649,1573.959303427452,0.2615601266359242,0.455214864308783,0.41125020906184495,0.39905622825386183,0.3473019476380909,0.37717026371069107,SPARSE-EXTREME,Moderate
231,1155.0,1160.0,2.0,4.6000000000000085,68.32000000000042,104.98316192626953,105.7962631225586,20.040628472222224,0.26561526321148554,0.23000000000000043,1.0,0.1288056206088985,0.43478260866257007,0.2791666666666674,0.35044991795896185,0.4706266180695495,0.027357126089324616,1973.7114300963478,0.331820158587139,0.33468439184317017,0.45230501173422755,0.35501722175292166,0.4706266180695495,0.3289193332436729,SPARSE-EXTREME,Moderate
232,1160.0,1165.0,2.0,9.0,10.0,95.10536193847656,95.73737487792968,30.059649305555553,0.3388888888888889,0.45,0.25,0.86,0.2805555555404321,0.48,0.38810810810810814,0.4259474303841785,0.03674172930283224,1986.1193434702602,0.27767166494126494,0.4086145270246451,0.44083979925585903,0.38262687687158364,0.4259474303841785,0.3648591208303547,SPARSE-EXTREME,Moderate
233,1165.0,1170.0,6.0,9.0,11.0,96.89086151123047,101.36898498535156,39.88753472222223,0.34619949494949487,0.15,0.09166666666666666,0.33636363636363636,0.6666666666407407,0.14059523809523808,0.4386288097886541,0.40719433199250177,0.0509299579248366,1585.4930018846374,0.2594815986026504,0.35309609177779067,0.47727286421201864,0.4141303095941888,0.40719433199250177,0.29593084976951395,LOW-COMPLEXITY,Moderate
234,1170.0,1175.0,0.0,5.0,7.760000000000005,49.14617156982422,93.28528594970703,20.557079861111113,0.18320000000000003,0.5,0.38800000000000023,1.0,0.0,0.15,0.34128331688055286,0.41550539542918885,0.029819169526143788,594.9003030171101,0.3895255052371036,0.20958324284304047,0.2955502498106851,0.15488499506416586,0.41550539542918885,0.28302148872707733,SPARSE-EXTREME,Low
235,1175.0,1180.0,5.0,6.0,7.760000000000005,132.86224365234375,139.43924560546876,30.138680555555556,0.463804948453608,0.12,0.07760000000000004,0.6701030927835048,0.7749999999611111,0.22699999999999998,0.3721458863443597,0.41274711705958167,0.042327337009803914,2409.871679104458,0.2807799705594683,0.37644846055367154,0.4945941668794319,0.46234376588969683,0.41274711705958167,0.3228830473742939,LOW-COMPLEXITY,Moderate
236,1180.0,1185.0,5.0,6.0,7.0,74.62631225585938,131.72435913085937,33.35569097222222,0.43097619047619046,0.12,0.06999999999999999,0.9285714285714286,0.8333333332847224,0.12000000000000001,0.38578988764044947,0.3880148192695672,0.04256672154139434,1882.719724458853,0.34051978642137326,0.3479686011159393,0.46367477528714773,0.44940363294178765,0.3880148192695672,0.3234108428898639,LOW-COMPLEXITY,Moderate
237,1185.0,1190.0,1.0,6.0,49.56000000000029,74.12020111083984,102.02682800292969,17.41650347222222,0.37675544794188853,0.6,1.0,0.27441485068603555,0.19583333331875,0.57,0.4244481800305059,0.327162678076741,0.02573262254901961,1071.6905422783107,0.2187588564199245,0.44775370831097316,0.38940885495853683,0.39537612067071426,0.327162678076741,0.3700490849308408,SPARSE-EXTREME,Moderate
238,1190.0,1195.0,1.0,4.0,21.480000000000118,62.390464782714844,66.48187713623047,13.428982638888888,0.37327746741154544,0.4,1.0,0.28398510242085506,0.29374999996718754,0.38166666666666665,0.20791603332378736,0.3995320634465669,0.0189241670751634,464.6981348628215,0.2523026843618016,0.29223826615734616,0.3795600390300048,0.2987706433189852,0.3995320634465669,0.2857184116449955,SPARSE-EXTREME,Moderate
239,1195.0,1200.0,3.0,5.0,32.60000000000018,65.15866088867188,74.63011169433594,21.403534722222222,0.2091789366053172,0.16666666666666669,0.5433333333333363,0.15030674846625686,0.599999999958,0.13833333333333334,0.17690310621738656,0.39083396983453966,0.027652168572984748,1062.188122032005,0.26101675165417737,0.22782368453128146,0.3995842486718414,0.3114875985171826,0.39083396983453966,0.2337731696695395,SPARSE-EXTREME,Moderate
240,1200.0,1205.0,1.0,7.0,7.760000000000005,61.64248275756836,99.70719909667969,16.77498611111111,0.3404901325478645,0.7,0.38800000000000023,0.7345360824742263,0.18035714284464285,0.495,0.41331469212645505,0.3953466936489045,0.025701462418300652,930.4169934118441,0.3363968423341338,0.4099106410730392,0.391779846766385,0.3603694076335615,0.3953466936489045,0.3922318979420438,SPARSE-EXTREME,Moderate
241,1205.0,1210.0,4.0,9.0,48.52000000000001,83.74560546875,91.17256164550781,34.153805555555564,0.25511178208298985,0.225,0.6065000000000002,0.11541632316570485,0.4638888888694444,0.22902777777777777,0.37586792997926227,0.3942562650148412,0.05068583306100218,940.1876322997266,0.24913369798975724,0.329893868982361,0.42763809657009044,0.3552812123203064,0.3942562650148412,0.28931325048203377,SPARSE-EXTREME,Moderate
242,1210.0,1215.0,5.0,6.0,6.0,68.78326416015625,75.77872161865234,31.64723958333333,0.4723333333333333,0.12,0.06,0.85,0.8187499999538195,0.12221052631578948,0.11722830188679245,0.3749413381977109,0.03956033551198256,543.8586010922779,0.2305269305613375,0.22974822578716547,0.42622387681674245,0.3645046747604008,0.3749413381977109,0.2188433644790671,LOW-COMPLEXITY,Moderate
243,1215.0,1220.0,0.0,6.0,85.4800000000005,72.84174346923828,74.20009765625,19.091760416666663,0.4,0.6,1.0,0.14389330837622752,0.08749999998541666,0.42999999999999994,0.416200054225763,0.4244606326500983,0.027705820125272326,735.006166896114,0.271178821085013,0.37005327358591,0.3996239915180372,0.3059850162626247,0.4244606326500983,0.3392726575451594,SPARSE-EXTREME,Moderate
244,1220.0,1225.0,3.0,12.0,52.520000000000266,74.79923248291016,77.73790588378907,26.09223611111111,0.3431938816958624,0.4,0.8753333333333378,0.19421172886519322,0.27916666665694445,0.40499999999999997,0.17634538854975446,0.437356632089609,0.03239609872004358,1329.111469500852,0.31878671163668615,0.2857164940176119,0.3845619045409938,0.29236194989485687,0.437356632089609,0.31235267266775185,SPARSE-EXTREME,Moderate
245,1225.0,1230.0,1.0,2.0,53.40000000000033,95.04034423828125,114.60832824707032,10.407593749999998,0.20936329588014974,0.2,1.0,0.14419475655430622,0.4999999999125,0.24999999999999997,0.16919637879512597,0.3931989410877331,0.019095698257080608,1070.680686648793,0.27726219808129793,0.25422542476209853,0.3890945424256006,0.31325891360791275,0.3931989410877331,0.26439391043694477,SPARSE-EXTREME,Moderate
246,1230.0,1235.0,3.0,6.0,7.0,54.67867660522461,90.12399749755859,17.810437499999995,0.31511904761904763,0.2,0.11666666666666667,0.8285714285714286,0.49999999997083333,0.20666666666666667,0.5206749722803283,0.44984693295415584,0.023362874863834423,673.5115510787268,0.4096717681261431,0.38946027960401575,0.4530884536191798,0.4035358250072235,0.44984693295415584,0.38072302209996145,BURST-DOMINATED,Moderate
247,1235.0,1240.0,1.0,3.0,23.000000000000128,55.73155212402344,112.91883850097656,11.593003472222225,0.2800724637681158,0.3,1.0,0.5304347826086927,0.3041666666375,0.415,0.6056717303236946,0.3166908559088282,0.018507116149237474,1192.126366198479,0.2651103923272282,0.4804859526862134,0.40884367460039805,0.43340985242023333,0.3166908559088282,0.39107852784510055,HEAVY-TAIL-RISK,Moderate
248,1240.0,1245.0,2.0,2.0,3.0,74.45655822753906,110.31238861083985,25.238822916666663,0.4195833333333333,0.1,0.075,1.0,0.956249999846875,0.20500000000000002,0.3787,0.4030670123148682,0.03751768191721133,960.6626112526847,0.33034884846178475,0.3988813749758828,0.5091758418266586,0.5200474999464062,0.4030670123148682,0.35067421579150587,LOW-COMPLEXITY,High
249,1245.0,1250.0,2.0,4.0,51.60000000000031,78.15454864501953,119.09138793945313,26.882041666666666,0.24437984496124018,0.2,1.0,0.1492248062015495,0.5218749999507812,0.21333333333333332,0.22905287802690324,0.3594903528901706,0.039589619825708064,1049.9373649181175,0.2777822002656955,0.26876664776728426,0.37887680693323933,0.326038780057511,0.3594903528901706,0.2693166593743077,SPARSE-EXTREME,Moderate
250,1250.0,1255.0,3.0,4.0,4.0,125.60054779052734,171.72513122558593,31.28321875,0.41833333333333333,0.13333333333333333,0.06666666666666667,1.0,0.749999999934375,0.08666666666666667,0.08727272727272728,0.4362845590777618,0.047332098175381254,3465.7713508316656,0.3586888704084713,0.1914053030199671,0.40779794865935326,0.3190151514921828,0.4362845590777618,0.24776015322314457,LOW-COMPLEXITY,Moderate
251,1255.0,1260.0,2.0,3.0,3.0,131.63575744628906,172.03946533203126,23.066027777777776,0.3820833333333333,0.15,0.075,1.0,0.6666666665888888,0.2075,0.09043478260869565,0.433365276022389,0.03141649496187364,4046.0228880892205,0.34777604035776893,0.2288953804225326,0.41128799188286835,0.3330887680887198,0.433365276022389,0.2749377157235955,LOW-COMPLEXITY,Moderate
252,1260.0,1265.0,3.0,5.0,7.760000000000005,135.3561248779297,137.44308776855468,32.63730902777777,0.29436563573883157,0.16666666666666669,0.1293333333333334,0.889175257731958,0.599999999958,0.185,0.4018976717876778,0.39546896929929687,0.055926962554466234,2549.49740734542,0.23467828755187098,0.3447129872210249,0.4607625108685983,0.3953193015216034,0.39546896929929687,0.2862734310232723,LOW-COMPLEXITY,Moderate
253,1265.0,1270.0,4.0,6.6000000000000085,8.0,124.46365356445312,131.45198974609374,37.308440972222215,0.33655303030303035,0.1650000000000002,0.1,0.1125,0.6060606060284657,0.16646428571428623,0.18250242593901228,0.3761605860075721,0.06930642415577343,1583.5618719491715,0.22165689842303285,0.24267729716152533,0.40730352087654265,0.32513443989166685,0.3761605860075721,0.22833597033583675,LOW-COMPLEXITY,Moderate
254,1270.0,1275.0,4.0,6.0,9.0,129.27085876464844,134.61963500976563,38.12264236111112,0.2932638888888888,0.15,0.1125,0.5777777777777777,0.6812499999586805,0.16191176470588234,0.5590903471731596,0.39565474117144234,0.06723951960784315,1982.018147215385,0.24433191961451853,0.4164802201314637,0.5042961824667921,0.46283372178454485,0.39565474117144234,0.32409743163022037,LOW-COMPLEXITY,High
255,1275.0,1280.0,3.0,6.6000000000000085,10.0,135.54425048828125,142.22447814941407,33.33845486111111,0.27545454545454545,0.22000000000000028,0.16666666666666669,0.63,0.4678030302769163,0.28885953177257573,0.5323734423386726,0.38568359275525377,0.06055505868736383,2495.2843735153247,0.23119656915993275,0.42297168388326145,0.4678938157151209,0.42454392941892394,0.38568359275525377,0.33501112118539006,BURST-DOMINATED,Moderate
256,1280.0,1285.0,2.0,2.0,3.0,122.5364761352539,123.95304412841797,17.791628472222218,0.3695833333333333,0.1,0.075,0.1,0.999999999825,0.2,0.096,0.4042133878511292,0.022621734068627452,2855.9410099001325,0.24676527369725867,0.2807599999724375,0.4819013762092039,0.44879999993874997,0.4042133878511292,0.25539477155906837,LOW-COMPLEXITY,Moderate
257,1285.0,1290.0,2.0,3.0,48.60000000000031,123.58609771728516,128.95426330566406,18.453468749999992,0.20807613168724265,0.15,1.0,0.1419753086419744,0.6666666665888888,0.11249999999999999,0.1652733692796793,0.4174885620523255,0.02703522031590414,2654.2520539273287,0.2668937102590808,0.2227376656244105,0.4201700423097394,0.3222903440900149,0.4174885620523255,0.22905023481681971,SPARSE-EXTREME,Moderate
258,1290.0,1295.0,2.0,3.6000000000000085,6.0,107.98980712890625,146.91596069335938,27.28596875,0.2619444444444445,0.18000000000000044,0.15,1.0,0.5798611110503459,0.22677777777777808,0.6274086158831191,0.3602975786356382,0.041653297249455344,2573.0989913988947,0.2576423941572854,0.4566628173440308,0.47714338225896047,0.4705461958547791,0.3602975786356382,0.3565527230372817,HEAVY-TAIL-RISK,Moderate
259,1295.0,1300.0,5.0,6.0,8.0,121.29438781738281,149.56856994628907,41.24067708333334,0.3711666666666667,0.12,0.08,0.7875,0.847916666615625,0.06466666666666666,0.5043279722850051,0.4130508918352252,0.06694373529411766,3324.155583746243,0.308748368091404,0.37928120960260486,0.5086343561420199,0.47070255833430363,0.4130508918352252,0.3209493482460201,LOW-COMPLEXITY,High
260,1300.0,1305.0,3.0,4.0,4.0,118.50470733642578,120.19566497802734,30.59267708333334,0.4683333333333333,0.13333333333333333,0.06666666666666667,1.0,0.749999999934375,0.08666666666666667,0.08320000000000001,0.3929685584084669,0.045671716503267984,2151.6932654401153,0.2324565323804854,0.18963366665633075,0.4134154236570259,0.3177933333103646,0.3929685584084669,0.19682819153475167,LOW-COMPLEXITY,Moderate
261,1305.0,1310.0,5.0,10.0,47.20000000000023,121.1344223022461,124.372802734375,36.58630208333333,0.20376610169491535,0.2,0.4720000000000023,0.1504237288135586,0.473749999985125,0.23259803921568625,0.3643880429149563,0.42027774865604217,0.056852622821350764,1348.4028215328813,0.279960431484812,0.3279081246460553,0.4402761105867872,0.3565382265947708,0.42027774865604217,0.3018151335249359,SPARSE-EXTREME,Moderate
262,1310.0,1315.0,2.0,4.0,4.0,122.54954528808594,125.77711486816406,27.527756944444445,0.34,0.2,0.1,1.0,0.5218749999507812,0.21333333333333332,0.12509436619718312,0.4121191063074577,0.04023868123638344,2364.390353289556,0.26409704088830666,0.22354469512135602,0.3970025270023576,0.294851226508595,0.4121191063074577,0.24006711658102486,BURST-DOMINATED,Moderate
263,1315.0,1320.0,6.0,11.600000000000009,15.0,136.42874145507812,157.50539855957032,45.673309027777776,0.301566091954023,0.19333333333333347,0.125,0.52,0.5323275861899892,0.2598717948717951,0.47014974154898237,0.3647859877271544,0.0765772122821351,3455.1125634676114,0.22957021328492538,0.39425448880898717,0.4524953563003714,0.41831470583631924,0.3647859877271544,0.3174523943661002,LOW-COMPLEXITY,Moderate
264,1320.0,1325.0,7.0,10.0,11.760000000000005,134.5174560546875,138.04497680664062,45.92578125,0.37593333333333323,0.14285714285714285,0.08400000000000005,0.10204081632653057,0.6912499999763749,0.13328042328042328,0.10998734893314818,0.4184004282031602,0.08461865291394337,2091.5968918313297,0.2697315731273422,0.21102814426897099,0.4220473468128758,0.3215818528198238,0.4184004282031602,0.22780045905746563,LOW-COMPLEXITY,Moderate
265,1325.0,1330.0,3.0,8.0,12.0,133.45091247558594,139.26663818359376,33.14401736111112,0.24666666666666665,0.26666666666666666,0.2,0.5,0.3749999999835938,0.37999999999999995,0.5332920115832135,0.39947242711258446,0.058839012391067556,2328.601929655897,0.24727815475844622,0.4458945250361139,0.46605899564181574,0.42423760346922185,0.39947242711258446,0.36188542081319447,SPARSE-EXTREME,Moderate
266,1330.0,1335.0,3.0,4.0,5.0,151.164794921875,164.4378234863281,33.06692013888889,0.3958333333333333,0.13333333333333333,0.08333333333333334,0.12,0.749999999934375,0.08666666666666667,0.12003539820208851,0.3658766712375287,0.06547277096949893,2540.987201036133,0.21531390467160053,0.20565706487423924,0.40792968661611195,0.32884395277099115,0.3658766712375287,0.19863515123903724,LOW-COMPLEXITY,Moderate
267,1335.0,1340.0,4.0,7.0,12.0,140.14549255371094,159.85594482421877,39.12818402777777,0.2614880952380952,0.175,0.15,0.625,0.5714285714,0.23124999999999998,0.5364944857473023,0.443651387980999,0.07691378989651415,2556.67348436184,0.33217217121153764,0.41760947629557643,0.4979657540894922,0.44188584571419065,0.443651387980999,0.3677479254039367,LOW-COMPLEXITY,Moderate
268,1340.0,1345.0,4.0,6.0,7.0,149.27786254882812,154.64181518554688,37.84876736111111,0.369672619047619,0.15,0.0875,0.1,0.6666666666277777,0.165,0.09437090149669324,0.4167137426231918,0.07384105501089326,2898.954417361173,0.26910243155519625,0.21328884214493657,0.41648925450352103,0.3193946037687302,0.4167137426231918,0.2315496544225365,LOW-COMPLEXITY,Moderate
269,1345.0,1350.0,4.0,7.0,11.760000000000005,140.2067413330078,145.08303833007812,37.33472569444444,0.26443945578231287,0.175,0.14700000000000008,0.5017006802721087,0.5714285714,0.23124999999999998,0.5453960863638687,0.41613323797805835,0.06940031222766885,2467.8933079984477,0.26544315106456484,0.4214816725637829,0.4951653071810793,0.4445563258991606,0.41613323797805835,0.3416180365057258,LOW-COMPLEXITY,Moderate
270,1350.0,1355.0,8.0,14.0,18.760000000000005,140.65728759765625,143.0063262939453,47.047920138888884,0.3245571162046908,0.175,0.11725000000000003,0.1066098081023454,0.5651785714147322,0.16324120234604106,0.15525307432506305,0.3998927072242219,0.09214933973311545,2796.8564527578187,0.24003688174712307,0.22307150228523445,0.40467541985501454,0.3015228431137895,0.3998927072242219,0.22577992275203088,LOW-COMPLEXITY,Moderate
271,1355.0,1360.0,15.0,22.0,25.0,141.72760009765625,145.42652587890626,57.90162152777777,0.37643939393939396,0.14666666666666667,0.08333333333333334,0.26,0.6818181818073347,0.10733333333333334,0.4238264059989287,0.4635452403685218,0.12470000571895423,2224.5499420946985,0.31820854891195505,0.3354891835775225,0.49441731362137786,0.40335095209891236,0.4635452403685218,0.30667131836450195,LOW-COMPLEXITY,Moderate
272,1360.0,1365.0,2.0,3.0,4.0,91.53482055664062,102.24140777587891,26.501579861111118,0.3358333333333333,0.15,0.1,0.1,0.6958333332458333,0.2036111111111111,0.096,0.38745429497404016,0.04051589719498911,438.5394459433101,0.25060544538860924,0.23432527776399648,0.40758861763515825,0.3436055555249305,0.38745429497404016,0.23639794290087773,LOW-COMPLEXITY,Moderate
273,1365.0,1370.0,2.0,2.0,3.0,88.00259399414062,100.34053802490234,19.73165625,0.3695833333333333,0.1,0.075,0.1,0.999999999825,0.2,0.1824992230630751,0.3556734244879318,0.03034082230392157,431.8025213399522,0.21472225363065278,0.31838716200487516,0.47094791102307243,0.4747497668576725,0.3556734244879318,0.26064942301088007,LOW-COMPLEXITY,Moderate
274,1370.0,1375.0,2.0,6.6000000000000085,10.0,79.81578826904297,84.99001617431641,27.636833333333332,0.25030303030303036,0.3300000000000004,0.25,0.1,0.3295454545253669,0.39472857142857193,0.23342840554706584,0.3848856361228271,0.04478984422657952,355.16839517126766,0.2327535785076464,0.31429665835786197,0.383068372803938,0.3235244307479983,0.3848856361228271,0.2879257143936976,SPARSE-EXTREME,Moderate
275,1375.0,1380.0,6.0,9.0,12.0,121.142333984375,131.86209716796876,42.260093749999996,0.3358333333333333,0.15,0.1,0.4916666666666667,0.6569444444195988,0.1433695652173913,0.4881814309126715,0.3937716800885699,0.07178931876361655,1762.214121518227,0.2608418031156025,0.37425077026918585,0.47802968030400805,0.426564332646748,0.3937716800885699,0.30835797558331013,LOW-COMPLEXITY,Moderate
276,1380.0,1385.0,3.0,5.0,6.760000000000005,146.01852416992188,149.2961212158203,31.412496527777776,0.3004601577909269,0.16666666666666669,0.11266666666666676,0.1183431952662721,0.6174999999545,0.17961538461538462,0.2376768935771385,0.41419180054683147,0.053530301062091494,3298.5920983444917,0.2605994142974153,0.27383896792965823,0.43594932211499127,0.35029345267260115,0.41419180054683147,0.25988939994266363,LOW-COMPLEXITY,Moderate
277,1385.0,1390.0,9.0,14.0,16.760000000000005,158.31541442871094,163.48206176757813,47.51483333333333,0.3713519756032882,0.15555555555555556,0.09311111111111114,0.10143198090692121,0.6366071428415179,0.12333333333333332,0.11562051771039725,0.38987221055338955,0.09165645955882352,3965.6392733164316,0.231960697267324,0.2008188835348952,0.40176622503086945,0.3006653219743171,0.38987221055338955,0.2073068857460118,LOW-COMPLEXITY,Moderate
278,1390.0,1395.0,4.0,5.0,5.0,163.9625244140625,169.51993408203126,29.75930208333333,0.46062500000000006,0.125,0.0625,1.0,0.7824999999475,0.13474999999999998,0.14828139534883722,0.5033125748594133,0.04786066993464051,3126.416427598763,0.3735349195150409,0.24265678196847543,0.47159835233192215,0.36552191858627614,0.5033125748594133,0.28192844866116545,LOW-COMPLEXITY,Moderate
279,1395.0,1400.0,2.0,2.0,2.0,81.10826873779297,82.71243743896484,16.87360069444444,0.5325,0.1,0.05,0.1,0.999999999825,0.2,0.08000000000000002,0.4171786406439031,0.02069421759259259,398.8515651233361,0.26633936830549565,0.27379999997243754,0.4764979575398533,0.44399999993875,0.4171786406439031,0.2576493091307207,LOW-COMPLEXITY,Moderate
280,1400.0,1405.0,2.0,5.0,6.0,77.98885345458984,80.14684295654297,23.67815972222222,0.27166666666666667,0.25,0.15,0.1,0.4174999999685,0.2808333333333333,0.23698775691695384,0.40089798703899976,0.02938833197167756,410.67908986495553,0.24348009306213245,0.283285507587247,0.3972123521457952,0.31551299373072783,0.40089798703899976,0.26629636989322103,BURST-DOMINATED,Moderate
281,1405.0,1410.0,4.0,39.60000000000001,50.760000000000005,77.10100555419922,118.06221618652344,41.568472222222226,0.38712660828139556,0.9900000000000002,0.6345000000000001,0.11229314420803782,0.10101010100920824,0.8325425531914894,0.41055415214892166,0.32796222844062756,0.07888421500544664,570.6452433185362,0.2374905697676179,0.5337612375192631,0.39843566290962695,0.44990967461492065,0.32796222844062756,0.4459259709122321,SPARSE-EXTREME,Moderate
282,1410.0,1415.0,4.0,7.0,14.56000000000003,136.23728942871094,139.45223388671874,38.129260416666675,0.23698406593406568,0.175,0.18200000000000038,0.41208791208791123,0.5714285714,0.17375,0.4216965151530603,0.40605647943775924,0.07385607911220043,1846.0549118551944,0.2517479036341897,0.34424110908708117,0.46155191213085556,0.38732145453591804,0.40605647943775924,0.29259497847641347,LOW-COMPLEXITY,Moderate
283,1415.0,1420.0,11.0,13.0,14.0,152.71728515625,157.7467803955078,54.29757638888889,0.4473326673326673,0.1181818181818182,0.06363636363636363,0.1,0.8461538461310651,0.09287878787878788,0.14934238124153834,0.40998351431577934,0.12332489133986928,2919.9050610664244,0.25917104657353834,0.23608127266631798,0.45426133937097657,0.37346413627591,0.40998351431577934,0.2317021676435939,LOW-COMPLEXITY,Moderate
284,1420.0,1425.0,5.0,11.0,15.52000000000001,144.1949462890625,149.78984680175782,37.80684374999999,0.3029988378631677,0.22000000000000003,0.1552000000000001,0.5734536082474223,0.46249999998481406,0.2263333333333333,0.3856506821113887,0.4172975477960766,0.07942584599673204,1565.4618410561857,0.27953196456269347,0.3328326300493956,0.44056854991819105,0.35678687129476816,0.4172975477960766,0.30407152345373606,BURST-DOMINATED,Moderate
285,1425.0,1430.0,14.0,35.20000000000002,46.0,117.9364242553711,133.84945068359377,60.51355208333334,0.262401185770751,0.25142857142857156,0.16428571428571428,0.1108695652173913,0.39772727272331787,0.31481762917933154,0.23264580826429532,0.38914520964932003,0.13338288357843137,1248.0475624367016,0.25863266772203586,0.2921311559394686,0.3959041061755949,0.31918445814521584,0.38914520964932003,0.2841977471446233,BURST-DOMINATED,Moderate
286,1430.0,1435.0,2.0,11.600000000000009,22.760000000000005,142.9735107421875,146.10934143066407,35.86720486111111,0.29152811041755056,0.5800000000000004,0.5690000000000002,0.1010544815465729,0.1874999999934972,0.6974981132075476,0.40591209925940097,0.4029130891128488,0.07746866857298475,2214.4803430315987,0.24680184006214712,0.4903334943088909,0.44603648611338886,0.43152296939818596,0.4029130891128488,0.4140467610833445,SPARSE-EXTREME,Moderate
287,1435.0,1440.0,5.0,9.600000000000009,16.760000000000005,128.11973571777344,143.7822509765625,41.36445138888888,0.28480467780429586,0.19200000000000017,0.16760000000000005,0.10143198090692121,0.5208333333143442,0.19744561403508806,0.1478553594340221,0.3871448528594339,0.08300206440631809,1687.0728663675802,0.2517575903291098,0.2268074190701072,0.38765078451590407,0.2957542394025079,0.3871448528594339,0.2363100639541382,LOW-COMPLEXITY,Moderate
288,1440.0,1445.0,5.0,18.0,23.760000000000005,112.8386459350586,121.37024230957032,46.45234722222222,0.26974774410774405,0.36,0.23760000000000003,0.10521885521885518,0.30208333332658177,0.5393714285714286,0.16721413377391264,0.39787606720049173,0.08806208918845315,1494.5904603140998,0.2547004064586344,0.3401101303334458,0.39687582490332096,0.3446734067964774,0.39787606720049173,0.32671270235430067,SPARSE-EXTREME,Moderate
289,1445.0,1450.0,2.0,3.0,3.760000000000005,84.97927856445312,90.1377426147461,19.18658333333333,0.3508907801418436,0.15,0.09400000000000013,0.10638297872340412,0.6374999999319444,0.1225,0.11069017827383575,0.4112883125562042,0.029242958333333333,403.43295234752406,0.26458834646016266,0.19847522753839977,0.39623592279394,0.2992070534583312,0.4112883125562042,0.21538319480998458,LOW-COMPLEXITY,Moderate
290,1450.0,1455.0,1.0,2.0,18.960000000000107,75.78399658203125,80.80008392333984,14.02665625,0.2685713080168783,0.2,0.9480000000000054,0.28481012658227683,0.543749999890625,0.162,0.23809769473265793,0.42406000173436825,0.022035654547930286,287.73433158375246,0.28414713693938964,0.2552281221914796,0.40487765965031697,0.3184418083815161,0.42406000173436825,0.25398040312361236,SPARSE-EXTREME,Moderate
291,1455.0,1460.0,2.0,3.0,4.0,82.28530883789062,89.94461364746094,21.50819444444444,0.3358333333333333,0.15,0.1,0.1,0.6374999999319444,0.1225,0.1311634146341461,0.4199233335350896,0.031061708605664488,386.71952789580104,0.2866838641192804,0.2073810853551348,0.40082623776113774,0.30534902436642436,0.4199233335350896,0.2289497940873879,LOW-COMPLEXITY,Moderate
292,1460.0,1465.0,2.0,3.0,4.760000000000005,143.5194854736328,147.46160583496095,25.031659722222223,0.33210070028011185,0.15,0.11900000000000013,1.0,0.6666666665888888,0.11249999999999999,0.3825493716337523,0.4172707552085317,0.041426868327886716,1595.7792090831613,0.27896619080274043,0.31725272664843224,0.465014509697373,0.3874731447962368,0.4172707552085317,0.2834278907383807,LOW-COMPLEXITY,Moderate
293,1465.0,1470.0,4.0,7.0,9.760000000000005,137.47384643554688,146.05338134765626,38.63832986111111,0.30982517564402806,0.175,0.12200000000000007,0.10245901639344257,0.5839285713982143,0.22713235294117645,0.1392969847280182,0.38112881837055784,0.06598451538671024,2255.1347034758323,0.23071002774635205,0.2451193721754361,0.4026842413867575,0.3256604189371922,0.38112881837055784,0.23868992971039854,LOW-COMPLEXITY,Moderate
294,1470.0,1475.0,5.0,8.600000000000009,11.0,128.270751953125,135.41852722167968,39.31965277777778,0.33328435517970406,0.17200000000000018,0.11000000000000001,0.5636363636363637,0.5813953488135473,0.18305714285714322,0.48304923697825974,0.4032756678250252,0.06433725054466231,1576.0747116096643,0.2651051687416717,0.37629197123796254,0.47210470212775013,0.4124731431782196,0.4032756678250252,0.3151919844203168,LOW-COMPLEXITY,Moderate
295,1475.0,1480.0,2.0,3.0,3.760000000000005,125.79454040527344,130.41766357421875,23.867083333333337,0.3175574468085103,0.15,0.09400000000000013,1.0,0.6666666665888888,0.11249999999999999,0.37914807302231246,0.48475831380065115,0.04109105501089325,1780.0830719194905,0.3514207370455206,0.31577316175245596,0.48587585288325286,0.38645275521280487,0.48475831380065115,0.30957454953508284,LOW-COMPLEXITY,Moderate
296,1480.0,1485.0,2.0,5.0,11.52000000000001,124.09779357910156,133.17134704589844,26.63789236111111,0.2125055555555555,0.25,0.28800000000000026,0.5121527777777773,0.3824999999755,0.33249999999999996,0.6471051103704434,0.39320500318604795,0.04719553227124183,1356.405657492085,0.2522052468083509,0.47722822300728407,0.47932249752258704,0.44438153310255796,0.39320500318604795,0.37575501329613537,HEAVY-TAIL-RISK,Moderate
297,1485.0,1490.0,2.0,4.0,6.760000000000005,97.95879364013672,150.63473510742188,30.58127430555556,0.24827899408284015,0.2,0.16900000000000012,1.0,0.5218749999507812,0.21333333333333332,0.5767154333769603,0.3774664612264188,0.05437338562091504,1299.5409496888522,0.303453784165247,0.4199998593445591,0.45499439509340167,0.43033754666252816,0.3774664612264188,0.3564489633985867,BURST-DOMINATED,Moderate
298,1490.0,1495.0,3.0,4.0,5.0,167.83644104003906,172.7393585205078,31.55860763888889,0.37083333333333335,0.13333333333333333,0.08333333333333334,0.1,0.7281249999398438,0.09090909090909091,0.12870000000000004,0.3984349142762038,0.060583764297385614,3935.4182698107384,0.24379772669690847,0.20770964203597997,0.42001669144264375,0.32527193179712716,0.3984349142762038,0.21132824951160134,LOW-COMPLEXITY,Moderate
299,1495.0,1500.0,1.0,2.0,11.760000000000005,129.36935424804688,139.42237854003906,22.96960763888889,0.23071700680272111,0.2,0.5880000000000003,0.5527210884353739,0.543749999890625,0.236,0.6235860239163732,0.4414582442582824,0.044574369553376895,2300.1939616591317,0.30637449607651623,0.45307054538639574,0.5094285491549735,0.4599883071366307,0.4414582442582824,0.37366058276538416,HEAVY-TAIL-RISK,High
300,1500.0,1505.0,3.0,5.0,6.0,130.23641967773438,134.84842834472656,33.00997916666667,0.3266666666666667,0.16666666666666669,0.1,0.1,0.6174999999545,0.17961538461538462,0.12882774451097806,0.40130141229095534,0.05840572957516339,2155.4228513715298,0.24645741854033806,0.22648958808587843,0.4091488968949838,0.31763870795275306,0.40130141229095534,0.23033347794116737,LOW-COMPLEXITY,Moderate
301,1505.0,1510.0,5.0,16.0,57.76000000000013,125.94583129882812,145.89158325195314,44.78859027777778,0.2599225484764544,0.32,0.5776000000000013,0.11426592797783908,0.3343749999917969,0.3703809523809523,0.3051013847416706,0.3648451609144953,0.07883533156318082,1608.0380618561649,0.23356532090958004,0.3363134029565728,0.39238718671650374,0.3381949987529634,0.3648451609144953,0.30126733138343115,SPARSE-EXTREME,Moderate
302,1510.0,1515.0,1.0,3.6000000000000085,50.36000000000031,132.4256591796875,146.54485168457032,19.520177083333337,0.3054840702497573,0.3600000000000009,1.0,0.15687053216838664,0.27777777775077095,0.42466666666666775,0.17413512008436124,0.3874098638794155,0.03252039773965142,2016.8285538831278,0.2604475843345166,0.29255044389911067,0.36848270909861214,0.2980960915714119,0.3874098638794155,0.2946272090612398,SPARSE-EXTREME,Moderate
303,1515.0,1520.0,1.0,1.0,32.16000000000021,83.02418518066406,83.26448974609374,8.42559375,0.19054726368159192,0.1,1.0,0.13681592039800905,0.99999999965,0.235,0.1658141906588654,0.508646145707055,0.012824380855119827,1505.1071142586059,0.3723629612911811,0.3253916728814814,0.5325305599646973,0.4819942570751596,0.508646145707055,0.32902776880530066,SPARSE-EXTREME,High
304,1520.0,1525.0,1.0,2.0,2.760000000000005,58.650901794433594,59.74019927978516,14.826392361111111,0.2518594202898548,0.2,0.13800000000000026,0.10869565217391283,0.4999999999125,0.24999999999999997,0.11896679353082514,0.39118899140735336,0.019882594635076252,262.037746965919,0.23150559364074524,0.23237555517212766,0.374776512174138,0.2981900380286225,0.39118899140735336,0.22947234725910634,BURST-DOMINATED,Moderate
305,1525.0,1530.0,1.0,2.0,2.760000000000005,101.61320495605469,104.04725799560546,20.54848611111111,0.3018594202898548,0.2,0.13800000000000026,1.0,0.543749999890625,0.236,0.38398440366972486,0.4207986686357442,0.02574481358932462,1659.391627258456,0.28364358565416653,0.3488438405791038,0.45651274368147976,0.3881078210626362,0.4207986686357442,0.31299924650712385,BURST-DOMINATED,Moderate
306,1530.0,1535.0,1.0,2.0,26.320000000000164,128.21202087402344,128.667138671875,20.031166666666664,0.26899696048632205,0.2,1.0,0.21276595744680718,0.543749999890625,0.236,0.18770199818891284,0.42977200068924776,0.0251982440087146,3890.865496038695,0.28408610346851004,0.2634609941949505,0.4231588894178473,0.32922309941839256,0.42977200068924776,0.26986096258652653,SPARSE-EXTREME,Moderate
307,1535.0,1540.0,1.0,2.0,2.0,98.1195068359375,104.87549438476563,10.36704513888889,0.315,0.2,0.1,1.0,0.4999999999125,0.24999999999999997,0.09846153846153848,0.459975198948397,0.017632234340958605,1714.4956786683854,0.33756078438976295,0.22345576921698798,0.4049262056962011,0.2920384615078365,0.459975198948397,0.2727799952206834,BURST-DOMINATED,Moderate
308,1540.0,1545.0,1.0,2.0,5.0,94.97417449951172,98.45387268066406,24.190656250000004,0.23750000000000004,0.2,0.25,1.0,0.543749999890625,0.236,0.5781504289584543,0.4597045168063289,0.035266216503267986,1399.2584275988563,0.3202629556288283,0.433306061579701,0.5087371390236043,0.446357628649255,0.4597045168063289,0.36898591161486155,SPARSE-EXTREME,High
309,1545.0,1550.0,3.0,5.0,6.0,72.17339324951172,97.9151611328125,22.903697916666673,0.3666666666666667,0.16666666666666669,0.1,1.0,0.5824999999615,0.1956060606060606,0.37882774451097806,0.42448653004862424,0.02594889202069717,956.0716203125435,0.34336750164929014,0.3362432885531814,0.4456800376546318,0.3859854445519396,0.42448653004862424,0.32727580831977193,LOW-COMPLEXITY,Moderate
310,1550.0,1555.0,1.0,2.0,2.0,105.62242126464844,107.20885772705078,15.73120138888889,0.41500000000000004,0.2,0.1,1.0,0.4999999999125,0.18999999999999997,0.0888888888888889,0.42041688698783797,0.020261516748366012,2059.7905110739584,0.27007590763316314,0.1948416666528854,0.3852013234491898,0.26816666663604166,0.42041688698783797,0.22558752861017178,BURST-DOMINATED,Moderate
311,1555.0,1560.0,0.0,2.0,2.0,94.48090362548828,105.5028289794922,7.49845486111111,0.115,0.2,0.1,1.0,0.043749999978124995,0.5,0.08650952380952383,0.46915833997574075,0.011990070261437908,1176.6599245722077,0.36071466555275006,0.24827226785369752,0.34330498621742944,0.21626535713520087,0.46915833997574075,0.3212009215299687,BURST-DOMINATED,Moderate
312,1560.0,1565.0,0.0,0.0,1.0,82.14800262451172,83.69524841308593,5.05778125,0.0075,0.0,0.05,1.0,0.0,0.0,0.41569147785434385,0.4253328596524397,0.007571042075163399,751.6544139969852,0.26998363320485824,0.18082579286663958,0.3284850399802597,0.12470744335630315,0.4253328596524397,0.20598208736056164,LOW-COMPLEXITY,Moderate
313,1565.0,1570.0,4.0,7.0,9.760000000000005,67.92845916748047,72.26434478759765,35.46698611111111,0.30982517564402806,0.175,0.12200000000000007,0.45081967213114726,0.5839285713982143,0.1450735294117647,0.4895414746863991,0.3835636411960235,0.04880551048474946,354.1131716934522,0.23139146760013674,0.36403675471909647,0.45400199420162796,0.40201317768941236,0.3835636411960235,0.2884051250275333,LOW-COMPLEXITY,Moderate
314,1570.0,1575.0,4.0,6.0,7.0,138.55557250976562,141.9315673828125,35.841791666666666,0.35300595238095234,0.15,0.0875,0.9285714285714286,0.6812499999586805,0.16191176470588234,0.4328709014966934,0.5056991080777904,0.05240252069716776,2376.1197793942524,0.3745630091538516,0.36157476126220084,0.5137891212094144,0.424967888081605,0.5056991080777904,0.3460914963817478,LOW-COMPLEXITY,High
315,1575.0,1580.0,1.0,3.0,4.0,141.83628845214844,143.7260772705078,22.02423263888889,0.2966666666666667,0.3,0.2,1.0,0.3916666666083333,0.27499999999999997,0.38936666666666664,0.5155658636915813,0.033939095588235296,2538.581969558622,0.3862050054812799,0.34312449999081246,0.4646442950676869,0.35014333331291664,0.5155658636915813,0.35399154009143496,SPARSE-EXTREME,Moderate
316,1580.0,1585.0,3.0,4.0,4.0,108.37435913085938,110.45946655273438,17.082024305555557,0.49333333333333335,0.13333333333333333,0.06666666666666667,1.0,0.6843749999507813,0.22611111111111107,0.08727272727272728,0.42384111660430235,0.020137159313725495,1846.8317371793141,0.2917033041884841,0.23789297663366218,0.42340548964743774,0.3448519570534805,0.42384111660430235,0.25770198118845655,LOW-COMPLEXITY,Moderate
317,1585.0,1590.0,2.0,4.0,47.56000000000029,106.39910125732422,109.17514343261719,16.98791666666666,0.27102607232968867,0.2,1.0,0.17661900756938498,0.49999999995625,0.18999999999999997,0.1903477825937002,0.4957993213530865,0.024550397603485843,2022.3171780858856,0.36204965132807043,0.23897628542136892,0.42795380163951025,0.2986043347627975,0.4957993213530865,0.28291099328864716,SPARSE-EXTREME,Moderate
318,1590.0,1595.0,2.0,3.0,39.960000000000235,101.91343688964844,104.89331665039063,16.637906249999997,0.2790416916916924,0.15,0.9990000000000059,0.19019019019018907,0.608333333275,0.22249999999999998,0.18126749852679444,0.4168590495128118,0.022849991149237473,1088.727187753919,0.2751992739110796,0.2653326118499681,0.4260576208174337,0.34517191620428833,0.4168590495128118,0.26532016664245783,SPARSE-EXTREME,Moderate
319,1595.0,1600.0,3.0,4.0,4.0,102.47161865234375,104.78532409667969,29.483253472222223,0.44333333333333336,0.13333333333333333,0.06666666666666667,0.125,0.7718749999289063,0.08307692307692308,0.0859,0.4239668453685825,0.037554113562091505,1360.8817329162266,0.27184490948081685,0.19279065864264888,0.42610821001949395,0.32500317305204024,0.4239668453685825,0.21272284767431643,LOW-COMPLEXITY,Moderate
320,1600.0,1605.0,1.0,3.0,34.400000000000205,102.78983306884766,140.62508850097657,17.67338888888889,0.27286821705426345,0.3,1.0,0.1889534883720919,0.36249999995138893,0.307,0.2420684453840807,0.4920129668723292,0.024779304057734205,2283.428497310319,0.42908548990629247,0.28749602373441885,0.40574985856661594,0.3069455335982103,0.4920129668723292,0.34661222054099167,SPARSE-EXTREME,Moderate
321,1605.0,1610.0,2.0,4.0,4.0,60.3803825378418,138.8729675292969,24.49199305555556,0.365,0.2,0.1,1.0,0.49999999995625,0.225,0.09239436619718311,0.3519628528249193,0.033681346813725484,2187.7004422850177,0.32743405611787635,0.210629049288884,0.3304237776324833,0.2814683098438424,0.3519628528249193,0.261483791953655,BURST-DOMINATED,Moderate
322,1610.0,1615.0,1.0,4.0,7.0,59.445770263671875,61.718309020996095,18.77703125,0.24892857142857142,0.4,0.35,0.1285714285714286,0.27187499997265624,0.37799999999999995,0.36264036715839587,0.39929491515765336,0.024536828567538128,301.0099086012279,0.2468061158275032,0.35460387220959555,0.3982118369566683,0.3362483601379484,0.39929491515765336,0.3118495271329315,SPARSE-EXTREME,Moderate
323,1615.0,1620.0,0.0,3.0,3.760000000000005,84.68197631835938,88.87520141601563,12.225246527777779,0.16986666666666672,0.3,0.18800000000000025,1.0,0.05833333331388888,0.5,0.3659030564989195,0.48553121519809567,0.01692494689542484,1385.4823368444656,0.35444808541810835,0.37210532957396747,0.40839575209031265,0.30518758360953696,0.48553121519809567,0.37866521061597763,BURST-DOMINATED,Moderate
324,1620.0,1625.0,1.0,3.6000000000000085,34.880000000000194,57.25992202758789,94.21593170166015,14.752298611111113,0.28211264016309895,0.3600000000000009,1.0,0.1318807339449534,0.3020833332995749,0.3742666666666676,0.44382106097568225,0.39210945350777615,0.020903507489106757,1085.4304737992293,0.3347506271333005,0.39315395318577184,0.4052059442672117,0.3698688182808895,0.39210945350777615,0.3713098564962495,SPARSE-EXTREME,Moderate
325,1625.0,1630.0,1.0,3.0,4.0,104.4311294555664,107.94138641357422,17.41596875,0.2966666666666667,0.3,0.2,0.825,0.3916666666083333,0.28833333333333333,0.38936666666666664,0.41175961492322055,0.02387752369281046,1231.4901719247123,0.27007645722448487,0.3485578333241458,0.4312890612902177,0.3548099999795833,0.41175961492322055,0.3135378296663468,SPARSE-EXTREME,Moderate
326,1630.0,1635.0,1.0,1.0,30.12000000000019,92.82037353515625,102.72486724853516,6.8770138888888885,0.29160026560424956,0.1,1.0,0.1560424966799459,0.9124999997375001,0.2583333333333333,0.5496067354425922,0.37562879168193347,0.012568605255991287,1068.5703229726948,0.23160203413945094,0.48806851320951716,0.5464494967780803,0.5746736872075693,0.37562879168193347,0.36017548667129234,SPARSE-EXTREME,High
327,1635.0,1640.0,1.0,2.0,2.0,93.09756469726562,102.5776611328125,11.135927083333335,0.315,0.2,0.1,1.0,0.4999999999125,0.24999999999999997,0.09846153846153848,0.4348996536890948,0.016584915577342048,1008.1759558810928,0.30869775945918787,0.22345576921698798,0.393097575168982,0.2920384615078365,0.4348996536890948,0.2604773483856947,BURST-DOMINATED,Moderate
328,1640.0,1645.0,1.0,2.0,30.60000000000018,80.60226440429688,81.70522766113281,13.651020833333334,0.21633986928104565,0.2,1.0,0.14379084967320177,0.4999999999125,0.24999999999999997,0.16683944626755876,0.5056810820449971,0.01949571187363834,399.18500880985863,0.3712508088186443,0.2532001591126068,0.428408375204755,0.3125518338496426,0.5056810820449971,0.2966739821598709,SPARSE-EXTREME,Moderate
329,1645.0,1650.0,1.0,2.0,3.760000000000005,56.36970138549805,57.93187942504883,18.457288194444445,0.2611787234042552,0.2,0.18800000000000025,0.10638297872340412,0.543749999890625,0.236,0.11875698778616162,0.395483907967357,0.024380407679738564,242.19739702629394,0.23782274013789667,0.23346991466975373,0.38097046812058555,0.3085395962975672,0.395483907967357,0.23019360508723827,BURST-DOMINATED,Moderate
330,1650.0,1655.0,0.0,1.0,3.0,52.283878326416016,55.2093002319336,3.6570138888888897,0.0475,0.1,0.15,1.0,0.0,0.15,0.679643439026945,0.4517007201586271,0.006194471677559913,299.9488450997022,0.317055564902371,0.3567698959767211,0.3942346863386734,0.25639303170808353,0.4517007201586271,0.3230312584841062,HEAVY-TAIL-RISK,Moderate
331,1655.0,1660.0,0.0,2.0,2.760000000000005,53.364131927490234,55.032195281982425,6.042486111111113,0.12070000000000004,0.2,0.13800000000000026,1.0,0.043749999978124995,0.5,0.3791575059571089,0.4469042792920677,0.009062448257080613,306.38182128319255,0.30885138380723137,0.375574140087897,0.38737086717767133,0.3040597517794764,0.4469042792920677,0.36015305148635,BURST-DOMINATED,Moderate
332,1660.0,1665.0,1.0,2.0,3.0,56.03504943847656,57.87420654296875,16.869524305555554,0.2891666666666667,0.2,0.15,0.1,0.543749999890625,0.236,0.22354704915003162,0.387467759739508,0.022837877042483662,234.03187525503714,0.22969231837326667,0.2790535913630372,0.39873370693253024,0.33997661470672824,0.387467759739508,0.2500680740506466,BURST-DOMINATED,Moderate
333,1665.0,1670.0,1.0,1.0,2.0,88.91639709472656,91.61575317382812,9.142083333333332,0.29000000000000004,0.1,0.1,1.0,0.99999999965,0.015,0.3866666666666667,0.44498976481382385,0.013975311819172116,561.4762145519178,0.30562425433231005,0.331812499944875,0.5285041872476514,0.47124999987749994,0.44498976481382385,0.28829115149937706,LOW-COMPLEXITY,High
334,1670.0,1675.0,1.0,1.0,1.0,94.75765991210938,95.02528076171875,7.3698749999999995,0.5325,0.1,0.05,1.0,0.99999999965,0.015,0.08000000000000002,0.398906676403806,0.011760281045751634,1880.9620017406762,0.23524883739597285,0.19841249994487498,0.45409349354419304,0.37924999987749997,0.398906676403806,0.19258047233750247,LOW-COMPLEXITY,Moderate
335,1675.0,1680.0,1.0,1.0,38.24000000000025,97.58001708984375,106.159130859375,18.30754166666667,0.18807531380753129,0.1,1.0,0.151673640167363,0.99999999965,0.235,0.17077967088936344,0.3978750285576098,0.02731050571895425,1683.974324815275,0.2579590572493279,0.32755165678174814,0.494290043008318,0.483483901144309,0.3978750285576098,0.2868792371715773,SPARSE-EXTREME,Moderate
336,1680.0,1685.0,1.0,2.0,2.0,53.4081916809082,59.08201141357422,17.18689236111111,0.315,0.2,0.1,0.15,0.4999999999125,0.24999999999999997,0.09846153846153848,0.44221367553328217,0.02211519267429194,221.13686982997191,0.3174916194584606,0.22345576921698798,0.3782558954399653,0.2920384615078365,0.44221367553328217,0.25785118501912835,BURST-DOMINATED,Moderate
337,1685.0,1690.0,2.0,3.0,4.0,61.59093475341797,64.17655639648437,28.23115277777778,0.3358333333333333,0.15,0.1,0.1,0.6958333332458333,0.10472222222222222,0.1900721754563799,0.39292649832507726,0.036970264705882355,265.2538301628957,0.23975130492049382,0.23494945186529956,0.41008396173169603,0.33721609705073335,0.39292649832507726,0.21986479635908368,LOW-COMPLEXITY,Moderate
338,1690.0,1695.0,1.0,2.0,3.0,61.29248809814453,63.480430603027344,22.106861111111108,0.2891666666666667,0.2,0.15,0.13333333333333333,0.543749999890625,0.236,0.13504782605895652,0.38738315004921015,0.02989782434640522,274.9442387711685,0.23038090902412825,0.2405564293184195,0.3836860736445221,0.31342684777940566,0.38738315004921015,0.23189196668418782,BURST-DOMINATED,Moderate
339,1695.0,1700.0,1.0,2.0,4.0,93.83281707763672,95.38315124511719,15.562201388888889,0.205,0.2,0.2,1.0,0.4999999999125,0.24999999999999997,0.5692996210854299,0.42527454590154223,0.021487504221132898,1246.509125051329,0.28580575517636286,0.42827033515838064,0.48894531615306713,0.43328988629500387,0.42527454590154223,0.35561004492918386,SPARSE-EXTREME,Moderate
340,1700.0,1705.0,1.0,1.0,1.0,96.7986068725586,97.53644561767578,6.048038194444445,0.5325,0.1,0.05,0.1,0.99999999965,0.015,0.08000000000000002,0.3994994959811037,0.008716395288671023,2147.9411191516037,0.2388017769203627,0.19841249994487498,0.4541431293301248,0.37924999987749997,0.3994994959811037,0.1942261097304491,LOW-COMPLEXITY,Moderate
341,1705.0,1710.0,1.0,1.0,1.0,82.94064331054688,97.60678405761719,12.963572916666665,0.6325,0.1,0.05,1.0,0.9124999997375001,0.2583333333333333,0.08000000000000002,0.5152041587237356,0.019480240059912862,1133.7796814978915,0.42481321347568984,0.2837895832919896,0.49216984966483446,0.4337916665747917,0.5152041587237356,0.3324483477729364,LOW-COMPLEXITY,Moderate
342,1710.0,1715.0,0.0,1.0,1.0,91.10449981689453,92.34743194580078,17.263552083333334,0.1325,0.1,0.05,1.0,0.08749999991249999,0.42999999999999994,0.06857142857142857,0.4194031327820014,0.02221269934640523,1403.2562438639845,0.2696223240161714,0.21883482141479016,0.32913669061480866,0.20169642854080352,0.4194031327820014,0.26294393481348266,LOW-COMPLEXITY,Moderate
343,1715.0,1720.0,1.0,1.0,27.320000000000164,90.30769348144531,92.29630432128906,16.82270833333333,0.29330161054172754,0.1,1.0,0.15373352855051153,0.9124999997375001,0.2583333333333333,0.5065870325289129,0.4569913603652781,0.021915060593681916,1336.7437587885165,0.3076815591890079,0.4693549424420667,0.567950673409616,0.5617677763334655,0.4569913603652781,0.37894706340922024,SPARSE-EXTREME,High
344,1720.0,1725.0,2.0,9.600000000000009,20.52000000000001,57.31155014038086,77.2487075805664,30.404788194444443,0.2769329434697857,0.4800000000000004,0.5130000000000002,0.1072124756335282,0.21744791665812155,0.6066718346253235,0.31350781524349475,0.35382151136763434,0.04211332883986928,692.5144263282381,0.24633962259980346,0.41784271911439375,0.38770527783202136,0.3824942575222542,0.35382151136763434,0.3691054116420557,SPARSE-EXTREME,Moderate
345,1725.0,1730.0,2.0,4.0,37.68000000000022,77.17308807373047,82.92863159179687,21.101288194444447,0.21783927813163548,0.2,0.9420000000000055,0.13004246284500987,0.49999999995625,0.225,0.15945572477268385,0.3881018147146574,0.02706025776143791,1259.0596432417722,0.24156709549492944,0.23980074026922685,0.3896854357791023,0.3015867174164927,0.3881018147146574,0.24031635530738876,SPARSE-EXTREME,Moderate
346,1730.0,1735.0,0.0,2.0,3.0,80.23778533935547,95.84062957763672,8.656190972222221,0.12250000000000001,0.2,0.15,1.0,0.043749999978124995,0.5,0.6307063425824639,0.393392596618105,0.012942063453159042,777.4910164667573,0.2751669102667473,0.4849978840199265,0.4222067118614349,0.3795244027670829,0.393392596618105,0.40661360651771916,HEAVY-TAIL-RISK,Moderate
347,1735.0,1740.0,4.0,6.0,38.16000000000021,134.23414611816406,136.2833221435547,28.332475694444444,0.21146090146750535,0.15,0.47700000000000264,0.14150943396226337,0.652083333296875,0.19449999999999998,0.16788682626914406,0.43708175193375043,0.035166755174291936,5170.494210546288,0.2998824281162332,0.25499264442133546,0.4366492440843488,0.3466702145346494,0.43708175193375043,0.26730603544457265,SPARSE-EXTREME,Moderate
348,1740.0,1745.0,0.0,1.0,32.16000000000021,91.85746765136719,92.70686798095703,7.595555555555556,0.175,0.1,1.0,0.14925373134328263,0.0,0.15,0.16269295196201433,0.5141754702705227,0.012729524509803922,624.9227568252896,0.38154021280499795,0.13189643410347623,0.3256076442585185,0.10130788558860429,0.5141754702705227,0.23809285711965195,SPARSE-EXTREME,Moderate
349,1745.0,1750.0,0.0,1.0,1.0,81.43488311767578,83.3071044921875,4.218454861111112,0.0325,0.1,0.05,1.0,0.0,0.15,0.04571428571428573,0.39321466633128616,0.006680393654684097,1023.5642158737066,0.23486656044290333,0.08101071428571428,0.2631955222048433,0.06621428571428571,0.39321466633128616,0.15560518926746816,LOW-COMPLEXITY,Low
350,1750.0,1755.0,0.0,2.0,3.0,84.02680969238281,102.07812652587891,8.055545138888888,0.12250000000000001,0.2,0.15,1.0,0.043749999978124995,0.5,0.38232264150943396,0.44710217138991953,0.01275728090958606,1111.3644146448414,0.35108937066029516,0.37695097405315847,0.39021519418561146,0.30500929244517394,0.44710217138991953,0.3826928566740468,BURST-DOMINATED,Moderate
351,1755.0,1760.0,1.0,7.200000000000017,29.320000000000036,82.47268676757812,99.62102966308593,13.465451388888887,0.34705320600272893,0.7200000000000017,1.0,0.1875852660300134,0.13888888888213702,0.6080000000000002,0.3131792926096324,0.41073757921108456,0.015846171840958604,610.2355311982603,0.29289110046414324,0.4058679922841268,0.3941912559727143,0.35536489889163775,0.41073757921108456,0.3807049889111954,SPARSE-EXTREME,Moderate
352,1760.0,1765.0,0.0,0.0,0.0,98.77826690673828,99.5627456665039,0.15216666666666664,0.0,0.0,0.0,0.0,0.0,0.0,0.0,0.5135926742044893,0.0001323157679738562,415.03961812499995,0.38049763666097486,0.0,0.26894713224598515,0.0,0.5135926742044893,0.1559821460654599,LOW-COMPLEXITY,Low
353,1765.0,1768.64,0.0,0.0,0.0,99.56268310546875,99.56268310546875,0.0,0.0,0.0,0.0,0.0,0.0,0.0,0.0,0.43174998967302947,1.421508774449951e-08,482.74715172847993,0.28137503828521176,0.0,0.2493085632355731,0.0,0.43174998967302947,0.1200080188567991,LOW-COMPLEXITY,Low
