segment,start,end,medad_p50,medad_p90,medad_p99,si_p50,si_p90,si_p99,motion_occupancy,motion_magnitude,scene_activity,texture,rtci,burst_score,tail_score,extreme_score,spatial_score,temporal_score,motion_score,event_score,segment_variability,v8_fusion,bdi,regime,class
0,0.0,5.0,0.0,1.0,31.389999999999972,57.78495788574219,104.92738723754883,107.56134902954102,0.08472043710797492,2.757967874943997,0.010815560293898028,810.2733849415805,0.225,0.125,1.0,0.22300095571838185,0.40639348281883847,0.18000000000000002,0.3707185068912459,0.03090160083970865,0.0,0.3182829221948797,0.3571595852467881,SPARSE-EXTREME,Moderate
1,5.0,10.0,1.0,3.0,5.760000000000005,109.86993408203125,123.77686767578125,124.99627075195312,0.17070572916666665,6.557526493055556,0.025715790168845315,1697.6577988482582,0.323,0.375,0.2400000000000002,1.0,0.5867273077808071,0.34640000000000004,0.336964808642247,0.0734736861967009,0.3333333333333333,0.41621597640776037,0.42315536394028,SPARSE-EXTREME,Moderate
2,10.0,15.0,1.0,3.0,38.20000000000023,94.89131164550781,122.54461975097657,123.5980941772461,0.1761447916666667,6.707135833333334,0.026302493464052286,1709.5469358645064,0.525,0.375,1.0,0.22578534031413477,0.5238726318357846,0.4575000000000001,0.396367488015148,0.07514998132586367,0.6666666666666666,0.4710699558098341,0.48924352326481196,SPARSE-EXTREME,Moderate
3,15.0,20.0,0.0,1.0,45.8400000000003,57.50511932373047,145.4387451171875,146.01950012207033,0.09331319444444444,4.951403576388889,0.019417268927015247,1020.5091798356528,0.225,0.125,1.0,0.18542757417102845,0.33509501799879116,0.18000000000000002,0.1809073512104256,0.055477911220043565,0.0,0.2552878946657239,0.28123938259548137,SPARSE-EXTREME,Low
4,20.0,25.0,1.0,3.0,5.0,76.06292724609375,142.13176879882812,142.48334167480468,0.2400890972222222,10.038486458333336,0.03936661356209151,1453.127581066547,0.31666666666666665,0.375,0.20833333333333334,1.0,0.39828505968336436,0.34291666666666665,0.36090812664298266,0.11247603874883288,0.3333333333333333,0.37545648909594526,0.36659315003833204,SPARSE-EXTREME,Moderate
5,25.0,30.0,2.0,4.0,5.0,73.39067077636719,84.13548889160157,87.36508087158204,0.2628470833333333,8.872194791666665,0.03479292075163399,1113.3505886027542,0.34375,0.25,0.15625,1.0,0.5786698033122659,0.3015625,0.46440059000762135,0.09940834500466855,0.25,0.4124348000680862,0.4290623626956183,BURST-DOMINATED,Moderate
6,30.0,35.0,5.0,11.600000000000009,15.0,70.21739196777344,84.52371978759766,85.2948583984375,0.3183522916666667,10.131087743055556,0.03972975585511983,1486.0510463691487,0.4136034482758618,0.2900000000000002,0.16163793103448265,0.31666666666666665,0.554983157239329,0.3579818965517241,0.43196374464744897,0.11351358815748523,0.8620689655172408,0.4161633835042498,0.4366412517320422,BURST-DOMINATED,Moderate
7,35.0,40.0,1.0,3.0,5.760000000000005,70.5342025756836,72.03133697509766,72.59174530029297,0.18855781249999998,6.490528854166667,0.025453054330065353,376.5336675447289,0.323,0.375,0.2400000000000002,0.17361111111111097,0.638338485481599,0.34640000000000004,0.2834169653542196,0.0727230123716153,0.3333333333333333,0.38470672854945903,0.4375479385482187,SPATIAL-HEAVY,Moderate
8,40.0,45.0,2.0,3.0,5.760000000000005,64.66757202148438,68.99512329101563,70.17953216552735,0.2100248611111111,7.196955451388887,0.028223354711328974,312.5073314423095,0.43550000000000005,0.1875,0.2400000000000002,0.13020833333333323,0.6147795812778126,0.3239000000000001,0.3187267707011331,0.08063815631808278,0.3333333333333333,0.3547074526470071,0.40138653453912154,SPATIAL-HEAVY,Moderate
9,45.0,50.0,0.0,1.0,6.0,86.67757415771484,92.64248352050781,93.45481994628906,0.15350604166666668,4.919777534722222,0.019293245234204795,804.9826135319106,0.325,0.125,0.75,0.7916666666666666,0.6136831505378753,0.23500000000000001,0.3520644191414096,0.0551235578120137,1.0,0.42733999426330715,0.4167905669039863,SPATIAL-HEAVY,Moderate
10,50.0,55.0,1.0,1.0,2.0,111.45429992675781,112.2121597290039,113.25356048583984,0.12444885416666669,4.178749548611111,0.01638725313180828,2304.7999585264834,0.525,0.125,0.25,1.0,0.6463342167161081,0.3450000000000001,0.376269553437374,0.04682072323373795,0.0,0.4132390542569478,0.46140378195609355,SPATIAL-HEAVY,Moderate
11,55.0,60.0,2.0,3.0,5.0,112.86439514160156,116.81732025146485,117.88503997802735,0.23934138888888892,8.803602465277779,0.03452393123638344,2361.9851730138707,0.4791666666666667,0.1875,0.20833333333333334,1.0,0.6309627547434965,0.34791666666666665,0.36872191781212377,0.09863980353252412,0.6666666666666666,0.4250861122548986,0.42045152222541815,SPATIAL-HEAVY,Moderate
12,60.0,65.0,3.0,5.0,5.0,125.1915283203125,126.13367462158203,126.665859375,0.37237972222222215,15.51839159722222,0.06085643763616557,2500.9945893513254,0.3666666666666667,0.20833333333333334,0.125,0.125,0.6458326301371914,0.29541666666666666,0.40000580330403546,0.1738755361033302,0.2,0.36508949985469713,0.4219867794507685,SPATIAL-HEAVY,Moderate
13,65.0,70.0,1.0,6.0,47.24000000000025,72.51959991455078,124.67223052978515,125.18529418945313,0.19097725694444442,8.15335204861111,0.03197392960239652,1202.8873865487597,0.5218333333333344,0.75,0.9841666666666719,0.37044877222692435,0.4215599046407368,0.6245083333333339,0.32488701180561586,0.09135408457827578,0.6666666666666666,0.5010180165173124,0.48332116755431515,MOTION-HEAVY,High
14,70.0,75.0,3.0,8.0,9.0,55.55070877075195,120.35885162353516,121.62054809570313,0.3012359027777778,10.770518923611112,0.04223732911220044,590.7340322279534,0.37604166666666666,0.3333333333333333,0.140625,1.0,0.363579731027664,0.35682291666666666,0.380551761035964,0.12067808317771556,0.75,0.3883382208277014,0.36628715113544347,BURST-DOMINATED,Moderate
15,75.0,80.0,1.0,3.0,5.0,54.34138107299805,59.30491409301758,60.29833953857422,0.19774559027777777,6.356378506944444,0.02492697453703704,182.21686047174,0.31666666666666665,0.375,0.20833333333333334,0.125,0.602951370707625,0.34291666666666665,0.3152727130310038,0.07121992724867726,0.3333333333333333,0.3626023448733986,0.39509521537491277,SPATIAL-HEAVY,Moderate
16,80.0,85.0,2.0,4.0,5.760000000000005,50.15220642089844,54.18149261474609,56.078221740722654,0.23135618055555554,7.7250528819444435,0.03029432502723312,154.10823187863636,0.38600000000000007,0.25,0.18000000000000016,1.0,0.608547161195509,0.32480000000000003,0.35451248250177936,0.0865552143635232,0.5,0.40482822523003464,0.40118643244720337,SPATIAL-HEAVY,Moderate
17,85.0,90.0,1.0,1.0,1.0,53.76480484008789,58.563148498535156,59.04550048828125,0.10930100694444443,3.626267222222222,0.014220655773420481,390.8186918600571,0.5,0.125,0.125,1.0,0.6037826857737097,0.33125000000000004,0.5101155538194444,0.04063044506691566,0.0,0.40269501533008506,0.4252251337413664,SPATIAL-HEAVY,Moderate
18,90.0,95.0,1.0,1.0,1.0,59.613590240478516,67.46458129882812,67.67853240966797,0.08276652777777778,3.0648476041666664,0.012019010212418302,530.3596716577227,0.5,0.125,0.125,1.0,0.58435179986892,0.33125000000000004,0.4955215902777778,0.034340029178338005,0.0,0.4063649475889618,0.44152154477371586,LOW-COMPLEXITY,Moderate
19,95.0,100.0,0.0,0.0,0.0,65.16126251220703,67.6700454711914,67.88059844970704,0.03722989583333333,1.281027152777778,0.0050236358932461865,408.31876670896037,0.0,0.0,0.0,0.0,0.6290172452119241,0.0,0.2562220980762897,0.01435324540927482,0.0,0.20915147779934043,0.2722781462188465,SPATIAL-HEAVY,Low
20,100.0,105.0,3.0,3.0,46.520000000000266,71.51677703857422,73.27706298828124,122.39968505859375,0.24419215277777778,8.027366562500001,0.03147986887254902,681.7779450838805,0.675,0.125,1.0,0.18271711092003334,0.6489251820630649,0.4275000000000001,0.5843056840277778,0.0899424824929972,0.0,0.5043616561859723,0.6029469959118656,SPATIAL-HEAVY,High
21,105.0,110.0,4.0,6.0,7.760000000000005,121.19715881347656,123.12297973632812,123.86480010986328,0.2926089583333333,10.229407152777778,0.040115322167755985,1692.3128253205493,0.44483333333333336,0.1875,0.16166666666666676,0.7893041237113397,0.6412246663402028,0.3290333333333334,0.3934301365227102,0.11461520619358853,0.5,0.41579153528781515,0.43808699479968105,SPATIAL-HEAVY,Moderate
22,110.0,115.0,3.0,5.0,7.52000000000001,105.52909088134766,110.47709503173829,116.32462493896485,0.2725543402777778,10.15813204861111,0.03983581195533769,962.6782555356945,0.37926666666666675,0.20833333333333334,0.18800000000000025,1.0,0.6255851095180643,0.30234666666666676,0.4013126075680644,0.11381660558667912,0.2,0.4008391415226185,0.4158281526729794,SPATIAL-HEAVY,Moderate
23,115.0,120.0,1.0,2.0,5.52000000000001,117.98652648925781,122.88469085693359,124.20159637451172,0.21058149305555557,9.267880798611111,0.03634463058278867,1113.528907404733,0.34400000000000014,0.25,0.34500000000000064,1.0,0.6275823624280488,0.3017000000000001,0.3889889900965239,0.10384180166511048,0.0,0.39983492771688783,0.4151345080019478,SPATIAL-HEAVY,Moderate
24,120.0,125.0,1.0,1.0,2.0,105.10796356201172,107.7368896484375,108.25137084960937,0.1161295486111111,4.231340798611111,0.01659349332788671,993.9771317823366,0.525,0.125,0.25,1.0,0.6362303396132072,0.3450000000000001,0.2791307151126266,0.04740998093681918,0.0,0.38054895695638086,0.4146581678074917,SPATIAL-HEAVY,Moderate
25,125.0,130.0,1.0,3.0,78.00000000000026,107.60356903076172,134.4614013671875,134.84329956054688,0.1536604861111111,6.1155622916666665,0.023982597222222225,1286.999908029669,0.525,0.375,1.0,0.20352564102564036,0.538006963715033,0.4575000000000001,0.3985348058476824,0.06852170634920636,0.6666666666666666,0.46954326312104433,0.4840498291855893,SPARSE-EXTREME,Moderate
26,130.0,135.0,1.0,3.0,5.0,108.86614990234375,112.691357421875,113.18295623779296,0.1552135069444444,5.750011736111111,0.02254906563180828,888.07590595993,0.31666666666666665,0.375,0.20833333333333334,1.0,0.6308133544968252,0.34291666666666665,0.29158804845896213,0.06442590180516651,0.3333333333333333,0.4152474380361203,0.42797438606428206,SPATIAL-HEAVY,Moderate
27,135.0,140.0,0.0,1.0,1.0,67.04400634765625,95.1410629272461,96.34112670898438,0.08428649305555555,3.5767031250000008,0.01402628676470588,601.5171109288242,0.05,0.125,0.125,1.0,0.4861408854900373,0.08375,0.4758595530260713,0.0400751050420168,0.0,0.3016590305024833,0.3013298184370643,LOW-COMPLEXITY,Moderate
28,140.0,145.0,1.0,1.0,1.0,94.06590270996094,126.61175231933593,127.04022796630859,0.12114333333333333,4.100836006944444,0.016081709831154686,1629.8789062028004,0.5,0.125,0.125,1.0,0.5066442212777834,0.33125000000000004,0.3687355898092298,0.04594774237472768,0.0,0.3564478881200159,0.37891639896601637,LOW-COMPLEXITY,Moderate
29,145.0,150.0,1.0,1.0,35.400000000000205,95.6635971069336,97.45724792480469,126.29819061279296,0.16818135416666663,6.688867812500001,0.026230854166666668,1177.1915165199177,0.675,0.125,1.0,0.2612994350282471,0.6450919988552505,0.4275000000000001,0.4687123467600606,0.07494529761904763,0.0,0.46872615477694374,0.5441157642627403,SPATIAL-HEAVY,Moderate
30,150.0,155.0,3.0,7.0,9.760000000000005,60.15084457397461,63.140288543701175,63.63144775390625,0.30415513888888895,10.14870649305556,0.03979884899237473,237.6053417692333,0.35033333333333333,0.2916666666666667,0.17428571428571438,0.14088114754098352,0.6232913142520592,0.32393333333333335,0.37263619780933355,0.11371099712107066,0.42857142857142855,0.3740734226847468,0.4102052300398141,SPATIAL-HEAVY,Moderate
31,155.0,160.0,2.0,5.0,7.0,57.11420822143555,79.8013916015625,80.39161590576173,0.24057628472222226,7.866018333333334,0.030847130718954254,478.7074237047488,0.36750000000000005,0.3125,0.175,0.8214285714285714,0.491974603454227,0.34275000000000005,0.34287791437076265,0.08813465919701216,0.6,0.3756048007494529,0.35720395331654714,BURST-DOMINATED,Moderate
32,160.0,165.0,3.0,4.6000000000000085,33.880000000000194,88.00528717041016,88.81085662841797,131.74245117187527,0.19156038194444444,6.162810381944445,0.024167883850762524,2170.3812383742325,0.5811594202898551,0.191666666666667,0.9206521739130471,0.21399055489964458,0.6539075200486161,0.4058876811594205,0.38738340728821186,0.06905109671646435,0.4347826086956514,0.45851240416771444,0.5082956646290857,SPATIAL-HEAVY,Moderate
33,165.0,170.0,2.0,3.0,4.760000000000005,144.72543334960938,146.06942443847657,146.65350158691408,0.1826399652777778,7.038392048611112,0.027601537445533772,3067.253236626444,0.42716666666666675,0.1875,0.19833333333333356,1.0,0.6448445510878187,0.31931666666666675,0.3956294312051466,0.07886153555866793,0.3333333333333333,0.4187157992560328,0.43802785178633735,SPATIAL-HEAVY,Moderate
34,170.0,175.0,2.0,3.0,3.760000000000005,124.39385223388672,139.19202270507813,140.26910034179687,0.2906015625,13.15110440972222,0.05157295846949891,1317.5557007764787,0.4188333333333334,0.1875,0.15666666666666687,1.0,0.5900737854354446,0.3147333333333334,0.46334136538261933,0.14735130991285403,0.3333333333333333,0.41313528435255664,0.4203635920816433,LOW-COMPLEXITY,Moderate
35,175.0,180.0,3.0,7.0,49.040000000000276,124.42312622070312,128.97557067871094,131.36430236816406,0.28664597222222227,11.504520347222224,0.04511576606753812,2403.9751671115573,0.5334761904761914,0.2916666666666667,0.8757142857142907,0.1631321370309942,0.6303124820977712,0.42466190476190535,0.3862545228758101,0.12890218876439463,0.7142857142857143,0.4730821620492869,0.5058984014351093,SPATIAL-HEAVY,Moderate
36,180.0,185.0,6.0,8.0,9.0,63.55331802368164,127.76834411621094,129.66817504882812,0.3615581944444444,14.27747277777778,0.05599008932461874,1041.1912962681627,0.5114583333333333,0.16666666666666666,0.140625,0.9305555555555556,0.38030048048564086,0.35630208333333335,0.4524144841403446,0.15997168378462498,0.75,0.3950479550914693,0.3867184363883975,LOW-COMPLEXITY,Moderate
37,185.0,190.0,2.0,4.0,5.0,61.36369705200195,62.93653411865235,67.58450897216797,0.22619895833333334,8.040929965277778,0.031533058687363835,235.33942407403984,0.38125000000000003,0.25,0.15625,1.0,0.6371911958330391,0.3221875,0.3979222727392885,0.0900944533924681,0.5,0.4287961259836315,0.44036467223501996,SPATIAL-HEAVY,Moderate
38,190.0,195.0,0.0,3.6000000000000085,5.0,75.01676940917969,95.71505737304689,102.14951171875,0.22983076388888887,9.48885277777778,0.03721118736383443,485.6617958952019,0.16638888888888892,0.45000000000000107,0.1736111111111107,0.125,0.5301334135839565,0.2940138888888894,0.3160992392472579,0.10631767818238408,0.2777777777777771,0.33363901218861264,0.3543383317317668,BURST-DOMINATED,Moderate
39,195.0,200.0,3.0,5.0,50.60000000000031,113.2702407836914,116.04395599365235,135.6555255126953,0.33221093749999997,12.331002291666668,0.04835687173202615,1698.9525240740365,0.5116666666666667,0.20833333333333334,1.0,0.1729249011857697,0.6395926415398373,0.3751666666666667,0.35742826903267066,0.13816249066293187,0.0,0.4254246006653766,0.4888482725589514,SPATIAL-HEAVY,Moderate
40,200.0,205.0,0.0,1.0,60.2800000000004,97.34852600097656,137.5956268310547,138.4753924560547,0.0952648611111111,3.959961875,0.015529262254901961,1487.233617830262,0.375,0.125,1.0,0.17626078301260667,0.4875380114282904,0.2625,0.4741775605116325,0.04436932072829132,1.0,0.4292398411959597,0.4448914721123514,SPARSE-EXTREME,Moderate
41,205.0,210.0,1.0,1.0,1.7600000000000051,72.03044891357422,105.28120727539063,105.79542114257812,0.12919256944444443,4.567258854166666,0.017910819035947715,1042.9837056527012,0.5190000000000001,0.125,0.22000000000000064,1.0,0.4750204009639263,0.3417000000000001,0.3569208807440154,0.05117376867413633,0.0,0.3561142389509969,0.3763943482832283,SPARSE-EXTREME,Moderate
42,210.0,215.0,2.0,3.0,50.36000000000031,73.92827606201172,140.3652313232422,141.73455627441408,0.18612822916666666,6.7666416319444425,0.026535849537037037,1214.6754474599297,0.6375000000000001,0.1875,1.0,0.1712668784749791,0.39427734149446786,0.43500000000000005,0.4524056891182774,0.07581671296296297,0.6666666666666666,0.42964280209133304,0.44590820733873204,SPARSE-EXTREME,Moderate
43,215.0,220.0,1.0,2.0,43.040000000000276,131.51397705078125,133.93062744140624,135.18421936035156,0.1740307986111111,6.5407226041666675,0.025649892565359475,2376.615744154515,0.55,0.25,1.0,0.2730018587360577,0.6399233106388409,0.41500000000000004,0.4000555368974523,0.0732854073295985,0.5,0.47326441560424987,0.5100722753858206,SPATIAL-HEAVY,Moderate
44,220.0,225.0,1.0,2.0,2.0,108.5165023803711,109.4161376953125,110.97997680664062,0.11842343749999999,4.604635277777778,0.018057393246187367,1514.25518927647,0.37500000000000006,0.25,0.125,1.0,0.6455937712504282,0.31875000000000003,0.34058717846019293,0.05159255213196391,0.5,0.40947195506320005,0.41347976562591066,SPATIAL-HEAVY,Moderate
45,225.0,230.0,2.0,4.0,9.280000000000015,48.353885650634766,49.777671813964844,109.39232849121093,0.20005753472222218,6.8642634722222216,0.0269186802832244,228.52543286030365,0.3705000000000001,0.25,0.2900000000000005,1.0,0.6562137607543899,0.3162750000000001,0.3420390209399552,0.07691051509492686,0.25,0.43678908138273653,0.4850568349104036,SPATIAL-HEAVY,Moderate
46,230.0,235.0,2.0,5.0,6.760000000000005,49.09372329711914,57.38487854003907,59.485507049560546,0.2458214583333333,7.736312569444446,0.030338480664488018,168.4678753485593,0.33630000000000004,0.3125,0.16900000000000012,0.14792899408284013,0.5692740280694668,0.32559000000000005,0.33155066870892325,0.08668137332710862,0.4,0.34484292387917087,0.3659999336084169,BURST-DOMINATED,Moderate
47,235.0,240.0,3.0,7.0,10.0,58.839908599853516,60.06195220947266,60.280372314453125,0.2943125347222221,9.42772347222222,0.03697146459694989,237.5183543824409,0.35119047619047616,0.2916666666666667,0.17857142857142858,0.125,0.6385093847649921,0.3244047619047619,0.356224889889841,0.1056327559912854,0.42857142857142855,0.3748050366276253,0.41463687063861704,SPATIAL-HEAVY,Moderate
48,240.0,245.0,3.0,28.0,33.760000000000005,58.325233459472656,60.76384582519531,68.05283660888672,0.3649646180555555,13.438305798611111,0.05269923842592592,243.38839734119077,0.29978571428571427,1.0,0.15071428571428575,0.12959123222748814,0.6294761844890164,0.6148821428571429,0.3156187910426402,0.15056925264550264,0.14285714285714285,0.4751106445030131,0.500528471299428,HIGH-SPATIO-TEMPORAL,Moderate
49,245.0,250.0,3.0,4.0,24.760000000000005,73.79646301269531,114.59058532714843,115.24607452392578,0.2993955208333333,10.510427569444442,0.04121736301742918,1262.6515266284898,0.5630833333333334,0.16666666666666666,0.7737500000000002,0.29281098546041995,0.4537826769735888,0.3846958333333334,0.4719587852660546,0.11776389433551196,0.25,0.4100134681976078,0.45018643969024696,SPARSE-EXTREME,Moderate
50,250.0,255.0,2.0,7.6000000000000085,55.80000000000028,111.06224822998047,118.29512176513673,120.5127035522461,0.26663871527777777,10.763987847222223,0.042211717047930274,1190.423025677358,0.4167105263157902,0.47500000000000053,0.9177631578947404,0.1948924731182786,0.6157010602889051,0.44294078947368487,0.3474285275111423,0.12060490585122936,0.1315789473684209,0.45575671062432543,0.5001863297198941,SPATIAL-HEAVY,Moderate
51,255.0,260.0,1.0,2.6000000000000085,37.68000000000022,96.62208557128906,119.47360687255859,119.84658752441406,0.14979631944444444,5.321707430555556,0.02086944090413943,1981.1635822170579,0.49576923076923024,0.32500000000000107,1.0,0.179140127388534,0.5426882704734691,0.4189230769230771,0.3871127950977401,0.05962697401182695,0.38461538461538336,0.44668693010774974,0.48369746679452236,SPARSE-EXTREME,Moderate
52,260.0,265.0,0.0,4.0,52.60000000000031,68.99235534667969,114.16769104003906,117.75727905273438,0.16343854166666666,6.476638645833333,0.0253985829248366,817.584857131156,0.37500000000000006,0.5,1.0,0.23288973384030281,0.43363594430943214,0.43125,0.3300876635554469,0.07256737978524742,0.5,0.4200811715115876,0.41608793751306233,SPARSE-EXTREME,Moderate
53,265.0,270.0,0.0,7.0,9.0,46.42479705810547,119.55787811279296,120.25056335449219,0.17491979166666663,5.90532170138889,0.023158124319172115,1291.8543593049944,0.29285714285714287,0.875,0.16071428571428573,1.0,0.33231919712291147,0.5548214285714286,0.275621565272164,0.0661660694833489,0.5714285714285714,0.43755456859170283,0.39690319023223847,BURST-DOMINATED,Moderate
54,270.0,275.0,0.0,1.0,1.7600000000000051,49.19471740722656,57.289397430419925,58.640165405273436,0.12960826388888888,3.708766041666667,0.014544180555555555,420.53548681837765,0.06900000000000013,0.125,0.22000000000000064,0.14204545454545414,0.5708073430255212,0.09420000000000008,0.2956264469455573,0.04155480158730159,0.0,0.25588860351689696,0.3028423822671187,SPARSE-EXTREME,Low
55,275.0,280.0,0.0,1.0,1.0,48.35601806640625,54.726122283935545,56.00335678100586,0.09321350694444444,3.2049004513888883,0.012568237064270155,467.52956971368576,0.05,0.125,0.125,0.25,0.5847144496548274,0.08375,0.23637659046726678,0.035909248755057584,0.0,0.24332257440692648,0.28709121284166506,LOW-COMPLEXITY,Low
56,280.0,285.0,1.0,1.0,2.0,44.92588806152344,102.03614654541016,102.9566079711914,0.09802027777777779,3.3671870833333326,0.013204655228758171,604.4410061016198,0.675,0.125,0.25,1.0,0.35407078069099174,0.4275000000000001,0.4339751202365119,0.03772758636788049,1.0,0.41024515391245653,0.3781453678965892,SPARSE-EXTREME,Moderate
57,285.0,290.0,1.0,1.0,59.76000000000039,101.7225112915039,113.48903961181641,113.9831298828125,0.12402149305555556,5.029587708333334,0.01972387336601307,1514.3303664715788,0.675,0.125,1.0,0.18616131191432275,0.5914884868382594,0.4275000000000001,0.44478248044099544,0.05635392390289449,0.0,0.4258135285820636,0.4715590321893234,SPARSE-EXTREME,Moderate
58,290.0,295.0,2.0,10.0,11.0,116.90008544921875,136.057568359375,137.30221130371095,0.3180548263888889,11.820212743055556,0.046353775462962966,2863.9164974926603,0.3025,0.625,0.1375,0.6022727272727273,0.5708102000610791,0.447625,0.3245196359849176,0.13243935846560848,0.4,0.43061723308797395,0.43963205519829124,BURST-DOMINATED,Moderate
59,295.0,300.0,7.0,9.0,10.0,138.78500366210938,140.88128662109375,144.59883422851564,0.43199374999999995,18.44823604166667,0.07234602369281043,2819.755594674057,0.4765873015873016,0.16071428571428573,0.1388888888888889,0.7875,0.6420389182866466,0.3344444444444445,0.4982120295071032,0.20670292483660124,0.4444444444444444,0.43620919455079743,0.4611686552542082,SPATIAL-HEAVY,Moderate
60,300.0,305.0,3.0,3.0,4.0,150.32705688476562,156.5354431152344,157.1148016357422,0.2924102083333333,13.228795381944444,0.05187762894880175,3746.9668256339205,0.5583333333333335,0.125,0.16666666666666666,1.0,0.6275632656452095,0.36333333333333345,0.4053027087200127,0.14822179699657642,0.3333333333333333,0.4161951691337214,0.42832795412545777,SPATIAL-HEAVY,Moderate
61,305.0,310.0,1.0,2.0,3.0,125.2205810546875,126.38555755615235,126.89812072753907,0.1528789236111111,5.2351125000000005,0.020529852941176464,2123.3292741038636,0.3875,0.25,0.1875,1.0,0.6448361890117877,0.32562500000000005,0.3277604805351054,0.05865672268907562,0.5,0.4143348851460888,0.4213475433665811,SPATIAL-HEAVY,Moderate
62,310.0,315.0,1.0,1.0,1.0,78.35118865966797,123.55379638671874,124.10136352539062,0.08261260416666667,3.2964000347222226,0.01292705895969499,921.679530798581,0.65,0.125,0.125,1.0,0.448599750487112,0.41375000000000006,0.29666215006914864,0.036934454170557116,1.0,0.3872741262151702,0.3569858030201346,LOW-COMPLEXITY,Moderate
63,315.0,320.0,2.0,3.0,3.0,109.5692367553711,118.90689086914062,121.4562908935547,0.17804104166666665,9.70729545138889,0.03806782529956426,1078.143724508905,0.4625,0.1875,0.125,1.0,0.6059477023389056,0.33875,0.30711083607189965,0.10876521514161218,0.6666666666666666,0.41062675835743995,0.41591762962045636,SPATIAL-HEAVY,Moderate
64,320.0,325.0,1.0,2.0,43.28000000000027,102.24498748779297,102.66633758544921,102.85163879394531,0.12770565972222223,5.014171145833334,0.019663416258169936,1785.6777285705346,0.625,0.25,1.0,0.17040203327171796,0.6477001789083346,0.45625,0.31729623150076836,0.05618118930905697,1.0,0.49051914775027966,0.5186386735417722,SPATIAL-HEAVY,Moderate
65,325.0,330.0,1.0,2.0,2.0,92.13616943359375,98.35240478515625,101.1212939453125,0.14132368055555558,5.024006909722222,0.01970198788126362,1188.390881026622,0.45000000000000007,0.25,0.125,1.0,0.6147140194170858,0.36000000000000004,0.3513567604476501,0.05629139394646748,1.0,0.4422391649524715,0.4307611693916302,SPATIAL-HEAVY,Moderate
66,330.0,335.0,0.0,1.6000000000000085,2.0,92.0274429321289,92.34976959228516,92.50458374023438,0.09793125000000001,3.4080468055555553,0.013364889433551198,966.2870223795935,0.16499999999999954,0.20000000000000107,0.15624999999999917,1.0,0.6480467169136779,0.18075000000000024,0.2113050639349227,0.03818539838157485,0.6249999999999967,0.3454090752756775,0.3348618467273425,SPATIAL-HEAVY,Moderate
67,335.0,340.0,1.0,6.0,36.360000000000184,81.68380737304688,113.65970611572266,116.43126129150392,0.21919555555555556,10.97269451388889,0.04303017456427016,915.4139034849405,0.40150000000000086,0.75,0.7575000000000038,0.4537953795379515,0.4938922487600881,0.5583250000000005,0.26967194156852897,0.12294335589791476,0.16666666666666666,0.460167749046763,0.4679896792574518,SPARSE-EXTREME,Moderate
68,340.0,345.0,13.0,16.0,18.760000000000005,97.65335845947266,110.05787963867188,117.73646148681641,0.5718499652777778,23.45678326388889,0.09198738534858387,890.9452713110514,0.4632067307692308,0.15384615384615385,0.14656250000000004,0.3464818763326225,0.5876522836080087,0.32399447115384616,0.49514349783641537,0.26282110099595396,0.25,0.4124751515576019,0.485821370379682,LOW-COMPLEXITY,Moderate
69,345.0,350.0,4.0,4.0,39.16000000000021,134.46505737304688,135.7697723388672,136.31766052246093,0.28251215277777775,10.95967878472222,0.04297913248910676,2381.9640111525227,0.75,0.125,1.0,0.17556179775280806,0.6446130268426352,0.46875000000000006,0.44145309119411835,0.12279752139744789,0.5,0.48412790037397646,0.5326641699297514,SPATIAL-HEAVY,Moderate
70,350.0,355.0,0.0,1.0,1.0,116.51985168457031,117.05480499267578,117.24272216796875,0.05794878472222221,2.202269270833334,0.008636350081699346,2458.8192082253568,0.2,0.125,0.125,1.0,0.6474315065805805,0.16625,0.34181200449392696,0.02467528594771242,1.0,0.3943150694621877,0.3916707898670106,SPATIAL-HEAVY,Moderate
71,355.0,360.0,1.0,1.0,37.960000000000235,57.98199462890625,91.75880737304688,91.89406677246093,0.07546586805555558,3.445384826388889,0.013511313044662309,514.8681493716454,0.8250000000000001,0.125,1.0,0.2502634351949405,0.4473694162295661,0.5100000000000001,0.3737596438808318,0.038603751556178026,1.0,0.453088632582659,0.4543015704229944,SPARSE-EXTREME,Moderate
72,360.0,365.0,1.0,2.0,2.0,124.91206359863281,126.16247100830078,126.62377410888672,0.1252292013888889,4.754255902777777,0.018644140795206973,1593.6857473107732,0.30000000000000004,0.25,0.125,1.0,0.6444347267404112,0.2775,0.3784255379087469,0.05326897370059135,0.0,0.38740373429076885,0.4150696279108014,SPATIAL-HEAVY,Moderate
73,365.0,370.0,2.0,5.0,46.520000000000266,134.07386779785156,135.92500915527344,136.57630249023438,0.2368954861111111,8.430186423611111,0.03305955460239651,2734.1743450488393,0.5325,0.3125,1.0,0.20152622527944855,0.6423500009236551,0.4335,0.3503197901060233,0.09445587029256147,0.6,0.4790034730249454,0.5194890288891811,SPATIAL-HEAVY,Moderate
74,370.0,375.0,0.0,1.0,1.0,101.1888198852539,103.48204193115234,104.78139801025391,0.08027541666666667,3.2151758333333333,0.012608532679738561,1155.1736154841344,0.2,0.125,0.125,1.0,0.6376472960940184,0.16625,0.2777946755006206,0.03602437908496732,1.0,0.381295147302934,0.38107709907477183,SPATIAL-HEAVY,Moderate
75,375.0,380.0,0.0,0.0,1.0,56.139678955078125,56.39708938598633,56.51719970703125,0.01404097222222222,0.7750496180555556,0.0030394102668845316,584.5534552772793,0.025,0.0,0.125,0.125,0.6474446690049634,0.013750000000000002,0.3076722821603045,0.008684029333955805,0.0,0.24351995766663648,0.30492608659353454,SPATIAL-HEAVY,Low
76,380.0,385.0,1.0,3.0,33.400000000000205,108.40120697021484,113.77767181396484,115.03193511962891,0.1755629166666666,6.313241944444445,0.024757811546840956,1547.5443979363693,0.47500000000000003,0.375,1.0,0.20583832335329216,0.6234041509338519,0.43000000000000005,0.38310646353741923,0.07073660441954559,0.3333333333333333,0.4787710323752627,0.5327802588063422,SPATIAL-HEAVY,Moderate
77,385.0,390.0,1.0,2.0,47.0800000000003,64.60792541503906,98.29508209228516,98.93548706054688,0.10006944444444445,3.9782764583333328,0.015601084150326796,928.4866624744401,0.55,0.25,1.0,0.16461342395921733,0.4607874499887871,0.41500000000000004,0.2790688228770969,0.04457452614379085,0.5,0.39535351389648155,0.4144882002391252,SPARSE-EXTREME,Moderate
78,390.0,395.0,3.0,5.0,7.760000000000005,88.93597412109375,93.49063568115236,96.4381478881836,0.2819534027777778,11.048775798611112,0.043328532543572974,566.6070341173318,0.38046666666666673,0.20833333333333334,0.19400000000000012,1.0,0.6229608360502084,0.30300666666666676,0.35481345162154965,0.12379580726735136,0.2,0.39379312654891185,0.41144332532668937,SPATIAL-HEAVY,Moderate
79,395.0,400.0,3.0,4.0,7.52000000000001,102.16328430175781,118.44916076660157,120.07154235839845,0.2857461111111111,12.668396145833334,0.04967998488562092,862.5650119284844,0.45533333333333337,0.16666666666666666,0.23500000000000032,1.0,0.5727428605001231,0.3254333333333334,0.4132353366751609,0.14194281395891692,0.25,0.410974115284524,0.43438024959784116,SPARSE-EXTREME,Moderate
80,400.0,405.0,4.0,7.0,11.760000000000005,115.12626647949219,143.70558471679686,151.25706115722656,0.32992135416666657,15.426980277777778,0.06049796187363834,1591.4356308025758,0.40717857142857145,0.21875,0.2100000000000001,0.6483843537414963,0.5394184235487544,0.32238571428571433,0.39231660765452553,0.1728513196389667,0.42857142857142855,0.3828418242083396,0.39417974948699325,SPARSE-EXTREME,Moderate
81,405.0,410.0,4.0,10.0,14.760000000000005,96.97681427001953,118.43010711669922,121.68443328857423,0.3623528819444444,16.46723829861111,0.0645774050925926,694.7794235586266,0.33940000000000003,0.3125,0.18450000000000005,0.39803523035230337,0.5487400069049778,0.327295,0.4411886279732351,0.18450687169312174,0.4,0.3851593114433261,0.3996785717936929,BURST-DOMINATED,Moderate
82,410.0,415.0,6.0,11.0,16.280000000000015,128.0894775390625,136.46921997070314,137.9695654296875,0.434097326388889,19.411912812500002,0.07612514828431374,1645.2974703176399,0.38283333333333336,0.22916666666666666,0.18500000000000016,0.43765356265356226,0.6154082038984519,0.31368333333333337,0.45040096924105233,0.21750042366946784,0.36363636363636365,0.39682259174194834,0.4239179500717325,SPATIAL-HEAVY,Moderate
83,415.0,420.0,3.0,6.0,10.0,101.0349349975586,120.86620330810547,121.38351165771485,0.3168802083333334,12.267621944444445,0.04810832135076253,663.0492178428539,0.3666666666666667,0.25,0.20833333333333334,0.15,0.5577683159743712,0.3141666666666667,0.3826417851864532,0.1374523467164644,0.3333333333333333,0.35649603120693524,0.3934738799803685,SPARSE-EXTREME,Moderate
84,420.0,425.0,2.0,13.0,27.320000000000036,114.0878677368164,119.16679687500002,126.03113067626953,0.2837451041666667,12.71454864583333,0.049860975081699344,1041.5973810811781,0.30734615384615394,0.8125,0.26269230769230806,0.13726207906295737,0.6268990266911239,0.5346653846153847,0.3095526829020118,0.14245992880485528,0.15384615384615385,0.43749525633142194,0.45197924529899475,SPATIAL-HEAVY,Moderate
85,425.0,430.0,4.0,18.60000000000001,26.52000000000001,126.66716003417969,132.02500915527344,134.9411541748047,0.40156749999999997,19.008805034722215,0.07454433346949893,1469.7345859669465,0.2728629032258065,0.5812500000000003,0.1782258064516129,0.29694570135746595,0.627386732954434,0.4116370967741937,0.38680671373523134,0.2129838099128541,0.16129032258064507,0.431951307830427,0.4748653063497474,SPATIAL-HEAVY,Moderate
86,430.0,435.0,3.0,4.0,4.0,94.66559600830078,120.17119750976562,121.37902740478516,0.22807868055555552,8.200245277777777,0.03215782461873638,818.4581045508043,0.43333333333333335,0.16666666666666666,0.125,1.0,0.5312617631497577,0.31333333333333335,0.40274140433561356,0.09187949891067539,0.25,0.3723272197549706,0.37447283362012196,LOW-COMPLEXITY,Moderate
87,435.0,440.0,2.0,4.0,6.760000000000005,94.87371063232422,100.20326385498046,102.59854553222657,0.2503570138888889,9.855349722222222,0.0386484302832244,1069.0048235969607,0.35475,0.25,0.21125000000000016,1.0,0.6202912275934971,0.3076125,0.4227480759974287,0.11042408652349829,0.25,0.42386674258253393,0.44898841502442843,SPATIAL-HEAVY,Moderate
88,440.0,445.0,4.0,7.0,52.32000000000029,96.65604400634766,106.16939544677734,107.72712432861329,0.3010210416666667,11.904488819444444,0.04668426988017429,690.6842184587534,0.5734642857142868,0.21875,0.9342857142857195,0.1744074923547391,0.5995876352571616,0.41384285714285773,0.47002472841632414,0.1333836282290694,0.5714285714285714,0.4664591966681946,0.4958766968834744,SPARSE-EXTREME,Moderate
89,445.0,450.0,0.0,4.0,8.0,76.29381561279297,98.83668823242188,100.24000549316406,0.09136534722222223,4.036634826388888,0.0158299404956427,219.23919670220783,0.15000000000000002,0.5,0.25,1.0,0.5226505764810333,0.3075,0.1637349792159711,0.045228401416122006,0.0,0.3331565215850981,0.3202239913416793,SPARSE-EXTREME,Moderate
90,450.0,455.0,6.0,13.600000000000009,21.0,95.57997131347656,104.51736145019531,106.13673583984375,0.43384350694444446,17.56205809027778,0.068870816040305,350.2230912368643,0.33791666666666653,0.2833333333333335,0.1930147058823528,0.13095238095238096,0.6019059663668909,0.3133541666666667,0.4419489723240441,0.19677376011515715,0.2941176470588234,0.37603611286304484,0.41329114623297925,SPATIAL-HEAVY,Moderate
91,455.0,460.0,7.0,11.0,14.0,85.62085723876953,88.764208984375,91.76903381347657,0.43072545138888885,17.270331215277768,0.06772678907952072,251.11179783073416,0.412012987012987,0.19642857142857142,0.1590909090909091,0.125,0.6305345577379295,0.315,0.48379164114995005,0.1935051116557735,0.36363636363636365,0.38727079084987737,0.42997220988466023,SPATIAL-HEAVY,Moderate
92,460.0,465.0,5.0,10.0,13.0,86.50265502929688,96.59363708496093,98.13246398925781,0.3722412847222222,14.868812604166667,0.058309069035947715,299.98713220776244,0.3825,0.25,0.1625,0.125,0.5912631432348058,0.322875,0.42975215088123475,0.16659734010270777,0.5,0.3800715227786691,0.41370839686831656,BURST-DOMINATED,Moderate
93,465.0,470.0,2.0,2.0,3.0,91.4579849243164,95.35274963378906,96.63926544189454,0.1746144444444444,6.170880625,0.024199531862745097,297.6745689984399,0.5125000000000001,0.125,0.1875,0.125,0.6270762547436172,0.33812500000000006,0.29845061701333836,0.06914151960784314,0.0,0.3321428301718513,0.39521477919370246,SPATIAL-HEAVY,Moderate
94,470.0,475.0,1.0,2.0,2.0,87.25694274902344,91.62756042480468,92.25623565673828,0.12071857638888887,4.410708611111112,0.017296896514161216,286.18080705858205,0.37500000000000006,0.25,0.125,0.125,0.6230740415017686,0.31875000000000003,0.27027941046836956,0.04941970432617491,0.5,0.34970367558421994,0.38812538760514054,SPATIAL-HEAVY,Moderate
95,475.0,480.0,2.0,4.0,5.760000000000005,99.5138168334961,105.24388885498047,106.3136001586914,0.24504725694444446,9.543008541666667,0.03742356290849673,351.855809221934,0.34850000000000003,0.25,0.18000000000000016,0.13020833333333323,0.6193225825984711,0.30417500000000003,0.3513574442148157,0.10692446545284781,0.25,0.3544692121725594,0.4001868412561237,SPATIAL-HEAVY,Moderate
96,480.0,485.0,2.0,7.0,10.760000000000005,96.48015594482422,104.15920562744141,104.57956359863282,0.22347194444444443,8.203699826388888,0.03217137186819172,306.7905968599834,0.31878571428571434,0.4375,0.19214285714285723,0.12778810408921926,0.6083284257037421,0.3722071428571429,0.28037693357646654,0.09191820533769063,0.42857142857142855,0.3693417654279858,0.39176686357227924,SPATIAL-HEAVY,Moderate
97,485.0,490.0,3.0,4.0,6.0,86.18727111816406,92.53867034912109,94.74921813964843,0.22542444444444448,7.777090277777778,0.030498393246187364,235.6470574353311,0.4458333333333333,0.16666666666666666,0.1875,0.14583333333333334,0.6115697540324336,0.3202083333333333,0.34331523786084406,0.08713826641767819,0.25,0.3453172416145702,0.3891714556630874,SPATIAL-HEAVY,Moderate
98,490.0,495.0,3.0,5.0,7.0,87.32521057128906,89.3269058227539,90.20095733642579,0.22806500000000005,7.945056284722222,0.031157083469498907,263.7350525505452,0.3766666666666667,0.20833333333333334,0.175,0.14285714285714285,0.6374545990420429,0.3009166666666667,0.31811731678658217,0.0890202384842826,0.2,0.34314757904503185,0.3916703023924004,SPATIAL-HEAVY,Moderate
99,495.0,500.0,3.0,8.0,12.760000000000005,116.45301055908203,117.99901275634765,118.86447662353515,0.3146190625,12.199113715277777,0.04783966162854031,859.2114811273194,0.33154166666666673,0.3333333333333333,0.19937500000000008,0.7053291536050154,0.6426912954949168,0.33234791666666674,0.3774298212859246,0.13668474751011517,0.375,0.41313108192282744,0.4304590785101023,SPATIAL-HEAVY,Moderate
100,500.0,505.0,3.0,4.0,5.0,98.52325439453125,116.16548004150391,117.35118225097656,0.2818982291666667,10.470550555555553,0.04106098257080611,787.0628025128776,0.4395833333333333,0.16666666666666666,0.15625,0.125,0.5646643134348299,0.31677083333333333,0.3632021559061449,0.11731709305944603,0.25,0.33912930031317884,0.38461610355068054,LOW-COMPLEXITY,Moderate
101,505.0,510.0,3.0,6.0,7.760000000000005,97.21336364746094,110.27848510742187,115.92111938476563,0.3156078472222223,13.116507708333334,0.05143728513071895,712.6545990604351,0.35733333333333334,0.25,0.16166666666666676,0.9664948453608241,0.584074933929511,0.3090333333333333,0.3943478049191944,0.14696367180205414,0.3333333333333333,0.3990114385558403,0.4051518159214422,BURST-DOMINATED,Moderate
102,510.0,515.0,5.0,12.600000000000009,20.52000000000001,87.43737030029297,100.21542510986329,111.52324737548828,0.42979576388888885,18.588349583333336,0.0728954885620915,363.6289534554321,0.3418095238095237,0.3150000000000002,0.20357142857142854,0.3898635477582844,0.580178997766446,0.32974523809523815,0.4294703597771323,0.2082728244631186,0.3968253968253966,0.39544629097570366,0.4181167359977845,SPARSE-EXTREME,Moderate
103,515.0,520.0,9.0,16.0,22.760000000000005,82.68163299560547,107.48083648681641,109.55137237548828,0.45986701388888895,20.50809697916667,0.08042390972222223,425.16088732622285,0.40813194444444445,0.2222222222222222,0.17781250000000004,0.3405096660808435,0.521295368489359,0.32447256944444447,0.5259560201692816,0.22978259920634925,0.5,0.39038878079729555,0.40322115550187776,BURST-DOMINATED,Moderate
104,520.0,525.0,0.0,1.0,1.0,109.39854431152344,119.35101776123047,119.94910888671875,0.08738319444444445,3.747140763888889,0.014694669662309368,589.7091132696951,0.2,0.125,0.125,1.0,0.6029039570133126,0.16625,0.4106173751648515,0.04198477046374105,1.0,0.39450544424859074,0.38225251889769146,SPATIAL-HEAVY,Moderate
105,525.0,530.0,0.0,2.0,47.0800000000003,130.9092254638672,142.89345092773436,144.11521545410156,0.10337079861111109,4.486873680555554,0.017595583061002177,1894.4451578746427,0.325,0.25,1.0,0.2442650807136773,0.6027001730687552,0.29125,0.2535361887345755,0.050273094460006225,0.5,0.4080546678180695,0.44811007775209216,SPATIAL-HEAVY,Moderate
106,530.0,535.0,3.0,31.200000000000017,52.760000000000005,140.55380249023438,142.4991485595703,143.01242248535155,0.42808420138888886,23.777304375000007,0.09324433088235294,1431.3164150472567,0.3672756410256409,1.0,0.21137820512820504,0.1658453373768006,0.6423090747944522,0.6520016025641026,0.43403707618654,0.26641237394957984,0.5448717948717946,0.5411990525859062,0.5456910074270931,HIGH-SPATIO-TEMPORAL,High
107,535.0,540.0,1.0,29.0,59.4400000000001,136.8209228515625,137.70177307128907,138.13961669921875,0.3549717708333333,20.321580138888887,0.0796924711328976,1310.7970111480765,0.35986206896551737,1.0,0.25620689655172457,0.14300134589501995,0.6464227274058633,0.6479241379310345,0.38249809146788927,0.22769277466542173,0.6206896551724138,0.5345162644563499,0.5368483600189383,HIGH-SPATIO-TEMPORAL,High
108,540.0,545.0,3.0,5.0,10.56000000000003,57.240203857421875,60.680840301513676,62.797595825195316,0.25599854166666663,9.43215111111111,0.03698882788671024,119.21506698997062,0.39446666666666685,0.20833333333333334,0.2640000000000008,0.2130681818181812,0.6185121379807461,0.3107066666666668,0.33823968036823027,0.10568236539060069,0.2,0.3589971303110364,0.4080430724595002,SPATIAL-HEAVY,Moderate
109,545.0,550.0,2.0,4.0,7.760000000000005,125.20069122314453,130.5378875732422,132.12668640136718,0.24564774305555556,10.532791666666668,0.041305065359477124,623.323486269869,0.36100000000000004,0.25,0.24250000000000016,1.0,0.6270286581088838,0.31105000000000005,0.3654037488296753,0.11801447245564893,0.25,0.41450208804918254,0.43674140965814556,SPATIAL-HEAVY,Moderate
110,550.0,555.0,0.0,1.0,2.0,101.588134765625,128.12997436523438,129.86199096679687,0.10242048611111111,5.154184548611111,0.020212488425925924,1046.3324086102286,0.07500000000000001,0.125,0.25,1.0,0.5341294477524269,0.0975,0.3531834092168938,0.05774996693121693,0.0,0.32216950638770425,0.3549241872298528,SPARSE-EXTREME,Moderate
111,555.0,560.0,2.0,3.0,38.20000000000023,118.52366638183594,120.99920196533203,123.21697143554688,0.25362381944444445,12.016616319444443,0.047123985566448805,1432.9127452758817,0.5875000000000001,0.1875,1.0,0.22578534031413477,0.6387209016305406,0.4075000000000001,0.43596788319029744,0.13463995876128232,0.3333333333333333,0.4735589615623255,0.5297215570738337,SPATIAL-HEAVY,Moderate
112,560.0,565.0,3.0,5.0,6.0,123.4271469116211,132.86267700195313,137.5083514404297,0.3258413194444445,13.534699444444446,0.05307725272331155,1871.9333223865603,0.3716666666666667,0.20833333333333334,0.15,1.0,0.6104342579412723,0.2981666666666667,0.392278995985473,0.15164929349517586,0.2,0.39112404212904905,0.40179822356294065,SPATIAL-HEAVY,Moderate
113,565.0,570.0,3.0,6.0,9.0,128.17733764648438,131.6760223388672,132.13680297851562,0.32129277777777776,12.847394479166667,0.05038193913398694,1642.2710986461457,0.3625,0.25,0.1875,1.0,0.6349763616330574,0.311875,0.39845931786520006,0.14394839752567698,0.3333333333333333,0.4190514759522049,0.4330036869815026,SPATIAL-HEAVY,Moderate
114,570.0,575.0,4.0,5.0,5.0,120.82383728027344,124.54214019775391,127.58552856445313,0.30770732638888887,12.335114375000002,0.048372997549019615,2043.1300110026907,0.5062500000000001,0.15625,0.125,1.0,0.6335064233176009,0.34875000000000006,0.45845277021521913,0.13820856442577034,0.6,0.44307516849576134,0.4532225120263938,SPATIAL-HEAVY,Moderate
115,575.0,580.0,5.0,6.0,7.0,118.0594253540039,123.95077056884766,125.2182699584961,0.3103862847222223,12.819637118055558,0.050273086737472765,1571.9688691739768,0.5591666666666667,0.15,0.14583333333333334,1.0,0.6232333258987267,0.3750416666666667,0.43018144954083876,0.14363739067849363,0.8333333333333334,0.4598134746213634,0.4689863767747763,SPATIAL-HEAVY,Moderate
116,580.0,585.0,1.0,1.0,1.0,63.52861785888672,65.18332214355469,65.58884185791015,0.09037541666666667,3.1998458680555557,0.012548415168845315,329.7960909453086,0.5,0.125,0.125,0.125,0.6356993678768474,0.33125000000000004,0.24804426512814046,0.035852614768129475,0.0,0.3084336483085169,0.3605585310489692,SPATIAL-HEAVY,Moderate
117,585.0,590.0,4.0,5.0,6.0,64.09908294677734,65.9374267578125,66.9078530883789,0.2599229861111111,7.737702256944443,0.030343930419389976,426.6000648567999,0.51125,0.15625,0.15,0.14583333333333334,0.6344441161923593,0.35150000000000003,0.37835858261636357,0.08669694405539993,0.6,0.3804315670605062,0.41731665376597804,SPATIAL-HEAVY,Moderate
118,590.0,595.0,4.0,7.0,7.760000000000005,62.71567916870117,64.91478576660157,65.4883187866211,0.35842375,10.34118434027778,0.0405536640795207,392.42611659677607,0.39289285714285715,0.21875,0.13857142857142865,0.1288659793814432,0.6309353385438913,0.31452857142857144,0.36226245417892733,0.11586761165577343,0.42857142857142855,0.3641295840603434,0.40809844112938165,SPATIAL-HEAVY,Moderate
119,595.0,600.0,1.0,2.0,2.0,76.69256591796875,90.90235137939453,92.68709075927734,0.23268079861111113,7.160181979166667,0.02807914501633987,508.73965478392216,0.30000000000000004,0.25,0.125,0.125,0.56236666865878,0.2775,0.3342702166673718,0.08022612861811391,0.0,0.31249449469884233,0.3619923001877916,BURST-DOMINATED,Moderate
120,600.0,605.0,4.0,8.0,9.0,92.5690689086914,122.67151794433593,123.8207015991211,0.3852000694444444,13.845982847222222,0.05429797194989106,1254.4967971453884,0.340625,0.25,0.140625,0.6527777777777778,0.5131033908730301,0.29984375,0.40023900805345175,0.15513706271397448,0.25,0.36442334402143,0.3860639758299622,BURST-DOMINATED,Moderate
121,605.0,610.0,2.0,3.0,3.0,104.71460723876953,118.9621353149414,120.05013580322266,0.2760560416666666,9.589320868055555,0.037605179874727675,1820.75104520898,0.4625,0.1875,0.125,0.125,0.5825642347855937,0.33875,0.3358086519775506,0.10744337107065051,0.6666666666666666,0.3555003322327441,0.37841009976312684,LOW-COMPLEXITY,Moderate
122,610.0,615.0,1.0,1.0,2.0,86.41154479980469,97.26150817871094,99.46615966796875,0.1500121875,6.490716423611112,0.025453789896514162,1707.9616881865613,0.675,0.125,0.25,1.0,0.5874160804501019,0.4275000000000001,0.3501373823782857,0.07272511399004047,1.0,0.4561371291345501,0.45348079457893065,SPARSE-EXTREME,Moderate
123,615.0,620.0,2.0,4.0,4.0,125.14649200439453,136.9041015625,137.47374572753907,0.25019802083333337,10.656916493055556,0.04179182938453159,2205.429258763182,0.37500000000000006,0.25,0.125,1.0,0.6014847280560165,0.31875000000000003,0.4558316435165548,0.11940522681294741,0.5,0.43037719770379135,0.4373567372007808,SPATIAL-HEAVY,Moderate
124,620.0,625.0,2.0,2.0,3.0,57.313209533691406,120.24267578125,122.98343170166015,0.21422888888888889,8.07015736111111,0.031647675925925926,924.3812684946998,0.5875,0.125,0.1875,1.0,0.37072733537740005,0.3793750000000001,0.3451202911465223,0.09042193121693122,0.5,0.3589714313743428,0.34984108401233366,LOW-COMPLEXITY,Moderate
125,625.0,630.0,2.0,3.0,4.0,55.789615631103516,57.158468627929686,117.34779205322266,0.19952802083333332,7.23582545138889,0.02837578608387799,373.8211197568812,0.42083333333333334,0.1875,0.16666666666666666,1.0,0.6561419462061472,0.31583333333333335,0.35946491437373246,0.0810736745253657,0.3333333333333333,0.43195661244395117,0.48030156949382635,SPATIAL-HEAVY,Moderate
126,630.0,635.0,4.0,6.0,45.520000000000266,107.9583740234375,124.34508666992187,125.15759094238281,0.31898538194444437,14.853474375000001,0.05824891911764706,1056.282556971317,0.6021666666666677,0.1875,0.9483333333333389,0.23066783831282817,0.575795376134328,0.4155666666666673,0.4421190402141846,0.16642548319327732,0.5,0.4569293643757763,0.48779472721678335,SPARSE-EXTREME,Moderate
127,635.0,640.0,2.0,3.0,4.760000000000005,76.40914154052734,86.44296569824219,87.68947052001953,0.1804428472222222,7.423804340277778,0.029112958197167756,375.0044247865326,0.42716666666666675,0.1875,0.19833333333333356,1.0,0.5847293317238816,0.31931666666666675,0.33466523605806997,0.08317988056333644,0.3333333333333333,0.38939735410553766,0.3999362097764886,LOW-COMPLEXITY,Moderate
128,640.0,645.0,1.0,1.0,2.0,71.58106231689453,75.69878997802735,79.12773193359375,0.10130833333333332,3.7911833680555556,0.014867385757080609,231.89273123756885,0.525,0.125,0.25,0.125,0.6200092611947138,0.3450000000000001,0.25911313672006164,0.042478245020230315,0.0,0.3264914929626096,0.3868214386859354,SPATIAL-HEAVY,Moderate
129,645.0,650.0,1.0,3.0,3.760000000000005,81.63890075683594,92.79453125,96.39597930908204,0.15362253472222218,6.376965277777778,0.025007706971677555,406.6725677449672,0.30633333333333335,0.375,0.15666666666666687,1.0,0.5828667221150402,0.3372333333333334,0.2963310900326351,0.07145059134765017,0.3333333333333333,0.3927582789604672,0.3909372052829678,BURST-DOMINATED,Moderate
130,650.0,655.0,1.0,2.0,57.800000000000026,77.24288940429688,111.62890625,115.63815673828125,0.1806049652777778,9.398703368055553,0.03685766026688453,518.2584436756808,0.625,0.25,1.0,0.16435986159169544,0.4797617182165579,0.45625,0.420809891105958,0.10530760076252724,1.0,0.46898188046603867,0.4747007993779505,SPARSE-EXTREME,Moderate
131,655.0,660.0,1.0,3.6000000000000085,6.0,73.53099822998047,83.03563537597657,84.98398132324219,0.20965975694444441,13.624694131944445,0.0534301730664488,193.56687375205843,0.29833333333333306,0.45000000000000107,0.20833333333333284,1.0,0.5858005994606322,0.3665833333333337,0.35053402258105326,0.15265763733271087,0.2777777777777771,0.4278472391754452,0.4304669202981013,SPARSE-EXTREME,Moderate
132,660.0,665.0,1.0,1.0,1.0,93.09519958496094,96.92792205810547,97.57718811035156,0.17295135416666668,7.415130451388889,0.02907894294662309,362.0093384757191,0.5,0.125,0.125,0.125,0.6276869647665899,0.33125000000000004,0.31646027461805876,0.08308269413320883,0.0,0.3312424345902665,0.3940075066085407,SPATIAL-HEAVY,Moderate
133,665.0,670.0,0.0,1.0,1.0,141.3201446533203,145.10826110839844,145.7213848876953,0.11584364583333331,5.470389340277778,0.021452507216775597,1206.2091629583617,0.2,0.125,0.125,1.0,0.6352536169747779,0.16625,0.3434614597015242,0.061292877762215994,1.0,0.38826063247337345,0.37815103060846056,SPATIAL-HEAVY,Moderate
134,670.0,675.0,0.0,0.0,1.0,154.0487823486328,156.78722534179687,157.25292541503907,0.07292017361111111,4.055154513888889,0.015902566721132896,2333.468444591842,0.025,0.0,0.125,0.125,0.6401316173710839,0.013750000000000002,0.1901676543567386,0.045435904917522564,0.0,0.22631232386048447,0.297412520821073,SPATIAL-HEAVY,Low
135,675.0,680.0,0.0,0.0,0.0,136.36810302734375,153.40533752441405,154.19448852539062,0.06642937500000001,4.9340114236111114,0.019349064406318082,1980.9755696533693,0.0,0.0,0.0,0.125,0.5873645450045035,0.0,0.23493109169458395,0.05528304116090881,0.0,0.20110424091986656,0.2526624729992129,LOW-COMPLEXITY,Low
136,680.0,685.0,0.0,0.0,0.0,110.98924255371094,113.91295776367187,114.6580532836914,0.04922940972222223,2.828105694444445,0.0110906105664488,1605.8262022215692,0.0,0.0,0.0,0.125,0.6355461071237246,0.0,0.27581274826254937,0.03168745876128229,0.0,0.22121486453513783,0.279164247110065,SPATIAL-HEAVY,Low
137,685.0,690.0,0.0,0.0,1.0,141.1671905517578,145.3580749511719,146.1613299560547,0.10190788194444445,6.022280347222221,0.023616785675381266,2359.9064087760016,0.025,0.0,0.125,1.0,0.6337324726577928,0.013750000000000002,0.30393121851364985,0.06747653050108933,0.0,0.27842438144632636,0.2985997544649346,SPATIAL-HEAVY,Low
138,690.0,695.0,0.0,0.0,0.0,136.1654815673828,140.65458984375,143.01100524902344,0.0629504861111111,3.585257881944444,0.014059834831154682,2592.2418752279996,0.0,0.0,0.0,0.125,0.6321948744261126,0.0,0.21421426532540871,0.04017095666044195,0.0,0.20968922086246813,0.2698897051540883,SPATIAL-HEAVY,Low
139,695.0,700.0,0.0,0.0,0.0,131.07125854492188,133.26134643554687,134.60448120117186,0.045498125,2.145902847222222,0.008415305283224404,2412.82564146791,0.0,0.0,0.0,0.0,0.6408504216267449,0.0,0.19041760733026983,0.024043729380641154,0.0,0.1918122138900964,0.2470588360963535,SPATIAL-HEAVY,Low
140,700.0,705.0,0.0,0.0,1.0,134.23348999023438,148.17691955566406,150.0051483154297,0.07611493055555556,4.873847638888891,0.0191131279956427,2498.861480852236,0.025,0.0,0.125,0.125,0.597017491921473,0.013750000000000002,0.22767430468186348,0.05460893713040772,0.0,0.2035499909884153,0.24329199633476217,LOW-COMPLEXITY,Low
141,705.0,710.0,0.0,0.0,1.0,145.77374267578125,149.40715942382812,150.9876788330078,0.09982128472222225,6.878652083333333,0.026975106209150324,2779.056765713235,0.025,0.0,0.125,0.125,0.6363859205374012,0.013750000000000002,0.2521315811209747,0.07707173202614379,0.0,0.24053847446955168,0.31135037075416794,SPATIAL-HEAVY,Low
142,710.0,715.0,0.0,0.0,1.0,153.24644470214844,164.06057739257812,164.6512060546875,0.09326322916666666,8.030191458333334,0.03149094689542484,2863.6725085113976,0.025,0.0,0.125,0.375,0.6127234264957657,0.013750000000000002,0.3067913212867991,0.0899741339869281,0.0,0.2616857716356735,0.32335408353102396,SPATIAL-HEAVY,Low
143,715.0,720.0,1.0,2.0,53.68000000000035,85.4779281616211,127.48336486816406,133.9022479248047,0.170875,8.905138958333335,0.034922113562091496,700.9821685198756,0.47500000000000003,0.25,1.0,0.1746460506706397,0.46860246786618714,0.37375,0.4022803320630082,0.09977746732026142,0.0,0.39551354239586906,0.4372165456349279,SPARSE-EXTREME,Moderate
144,720.0,725.0,1.0,1.0,1.0,90.59075927734375,104.03681640625001,107.63479248046875,0.14139895833333332,7.316158402777777,0.028690817265795206,667.722983525182,0.5,0.125,0.125,1.0,0.5777408129928878,0.33125000000000004,0.33334631923902747,0.08197376361655774,0.0,0.3727373868821253,0.40703051209345875,LOW-COMPLEXITY,Moderate
145,725.0,730.0,0.0,1.0,2.0,105.9186782836914,107.51939086914062,108.20480133056641,0.07180996527777776,3.56946670138889,0.013997908632897606,693.4565978746932,0.225,0.125,0.25,1.0,0.6416591987712837,0.18000000000000002,0.312357733703592,0.039994024665421735,1.0,0.3989667371045119,0.395125897968982,SPATIAL-HEAVY,Moderate
146,730.0,735.0,1.0,2.0,4.0,62.636539459228516,106.77993316650391,107.14284820556641,0.11696833333333331,5.962894166666667,0.023383898692810455,385.0240858187216,0.325,0.25,0.25,1.0,0.42404411031382944,0.29125,0.29726148185132195,0.0668111391223156,0.0,0.32898039326361245,0.3340896938937624,SPARSE-EXTREME,Moderate
147,735.0,740.0,3.0,9.0,13.0,67.5594482421875,76.87914733886718,79.34585357666016,0.3152244444444444,15.406433645833333,0.06041738684640523,160.42500612056477,0.3611111111111111,0.375,0.18055555555555555,0.5,0.5821772911640187,0.36736111111111114,0.38603092594050853,0.17262110527544353,0.6666666666666666,0.41571198695911676,0.41978496561735595,BURST-DOMINATED,Moderate
148,740.0,745.0,0.0,1.0,1.0,56.38853073120117,65.7993392944336,71.00810394287109,0.047655173611111115,2.486661805555556,0.009751614923747277,184.0899151277466,0.2,0.125,0.125,1.0,0.5708859523387987,0.16625,0.31648409852464243,0.027861756924992223,1.0,0.36988319453774476,0.3584287322122312,LOW-COMPLEXITY,Moderate
149,745.0,750.0,0.0,2.0,4.0,54.68284225463867,103.73168640136718,107.87385620117188,0.1407066319444444,7.760568229166668,0.03043360089869281,283.52156258972605,0.25,0.25,0.25,1.0,0.39507297037170774,0.25,0.24225312054178283,0.0869531454248366,1.0,0.35259151994224075,0.32087866993879477,SPARSE-EXTREME,Moderate
150,750.0,755.0,3.0,6.0,7.0,69.05216979980469,119.82483367919923,123.96685180664062,0.30297881944444444,16.52185305555556,0.0647915806100218,342.2476379342004,0.3541666666666667,0.25,0.14583333333333334,0.125,0.419391199089244,0.3072916666666667,0.40089322943732797,0.18511880174291945,0.3333333333333333,0.3210644926065582,0.34126498532714195,BURST-DOMINATED,Moderate
151,755.0,760.0,0.0,1.0,2.0,83.82738494873047,87.73246765136719,119.58214263916015,0.1485781597222222,7.828362673611113,0.030699461465141614,384.3080367645741,0.225,0.125,0.25,1.0,0.6315558652164597,0.18000000000000002,0.3116335195554717,0.08771274704326176,1.0,0.414967819660477,0.43203555084704837,SPATIAL-HEAVY,Moderate
152,760.0,765.0,1.0,2.0,3.760000000000005,82.45067596435547,84.85204467773437,89.34601409912109,0.1615954861111111,7.581496145833333,0.029731357434640518,354.9833722778905,0.32200000000000006,0.25,0.23500000000000032,0.13297872340425515,0.6349228039256555,0.2896000000000001,0.2849706317270001,0.08494673552754434,0.0,0.32960885574925863,0.38086928565355915,SPATIAL-HEAVY,Moderate
153,765.0,770.0,1.0,2.0,4.0,77.23115539550781,82.8923843383789,91.43927673339844,0.13066215277777782,6.905505763888889,0.027080414760348583,307.2806234213989,0.4,0.25,0.25,0.15625,0.613246303309243,0.3325,0.2596017294302986,0.07737261360099595,0.5,0.3578849276940177,0.39062238771589597,SPATIAL-HEAVY,Moderate
154,770.0,775.0,1.0,4.0,6.0,73.60386657714844,77.30309295654297,78.10947235107422,0.13451451388888888,5.6149270486111105,0.022019321759259258,220.23874223812496,0.2875,0.5,0.1875,0.125,0.623054047699729,0.383125,0.2518057848470977,0.06291234788359788,0.25,0.36935700856523146,0.4024589715693074,SPATIAL-HEAVY,Moderate
155,775.0,780.0,1.0,2.0,4.0,78.4041976928711,79.53233337402344,79.97362091064453,0.10684131944444444,4.236423368055555,0.016613424972766886,290.7937199398132,0.4,0.25,0.25,0.125,0.6420429121431203,0.3325,0.23597902449827474,0.04746692849361968,0.5,0.36066423253351904,0.4028176335438218,SPATIAL-HEAVY,Moderate
156,780.0,785.0,1.0,1.6000000000000085,2.0,97.67827606201172,100.10506439208984,102.38074890136718,0.12881802083333335,5.582745625,0.021893120098039218,530.7565891799626,0.44624999999999804,0.20000000000000107,0.15624999999999917,1.0,0.6366571922734676,0.33543749999999944,0.28152922804280894,0.06255177170868348,0.6249999999999967,0.40850807449235776,0.4152651392125068,SPATIAL-HEAVY,Moderate
157,785.0,790.0,0.0,1.0,35.960000000000235,80.77931213378906,104.45394897460938,104.76426483154297,0.08124500000000003,4.257354131944444,0.016695506399782133,542.5946816720323,0.375,0.125,1.0,0.25027808676306845,0.523223532165314,0.2625,0.2963172024769429,0.047701446856520384,1.0,0.39696728867256814,0.40320188344722063,SPARSE-EXTREME,Moderate
158,790.0,795.0,0.0,1.0,1.0,53.9332389831543,59.95302124023438,62.04412048339844,0.03335642361111111,1.5281713194444444,0.005992828703703703,271.14025712550034,0.2,0.125,0.125,0.25,0.5938969699448414,0.16625,0.20679364255745483,0.017122367724867724,1.0,0.30784385239563816,0.3164329843648441,LOW-COMPLEXITY,Moderate
159,795.0,800.0,1.0,2.0,2.0,67.68895721435547,68.32493896484375,68.42095367431641,0.13015666666666664,4.002415208333334,0.01569574591503268,852.3173569750161,0.30000000000000004,0.25,0.125,1.0,0.6447350467186314,0.2775,0.3252542444714796,0.0448449883286648,0.0,0.36702567551628873,0.3839564651234934,SPATIAL-HEAVY,Moderate
160,800.0,805.0,1.0,2.0,2.0,70.76202392578125,73.07043762207032,73.32811462402344,0.10324701388888889,3.592277361111112,0.01408736220043573,807.4088318576953,0.37500000000000006,0.25,0.125,1.0,0.6321305908416596,0.31875000000000003,0.28736829611022946,0.04024960628695923,0.5,0.39346531415481967,0.394918663612406,SPATIAL-HEAVY,Moderate
161,805.0,810.0,1.0,1.0,1.0,76.50647735595703,77.47614288330078,77.75004455566406,0.047237777777777774,2.100899756944444,0.00823882257625272,1085.872096581072,0.5,0.125,0.125,1.0,0.6429529590017897,0.33125000000000004,0.3213081725242163,0.023539493075007776,0.0,0.38252137361705085,0.4213179830560775,SPATIAL-HEAVY,Moderate
162,810.0,815.0,0.0,1.0,21.520000000000138,38.29610824584961,76.53657379150391,76.81727447509766,0.03089493055555555,1.7673851388888888,0.00693092211328976,338.02519662542846,0.375,0.125,1.0,0.3136617100371727,0.3814914637166842,0.2625,0.46699221180555556,0.019802634609399315,1.0,0.3986805143393806,0.3862542637018931,SPARSE-EXTREME,Moderate
163,815.0,820.0,1.0,1.0,26.08000000000017,44.765472412109375,84.25774993896485,84.56497222900391,0.04488090277777779,2.1267247222222228,0.008340096949891069,493.8214456834666,0.8250000000000001,0.125,1.0,0.1821319018404896,0.39641246871543406,0.5100000000000001,0.3178111547638287,0.023828848428260198,1.0,0.43396802991632477,0.4441162746774285,SPARSE-EXTREME,Moderate
164,820.0,825.0,2.0,3.0,3.0,115.66018676757812,121.7364273071289,125.53244201660156,0.1813188888888889,10.469764236111109,0.04105789896514161,963.8410835408132,0.41250000000000003,0.1875,0.125,1.0,0.622278544112653,0.31125,0.3790699102086767,0.11730828275754746,0.3333333333333333,0.4099337013585932,0.43168589252686657,SPATIAL-HEAVY,Moderate
165,825.0,830.0,1.0,2.0,3.0,115.46998596191406,118.09781188964844,119.60140380859374,0.15997489583333335,7.090751493055556,0.027806868600217867,997.1401961117645,0.3875,0.25,0.1875,0.125,0.6375991368850141,0.32562500000000005,0.24304196590498656,0.07944819600062249,0.5,0.3475344947965769,0.37786972245823974,SPATIAL-HEAVY,Moderate
166,830.0,835.0,3.0,4.0,4.0,74.4913330078125,119.49467468261719,120.94832000732421,0.2698795486111111,8.723543229166669,0.03420997344771242,1089.9769883430104,0.4708333333333334,0.16666666666666666,0.125,1.0,0.4431392587982292,0.3339583333333334,0.4541481547996745,0.09774278127917835,0.5,0.3962267203318382,0.40468706130625476,LOW-COMPLEXITY,Moderate
167,835.0,840.0,2.0,3.0,4.0,79.3877182006836,86.47588195800782,89.078349609375,0.2242295486111111,9.35995798611111,0.03670571759259259,381.69153593372624,0.42083333333333334,0.1875,0.16666666666666666,1.0,0.6041742783427969,0.31583333333333335,0.3272172576745671,0.10487347883597883,0.3333333333333333,0.384732544898374,0.39021116045811216,SPATIAL-HEAVY,Moderate
168,840.0,845.0,3.0,13.0,14.0,94.08436584472656,96.99024963378906,97.84867919921875,0.3466184722222222,16.08189732638889,0.06306626402505447,733.2857294475245,0.35448717948717956,0.5416666666666666,0.1346153846153846,0.6339285714285714,0.633154789890071,0.4387179487179488,0.45915264740779527,0.18018932578586994,0.7692307692307693,0.4851089444877149,0.48434713502065824,SPATIAL-HEAVY,Moderate
169,845.0,850.0,12.0,21.0,22.0,95.48377990722656,98.58073425292969,100.35396759033203,0.4116259027777778,18.27574739583333,0.07166959763071895,1096.526747343258,0.46279761904761907,0.21875,0.13095238095238096,0.125,0.6325015944398877,0.3529761904761905,0.49409145464363213,0.2047702789449113,0.9047619047619048,0.4291082851043019,0.45464033937844994,SPATIAL-HEAVY,Moderate
170,850.0,855.0,2.0,6.0,8.0,103.9637451171875,122.47511749267578,123.77317535400391,0.23284149305555557,13.358219027777777,0.05238517265795207,818.2973770330993,0.35833333333333334,0.375,0.16666666666666666,0.125,0.565076607054194,0.36583333333333334,0.34421943304415514,0.14967192187986306,0.6666666666666666,0.38517176237609735,0.40308030235453535,BURST-DOMINATED,Moderate
171,855.0,860.0,2.0,5.0,8.0,105.10094451904297,122.3979476928711,123.5284359741211,0.24864902777777778,13.115565659722222,0.05143359082244009,820.8446139063142,0.37250000000000005,0.3125,0.2,1.0,0.5705254985227929,0.34550000000000003,0.3736617631771564,0.1469531166355431,0.6,0.4270983748909952,0.42227795147395775,SPARSE-EXTREME,Moderate
172,860.0,865.0,1.0,2.0,4.0,66.1529312133789,71.33306884765625,72.14572296142578,0.16395288194444443,6.471722916666667,0.025379305555555558,280.6798567419149,0.4,0.25,0.25,0.125,0.6090892411589849,0.3325,0.29003053211434165,0.0725123015873016,0.5,0.3600980052920473,0.3934638294212951,SPATIAL-HEAVY,Moderate
173,865.0,870.0,1.0,2.0,3.0,66.15718841552734,68.90272674560546,69.82029235839843,0.14006861111111113,5.501107361111112,0.021572970043572982,283.2188109421661,0.3875,0.25,0.1875,0.125,0.627638621818385,0.32562500000000005,0.2878786872328167,0.06163705726735138,0.5,0.35811422389213776,0.3933418364997219,SPATIAL-HEAVY,Moderate
174,870.0,875.0,1.0,2.0,3.0,65.04927825927734,72.39250335693359,73.88682556152344,0.17155854166666668,6.7003746527777786,0.026275979030501086,277.39260602003736,0.3875,0.25,0.1875,0.125,0.5930530001941344,0.32562500000000005,0.32008422469218967,0.07507422580143168,0.5,0.3565972317524952,0.3884100527448529,BURST-DOMINATED,Moderate
175,875.0,880.0,0.0,1.0,1.0,66.7845687866211,69.44832000732421,70.24022735595703,0.0993673263888889,3.693303506944444,0.014483543164488017,349.29340563870744,0.05,0.125,0.125,0.125,0.6284467058819303,0.08375,0.2897940420769175,0.04138155189853719,0.0,0.2651347851713606,0.32509490510845446,SPATIAL-HEAVY,Low
176,880.0,885.0,6.0,10.600000000000009,12.760000000000005,75.4409408569336,80.64982452392579,83.53112182617188,0.40553715277777785,15.747117048611107,0.061753400190631816,216.2484834990923,0.38558176100628905,0.22083333333333352,0.15047169811320749,0.9208463949843256,0.6140756919187378,0.3114449685534591,0.4884667131574003,0.17643828625894806,0.37735849056603743,0.42229778459067224,0.4312694571021243,SPATIAL-HEAVY,Moderate
177,885.0,890.0,5.0,8.600000000000009,11.760000000000005,87.07266235351562,91.74837799072266,93.22165008544921,0.3604871180555555,14.652186076388887,0.057459553240740736,410.5174060342205,0.3736976744186044,0.21500000000000022,0.17093023255813944,0.5102040816326529,0.6214017491762216,0.30228372093023254,0.4995128661609449,0.16417015211640212,0.2325581395348835,0.407756813443074,0.4499199271652427,SPATIAL-HEAVY,Moderate
178,890.0,895.0,3.0,4.0,6.0,70.88469696044922,77.86210784912109,78.71030792236328,0.27246701388888883,12.064344479166664,0.04731115482026144,231.27666451130204,0.4458333333333333,0.16666666666666666,0.1875,1.0,0.5995128501867854,0.3202083333333333,0.41173178710397207,0.13517472805788985,0.25,0.4012769508438604,0.4126645026893666,LOW-COMPLEXITY,Moderate
179,895.0,900.0,2.0,2.0,3.0,80.3697738647461,86.4569580078125,87.22497528076173,0.2465361805555555,9.767132847222223,0.03830248175381263,330.6048249109597,0.5125000000000001,0.125,0.1875,0.125,0.610289163695228,0.33812500000000006,0.3555716014918205,0.10943566215375038,0.0,0.34332493229209127,0.40731146174901256,SPATIAL-HEAVY,Moderate
180,900.0,905.0,3.0,6.0,7.0,115.54745483398438,122.92731323242188,124.60160064697266,0.3147739236111111,14.652417743055558,0.05746046173747276,1055.928582901965,0.3791666666666667,0.25,0.14583333333333334,1.0,0.6162306769403271,0.3210416666666667,0.3650632656514739,0.16417274782135075,0.5,0.4219761357243835,0.4346365005323485,SPATIAL-HEAVY,Moderate
181,905.0,910.0,2.0,4.0,46.80000000000028,113.30604553222656,155.9466979980469,157.25758911132812,0.2972868402777778,13.9281128125,0.054620050245098035,1711.8252272472837,0.55,0.25,1.0,0.19230769230769115,0.49785941239625425,0.41500000000000004,0.47533639067321287,0.15605728641456582,0.5,0.454872007882438,0.4819782205961671,SPARSE-EXTREME,Moderate
182,910.0,915.0,1.0,1.0,2.0,149.43975830078125,155.78067626953126,157.50484619140624,0.21335256944444447,10.3585853125,0.04062190318627452,2510.609855184791,0.525,0.125,0.25,1.0,0.6271110186287714,0.3450000000000001,0.43727746907798004,0.11606258053221291,0.0,0.414260301267638,0.4468807235039464,SPATIAL-HEAVY,Moderate
183,915.0,920.0,1.0,1.0,1.0,143.58596801757812,146.88592224121095,147.92126098632812,0.11875701388888887,5.553540034722224,0.021778588371459698,1896.9107724124858,0.65,0.125,0.125,1.0,0.6373707003035609,0.41375000000000006,0.3395553103693986,0.06222453820417057,1.0,0.4472118164163706,0.4401127001000509,SPATIAL-HEAVY,Moderate
184,920.0,925.0,1.0,1.0,1.0,129.154052734375,132.74400024414064,134.83414001464843,0.11523524305555558,4.872393402777778,0.019107425108932465,1691.8007220938623,0.5,0.125,0.125,1.0,0.634937366511832,0.33125000000000004,0.2974236460834088,0.054592643168378474,0.0,0.36681554382542136,0.39280871202968315,SPATIAL-HEAVY,Moderate
185,925.0,930.0,1.0,2.0,2.0,114.57588958740234,136.44653930664063,137.08688232421875,0.18433138888888892,7.863682499999999,0.0308379705882353,1653.609377237818,0.37500000000000006,0.25,0.125,1.0,0.5598807135472198,0.31875000000000003,0.40631199513746563,0.08810848739495801,0.5,0.4011952152501314,0.3938096560037427,BURST-DOMINATED,Moderate
186,930.0,935.0,2.0,3.0,50.12000000000032,133.73681640625,138.93191833496093,139.5438787841797,0.2963211111111111,13.561479131944445,0.05318227110566449,2318.9691476811113,0.5375000000000001,0.1875,1.0,0.16709896249002287,0.628860628167041,0.3800000000000001,0.6129766111111111,0.15194934601618426,0.0,0.46583588169479184,0.5128211735969943,SPATIAL-MOTION-HEAVY,Moderate
187,935.0,940.0,2.0,3.0,39.72000000000024,130.18338012695312,141.7635955810547,142.82221923828126,0.2105130555555556,8.904117048611107,0.034918106072984754,2426.5566058397835,0.5875000000000001,0.1875,1.0,0.17938066465256688,0.6039077164587574,0.4075000000000001,0.36363241046220995,0.09976601735138502,0.3333333333333333,0.45239348713604893,0.5154612418424034,SPATIAL-HEAVY,Moderate
188,940.0,945.0,3.0,3.0,4.0,119.85565948486328,125.08707122802734,125.73752227783203,0.24512496527777777,10.073247604166669,0.039502931781045754,1540.7948441610563,0.6083333333333334,0.125,0.16666666666666666,1.0,0.6263681900720368,0.3908333333333334,0.42579330655512737,0.11286551937441645,0.6666666666666666,0.44614248283258845,0.45240401514305834,SPATIAL-HEAVY,Moderate
189,945.0,950.0,2.0,4.0,46.28000000000027,85.78325653076172,119.00651397705079,120.68628448486328,0.2306974652777778,9.21909378472222,0.03615330895969499,622.5863989096383,0.5125000000000001,0.25,1.0,0.2025713050993938,0.49486450904232254,0.39437500000000003,0.42668631751587033,0.10329516845627142,0.25,0.4210349839353887,0.4516967516537145,SPARSE-EXTREME,Moderate
190,950.0,955.0,2.0,2.0,44.80000000000028,89.71233367919922,110.36282958984376,111.11919036865234,0.20016027777777778,7.8052571875,0.03060885171568628,729.7921543055637,0.75,0.125,1.0,0.20089285714285587,0.5450530486229269,0.46875000000000006,0.45635340385419143,0.08745386204481795,0.5,0.468776444232476,0.5132177578325714,SPARSE-EXTREME,Moderate
191,955.0,960.0,1.0,2.0,3.0,81.99127960205078,89.20193328857422,90.20695434570312,0.21147829861111112,8.156076736111112,0.03198461465141612,432.87019528010575,0.3875,0.25,0.1875,1.0,0.6044584038033839,0.32562500000000005,0.4063596969386928,0.09138461328976034,0.5,0.42473389756797364,0.4312543361976984,SPATIAL-HEAVY,Moderate
192,960.0,965.0,2.0,3.0,3.760000000000005,74.06864166259766,76.98555755615234,79.40801971435548,0.21795100694444441,7.327905729166666,0.0287368852124183,564.4170661653923,0.4188333333333334,0.1875,0.15666666666666687,0.13297872340425515,0.6290871813325496,0.3147333333333334,0.358709714282763,0.08210538632119514,0.3333333333333333,0.3551580487119987,0.39845130327872863,SPATIAL-HEAVY,Moderate
193,965.0,970.0,1.0,2.0,4.0,87.33612823486328,89.0832733154297,89.7977099609375,0.1498892361111111,5.52077215277778,0.021650086873638345,517.1041979706804,0.4,0.25,0.25,1.0,0.639008027980853,0.3325,0.3108346110272704,0.06185739106753813,0.5,0.417905757993804,0.4272835019915332,SPATIAL-HEAVY,Moderate
194,970.0,975.0,1.0,2.0,2.760000000000005,85.05941009521484,85.93323516845703,86.23734313964843,0.15215281249999996,5.097069097222222,0.01998850626361656,475.4944455179382,0.3845000000000001,0.25,0.17250000000000032,0.13586956521739105,0.6442861983876503,0.32397500000000007,0.2854488681721422,0.05711001789604731,0.5,0.36199571590437907,0.401112015444947,SPATIAL-HEAVY,Moderate
195,975.0,980.0,1.0,1.0,2.0,84.40531921386719,85.17576599121094,85.64981292724609,0.1065617361111111,3.7811669097222227,0.014828105528322439,471.12077412622887,0.525,0.125,0.25,0.125,0.6449623763162381,0.3450000000000001,0.26329224308472865,0.04236601579520697,0.0,0.3367598156770174,0.40404891515271674,SPATIAL-HEAVY,Moderate
196,980.0,985.0,1.0,5.0,10.0,84.17118072509766,86.38985595703124,87.93083526611328,0.1998527430555556,7.148673263888889,0.028034012799564266,440.31961071368585,0.325,0.625,0.25,0.1375,0.6357488984990401,0.46,0.2876771348308649,0.08009717942732648,0.4,0.4273290051322597,0.4615612452909054,SPATIAL-HEAVY,Moderate
197,985.0,990.0,1.0,2.0,3.0,82.93604278564453,83.51968383789062,84.03950500488281,0.13754510416666668,4.748420416666668,0.018621256535947713,457.68122670157067,0.3875,0.25,0.1875,0.125,0.6461437731077939,0.32562500000000005,0.2667297681457501,0.053203590102707754,0.5,0.35947466416615825,0.39910377939130914,SPATIAL-HEAVY,Moderate
198,990.0,995.0,1.0,2.0,24.280000000000143,124.45800018310547,125.43108520507812,125.71206848144531,0.22129395833333337,8.56792326388889,0.03359969907407408,4212.499161994282,0.55,0.25,1.0,0.40671334431630735,0.6456315779744634,0.41500000000000004,0.4406193403855035,0.09599914021164023,0.5,0.49749300845958905,0.5394134979991052,SPATIAL-HEAVY,Moderate
199,995.0,1000.0,2.0,2.0,39.480000000000246,107.50121307373047,115.57010955810547,116.38252258300781,0.19960961805555555,8.143032847222223,0.0319334621459695,1428.448917620766,0.8250000000000001,0.125,1.0,0.2786220871327237,0.6105864709960883,0.5100000000000001,0.41966638630454045,0.09123846327419859,1.0,0.5209492950829175,0.5582399611042844,SPATIAL-HEAVY,High
200,1000.0,1005.0,1.0,2.0,2.760000000000005,102.90620422363281,117.64578552246094,118.95186828613281,0.13507972222222223,5.100801354166668,0.02000314256535948,1364.1608285464665,0.3095000000000001,0.25,0.17250000000000032,1.0,0.5795115173680793,0.28272500000000006,0.24476238416107604,0.05715183590102709,0.0,0.3358772662982439,0.34165432502475257,BURST-DOMINATED,Moderate
201,1005.0,1010.0,2.0,9.600000000000009,12.760000000000005,68.85557556152344,102.8768280029297,104.48771728515625,0.28646499999999997,10.181834097222222,0.039928761165577344,404.2188387559744,0.3251041666666666,0.6000000000000005,0.16614583333333324,0.5289968652037615,0.4673147582975128,0.4488072916666669,0.36096922539710197,0.11408217475879241,0.5208333333333329,0.40195515695465034,0.3830852000976071,BURST-DOMINATED,Moderate
202,1010.0,1015.0,4.0,8.0,12.760000000000005,66.05675506591797,104.64643707275391,105.09606079101563,0.3547795833333333,12.560590138888887,0.04925721623093682,471.080119992183,0.37112500000000004,0.25,0.19937500000000008,0.5485893416927897,0.44707899075634056,0.31661875000000006,0.42618678195721693,0.14073490351696236,0.375,0.34946575722013484,0.34704075292626824,BURST-DOMINATED,Moderate
203,1015.0,1020.0,1.0,2.0,2.0,100.98568725585938,103.59909515380859,104.23855072021485,0.21720086805555558,9.021957430555558,0.03538022521786491,1649.030359128058,0.37500000000000006,0.25,0.125,1.0,0.6357887519528778,0.31875000000000003,0.38075606498200754,0.10108635776532832,0.5,0.4114001494941027,0.40749844066570395,SPATIAL-HEAVY,Moderate
204,1020.0,1025.0,1.0,1.0,1.0,99.29846954345703,103.21756439208984,104.21023193359375,0.1141880208333333,4.556066597222221,0.017866927832244004,1366.8719416393428,0.5,0.125,0.125,1.0,0.6286321349540992,0.33125000000000004,0.3027051422986465,0.05104836523498287,0.0,0.371895730251095,0.4048095845989385,SPATIAL-HEAVY,Moderate
205,1025.0,1030.0,1.0,1.0,2.0,101.91984558105469,102.8001937866211,103.11943298339844,0.15340916666666665,6.095760625,0.023904943627450975,1437.6853486637485,0.525,0.125,0.25,1.0,0.6451899441107096,0.3450000000000001,0.335423817934318,0.06829983893557422,0.0,0.3927345694439745,0.42441472316328305,SPATIAL-HEAVY,Moderate
206,1030.0,1035.0,1.0,2.0,3.0,112.43575286865234,113.66028442382813,113.98701934814453,0.16926572916666666,6.14601361111111,0.024102014161220046,1851.8590424569961,0.3125,0.25,0.1875,1.0,0.6439300760495961,0.284375,0.34137992052675586,0.06886289760348585,0.0,0.3829806403349221,0.40757290698983356,SPATIAL-HEAVY,Moderate
207,1035.0,1040.0,2.0,3.0,41.24000000000025,110.78033447265625,128.46829223632812,129.7207470703125,0.22791659722222218,9.420978680555557,0.0369450144335512,1720.2495778425216,0.5875000000000001,0.1875,1.0,0.20307953443258847,0.5725623180419955,0.4075000000000001,0.37789308772912705,0.10555718409586058,0.3333333333333333,0.42814763399632105,0.46038666737619777,SPARSE-EXTREME,Moderate
208,1040.0,1045.0,4.0,5.0,6.0,118.53003692626953,126.67299346923828,127.48138549804688,0.3160476041666667,12.0469165625,0.047242810049019604,1862.855410094425,0.45125000000000004,0.15625,0.15,1.0,0.6136965443867896,0.3185,0.5051025149796733,0.13497945728291316,0.2,0.43108942723191546,0.46479388906845936,SPATIAL-HEAVY,Moderate
209,1045.0,1050.0,2.0,2.6000000000000085,41.480000000000246,100.66190338134766,113.31792297363282,115.19139221191406,0.1890909375,6.600746215277777,0.025885279275599124,1268.082352508942,0.6363461538461526,0.16250000000000053,1.0,0.25614754098360504,0.5872274225645512,0.4231153846153842,0.40180710487123383,0.07395794078742607,0.38461538461538336,0.45678931441765563,0.5069198433538517,SPARSE-EXTREME,Moderate
210,1050.0,1055.0,3.0,5.0,10.760000000000005,64.42898559570312,116.30960083007812,117.77304321289063,0.26442461805555556,9.318875243055556,0.0365446087962963,934.5770510801989,0.4554666666666667,0.20833333333333334,0.26900000000000013,0.7202602230483268,0.407765877494144,0.3442566666666667,0.3676561023240905,0.10441316798941801,0.6,0.37024499923293475,0.37149676655477737,SPARSE-EXTREME,Moderate
211,1055.0,1060.0,2.0,3.0,4.0,90.4336166381836,105.57564697265626,125.0339227294923,0.2026536111111111,7.600740763888889,0.029806826525054467,1156.8213650825353,0.42083333333333334,0.1875,0.16666666666666666,1.0,0.5726340775027043,0.31583333333333335,0.35430467840617796,0.08516236150015563,0.3333333333333333,0.3880498097977118,0.398752125302033,LOW-COMPLEXITY,Moderate
212,1060.0,1065.0,1.0,3.0,3.0,129.18211364746094,130.94012756347655,131.5345458984375,0.19570416666666668,7.582557847222223,0.02973552096949891,2079.85675746047,0.3,0.375,0.125,1.0,0.6424547390489607,0.33375,0.3253084281568199,0.08495863134142546,0.3333333333333333,0.4021069262626328,0.39552139084334875,SPATIAL-HEAVY,Moderate
213,1065.0,1070.0,2.0,6.0,17.280000000000015,124.45791625976562,129.64437561035157,130.30983215332031,0.27954527777777777,11.222923888888891,0.04401146623093682,2053.506151019203,0.34700000000000003,0.375,0.3600000000000003,0.4123263888888885,0.6273953378148143,0.35960000000000003,0.37591279910005954,0.1257470463741052,0.3333333333333333,0.42127184335373674,0.45771970286654984,SPATIAL-HEAVY,Moderate
214,1070.0,1075.0,1.0,1.0,51.92000000000034,126.30902862548828,129.30291748046875,130.1389764404297,0.13338895833333334,5.463888506944446,0.021427013752723312,1902.9837782999105,0.675,0.125,1.0,0.17093605546995264,0.6369695085432043,0.4275000000000001,0.4296334467352624,0.06122003929349518,0.0,0.4555481010300621,0.5354552157715603,SPATIAL-HEAVY,Moderate
215,1075.0,1080.0,2.0,3.0,3.0,142.79983520507812,147.5453643798828,150.3809735107422,0.2355959722222222,10.488955416666668,0.041133158496732034,2108.55680275316,0.4625,0.1875,0.125,1.0,0.6321009367473369,0.33875,0.4218076120147072,0.11752330999066296,0.6666666666666666,0.445497867440949,0.4603966015211738,SPATIAL-HEAVY,Moderate
216,1080.0,1085.0,2.0,3.0,47.040000000000276,119.41362762451172,123.24461669921875,151.67168334960937,0.2290399652777778,10.120579652777778,0.03968854765795207,1474.2540608632846,0.5875000000000001,0.1875,1.0,0.17006802721088335,0.6366766856552113,0.4075000000000001,0.32813490252762306,0.11339585045129165,0.3333333333333333,0.44274769920042817,0.4959279521935818,SPATIAL-HEAVY,Moderate
217,1085.0,1090.0,1.0,1.0,43.80000000000028,112.5849380493164,145.5188232421875,147.00845703125,0.14960756944444445,5.737106388888889,0.02249845642701525,1421.5148156343796,0.675,0.125,1.0,0.18550228310502165,0.5235410694395761,0.4275000000000001,0.40845842565764856,0.06428130407718644,0.0,0.4170763163110129,0.47663258703923445,SPARSE-EXTREME,Moderate
218,1090.0,1095.0,0.0,1.0,36.20000000000023,111.4070816040039,146.1954772949219,146.8088507080078,0.09282451388888889,3.867098993055556,0.01516509409041394,1375.799909389046,0.375,0.125,1.0,0.3038674033149152,0.5170620593649005,0.2625,0.3853601612677781,0.04332884025832555,1.0,0.42359277262607015,0.4370391013976531,SPARSE-EXTREME,Moderate
219,1095.0,1100.0,0.0,1.0,35.920000000000215,121.07811737060547,121.52581787109375,121.70800506591797,0.07946763888888889,3.3477622916666667,0.0131284795751634,1075.5820489115017,0.225,0.125,1.0,0.2470768374164796,0.647933262889158,0.18000000000000002,0.4117225755611458,0.037509941643324,0.0,0.37369889446859744,0.4167901842499264,SPATIAL-HEAVY,Moderate
220,1100.0,1105.0,1.0,4.0,45.480000000000246,104.66560363769531,106.22947998046875,123.06468780517578,0.1948111458333333,7.618559097222223,0.029876702342047926,962.8755857448158,0.48750000000000004,0.5,1.0,0.15941072999120406,0.644605411716589,0.49312500000000004,0.35757596780741163,0.0853620066915655,0.5,0.5029001680240892,0.5412587173922059,SPATIAL-HEAVY,High
221,1105.0,1110.0,1.0,5.0,9.760000000000005,123.56782531738281,128.8525177001953,129.67379699707033,0.12997684027777776,4.986370451388891,0.019554393927015253,1857.4285405174626,0.29380000000000006,0.625,0.24400000000000013,0.6275614754098358,0.6268478960045012,0.44284,0.20541478373884303,0.0558696969343293,0.2,0.39411622314257067,0.38619006718672655,SPATIAL-HEAVY,Moderate
222,1110.0,1115.0,1.0,2.0,45.80000000000028,129.58438110351562,130.09741821289063,130.93187011718751,0.1439507986111111,5.453815659722222,0.021387512391067537,2331.4264491518675,0.47500000000000003,0.25,1.0,0.17467248908296837,0.6478778947908268,0.37375,0.3977789652857025,0.06110717826019297,0.0,0.4266544387508274,0.4740765481054855,SPATIAL-HEAVY,Moderate
223,1115.0,1120.0,1.0,2.0,2.0,91.78099822998047,100.48221435546876,112.74054382324219,0.1490829513888889,6.296213194444444,0.024691032135076257,757.8075386908489,0.37500000000000006,0.25,0.125,1.0,0.6032932812755918,0.31875000000000003,0.3760424445391871,0.07054580610021788,0.5,0.41706291554373703,0.42960283630946816,SPATIAL-HEAVY,Moderate
224,1120.0,1125.0,0.0,1.0,2.0,112.47234344482422,114.2475357055664,114.90996520996094,0.08245774305555557,3.4866840972222226,0.013673270969498911,1253.1418260645978,0.225,0.125,0.25,1.0,0.6412790725815138,0.18000000000000002,0.3674947266006118,0.039066488484282604,1.0,0.4038424453400063,0.39187615219804656,SPATIAL-HEAVY,Moderate
225,1125.0,1130.0,9.0,12.0,42.880000000000194,125.98764038085938,133.18077697753907,134.1064404296875,0.4072420486111112,18.130663333333334,0.07110064052287582,1346.9720524092902,0.5726666666666671,0.16666666666666666,0.4466666666666687,0.23320895522387955,0.6195083146344211,0.38996666666666696,0.47163724778409144,0.20314468720821663,0.75,0.4473761823213269,0.47811322295629816,SPATIAL-HEAVY,Moderate
226,1130.0,1135.0,3.0,6.0,8.760000000000005,127.14064025878906,128.9324188232422,130.40825988769532,0.2851802430555556,9.694673437500002,0.03801832720588235,2256.6049709142394,0.38650000000000007,0.25,0.1825000000000001,1.0,0.6423168048539417,0.32507500000000006,0.3853260139218277,0.10862379201680672,0.5,0.4401616910768961,0.46600393101534454,SPATIAL-HEAVY,Moderate
227,1135.0,1140.0,5.0,7.0,8.0,67.85466003417969,87.60443878173828,88.14751190185547,0.33652656250000007,11.170835451388887,0.04380719784858388,430.53061074117176,0.4278571428571429,0.175,0.14285714285714285,1.0,0.5239462565915418,0.3140714285714286,0.4848448938532576,0.12516342242452538,0.2857142857142857,0.3859907009276571,0.37923457356835727,LOW-COMPLEXITY,Moderate
228,1140.0,1145.0,2.0,5.0,27.280000000000143,85.49790954589844,114.70761108398438,115.2029736328125,0.16984055555555558,5.570884548611112,0.02184660607298475,2164.2696930294373,0.46890000000000076,0.3125,0.6820000000000036,0.2657624633431071,0.5079703876454794,0.39852000000000043,0.3200723178548822,0.06241887449424215,0.6,0.41797991192533523,0.4505542005527191,SPARSE-EXTREME,Moderate
229,1145.0,1150.0,1.0,6.6000000000000085,9.0,111.22645568847656,123.81203155517578,124.35811065673828,0.16967090277777783,5.944642361111111,0.023312322984749452,2632.1792451122087,0.2900000000000001,0.8250000000000011,0.17045454545454525,0.8611111111111112,0.5926283187277611,0.5307500000000005,0.23353026017851855,0.06660663709928415,0.15151515151515133,0.4389694194960799,0.42337994941211227,BURST-DOMINATED,Moderate
230,1150.0,1155.0,1.0,5.0,8.0,80.58349609375,122.39230499267578,123.09072265625,0.24419531250000007,7.560448680555553,0.02964881835511983,1583.0335818942463,0.315,0.625,0.2,0.984375,0.4613622787550894,0.4545,0.30604187904248703,0.08471090958605666,0.4,0.42000964238091576,0.4009312985291105,SPARSE-EXTREME,Moderate
231,1155.0,1160.0,2.0,4.6000000000000085,68.32000000000042,105.07689666748047,105.90397186279297,106.18237609863282,0.20088739583333332,6.986159965277778,0.027396705746187362,1983.6301169426079,0.518369565217391,0.28750000000000053,1.0,0.16100702576112313,0.6456094611806702,0.4144782608695653,0.3792839562450848,0.0782763021319639,0.4347826086956514,0.47350724198208854,0.5283029311820038,SPATIAL-HEAVY,Moderate
232,1160.0,1165.0,2.0,9.0,10.0,95.216064453125,95.89209899902343,96.13728942871094,0.3011195486111112,9.38405527777778,0.03680021677559912,1998.592524813983,0.3736111111111111,0.5625,0.1388888888888889,1.0,0.6460398475357834,0.4586111111111111,0.4190435572002603,0.10514347650171178,0.8888888888888888,0.5023704880471673,0.4813628314437185,SPATIAL-HEAVY,High
233,1165.0,1170.0,6.0,9.0,11.0,96.97770690917969,101.4617935180664,102.29395416259766,0.39974166666666666,13.013986180555555,0.051035239923747276,1596.129839203461,0.4013888888888889,0.1875,0.1527777777777778,0.42045454545454547,0.6250818323942993,0.30513888888888896,0.4807109395241428,0.14581497121070652,0.2222222222222222,0.3827652234527091,0.41537272039508266,SPATIAL-HEAVY,Moderate
234,1170.0,1175.0,0.0,5.0,7.760000000000005,49.1860237121582,93.3587875366211,97.23702911376954,0.20570520833333336,7.6066453125,0.02982998161764706,597.5488850247458,0.16380000000000003,0.625,0.19400000000000012,1.0,0.39495341476412466,0.37134,0.28659294474760383,0.08522851890756304,0.0,0.3558802881784746,0.3355341014942268,BURST-DOMINATED,Moderate
235,1175.0,1180.0,5.0,6.0,7.760000000000005,133.1814727783203,139.63726196289062,142.0046856689453,0.3018726736111111,10.818160000000002,0.042424156862745095,2425.8586304442892,0.5873333333333334,0.15,0.16166666666666676,0.8376288659793809,0.6240931495057069,0.3905333333333334,0.4046640668095821,0.12121187675070028,1.0,0.4531356790487162,0.4562520153821892,SPATIAL-HEAVY,Moderate
236,1180.0,1185.0,5.0,6.0,7.0,74.77348327636719,132.00179443359374,132.75842224121095,0.33464906250000004,10.882401875,0.04267608578431372,1896.7108258568642,0.4591666666666667,0.15,0.14583333333333334,1.0,0.41389968861883214,0.3200416666666667,0.4090367226934952,0.12193167366946778,0.16666666666666666,0.3467170280614923,0.34757070108796045,LOW-COMPLEXITY,Moderate
237,1185.0,1190.0,1.0,6.0,49.56000000000029,74.16201782226562,102.23641662597656,103.76095184326172,0.1742721875,6.559728541666665,0.025724425653594767,1076.4693367791697,0.525,0.75,1.0,0.34301856335754444,0.4973478033200317,0.6262500000000001,0.3464667565844021,0.07349835901027077,0.6666666666666666,0.5273552746098662,0.5234968428149124,MOTION-HEAVY,High
238,1190.0,1195.0,0.0,4.0,21.480000000000118,62.404151916503906,66.52089233398438,66.758671875,0.13430722222222224,4.8194071874999995,0.018899636029411762,465.3377534267115,0.38425000000000076,0.5,0.6712500000000037,0.35498137802606883,0.6149966969257921,0.43633750000000043,0.30273897610236455,0.05399896008403361,1.0,0.4679703816321186,0.46062502118595694,SPATIAL-HEAVY,Moderate
239,1195.0,1200.0,3.0,5.0,32.60000000000018,65.26712036132812,74.67824096679688,75.04918212890625,0.21431270833333335,7.0549196875,0.027666351715686276,1067.8628132070464,0.5346666666666676,0.20833333333333334,0.8150000000000045,0.18788343558282106,0.5789858389702739,0.3878166666666672,0.4472845234979136,0.07904671918767509,0.4,0.4364352522990755,0.4760588358862193,SPARSE-EXTREME,Moderate
240,1200.0,1205.0,1.0,7.0,7.760000000000005,61.71422576904297,99.7492904663086,100.83355804443359,0.16798729166666668,6.5469349305555555,0.025674254629629627,935.2640355237116,0.3312857142857143,0.875,0.13857142857142865,0.9181701030927829,0.4406795121505351,0.5759571428571428,0.25189978237888133,0.07335501322751323,0.42857142857142855,0.44427978850404437,0.41199230072509335,BURST-DOMINATED,Moderate
241,1205.0,1210.0,4.0,9.0,48.52000000000001,83.78760528564453,91.18540344238282,99.19802551269531,0.34163697916666674,12.924923784722221,0.050685975626361665,942.8022962186783,0.49102777777777773,0.28125,0.673888888888889,0.14427040395713106,0.6057292135322516,0.3966277777777778,0.47334401013147714,0.1448170732181762,0.6666666666666666,0.4695648729428588,0.5145309234586877,SPATIAL-HEAVY,Moderate
242,1210.0,1215.0,5.0,6.0,6.0,68.79335021972656,75.81233367919921,76.84456359863282,0.3166824305555555,10.09261701388889,0.03957889025054467,544.9868185098882,0.45500000000000007,0.15,0.125,1.0,0.5978935318782483,0.3177500000000001,0.45401393519412014,0.11308254357298476,0.16666666666666666,0.4003664074529595,0.42096776071013914,LOW-COMPLEXITY,Moderate
243,1215.0,1220.0,0.0,6.0,85.4800000000005,72.84782409667969,74.21307373046875,78.7939321899414,0.19121027777777777,7.069269652777778,0.02772262608932462,737.7196186455669,0.5,0.75,1.0,0.1798666354702844,0.6407052083085499,0.6125,0.37377161164798545,0.07920750311235607,1.0,0.573778018128819,0.5784114242079568,HIGH-SPATIO-TEMPORAL,High
244,1220.0,1225.0,3.0,12.0,52.520000000000266,74.83544158935547,77.8584487915039,103.29532928466797,0.2612187152777778,8.271175798611111,0.032435983523965144,1335.3467156612612,0.44691666666666724,0.5,0.5470833333333361,0.24276466108149153,0.6340919290756085,0.470804166666667,0.35281779541549996,0.09267423863990042,0.8333333333333334,0.4747720032908961,0.4880467619202479,SPATIAL-HEAVY,Moderate
245,1225.0,1230.0,1.0,2.0,53.40000000000033,95.1170425415039,114.736328125,116.4562826538086,0.10422017361111112,4.8629417013888885,0.01907035961328976,1077.2701417248895,0.47500000000000003,0.25,1.0,0.18024344569288278,0.554130119153313,0.37375,0.45624902875144924,0.054486741752256464,0.0,0.4228540808989723,0.4683850027663887,SPARSE-EXTREME,Moderate
246,1230.0,1235.0,3.0,6.0,7.0,54.6772575378418,90.16141357421876,90.48754455566406,0.17773993055555556,5.944510659722222,0.0233118065087146,675.7204231789257,0.3541666666666667,0.25,0.14583333333333334,1.0,0.43421074992954317,0.3072916666666667,0.33800841955855687,0.06660516145347029,0.3333333333333333,0.3457458031042462,0.33318554899336,BURST-DOMINATED,Moderate
247,1235.0,1240.0,1.0,3.0,23.000000000000128,55.738033294677734,113.02227478027343,113.53568908691406,0.11591329861111112,4.71651013888889,0.018496118191721134,1195.7369879976118,0.46666666666666773,0.375,0.9583333333333387,0.6630434782608658,0.3780978998667159,0.4254166666666673,0.3424118301426463,0.0528460519763461,0.3333333333333333,0.4242671227481858,0.4314573146193575,SPARSE-EXTREME,Moderate
248,1240.0,1245.0,2.0,2.0,3.0,74.41339874267578,110.41610565185547,110.88867584228515,0.25236291666666666,9.566296909722222,0.03751488984204792,964.1694526088492,0.5875,0.125,0.1875,1.0,0.4695612852650568,0.3793750000000001,0.42798944800730154,0.10718539954870834,0.5,0.39761171264901557,0.3939105117317597,LOW-COMPLEXITY,Moderate
249,1245.0,1250.0,2.0,4.0,51.60000000000031,78.1443862915039,119.1907440185547,121.49997344970703,0.2688117361111111,10.09319704861111,0.03958116489651417,1051.5950327378082,0.5125000000000001,0.25,1.0,0.18653100775193687,0.4601525090130997,0.39437500000000003,0.4176548089819072,0.11308904256146907,0.25,0.408675390485074,0.4355077065012331,SPARSE-EXTREME,Moderate
250,1250.0,1255.0,3.0,4.0,4.0,125.73148345947266,171.80929870605468,172.26232421875,0.31336486111111106,12.089911909722222,0.04741141925381264,3483.6898493377653,0.39583333333333337,0.16666666666666666,0.125,1.0,0.5005868997116273,0.29270833333333335,0.5219222074318663,0.13546119786803612,0.0,0.3730132262818019,0.37983880233272577,LOW-COMPLEXITY,Moderate
251,1255.0,1260.0,2.0,3.0,3.0,131.78810119628906,172.22942810058595,172.41925415039063,0.23127052083333335,8.024898333333335,0.031470189542483665,4069.551296007659,0.36250000000000004,0.1875,0.125,1.0,0.5187237676071759,0.28375000000000006,0.5109044044935968,0.08991482726423905,0.0,0.38357781014918657,0.4047587695571918,LOW-COMPLEXITY,Moderate
252,1260.0,1265.0,3.0,5.0,7.760000000000005,135.4309844970703,137.50099487304686,138.1515869140625,0.32689986111111113,14.275459340277777,0.05598219349128541,2559.192849763728,0.4104666666666667,0.20833333333333334,0.19400000000000012,1.0,0.6415336534605268,0.3195066666666667,0.39287463909514186,0.15994912426081545,0.4,0.4227805901282916,0.4362920126090618,SPATIAL-HEAVY,Moderate
253,1265.0,1270.0,4.0,6.6000000000000085,8.0,124.51393127441406,131.48699340820312,134.59725036621094,0.373125,17.675340104166665,0.06931505923202616,1583.3715851967665,0.38973484848484813,0.20625000000000027,0.15151515151515133,0.140625,0.620374192021311,0.3071666666666666,0.3893654608351166,0.1980430263772176,0.30303030303030265,0.36286006858728725,0.4050279241499969,SPATIAL-HEAVY,Moderate
254,1270.0,1275.0,4.0,6.0,9.0,129.2770538330078,134.65071716308594,136.72236206054689,0.38136312499999997,17.14928809027778,0.06725211015795204,1981.8751099431026,0.4,0.1875,0.1875,0.7222222222222222,0.6276425442463087,0.30437500000000006,0.4399634457944984,0.1921488861655773,0.16666666666666666,0.39719578876022094,0.4252886479508497,SPATIAL-HEAVY,Moderate
255,1275.0,1280.0,3.0,6.6000000000000085,10.0,135.54843139648438,142.24691467285157,142.87540954589844,0.3336212152777778,15.444962395833334,0.06056847998366013,2498.7087059736655,0.36560606060606027,0.27500000000000036,0.18939393939393914,0.7875,0.6233728241652511,0.3248333333333333,0.39420990181802706,0.17305279995331466,0.454545454545454,0.4217909552700496,0.4416497318793147,SPATIAL-HEAVY,Moderate
256,1280.0,1285.0,2.0,2.0,3.0,122.61793518066406,124.06168212890626,126.86910919189455,0.17913076388888888,5.791017604166667,0.02270987295751634,2878.007100171366,0.5125000000000001,0.125,0.1875,0.125,0.6438098486043451,0.33812500000000006,0.3212030217652214,0.06488535130718955,0.0,0.34008271120651323,0.4042623093468795,SPATIAL-HEAVY,Moderate
257,1285.0,1290.0,2.0,3.0,48.60000000000031,123.63272094726562,129.1045684814453,131.5276904296875,0.18564135416666666,6.917251597222222,0.027126476851851853,2681.9670414250936,0.5375000000000001,0.1875,1.0,0.177469135802468,0.6263051631366897,0.3800000000000001,0.42937964217205027,0.07750421957671959,0.0,0.43631072360130274,0.49883997796366053,SPATIAL-HEAVY,Moderate
258,1290.0,1295.0,3.0,3.6000000000000085,6.0,108.2362289428711,147.19186401367188,148.51862426757813,0.2741827083333333,10.658403125000001,0.04179765931372549,2597.5173201074244,0.48833333333333234,0.15000000000000036,0.20833333333333284,1.0,0.5026209600666743,0.33608333333333296,0.4023602924212506,0.1194218837535014,0.2777777777777771,0.3889774917313003,0.4031485671672185,SPARSE-EXTREME,Moderate
259,1295.0,1300.0,5.0,6.0,8.0,121.35691833496094,149.8256866455078,150.65122497558593,0.4134834375,17.109061076388894,0.06709435716230935,3349.6161158027994,0.4633333333333334,0.15,0.16666666666666666,0.984375,0.5434265992463644,0.32233333333333336,0.6056996035929216,0.19169816332088388,0.16666666666666666,0.42379166474755,0.4365051812783792,LOW-COMPLEXITY,Moderate
260,1300.0,1305.0,3.0,4.0,4.0,118.60526275634766,120.22074279785156,120.9137744140625,0.3063654166666667,11.65894659722222,0.04572135920479302,2160.13656727784,0.4708333333333334,0.16666666666666666,0.125,1.0,0.6424711635567979,0.3339583333333334,0.39592047948870623,0.13063245487083722,0.5,0.41087354291736466,0.40817682951289397,SPATIAL-HEAVY,Moderate
261,1305.0,1310.0,5.0,10.0,47.20000000000023,121.12614440917969,124.46030883789062,124.94933074951172,0.36601843750000007,14.501257083333336,0.0568676748366013,1350.4359447494915,0.43800000000000056,0.25,0.5900000000000029,0.18802966101694824,0.6348604842034085,0.3534000000000003,0.44991974073540064,0.16247907096171801,0.3,0.4273650809880229,0.473639437950997,SPATIAL-HEAVY,Moderate
262,1310.0,1315.0,2.0,4.0,4.0,122.67120361328125,125.93160247802734,127.87059326171875,0.27598510416666666,10.282078229166665,0.04032187540849673,2380.6564403877833,0.3375,0.25,0.125,1.0,0.6355851292276758,0.29812500000000003,0.40822108437269966,0.11520535830999067,0.25,0.40296893204209194,0.4127196681879792,SPATIAL-HEAVY,Moderate
263,1315.0,1320.0,6.0,11.600000000000009,15.0,136.44268798828125,157.8433868408203,158.74312744140624,0.45789986111111114,19.574928125000003,0.07676442401960784,3479.2714506857715,0.3651436781609193,0.24166666666666684,0.16163793103448265,0.65,0.5736592525987827,0.3095790229885057,0.45055368876940083,0.21932692577030813,0.3448275862068963,0.39739264609771674,0.4174407548484596,BURST-DOMINATED,Moderate
264,1320.0,1325.0,7.0,10.0,11.760000000000005,134.54391479492188,138.0772918701172,139.26752136230468,0.45920020833333336,21.577375902777778,0.08461716040305012,2090.437219620549,0.4251142857142857,0.17857142857142858,0.14700000000000008,0.1275510204081632,0.6356283998929101,0.31417,0.46857082380330445,0.24176331543728607,0.3,0.3846801421800738,0.43249061787101345,SPATIAL-HEAVY,Moderate
265,1325.0,1330.0,3.0,8.0,12.0,133.48577880859375,139.3437530517578,141.0835986328125,0.33150510416666656,15.008509965277778,0.05885690182461874,2332.612916127344,0.3104166666666667,0.3333333333333333,0.1875,0.625,0.6263816670715012,0.3207291666666667,0.3771159753198067,0.16816257664176784,0.25,0.39341067744294045,0.4108368413467699,SPATIAL-HEAVY,Moderate
266,1330.0,1335.0,3.0,4.0,5.0,151.19139099121094,164.44590454101564,165.44048767089845,0.3308742708333333,16.70261444444444,0.06550044880174292,2547.1080771648385,0.47708333333333336,0.16666666666666666,0.15625,0.15,0.6044923655155741,0.3373958333333334,0.3965320107313215,0.18714413943355124,0.5,0.3788666066860518,0.4182125106576855,SPATIAL-HEAVY,Moderate
267,1335.0,1340.0,4.0,7.0,12.0,140.15548706054688,159.89427185058594,163.83486633300782,0.39144489583333336,19.619420694444447,0.07693890468409585,2559.1477987703192,0.38660714285714287,0.21875,0.21428571428571427,0.78125,0.5807937964845628,0.3110714285714286,0.38813166479131267,0.21982544195455958,0.2857142857142857,0.3903664358085925,0.404637514481017,SPARSE-EXTREME,Moderate
268,1340.0,1345.0,4.0,6.0,7.0,149.29078674316406,154.70407409667968,156.01178405761718,0.3786037847222222,18.83476447916667,0.0738618214869281,2901.0752954885756,0.4166666666666667,0.1875,0.14583333333333334,0.125,0.6302968751584088,0.3135416666666667,0.4232982948750257,0.21103377567693746,0.3333333333333333,0.37961158599636013,0.43050141834749855,SPATIAL-HEAVY,Moderate
269,1345.0,1350.0,4.0,7.0,11.760000000000005,140.2193603515625,145.0819549560547,146.54060119628906,0.3733982986111111,17.698578958333332,0.06940619199346407,2468.9383703900107,0.38575000000000004,0.21875,0.2100000000000001,0.6271258503401358,0.631162499093349,0.31060000000000004,0.43167256111884983,0.19830340569561164,0.2857142857142857,0.4096693566532657,0.4437236919331572,SPATIAL-HEAVY,Moderate
270,1350.0,1355.0,8.0,14.0,18.760000000000005,140.69544982910156,143.06268615722655,144.03493530273437,0.4704296875,23.497929513888884,0.09214874319172113,2794.2901633330366,0.40939285714285717,0.21875,0.16750000000000004,0.13326226012793174,0.6407251054855492,0.32360357142857143,0.4824801069392498,0.2632821234049175,0.5,0.40381687061765276,0.4386121281704982,SPATIAL-HEAVY,Moderate
271,1355.0,1360.0,15.0,22.0,25.0,141.71774291992188,145.45564880371094,148.14563232421875,0.5790774305555556,31.803534479166665,0.12471974305555555,2220.4788799395424,0.41280303030303034,0.18333333333333332,0.14204545454545456,0.325,0.6357522491387634,0.3095416666666667,0.5520702726681123,0.35634212301587304,0.2727272727272727,0.3997597425354538,0.4199590288252912,SPATIAL-HEAVY,Moderate
272,1360.0,1365.0,2.0,3.0,4.0,91.55453491210938,102.22407379150391,103.3228173828125,0.26498013888888894,10.32792659722222,0.040501672930283214,437.4489247906402,0.42083333333333334,0.1875,0.16666666666666666,0.125,0.5912189098825259,0.31583333333333335,0.35375061853963774,0.11571906551509491,0.3333333333333333,0.35317481504723597,0.4012062963240814,LOW-COMPLEXITY,Moderate
273,1365.0,1370.0,2.0,2.0,3.0,87.98904418945312,100.31061096191407,102.60423004150391,0.19718381944444444,7.727778993055555,0.030305015659041392,430.8833872321656,0.5875,0.125,0.1875,0.125,0.5811043442491696,0.3793750000000001,0.3158755467255893,0.08658575902583256,0.5,0.3622221488072461,0.4062636318127014,LOW-COMPLEXITY,Moderate
274,1370.0,1375.0,2.0,6.6000000000000085,10.0,79.80184936523438,84.98634796142578,85.50334716796876,0.2762548958333333,11.415394201388889,0.044766251770152504,354.02924561475027,0.3021969696969696,0.41250000000000053,0.18939393939393914,0.125,0.6155419461902755,0.35183333333333355,0.334508166979297,0.12790357648615003,0.30303030303030265,0.3760057995895036,0.41137128418878255,SPATIAL-HEAVY,Moderate
275,1375.0,1380.0,6.0,9.0,12.0,121.2011947631836,131.98622131347656,134.18346069335936,0.4231540972222223,18.324549583333333,0.07186097875816994,1768.3886850368224,0.42083333333333334,0.1875,0.16666666666666666,0.6145833333333334,0.6040649400830189,0.31583333333333335,0.4642035914347451,0.20531708216619982,0.3333333333333333,0.4086993607052129,0.44309327828212264,SPATIAL-HEAVY,Moderate
276,1380.0,1385.0,3.0,5.0,6.760000000000005,146.03469848632812,149.36942138671876,150.44437438964843,0.3160134722222222,13.701265208333332,0.05373045179738562,3327.115016533918,0.3754666666666667,0.20833333333333334,0.16900000000000012,0.14792899408284013,0.6374533314027601,0.3002566666666667,0.4087518248864781,0.15351557656395892,0.2,0.36677833450410763,0.41754737690146876,SPATIAL-HEAVY,Moderate
277,1385.0,1390.0,9.0,14.0,16.760000000000005,158.31851196289062,163.6285827636719,164.65410278320311,0.476335138888889,23.413403923611114,0.09181727028867104,3987.7582019745146,0.43310317460317466,0.19444444444444445,0.1496428571428572,0.1267899761336515,0.6316944660410121,0.3257067460317461,0.46674089628417265,0.26233505796763157,0.5,0.40635518735840764,0.45615884528830275,SPATIAL-HEAVY,Moderate
278,1390.0,1395.0,4.0,5.0,5.0,164.0110626220703,169.55000915527344,170.32393371582032,0.29817986111111117,12.222206597222222,0.047930221949891064,3139.321402903092,0.44625000000000004,0.15625,0.125,1.0,0.6315398469032176,0.31575000000000003,0.4624615608667757,0.13694349128540304,0.2,0.4243228902233749,0.4590530943634181,SPATIAL-HEAVY,Moderate
279,1395.0,1400.0,2.0,2.0,2.0,81.15567016601562,82.73740997314454,83.29188659667969,0.16869031249999997,5.269637361111112,0.020665244553376906,399.0058470622127,0.5,0.125,0.125,0.125,0.6392641709369471,0.33125000000000004,0.25977396078252796,0.059043555866791164,0.0,0.3145748152135629,0.37137755755517976,SPATIAL-HEAVY,Moderate
280,1400.0,1405.0,2.0,5.0,6.0,77.99552917480469,80.12271728515626,80.58320831298828,0.23676503472222218,7.490396875,0.029374105392156864,410.637179454433,0.3025,0.3125,0.15,0.125,0.6350305744061711,0.307,0.31454363051031053,0.08392601540616247,0.2,0.34904082674298553,0.3953641917939277,SPATIAL-HEAVY,Moderate
281,1405.0,1410.0,4.0,40.0,50.760000000000005,77.09095764160156,118.10879211425781,122.92074920654298,0.41572357638888896,20.119666076388885,0.07890065127995645,570.6815975709109,0.284225,1.0,0.15862500000000002,0.14036643026004728,0.4590179678948142,0.60632375,0.34222186546388705,0.22543043222844703,0.05,0.43671188988889487,0.4457474375652644,MOTION-HEAVY,Moderate
282,1410.0,1415.0,4.0,7.0,14.56000000000003,136.2292022705078,139.4744140625,140.5430908203125,0.38119364583333326,18.831510868055556,0.07384906222766885,1846.3538113353143,0.3957500000000001,0.21875,0.26000000000000056,0.5151098901098891,0.6369276332697825,0.31610000000000005,0.3887564499757591,0.21099732065048243,0.2857142857142857,0.39761946713543483,0.43039349090869555,SPATIAL-HEAVY,Moderate
283,1415.0,1420.0,11.0,13.0,14.0,152.7932586669922,157.8346160888672,160.11800354003907,0.5430494444444447,31.460138645833332,0.12337309272875818,2926.352878219781,0.46031468531468533,0.14772727272727273,0.1346153846153846,0.125,0.6321378824581901,0.31965034965034966,0.5206266079161546,0.3524945506535948,0.15384615384615385,0.39567065448392236,0.4533483527085181,SPATIAL-HEAVY,Moderate
284,1420.0,1425.0,5.0,11.0,15.52000000000001,144.22671508789062,149.8229522705078,152.77604553222656,0.3782113194444444,20.258677499999997,0.07944579411764706,1569.0167862680628,0.39027272727272727,0.275,0.17636363636363647,0.7168170103092779,0.6291707236955741,0.33840000000000003,0.4735062707204177,0.22698798319327732,0.6363636363636364,0.44881955221383013,0.46227628752205396,SPATIAL-HEAVY,Moderate
285,1425.0,1430.0,14.0,35.20000000000002,46.0,117.9294204711914,133.88037109375,140.94819030761718,0.6053847569444445,34.02554534722222,0.13343351116557736,1249.4261016655066,0.30859577922077913,0.31428571428571445,0.16335227272727265,0.13858695652173914,0.5837306911980552,0.31115625,0.5180073931183564,0.3812386033302211,0.22727272727272715,0.3981022912074606,0.43757307536410806,BURST-DOMINATED,Moderate
286,1430.0,1435.0,2.0,11.600000000000009,23.0,143.13095092773438,146.16171875,147.81181518554686,0.35883027777777776,19.761044826388883,0.0774942934368192,2220.698897503295,0.29801724137931035,0.7250000000000005,0.2478448275862067,0.125,0.6384319614656581,0.490159482758621,0.3619325878414145,0.2214122669623406,0.17241379310344815,0.44945789944967,0.48275103090482735,SPATIAL-HEAVY,Moderate
287,1435.0,1440.0,5.0,9.600000000000009,16.760000000000005,128.13990783691406,143.8076965332031,148.30369323730469,0.41378944444444443,21.17225447916667,0.08302844893790848,1689.421250300226,0.4197708333333331,0.2400000000000002,0.21822916666666653,0.1267899761336515,0.5890374160354631,0.33887395833333334,0.479812244182035,0.23722413982259566,0.6249999999999994,0.40908211826374075,0.43946077076985307,SPARSE-EXTREME,Moderate
288,1440.0,1445.0,5.0,18.0,23.760000000000005,112.92636108398438,121.42532196044922,122.37543975830079,0.46457805555555565,22.45728232638889,0.08806777382897606,1494.5976750128914,0.30633333333333335,0.45,0.16500000000000004,0.131523569023569,0.6105026329797687,0.37098333333333333,0.41903311184639513,0.2516222109399316,0.3888888888888889,0.4096346546178155,0.44211481925712515,SPATIAL-HEAVY,Moderate
289,1445.0,1450.0,2.0,3.0,3.0,84.98705291748047,90.1091049194336,106.12137817382813,0.191763125,7.451256180555555,0.029220612472766888,402.9184229399311,0.41250000000000003,0.1875,0.125,0.16666666666666666,0.621109577531216,0.31125,0.31835312625198336,0.0834874642079054,0.3333333333333333,0.3503597436153079,0.39944236623757007,SPATIAL-HEAVY,Moderate
290,1450.0,1455.0,1.0,2.0,18.960000000000107,75.79434967041016,80.82005310058594,82.0154815673828,0.14017145833333333,5.610904027777779,0.02200354520697168,287.59912631354644,0.55,0.25,1.0,0.35601265822784606,0.6150391123294174,0.41500000000000004,0.3066125246584296,0.06286727201991908,0.5,0.44443722110791806,0.4663334039735661,SPATIAL-HEAVY,Moderate
291,1455.0,1460.0,2.0,3.0,4.0,82.27438354492188,89.93912353515626,92.22598358154296,0.21491437500000005,7.914245416666667,0.03103625653594771,386.0560443682174,0.42083333333333334,0.1875,0.16666666666666666,0.125,0.6022551707152584,0.31583333333333335,0.34074359974127083,0.08867501867413632,0.3333333333333333,0.34558218223340037,0.3859051080762412,SPATIAL-HEAVY,Moderate
292,1460.0,1465.0,2.0,3.0,4.760000000000005,143.54652404785156,147.47745666503906,149.87060546875,0.25033163194444447,10.561859791666665,0.04141905800653595,1597.660496091184,0.47716666666666674,0.1875,0.19833333333333356,1.0,0.6351673435851953,0.3468166666666668,0.35867930991183805,0.11834016573295986,0.6666666666666666,0.4314730301941667,0.43632697366938933,SPATIAL-HEAVY,Moderate
293,1465.0,1470.0,4.0,7.0,9.760000000000005,137.43919372558594,146.1224822998047,147.94035705566407,0.3864994444444444,16.833916631944444,0.06601535934095859,2259.532482603548,0.4000357142857143,0.21875,0.17428571428571438,0.1280737704918032,0.6165527760245085,0.3184571428571429,0.41729436835174916,0.18861531240273885,0.42857142857142855,0.38240165019241273,0.42638960217397703,SPATIAL-HEAVY,Moderate
294,1470.0,1475.0,5.0,8.600000000000009,11.0,128.29989624023438,135.44363403320312,136.38263061523438,0.39324725694444446,16.4095134375,0.0643510330882353,1576.99707227436,0.4063720930232555,0.21500000000000022,0.1598837209302324,0.7045454545454546,0.6202240374040973,0.3202546511627906,0.4510506385422364,0.18386009453781516,0.465116279069767,0.4175232093325384,0.4379480922504803,SPATIAL-HEAVY,Moderate
295,1475.0,1480.0,2.0,3.0,3.760000000000005,125.88957214355469,130.4717224121094,131.82146057128907,0.23870722222222224,10.477684166666666,0.04108895751633988,1782.2263655744503,0.3688333333333334,0.1875,0.15666666666666687,1.0,0.6302594892364407,0.2872333333333334,0.3874232529892742,0.11739702147525681,0.0,0.3936000153646834,0.4302983555747665,SPATIAL-HEAVY,Moderate
296,1480.0,1485.0,2.0,5.0,11.52000000000001,124.13699340820312,133.24054260253905,142.97545227050782,0.2663300347222223,12.033184687500002,0.047188959558823525,1357.587739649529,0.33010000000000006,0.3125,0.28800000000000026,0.6401909722222217,0.6126671337285572,0.32218,0.33125351911068324,0.1348255987394958,0.2,0.3868172878873897,0.4092970260592523,SPATIAL-HEAVY,Moderate
297,1485.0,1490.0,2.0,4.0,6.760000000000005,97.9334487915039,150.6741729736328,152.14202392578125,0.3056809722222223,13.86153576388889,0.05435896377995643,1298.9443207314287,0.35475,0.25,0.21125000000000016,1.0,0.4569929527123949,0.3076125,0.40716650654751774,0.1553113250855898,0.25,0.3696637062029616,0.36159570096164967,SPARSE-EXTREME,Moderate
298,1490.0,1495.0,3.0,4.0,5.0,167.9994659423828,172.81158752441405,174.7080554199219,0.31608593749999997,15.46708826388889,0.06065524809368191,3950.070688915203,0.4395833333333333,0.16666666666666666,0.15625,0.125,0.6343932457633001,0.31677083333333333,0.3799661112986066,0.17330070883909118,0.25,0.3567146501094154,0.3999226883555319,SPATIAL-HEAVY,Moderate
299,1495.0,1500.0,1.0,2.0,11.760000000000005,129.47775268554688,139.5244903564453,169.69934692382813,0.22977458333333334,11.36753642361111,0.044578574210239655,2304.7318317374165,0.4970000000000001,0.25,0.7350000000000003,0.6909013605442174,0.6132756806904607,0.3858500000000001,0.3687650814105007,0.12736735488639903,0.5,0.4559746041519771,0.47154839696234463,SPATIAL-HEAVY,Moderate
300,1500.0,1505.0,3.0,5.0,6.0,130.27630615234375,134.8943115234375,136.8034197998047,0.3301655555555556,14.895778125,0.05841481617647059,2157.4532565669488,0.3716666666666667,0.20833333333333334,0.15,0.125,0.6308325556337748,0.2981666666666667,0.3862704252623054,0.16689947478991599,0.2,0.3609070490552663,0.41532269937115096,SPATIAL-HEAVY,Moderate
301,1505.0,1510.0,5.0,16.0,57.76000000000013,126.03040313720703,145.97915649414062,146.40427307128905,0.4480887499999999,20.111887916666667,0.07887014869281046,1612.1891097191026,0.38587500000000025,0.4,0.45125000000000104,0.14283240997229885,0.57300813339211,0.39223125000000014,0.4606444835597234,0.2253432819794585,0.5,0.43154294045454766,0.4543744000430394,SPARSE-EXTREME,Moderate
302,1510.0,1515.0,1.0,3.6000000000000085,50.36000000000031,132.55035400390625,146.7260009765625,147.45390197753906,0.19542666666666667,8.298450069444446,0.032542941448801745,2025.6254513345389,0.4983333333333331,0.45000000000000107,1.0,0.1960881652104833,0.5954672287220529,0.4765833333333337,0.3479712966712585,0.09297983271086213,0.5555555555555542,0.4799959915844013,0.503877878755437,SPARSE-EXTREME,Moderate
303,1515.0,1520.0,1.0,1.0,32.16000000000021,83.11131286621094,83.33300170898437,83.50621398925782,0.08427614583333333,3.2571790625,0.012773251225490197,1513.684741651982,0.675,0.125,1.0,0.1710199004975113,0.6485261622935407,0.4275000000000001,0.38326056456260116,0.036495003501400565,0.0,0.4487741979324683,0.5308353828328133,SPATIAL-HEAVY,Moderate
304,1520.0,1525.0,1.0,2.0,2.760000000000005,58.63404846191406,59.729582977294925,60.407688293457035,0.14809777777777777,5.063105381944444,0.01985531522331154,261.3692302845197,0.3095000000000001,0.25,0.17250000000000032,0.13586956521739105,0.6397918069067013,0.28272500000000006,0.2820555004010532,0.056729472066604406,0.0,0.32614445916763934,0.3828146237430879,SPATIAL-HEAVY,Moderate
305,1525.0,1530.0,1.0,2.0,2.760000000000005,101.71013641357422,104.15995178222656,104.80752716064453,0.2057260069444444,6.569322916666666,0.02576205065359477,1669.1312384217263,0.3845000000000001,0.25,0.17250000000000032,1.0,0.6367574200569948,0.32397500000000007,0.36749630072871736,0.07360585901027078,0.5,0.42264669841068375,0.4337366308483396,SPATIAL-HEAVY,Moderate
306,1530.0,1535.0,1.0,2.0,26.320000000000164,128.4028778076172,128.871923828125,129.04549560546874,0.20060496527777774,6.4305390625,0.02521780024509804,3919.0871683581813,0.55,0.25,1.0,0.26595744680850897,0.6479556298836538,0.41500000000000004,0.4323097646130423,0.07205085784313726,0.5,0.48716735540146233,0.5334635942843649,SPATIAL-HEAVY,Moderate
307,1535.0,1540.0,1.0,2.0,2.0,98.25465393066406,105.03462371826171,105.95552795410157,0.10390163194444446,4.486105659722222,0.017592571214596956,1727.6186303892919,0.30000000000000004,0.25,0.125,1.0,0.6135908564493688,0.2775,0.28702921240147855,0.050264489184562736,0.0,0.35231642536658947,0.36565032879393866,SPATIAL-HEAVY,Moderate
308,1540.0,1545.0,1.0,2.0,5.0,95.10846710205078,98.5962890625,99.4377734375,0.2424014930555555,9.007138402777777,0.03532211138344226,1407.3848658599607,0.41250000000000003,0.25,0.3125,1.0,0.6300811584512421,0.33937500000000004,0.44975737374214564,0.10092031823840647,0.5,0.4624767203576735,0.48537065089466946,SPATIAL-HEAVY,Moderate
309,1545.0,1550.0,3.0,5.0,6.0,72.21768951416016,97.95342407226562,98.33235076904298,0.22938940972222222,6.6201746875000005,0.025961469362745095,959.6888976489835,0.43166666666666664,0.20833333333333334,0.15,1.0,0.5035682437063013,0.33116666666666666,0.3731619371231578,0.07417562675070027,0.6,0.3851217061087012,0.3718600329128414,BURST-DOMINATED,Moderate
310,1550.0,1555.0,1.0,2.0,2.0,105.73797607421875,107.30964508056641,107.69898742675781,0.15744920138888888,5.1655302430555565,0.020256981345315905,2068.1567154504764,0.45000000000000007,0.25,0.125,1.0,0.6417448562348154,0.36000000000000004,0.4617757152041877,0.05787708955804544,1.0,0.472327865345771,0.46424093384344967,SPATIAL-HEAVY,Moderate
311,1555.0,1560.0,0.0,2.0,2.0,94.5436782836914,105.54627075195313,106.02476989746094,0.07499354166666668,3.047236736111112,0.011949947984749456,1179.930252086605,0.15000000000000002,0.25,0.125,1.0,0.591175192953069,0.195,0.2511399311191599,0.03414270852785559,0.5,0.3380472048610509,0.3230119911298814,BURST-DOMINATED,Moderate
312,1560.0,1565.0,0.0,0.0,1.0,82.16867065429688,83.71066131591797,93.49178680419922,0.05063149305555556,1.9235669097222219,0.007543399645969499,753.1735445724398,0.025,0.0,0.125,1.0,0.6417249871640899,0.013750000000000002,0.3294814304137932,0.021552570417055713,0.0,0.2885242585011235,0.31629092938201003,SPATIAL-HEAVY,Low
313,1565.0,1570.0,4.0,7.0,9.760000000000005,67.95870971679688,72.27098693847657,78.74121673583984,0.3546076736111111,12.443634166666667,0.04879856535947713,353.455780034635,0.4000357142857143,0.21875,0.17428571428571438,0.5635245901639341,0.6178606874870295,0.3184571428571429,0.42661003869812175,0.13942447245564896,0.42857142857142855,0.39961940038459504,0.4240864599108047,SPATIAL-HEAVY,Moderate
314,1570.0,1575.0,4.0,6.0,7.0,138.6776123046875,142.04511108398438,142.51429138183593,0.3586152777777778,13.37290652777778,0.05244277069716776,2385.15694829446,0.3916666666666667,0.1875,0.14583333333333334,1.0,0.6365964242798987,0.2997916666666667,0.41135605182732216,0.14983648770619362,0.16666666666666666,0.4126170946948894,0.4480526329427718,SPATIAL-HEAVY,Moderate
315,1575.0,1580.0,1.0,3.0,4.0,141.95408630371094,143.89678344726562,144.205986328125,0.22042361111111108,8.659972465277777,0.03396067633442265,2547.665047866272,0.35833333333333334,0.375,0.16666666666666666,1.0,0.6423675804992267,0.36583333333333334,0.41844542699132864,0.09703050381263616,0.6666666666666666,0.4728650574418044,0.48566501947945545,SPATIAL-HEAVY,Moderate
316,1580.0,1585.0,3.0,4.0,4.0,108.52220916748047,110.58874206542968,111.62580535888672,0.17128274305555555,5.144830416666666,0.020175805555555558,1862.5889197484473,0.5083333333333333,0.16666666666666666,0.125,1.0,0.6395589200164081,0.35458333333333336,0.3123911979822964,0.05764515873015874,0.75,0.41941619562009147,0.4229570727200872,SPATIAL-HEAVY,Moderate
317,1585.0,1590.0,2.0,4.0,47.56000000000029,106.57876586914062,109.24765472412109,110.30847747802734,0.17016277777777783,6.260287534722221,0.024550147194989113,2034.3749674355597,0.55,0.25,1.0,0.22077375946173122,0.6363067853916908,0.41500000000000004,0.37465695576405555,0.07014327769996889,0.5,0.46465198979673605,0.5034577845176953,SPATIAL-HEAVY,Moderate
318,1590.0,1595.0,2.0,3.0,39.72000000000024,101.92129516601562,104.91001434326172,106.08942565917968,0.16668333333333332,5.826341979166667,0.02284839991830065,1094.539691293918,0.6375000000000001,0.1875,1.0,0.23917421953675586,0.6340341142647782,0.43500000000000005,0.37814485428943145,0.06528114262371615,0.6666666666666666,0.4751199750013775,0.5117490053228886,SPATIAL-HEAVY,Moderate
319,1595.0,1600.0,3.0,4.0,4.0,102.57463836669922,104.8685317993164,107.74532501220703,0.2954380208333333,9.594929062500002,0.03762717279411765,1371.4500868647456,0.43333333333333335,0.16666666666666666,0.125,0.15625,0.6380888107156482,0.31333333333333335,0.3837017838093396,0.10750620798319328,0.25,0.35432684331270686,0.4002888787842738,SPATIAL-HEAVY,Moderate
320,1600.0,1605.0,1.0,3.0,34.400000000000205,102.84979248046875,140.66119079589845,143.0554864501953,0.17721604166666668,6.3249015972222224,0.024803535675381263,2301.938630735178,0.47500000000000003,0.375,1.0,0.23619186046511487,0.5005206918366788,0.43000000000000005,0.3426766246307479,0.07086724478680362,0.3333333333333333,0.4219421413921045,0.4372263568911453,SPARSE-EXTREME,Moderate
321,1605.0,1610.0,2.0,4.0,4.0,60.38396072387695,139.12222595214843,140.339619140625,0.24520777777777775,8.604069548611111,0.03374144921023965,2206.3375224820857,0.37500000000000006,0.25,0.125,1.0,0.3513340159867867,0.31875000000000003,0.34501190450705477,0.09640414060068472,0.5,0.35004897182818256,0.3405871778132763,BURST-DOMINATED,Moderate
322,1610.0,1615.0,1.0,4.0,7.0,59.4619255065918,61.72868194580078,62.0323454284668,0.18764625000000004,6.252234270833334,0.024518565767973854,300.46272233174614,0.29375,0.5,0.21875,0.16071428571428573,0.6292507528153445,0.38656250000000003,0.27857120090678117,0.07005304505135387,0.25,0.38207448058893084,0.41708961061982397,SPATIAL-HEAVY,Moderate
323,1615.0,1620.0,0.0,2.6000000000000085,3.760000000000005,84.79393768310547,88.93109436035157,93.67934967041016,0.12218340277777777,4.305530381944443,0.016884432870370367,1393.6334350719999,0.2165384615384613,0.32500000000000107,0.18076923076923043,1.0,0.6246132651789912,0.26534615384615423,0.2307188268234554,0.04824123677248677,0.7692307692307667,0.40199117388111566,0.4051905525346886,SPATIAL-HEAVY,Moderate
324,1620.0,1625.0,1.0,3.6000000000000085,34.880000000000194,57.27198791503906,94.3202407836914,94.558046875,0.1475077777777778,5.321961111111112,0.020870435729847498,1090.33263651072,0.4566666666666665,0.45000000000000107,1.0,0.16485091743119173,0.434587047958782,0.4536666666666671,0.2599357425347819,0.05962981637099286,0.2777777777777771,0.4031903346219921,0.426428152377589,SPARSE-EXTREME,Moderate
325,1625.0,1630.0,1.0,3.0,4.0,104.47669982910156,108.0718505859375,108.50421875,0.17461381944444443,6.095627222222222,0.023904420479302833,1238.6113288277322,0.35833333333333334,0.375,0.16666666666666666,1.0,0.6311905778175495,0.36583333333333334,0.2950804757943758,0.06829834422657953,0.6666666666666666,0.4297187713479461,0.42415619595830006,SPATIAL-HEAVY,Moderate
326,1630.0,1635.0,1.0,1.0,30.12000000000019,92.85186004638672,102.90371551513672,103.2046630859375,0.0687364236111111,3.1912002083333335,0.012514510620915029,1075.4833036329007,0.8250000000000001,0.125,1.0,0.19505312084993237,0.5948285779620693,0.5100000000000001,0.3883238426292092,0.0357557446311858,1.0,0.4909995722314696,0.510622358445578,SPARSE-EXTREME,Moderate
327,1635.0,1640.0,1.0,2.0,2.0,93.12202453613281,102.71696166992187,103.22556030273438,0.11144899305555554,4.222524131944444,0.016558918164488012,1013.5268200043664,0.30000000000000004,0.25,0.125,1.0,0.5972658689275303,0.2775,0.3410985616171725,0.04731119475568004,0.0,0.352060953875192,0.35450504271462613,BURST-DOMINATED,Moderate
328,1640.0,1645.0,1.0,2.0,30.60000000000018,80.66241455078125,81.76718597412109,92.96636901855469,0.13656434027777778,4.966943784722223,0.0194782109204793,400.23610745578577,0.47500000000000003,0.25,1.0,0.1797385620915022,0.6448893775704223,0.37375,0.2831311437169917,0.05565203120136943,0.0,0.42313569775115945,0.49792509860109707,SPATIAL-HEAVY,Moderate
329,1645.0,1650.0,1.0,2.0,3.760000000000005,56.36257553100586,57.9234375,61.719629821777346,0.18444472222222225,6.211746805555556,0.02435979139433551,241.6252765463058,0.3970000000000001,0.25,0.23500000000000032,0.13297872340425515,0.6359260623519497,0.3308500000000001,0.3248089193479251,0.06959940398381576,0.5,0.3716701316701843,0.4069383080943463,SPATIAL-HEAVY,Moderate
330,1650.0,1655.0,0.0,1.0,3.0,52.3209342956543,55.195562744140624,55.90937271118164,0.03657815972222223,1.570969097222222,0.006160663126361655,300.679230393483,0.1,0.125,0.375,1.0,0.6207109532833477,0.11125000000000002,0.19869427921306557,0.017601894646747586,0.0,0.3174084970185353,0.3538410609774202,SPATIAL-HEAVY,Moderate
331,1655.0,1660.0,0.0,2.0,2.760000000000005,53.38557434082031,55.0258056640625,56.03146392822266,0.060405347222222225,2.301481284722223,0.009025416802832241,306.8804173120631,0.1595000000000001,0.25,0.17250000000000032,1.0,0.6334177687703304,0.20022500000000004,0.17595524477924177,0.025786905150949262,0.5,0.3560810940149088,0.3703424211849436,SPATIAL-HEAVY,Moderate
332,1660.0,1665.0,1.0,2.0,3.0,56.044925689697266,57.88036041259765,58.54691558837891,0.1685834375,5.819483090277778,0.022821502314814817,233.59453075383362,0.3875,0.25,0.1875,0.125,0.6322128409966543,0.32562500000000005,0.2953381589677273,0.06520429232804234,0.5,0.35798622608292646,0.39083316015318115,SPATIAL-HEAVY,Moderate
333,1665.0,1670.0,1.0,1.0,2.0,88.91706848144531,91.73554077148438,92.08705139160156,0.09135246527777777,3.552459618055556,0.013931214188453162,563.1242002190544,0.525,0.125,0.25,1.0,0.6326280695004205,0.3450000000000001,0.3236465405558733,0.03980346910986618,0.0,0.39301262983010454,0.43171157157464213,SPATIAL-HEAVY,Moderate
334,1670.0,1675.0,1.0,1.0,1.0,94.8367691040039,95.0710205078125,95.22325012207031,0.07369020833333331,2.979943923611111,0.011686054602396514,1890.3004743234683,0.5,0.125,0.125,1.0,0.6486288345458118,0.33125000000000004,0.3837491466805556,0.03338872743541861,0.0,0.3726641824426418,0.38025492772934316,SPATIAL-HEAVY,Moderate
335,1675.0,1680.0,1.0,1.0,38.24000000000025,97.65399932861328,106.24338989257812,107.46269805908203,0.18322388888888888,6.96628173611111,0.027318751906318082,1689.7927325437718,0.675,0.125,1.0,0.18959205020920378,0.6044560421667682,0.4275000000000001,0.43673374547835114,0.07805357687519453,0.0,0.43196761547344187,0.48475368586895345,SPATIAL-HEAVY,Moderate
336,1680.0,1685.0,1.0,2.0,2.0,53.4167366027832,59.12123031616211,61.530626678466795,0.17174583333333332,5.635781041666667,0.022101102124183005,220.73584062938068,0.30000000000000004,0.25,0.125,0.1875,0.5962085407606431,0.2775,0.28528271980684183,0.0631460060690943,0.0,0.3083688790992049,0.3515939128336978,BURST-DOMINATED,Moderate
337,1685.0,1690.0,2.0,3.0,4.0,61.60891342163086,64.18143005371094,64.77911224365235,0.28230944444444445,9.428428854166668,0.036974230800653596,264.8888076218856,0.37083333333333335,0.1875,0.16666666666666666,0.125,0.6274303016868318,0.28833333333333333,0.3843273699044735,0.10564065943043885,0.0,0.33984477831422,0.3977520195214757,SPATIAL-HEAVY,Moderate
338,1690.0,1695.0,1.0,2.0,3.0,61.309661865234375,63.50260696411133,64.42995483398438,0.22096576388888886,7.620877013888888,0.029885792211328976,274.31886920339457,0.3875,0.25,0.1875,0.16666666666666666,0.6306716822643841,0.32562500000000005,0.33054293232366233,0.08538797774665423,0.5,0.3657567075628336,0.39512196249076637,SPATIAL-HEAVY,Moderate
339,1695.0,1700.0,1.0,2.0,4.0,93.96440887451172,95.47925872802735,95.91876220703125,0.15562284722222222,5.472873923611111,0.021462250680827886,1250.9381764533643,0.325,0.25,0.25,1.0,0.6410706576761975,0.29125,0.28691349496160146,0.06132071623093682,0.0,0.3780654757498342,0.4044563198474465,SPATIAL-HEAVY,Moderate
340,1700.0,1705.0,1.0,1.0,1.0,96.89322662353516,97.58551635742188,97.90246307373047,0.060515069444444444,2.208673298611111,0.008661463916122002,2158.2322812416214,0.5,0.125,0.125,0.125,0.6460276639696986,0.33125000000000004,0.2519637496365893,0.02474703976034858,0.0,0.3176077086704666,0.37831650645032017,SPATIAL-HEAVY,Moderate
341,1705.0,1710.0,1.0,1.0,1.0,82.99158477783203,97.698583984375,98.02918426513672,0.1297190625,4.964079340277779,0.01946697780501089,1137.983362121864,0.65,0.125,0.125,1.0,0.5652806338946006,0.41375000000000006,0.3711304007896574,0.055619936585745405,1.0,0.4261731476830305,0.40019772282937377,LOW-COMPLEXITY,Moderate
342,1710.0,1715.0,0.0,1.0,1.0,91.23567199707031,92.50187530517579,92.96724426269532,0.17295913194444446,5.6750532638888895,0.022255110838779957,1412.0396502311303,0.2,0.125,0.125,1.0,0.6423149848626265,0.16625,0.33981788078135045,0.06358603096794274,1.0,0.3967495875702857,0.39938537405326424,SPATIAL-HEAVY,Moderate
343,1715.0,1720.0,1.0,1.0,27.320000000000164,90.46527862548828,92.47590637207031,92.94024719238281,0.16859451388888888,5.596414340277778,0.021946722903050112,1346.8439326495445,0.8250000000000001,0.125,1.0,0.1921669106881394,0.6377433840283075,0.5100000000000001,0.3472378893212583,0.06270492258014318,1.0,0.4731903214707681,0.47298849299944645,SPATIAL-HEAVY,Moderate
344,1720.0,1725.0,2.0,9.600000000000009,20.52000000000001,57.33769607543945,77.2564468383789,78.60870513916015,0.3044602430555555,10.74975260416667,0.04215589256535948,696.3371827175266,0.31406249999999997,0.6000000000000005,0.2671874999999999,0.13401559454191025,0.5064884080240373,0.44273437500000024,0.31442950131397296,0.12044540732959853,0.3124999999999997,0.38459394194433993,0.40040455742591835,SPARSE-EXTREME,Moderate
345,1725.0,1730.0,2.0,4.0,37.68000000000022,77.26770782470703,82.98808288574219,84.55046752929688,0.2119615625,6.913841979166667,0.027113105800653594,1268.3094814477145,0.47500000000000003,0.25,1.0,0.16255307855626233,0.611308489226075,0.37375,0.3166054107097316,0.07746601657329599,0.0,0.39675325188604227,0.4378982997022904,SPATIAL-HEAVY,Moderate
346,1730.0,1735.0,0.0,2.0,3.0,80.36141204833984,95.86369934082032,97.24956298828126,0.08705923611111112,3.3026652430555554,0.012951628404139433,786.3242406225094,0.1625,0.25,0.1875,1.0,0.5592723539066868,0.20187500000000003,0.30315966891878404,0.037004652583255526,0.5,0.3670388467471315,0.37494018381727934,BURST-DOMINATED,Moderate
347,1735.0,1740.0,4.0,6.0,38.16000000000021,134.475341796875,136.37401123046874,137.9760528564453,0.28379611111111114,8.989951249999999,0.03525471078431373,5210.1498962101,0.5715000000000009,0.1875,0.7950000000000044,0.1768867924528292,0.6423079755701305,0.3987000000000005,0.39746164259958905,0.10072774509803922,0.5,0.4548524982141047,0.5111990034125704,SPATIAL-HEAVY,Moderate
348,1740.0,1745.0,0.0,1.0,32.16000000000021,91.87285614013672,92.72148895263672,93.00372650146484,0.07593725694444445,3.24063625,0.012708377450980392,626.0766245341975,0.225,0.125,1.0,0.18656716417910327,0.6448542349852476,0.18000000000000002,0.46673970634712797,0.03630964985994398,0.0,0.403702624243146,0.47741509945030797,SPATIAL-HEAVY,Moderate
349,1745.0,1750.0,0.0,1.0,1.0,81.46604919433594,83.37274322509765,84.38746185302735,0.04216041666666667,1.6929114583333336,0.006638868464052287,1026.4752845248124,0.05,0.125,0.125,1.0,0.6372378950191705,0.08375,0.37896856864893713,0.018968195611577966,0.0,0.31575691161457636,0.32776535434745124,SPATIAL-HEAVY,Moderate
350,1750.0,1755.0,0.0,2.0,3.0,84.05823516845703,102.06162109375,104.4962094116211,0.0805390625,3.2410393402777773,0.012709958197167755,1114.8471360548995,0.1625,0.25,0.1875,1.0,0.5513019822891645,0.20187500000000003,0.25593147033725405,0.036314166277622156,0.5,0.3527446939231601,0.35657170366266866,BURST-DOMINATED,Moderate
351,1755.0,1760.0,1.0,6.6000000000000085,29.320000000000036,82.5240707397461,99.70325164794922,103.7347412109375,0.13458840277777778,4.0333559375,0.015817082107843137,611.7946980917038,0.3442424242424244,0.8250000000000011,0.5553030303030303,0.23448158253751678,0.5538816521067207,0.5605833333333339,0.3053531654399021,0.045191663165266106,0.0,0.4654073814739142,0.5082388103072842,SPARSE-EXTREME,Moderate
352,1760.0,1765.0,0.0,0.0,0.0,98.7768325805664,99.5648178100586,99.5663070678711,0.0015200694444444445,0.03371184027777777,0.0001322032952069717,415.0644050694444,0.0,0.0,0.0,0.0,0.64550099879636,0.0,0.09930414463964138,0.00037772370059134774,0.0,0.1916114766730377,0.2714649376040348,SPATIAL-HEAVY,Low
353,1765.0,1768.64,0.0,0.0,0.0,99.56417083740234,99.56437683105469,99.56437683105469,0.0,1.5262515262515263e-06,5.985300102947163e-09,482.77423410790595,0.0,0.0,0.0,0.0,0.6499988232851932,0.0,0.0,1.7100857436991894e-08,0.0,0.1445382272213612,0.1894381794342854,SPATIAL-HEAVY,Very Low
