segment,start,end,medad_p50,medad_p90,medad_p99,si_p50,si_p90,changed_pct,rtci,burst_score,tail_score,extreme_score,adim_sustained,adim_dynamic,adim_risk,spatial_adim,scene_activity,texture,spatial_score,temporal_score,v9_fusion,adci_temporal,adci_spatial,bdi,regime,class
0,0.0,5.0,0.0,0.0,0.0,102.55071258544922,102.73555603027344,1.8649718581989247,0.0,0.0,0.0,0.0,0.0,0.0,0.0,0.43928804535945143,0.002741157747821351,533.761071236214,0.284734024435362,0.0,0.25104491312531874,0.0,0.43928804535945143,0.1204107204716797,LOW-COMPLEXITY,Low
1,5.0,10.0,0.0,0.0,0.0,102.1606216430664,102.6076431274414,1.1094826388888888,0.0,0.0,0.0,0.1,0.0,0.0,0.0,0.41331590358829645,0.0016607173202614375,533.944547880506,0.257542909470018,0.0,0.24383783867057426,0.0,0.41331590358829645,0.11078572237263588,LOW-COMPLEXITY,Low
2,10.0,15.0,0.0,0.0,0.0,101.76866149902344,102.22818298339844,0.9836666666666669,0.0,0.0,0.0,0.1,0.0,0.0,0.0,0.4091500178036507,0.0015271493736383444,527.0679515907528,0.25134655318489163,0.0,0.24225921829133076,0.0,0.4091500178036507,0.10817649854349891,LOW-COMPLEXITY,Low
3,15.0,20.0,0.0,0.0,0.0,101.6570816040039,101.89957580566406,1.0955798611111112,0.0,0.0,0.0,0.1,0.0,0.0,0.0,0.3930244815227954,0.0016944709967320263,515.4084112718975,0.22855081539947725,0.0,0.23686227210457828,0.0,0.3930244815227954,0.09892108255564216,LOW-COMPLEXITY,Low
4,20.0,25.0,0.0,0.0,0.0,101.3205795288086,101.47205505371093,1.3625243055555556,0.0,0.0,0.0,0.1,0.0,0.0,0.0,0.3999168260959924,0.002067142293028322,496.05086070788,0.23690279691894672,0.0,0.23886727016840834,0.0,0.3999168260959924,0.10207573649441817,LOW-COMPLEXITY,Low
5,25.0,30.0,0.0,4.6000000000000085,41.320000000000164,101.19670867919922,108.28634948730469,9.839781249999998,0.26500000000000024,0.46000000000000085,1.0,0.4501452081316536,0.0,0.15,0.5300305444575164,0.45329589378919655,0.04956813017429193,486.3683478845833,0.3156194541787407,0.29168828683901965,0.37540373206566513,0.21150916333725492,0.45329589378919655,0.29288164153368146,SPARSE-EXTREME,Moderate
6,30.0,35.0,7.0,24.60000000000001,55.280000000000015,104.31780242919922,138.017919921875,47.49925694444445,0.2591802397172204,0.35142857142857153,0.39485714285714296,0.11577424023154845,0.298780487800251,0.3916097659402745,0.3225800355808231,0.3358664064809289,0.12640405895969498,488.19019838827575,0.22081200323029546,0.3469612219268595,0.37642532914765403,0.3384105994834309,0.3358664064809289,0.3044777120187865,SPARSE-EXTREME,Moderate
7,35.0,40.0,4.0,16.60000000000001,56.88000000000007,102.3021011352539,143.16810607910156,39.66374652777778,0.293754515106841,0.4150000000000002,0.7110000000000009,0.11603375527426148,0.2620481927647335,0.45695769230769256,0.31014880761862196,0.3364644947198878,0.07232377954793029,621.3375105509555,0.2344987188158496,0.36239758128993077,0.3681099710436625,0.34469670206093567,0.3364644947198878,0.32273346981295115,SPARSE-EXTREME,Moderate
8,40.0,45.0,0.0,1.0,2.760000000000005,102.25875091552734,140.74254150390624,6.755395833333333,0.04570000000000004,0.1,0.13800000000000026,1.0,0.0,0.15,0.3639543726235743,0.3527436035009921,0.0172094825708061,794.758134844498,0.25692672092556973,0.21944515209125479,0.2934535657998898,0.16168631178707227,0.3527436035009921,0.2350793635110344,LOW-COMPLEXITY,Low
9,45.0,50.0,0.0,0.0,0.0,100.85462188720703,101.50854949951172,1.6361145833333335,0.0,0.0,0.0,0.1,0.0,0.0,0.0,0.4005406471408003,0.0024024586056644883,502.114233474196,0.23912451042623128,0.0,0.23894927981323721,0.0,0.4005406471408003,0.10305934136254859,LOW-COMPLEXITY,Low
10,50.0,55.0,0.0,0.0,0.0,100.69124603271484,101.17016143798828,1.7974618055555553,0.0,0.0,0.0,0.1,0.0,0.0,0.0,0.39070475862477244,0.0026812110566448804,499.53500131371476,0.2268674565481062,0.0,0.23611315356416,0.0,0.39070475862477244,0.09839714236531598,LOW-COMPLEXITY,Low
11,55.0,60.0,0.0,0.0,0.0,99.89051818847656,100.8394287109375,4.124447916666667,0.0,0.0,0.0,0.1,0.0,0.0,0.0,0.4204276834259043,0.005924835239651416,459.6866788802068,0.26493214011414334,0.0,0.2426938900469987,0.0,0.4204276834259043,0.11230201071704514,LOW-COMPLEXITY,Low
12,60.0,65.0,0.0,0.0,0.0,99.23311614990234,99.6998275756836,3.5727222222222217,0.0,0.0,0.0,0.1,0.0,0.0,0.0,0.41573582828726396,0.005350680964052288,460.789588593909,0.25988745929942153,0.0,0.2421169075949825,0.0,0.41573582828726396,0.11075069023613866,LOW-COMPLEXITY,Low
13,65.0,70.0,0.0,0.0,0.0,99.18726348876953,100.05133209228515,3.2651666666666666,0.0,0.0,0.0,0.1,0.0,0.0,0.0,0.40090536989741543,0.004646150871459695,467.58284879241256,0.24058225863081226,0.0,0.23715612699148336,0.0,0.40090536989741543,0.10306943128807146,LOW-COMPLEXITY,Low
14,70.0,75.0,0.0,0.0,0.0,100.73371887207031,101.09901580810546,2.248048611111111,0.0,0.0,0.0,0.1,0.0,0.0,0.0,0.40963986239020744,0.003198363425925926,487.5374441036334,0.2514198110516555,0.0,0.24169715678292902,0.0,0.40963986239020744,0.10789394480230105,LOW-COMPLEXITY,Low
15,75.0,80.0,0.0,0.0,0.0,100.10587310791016,100.74525909423828,2.364857638888889,0.0,0.0,0.0,0.1,0.0,0.0,0.0,0.40111438315422954,0.0033152901688453156,470.7420189871716,0.24157710152491094,0.0,0.23777721546909747,0.0,0.40111438315422954,0.10373198038808219,LOW-COMPLEXITY,Low
16,80.0,85.0,0.0,0.0,0.0,99.57942962646484,100.07767028808594,3.4507881944444447,0.0,0.0,0.0,0.1,0.0,0.0,0.0,0.4598172379497955,0.005267349264705882,474.8591533286031,0.31064979079460253,0.0,0.25567352410277666,0.0,0.4598172379497955,0.1298563193458242,LOW-COMPLEXITY,Low
17,85.0,90.0,0.0,0.0,0.0,98.98497772216797,101.33843688964843,3.9927013888888885,0.0,0.0,0.0,0.1,0.0,0.0,0.0,0.4020818552330978,0.005954006535947713,459.7426059388957,0.24741870930058935,0.0,0.23630137897250322,0.0,0.4020818552330978,0.10589437348239635,LOW-COMPLEXITY,Low
18,90.0,95.0,0.0,0.0,0.0,131.4792022705078,132.29190673828126,4.678340277777778,0.0,0.0,0.0,0.1,0.0,0.0,0.0,0.4292418010192353,0.007140650326797385,965.6172816620531,0.28555096997446394,0.0,0.24771274421612227,0.0,0.4292418010192353,0.12216449520806592,LOW-COMPLEXITY,Low
19,95.0,100.0,0.0,0.0,0.0,132.02420043945312,133.2512634277344,4.854218750000002,0.0,0.0,0.0,0.1,0.0,0.0,0.0,0.4916116977373499,0.008096196486928104,1187.4594469155497,0.35129048076170677,0.0,0.2668497470523007,0.0,0.4916116977373499,0.14613972741482115,LOW-COMPLEXITY,Low
20,100.0,105.0,0.0,0.0,0.0,100.90602111816406,101.63876953125,4.068829861111111,0.0,0.0,0.0,0.1,0.0,0.0,0.0,0.41175412779631226,0.005971993872549019,499.7997806677281,0.2544926726584449,0.0,0.24278560734024066,0.0,0.41175412779631226,0.1092827669492286,LOW-COMPLEXITY,Low
21,105.0,110.0,0.0,0.0,0.0,98.75625610351562,100.57100219726563,3.5443854166666666,0.0,0.0,0.0,0.1,0.0,0.0,0.0,0.4087437831397338,0.005352614787581701,473.07957240244997,0.25459884579424724,0.0,0.23967558424246577,0.0,0.4087437831397338,0.10899993159705317,LOW-COMPLEXITY,Low
22,110.0,115.0,0.0,0.0,0.0,99.11589813232422,100.21077575683594,3.971520833333333,0.0,0.0,0.0,0.1,0.0,0.0,0.0,0.4098868700271764,0.006002596677559912,478.79489767951316,0.25186654827975463,0.0,0.2403245858708582,0.0,0.4098868700271764,0.10757516168788357,LOW-COMPLEXITY,Low
23,115.0,120.0,0.0,0.0,0.0,98.17742156982422,100.29586944580078,3.8179513888888885,0.0,0.0,0.0,0.1,0.0,0.0,0.0,0.38585997368901925,0.0058208161764705885,468.8139152202315,0.22469078839807247,0.0,0.23142893658074204,0.0,0.38585997368901925,0.09688052858004113,LOW-COMPLEXITY,Low
24,120.0,125.0,0.0,0.0,0.0,98.51756286621094,99.60832214355469,5.511746527777778,0.0,0.0,0.0,0.1,0.0,0.0,0.0,0.40511786456892046,0.008356973175381265,451.83149748522237,0.2459857364288799,0.0,0.2373515106045969,0.0,0.40511786456892046,0.10478643078381875,LOW-COMPLEXITY,Low
25,125.0,130.0,0.0,0.0,0.0,97.96388244628906,99.63245849609375,4.911444444444445,0.0,0.0,0.0,0.1,0.0,0.0,0.0,0.4036749564937176,0.007126832380174294,447.25553559519994,0.24594119496921565,0.0,0.23619620992912135,0.0,0.4036749564937176,0.1047205318363709,LOW-COMPLEXITY,Low
26,130.0,135.0,0.0,0.0,0.7600000000000051,98.85748291015625,101.08425292968751,4.571503472222224,0.005700000000000038,0.0,0.038000000000000256,0.1,0.0,0.0,0.0088421052515233,0.4094852232869017,0.00673335607298475,463.6714178892774,0.25585438294148993,0.003846315784412635,0.24058294589460372,0.0026526315754569897,0.4094852232869017,0.11108623249985933,LOW-COMPLEXITY,Low
27,135.0,140.0,0.0,0.0,0.7600000000000051,98.65428924560547,99.73919525146485,4.8087638888888895,0.005700000000000038,0.0,0.038000000000000256,0.1,0.0,0.0,0.0088421052515233,0.39383999443094403,0.007425959694989108,455.979780249317,0.23320058228880283,0.003846315784412635,0.2361042378985976,0.0026526315754569897,0.39383999443094403,0.10210309158890306,LOW-COMPLEXITY,Low
28,140.0,145.0,0.0,0.0,0.0,98.83987426757812,99.68758850097656,3.7395590277777773,0.0,0.0,0.0,0.1,0.0,0.0,0.0,0.3976277215429674,0.005527235838779957,473.75595096595754,0.23513438561198324,0.0,0.23619883502149816,0.0,0.3976277215429674,0.10082985467777414,LOW-COMPLEXITY,Low
29,145.0,150.0,0.0,0.0,0.0,97.97389221191406,98.93793334960938,3.862416666666667,0.0,0.0,0.0,0.1,0.0,0.0,0.0,0.3957835231958935,0.00571933755446623,461.65498491946096,0.2348453138410432,0.0,0.23526994564161183,0.0,0.3957835231958935,0.10082125709611237,LOW-COMPLEXITY,Low
30,150.0,155.0,0.0,0.0,0.0,98.21984100341797,99.11768493652343,3.066065972222222,0.0,0.0,0.0,0.1,0.0,0.0,0.0,0.41311426051469735,0.004601938180827887,438.8268599161088,0.2535327043760571,0.0,0.23856248715010073,0.0,0.41311426051469735,0.10698465756188946,LOW-COMPLEXITY,Low
31,155.0,160.0,0.0,0.0,0.0,97.33737182617188,99.13136749267578,3.0498819444444445,0.0,0.0,0.0,0.1,0.0,0.0,0.0,0.43702588432916284,0.004012871051198258,420.8740243362561,0.28768760118215064,0.0,0.24465148560329655,0.0,0.43702588432916284,0.12021534946993842,LOW-COMPLEXITY,Low
32,160.0,165.0,0.0,0.0,0.0,98.04647827148438,99.59869079589843,4.6339548611111105,0.0,0.0,0.0,0.1,0.0,0.0,0.0,0.38930396550062474,0.00692279561546841,443.5942814526158,0.22702153583383322,0.0,0.23137003175199708,0.0,0.38930396550062474,0.09716428765495938,LOW-COMPLEXITY,Low
33,165.0,170.0,0.0,0.0,0.7600000000000051,99.77973937988281,100.29172210693359,3.08478125,0.005700000000000038,0.0,0.038000000000000256,0.1,0.0,0.0,0.0088421052515233,0.4191250160198187,0.0046567471405228765,481.8559991882866,0.2603823800458328,0.003846315784412635,0.24524037132177812,0.0026526315754569897,0.4191250160198187,0.11257038176831255,LOW-COMPLEXITY,Low
34,170.0,175.0,0.0,0.0,0.0,99.46273803710938,100.36817169189453,2.116413194444444,0.0,0.0,0.0,0.1,0.0,0.0,0.0,0.39521959655589967,0.003130260484749455,460.8113063525106,0.23290223313593825,0.0,0.2346811239688964,0.0,0.39521959655589967,0.09978461081810794,LOW-COMPLEXITY,Low
35,175.0,180.0,0.0,0.0,0.0,99.67982482910156,100.47225799560547,3.124951388888889,0.0,0.0,0.0,0.1,0.0,0.0,0.0,0.400274165004929,0.004283336465141613,467.0089092029564,0.2412076161951759,0.0,0.237224707665901,0.0,0.400274165004929,0.10356391452942104,LOW-COMPLEXITY,Low
36,180.0,185.0,0.0,0.0,0.0,100.99356842041016,101.76501007080078,4.251496527777778,0.0,0.0,0.0,0.1,0.0,0.0,0.0,0.42420711483040524,0.00640441135620915,492.82777989061384,0.2689455696699741,0.0,0.24599865604346619,0.0,0.42420711483040524,0.11452053574259892,LOW-COMPLEXITY,Low
37,185.0,190.0,0.0,0.0,0.0,100.9916763305664,101.40788116455079,2.759395833333333,0.0,0.0,0.0,0.1,0.0,0.0,0.0,0.41720012912241483,0.004551448801742919,498.192198443166,0.2590935358825919,0.0,0.24426791404193204,0.0,0.41720012912241483,0.11074050557536845,LOW-COMPLEXITY,Low
38,190.0,195.0,0.0,0.0,0.0,100.48664093017578,101.48612213134766,3.481954861111111,0.0,0.0,0.0,0.1,0.0,0.0,0.0,0.4052284650839669,0.005271927968409585,483.74163004240074,0.24767807719722135,0.0,0.23955038248340538,0.0,0.4052284650839669,0.10637455619681081,LOW-COMPLEXITY,Low
39,195.0,200.0,0.0,0.0,0.0,98.4447250366211,99.76635284423828,4.477444444444444,0.0,0.0,0.0,0.1,0.0,0.0,0.0,0.40278651441505986,0.006591318899782136,468.5539328116581,0.24389172214732377,0.0,0.23750468751961204,0.0,0.40278651441505986,0.10437587310176114,LOW-COMPLEXITY,Low
40,200.0,205.0,0.0,0.0,0.0,99.60820007324219,99.99866790771485,2.0582569444444445,0.0,0.0,0.0,0.1,0.0,0.0,0.0,0.404983028851762,0.002942390522875816,455.1050019164651,0.24280912111411204,0.0,0.237590154980542,0.0,0.404983028851762,0.10331535758730521,LOW-COMPLEXITY,Low
41,205.0,210.0,0.0,0.0,0.0,98.38385009765625,99.32706909179687,4.225263888888888,0.0,0.0,0.0,0.1,0.0,0.0,0.0,0.414408074229488,0.0062948319716775595,463.06584124723986,0.2550277983823924,0.0,0.2404531892246885,0.0,0.414408074229488,0.10807049686246518,LOW-COMPLEXITY,Low
42,210.0,215.0,0.0,0.0,1.0,100.05905151367188,100.86825714111328,2.065013888888889,0.0075,0.0,0.05,0.2,0.0,0.0,0.027999999972000006,0.39728925438826457,0.0030974375,462.2605746008891,0.2349480586389345,0.012179999987820003,0.24101259582210535,0.008399999991600002,0.39728925438826457,0.10670612425593799,LOW-COMPLEXITY,Low
43,215.0,220.0,0.0,0.0,0.0,99.68486785888672,100.68438262939453,2.1606805555555555,0.0,0.0,0.0,0.1,0.0,0.0,0.0,0.43242155964549234,0.0030752124183006536,484.59022072251713,0.2841401690914383,0.0,0.24882111112001845,0.0,0.43242155964549234,0.12105208352635255,LOW-COMPLEXITY,Low
44,220.0,225.0,0.0,0.0,0.0,99.18921661376953,100.74702301025391,2.8150416666666667,0.0,0.0,0.0,0.1,0.0,0.0,0.0,0.40152151452744195,0.0040998022875816985,459.52178626543514,0.24427664519252004,0.0,0.23660908861434332,0.0,0.40152151452744195,0.10457112497941969,LOW-COMPLEXITY,Low
45,225.0,230.0,0.0,0.0,0.0,99.18846130371094,99.96875457763672,3.4312083333333336,0.0,0.0,0.0,0.1,0.0,0.0,0.0,0.41394510787601596,0.004965078567538127,455.69543249336715,0.25656452895952697,0.0,0.2405193139989002,0.0,0.41394510787601596,0.10897774741037454,LOW-COMPLEXITY,Low
46,230.0,235.0,0.0,0.0,0.0,100.238037109375,101.14052886962891,2.3634375,0.0,0.0,0.0,0.1,0.0,0.0,0.0,0.4057843605426695,0.0035419215686274506,501.10764978695823,0.2468242349748923,0.0,0.24051643328620495,0.0,0.4057843605426695,0.10614677900195052,LOW-COMPLEXITY,Low
47,235.0,240.0,0.0,0.0,0.0,98.87163543701172,100.63359375,3.6242395833333334,0.0,0.0,0.0,0.1,0.0,0.0,0.0,0.40238593104762466,0.00552036220043573,466.4929437966382,0.2450719946581692,0.0,0.23691966748800172,0.0,0.40238593104762466,0.10486139818797903,LOW-COMPLEXITY,Low
48,240.0,245.0,0.0,0.0,0.0,125.87474060058594,128.31642150878906,5.300861111111112,0.0,0.0,0.0,0.1,0.0,0.0,0.0,0.4380095981973223,0.008096744553376906,895.1392303775826,0.294194627516185,0.0,0.25031341222419945,0.0,0.4380095981973223,0.12520460848723175,LOW-COMPLEXITY,Low
49,245.0,250.0,0.0,0.0,0.0,127.81397247314453,128.86846923828125,4.098170138888889,0.0,0.0,0.0,0.1,0.0,0.0,0.0,0.5034911109506782,0.006791685321350762,973.7174770141515,0.3674595445596153,0.0,0.2709512217912719,0.0,0.5034911109506782,0.15268992216908328,LOW-COMPLEXITY,Low
50,250.0,255.0,0.0,0.0,0.0,100.79139709472656,101.56510620117187,2.6888263888888893,0.0,0.0,0.0,0.1,0.0,0.0,0.0,0.4180192578026344,0.0042282726034858385,470.2558018235593,0.26142819093663217,0.0,0.2426579419924884,0.0,0.4180192578026344,0.11113956071502841,LOW-COMPLEXITY,Low
51,255.0,260.0,0.0,0.0,0.0,100.37310028076172,100.93151397705078,3.819795138888889,0.0,0.0,0.0,0.1,0.0,0.0,0.0,0.40133193049327925,0.005411022739651415,465.71867938838994,0.23930522275601554,0.0,0.2371973498041516,0.0,0.40133193049327925,0.10233870118614101,LOW-COMPLEXITY,Low
52,260.0,265.0,0.0,0.0,0.0,100.04841613769531,100.63866424560547,3.5693888888888887,0.0,0.0,0.0,0.1,0.0,0.0,0.0,0.4204779785870716,0.00532304711328976,464.93752113156927,0.26786962811220527,0.0,0.24396781949862562,0.0,0.4204779785870716,0.11420405623385368,LOW-COMPLEXITY,Low
53,265.0,270.0,0.0,0.0,0.0,100.2186508178711,100.85080261230469,2.2983888888888893,0.0,0.0,0.0,0.1,0.0,0.0,0.0,0.41990536079327695,0.0032972173202614375,497.8246429143395,0.2635005887974586,0.0,0.2449828285396195,0.0,0.41990536079327695,0.11251794418927687,LOW-COMPLEXITY,Low
54,270.0,275.0,0.0,0.0,0.0,100.33618927001953,101.00433044433593,2.0189270833333333,0.0,0.0,0.0,0.1,0.0,0.0,0.0,0.40358389870441147,0.003078538262527233,505.9371752191992,0.2434950166549936,0.0,0.2400577938156197,0.0,0.40358389870441147,0.10487176148686082,LOW-COMPLEXITY,Low
55,275.0,280.0,0.0,0.0,0.0,100.74323272705078,101.13766326904297,2.0813402777777776,0.0,0.0,0.0,0.1,0.0,0.0,0.0,0.40866993606083757,0.0029731256808278868,484.79730671952296,0.249990662441695,0.0,0.24112245795860116,0.0,0.40866993606083757,0.1072207074911485,LOW-COMPLEXITY,Low
56,280.0,285.0,0.0,0.0,0.0,100.50553131103516,101.05631256103516,1.8168680555555552,0.0,0.0,0.0,0.1,0.0,0.0,0.0,0.4000845614547482,0.0027429892429193903,479.11122514761604,0.23826458367746792,0.0,0.23762562136617893,0.0,0.4000845614547482,0.10228011895320953,LOW-COMPLEXITY,Low
57,285.0,290.0,0.0,0.0,0.0,100.08759307861328,100.34780578613281,2.25525,0.0,0.0,0.0,0.1,0.0,0.0,0.0,0.4354825003632125,0.003197462554466231,470.8418433765769,0.2797239598665248,0.0,0.2479399219159699,0.0,0.4354825003632125,0.11777032751304874,LOW-COMPLEXITY,Low
58,290.0,295.0,0.0,0.0,0.0,99.665771484375,100.18103790283203,2.5716111111111113,0.0,0.0,0.0,0.1,0.0,0.0,0.0,0.41664815133881056,0.003720468273420479,465.3680588600255,0.2563768434090139,0.0,0.24144285144469999,0.0,0.41664815133881056,0.10853138187544932,LOW-COMPLEXITY,Low
59,295.0,300.0,0.0,0.0,0.0,99.07164001464844,99.72826080322265,2.656649305555556,0.0,0.0,0.0,0.1,0.0,0.0,0.0,0.41496840310545335,0.003781570397603486,456.1281487607129,0.2568601086219011,0.0,0.240738177456443,0.0,0.41496840310545335,0.10894631564434226,LOW-COMPLEXITY,Low
60,300.0,305.0,0.0,0.0,0.0,101.08168029785156,102.33400115966798,2.741743055555556,0.0,0.0,0.0,0.1,0.0,0.0,0.0,0.3896176382617662,0.0040075175653594775,493.1572260807924,0.22744604737769356,0.0,0.2347245944042346,0.0,0.3896176382617662,0.09847222216488732,LOW-COMPLEXITY,Low
61,305.0,310.0,0.0,0.0,0.0,99.76787567138672,101.48059844970703,4.0816388888888895,0.0,0.0,0.0,0.1,0.0,0.0,0.0,0.4035652191229034,0.006293907135076254,474.56174774376206,0.24694749706048308,0.0,0.2380748707086058,0.0,0.4035652191229034,0.10590864849752772,LOW-COMPLEXITY,Low
62,310.0,315.0,0.0,0.0,0.0,98.78943634033203,99.80184783935547,3.6462256944444444,0.0,0.0,0.0,0.1,0.0,0.0,0.0,0.3914742491114279,0.00535702614379085,460.6755252769134,0.22834608212466068,0.0,0.23348864222198826,0.0,0.3914742491114279,0.09802550356216924,LOW-COMPLEXITY,Low
63,315.0,320.0,0.0,0.0,0.0,98.60523223876953,99.50833892822266,4.134197916666667,0.0,0.0,0.0,0.1,0.0,0.0,0.0,0.3980289178480413,0.006384277369281045,444.3674494415279,0.23839409308740903,0.0,0.23512182447972868,0.0,0.3980289178480413,0.10198245564959922,LOW-COMPLEXITY,Low
64,320.0,325.0,0.0,0.0,0.0,98.81956481933594,99.24378051757813,3.2675729166666665,0.0,0.0,0.0,0.1,0.0,0.0,0.0,0.42461534104266374,0.0048955947712418305,450.04344596798796,0.27055261176653567,0.0,0.2441564540795158,0.0,0.42461534104266374,0.11457722955043242,LOW-COMPLEXITY,Low
65,325.0,330.0,0.0,0.0,1.0,85.61518096923828,100.73096313476563,4.568010416666667,0.0075,0.0,0.05,0.1,0.0,0.0,0.0,0.4303754042814308,0.005070575299564271,428.42134989884335,0.3208788164999361,0.0,0.23539318463333028,0.0,0.4303754042814308,0.13523317180127595,LOW-COMPLEXITY,Low
66,330.0,335.0,0.0,0.0,0.0,85.1148910522461,85.82358856201172,1.641125,0.0,0.0,0.0,0.1,0.0,0.0,0.0,0.40688500348962164,0.0022587762799564266,399.42258758028953,0.24812455515192688,0.0,0.23488213266725183,0.0,0.40688500348962164,0.10454977313709617,LOW-COMPLEXITY,Low
67,335.0,340.0,0.0,0.0,0.0,85.14008331298828,86.6939208984375,2.348618055555556,0.0,0.0,0.0,0.0,0.0,0.0,0.0,0.4232657019752447,0.0035993006535947713,400.21751264730113,0.27222811228446453,0.0,0.23960962358968024,0.0,0.4232657019752447,0.11416099890480917,LOW-COMPLEXITY,Low
68,340.0,345.0,0.0,0.0,0.0,84.82992553710938,86.4665283203125,3.8541076388888897,0.0,0.0,0.0,0.1,0.0,0.0,0.0,0.39024305945997034,0.005775193627450981,400.1568090184548,0.23002729647514325,0.0,0.2288826236226138,0.0,0.39024305945997034,0.09756180164049387,LOW-COMPLEXITY,Low
69,345.0,350.0,0.0,0.0,0.0,84.53369140625,85.90632781982421,1.8114062500000003,0.0,0.0,0.0,0.0,0.0,0.0,0.0,0.4096794285009753,0.0026380565087145967,409.9503036782137,0.2535144329119072,0.0,0.23574454001999756,0.0,0.4096794285009753,0.10684794833770891,LOW-COMPLEXITY,Low
70,350.0,355.0,0.0,0.0,0.0,84.08911895751953,84.9320083618164,1.3637847222222224,0.0,0.0,0.0,0.0,0.0,0.0,0.0,0.41580838080015103,0.0019627303921568627,411.66587866071234,0.2621745566896582,0.0,0.23891141851979475,0.0,0.41580838080015103,0.1107541796267195,LOW-COMPLEXITY,Low
71,355.0,360.0,0.0,0.0,0.0,84.58678436279297,86.54697723388672,2.727565972222222,0.0,0.0,0.0,0.0,0.0,0.0,0.0,0.4141557693068655,0.0036408702342047928,403.8364369938467,0.2621377867634795,0.0,0.2365130684798457,0.0,0.4141557693068655,0.11030952502296937,LOW-COMPLEXITY,Low
72,360.0,365.0,0.0,0.0,0.0,85.2428207397461,86.2934341430664,2.5955069444444447,0.0,0.0,0.0,0.1,0.0,0.0,0.0,0.3880472381807426,0.0035537156862745097,413.7262489071071,0.22552672590769146,0.0,0.2295521001229907,0.0,0.3880472381807426,0.09609478845170683,LOW-COMPLEXITY,Low
73,365.0,370.0,0.0,0.0,0.0,85.46027374267578,86.36346893310547,2.079708333333333,0.0,0.0,0.0,0.1,0.0,0.0,0.0,0.3948533636689946,0.0029661537309368193,407.54091411167525,0.232985337399418,0.0,0.23129988180928424,0.0,0.3948533636689946,0.09873428641570983,LOW-COMPLEXITY,Low
74,370.0,375.0,0.0,0.0,0.0,85.37910461425781,87.10521240234375,2.5405937500000007,0.0,0.0,0.0,0.1,0.0,0.0,0.0,0.3976895768577875,0.0034424643246187365,401.8092608532162,0.23967537202031944,0.0,0.23123658961593624,0.0,0.3976895768577875,0.10134809816129052,LOW-COMPLEXITY,Low
75,375.0,380.0,0.0,0.0,0.0,85.94434356689453,87.03095245361328,3.275958333333334,0.0,0.0,0.0,0.1,0.0,0.0,0.0,0.4431189952370987,0.004757948257080611,400.7983031649256,0.28913694428422015,0.0,0.24470846860331708,0.0,0.4431189952370987,0.11943668734399639,LOW-COMPLEXITY,Low
76,380.0,385.0,0.0,0.0,0.0,86.41659545898438,87.80741271972656,3.6249201388888888,0.0,0.0,0.0,0.1,0.0,0.0,0.0,0.4083602513449107,0.005489816176470589,396.78940110959985,0.25188089181130924,0.0,0.23465955240043987,0.0,0.4083602513449107,0.10598122640958091,LOW-COMPLEXITY,Low
77,385.0,390.0,0.0,0.0,0.0,86.27838134765625,86.85932312011718,3.4581527777777783,0.0,0.0,0.0,0.1,0.0,0.0,0.0,0.4289184121440066,0.004897542075163398,410.7279988975295,0.2755935675542008,0.0,0.2427195329980854,0.0,0.4289184121440066,0.11551901729042863,LOW-COMPLEXITY,Low
78,390.0,395.0,0.0,0.0,0.0,85.15098571777344,86.68831176757813,2.762229166666667,0.0,0.0,0.0,0.1,0.0,0.0,0.0,0.4290303647844129,0.003830958605664489,411.20865299290523,0.28078313209671973,0.0,0.24251740731250596,0.0,0.4290303647844129,0.11801506741163373,LOW-COMPLEXITY,Low
79,395.0,400.0,0.0,0.0,0.0,85.1440200805664,86.16165924072266,3.069388888888889,0.0,0.0,0.0,0.0,0.0,0.0,0.0,0.43202474736603635,0.003973151824618736,402.2681231345728,0.2822207273423869,0.0,0.24316451698131844,0.0,0.43202474736603635,0.11821175777314584,LOW-COMPLEXITY,Low
80,400.0,405.0,0.0,0.0,0.0,85.01106262207031,85.31673736572266,1.3495833333333334,0.0,0.0,0.0,0.0,0.0,0.0,0.0,0.4015913445185167,0.0019077573529411764,408.66214596322203,0.23847685341452726,0.0,0.2336914477187907,0.0,0.4015913445185167,0.1006325972792112,LOW-COMPLEXITY,Low
81,405.0,410.0,0.0,0.0,0.0,85.30535125732422,86.72957000732421,2.696850694444444,0.0,0.0,0.0,0.1,0.0,0.0,0.0,0.42848901338848067,0.0038603331971677557,417.00730711064153,0.27990541811502423,0.0,0.24282937909686356,0.0,0.42848901338848067,0.11782073839429419,LOW-COMPLEXITY,Low
82,410.0,415.0,0.0,0.0,0.0,85.94871520996094,86.74669189453125,3.0179340277777778,0.0,0.0,0.0,0.1,0.0,0.0,0.0,0.40488625559571717,0.004521964596949891,418.3130289793402,0.24663210773625274,0.0,0.23552823579578178,0.0,0.40488625559571717,0.1045293724977207,LOW-COMPLEXITY,Low
83,415.0,420.0,0.0,0.0,0.0,83.81230926513672,84.1650619506836,1.5950833333333332,0.0,0.0,0.0,0.0,0.0,0.0,0.0,0.3973423243358606,0.0022033039215686276,392.9194427453867,0.23373290088349305,0.0,0.23149780061051614,0.0,0.3973423243358606,0.09855509957146202,LOW-COMPLEXITY,Low
84,420.0,425.0,0.0,0.0,0.0,83.7623062133789,84.31121826171875,1.5762083333333334,0.0,0.0,0.0,0.1,0.0,0.0,0.0,0.39372415424224877,0.002146470724400871,391.0447415315038,0.2315863144956501,0.0,0.23049555249246234,0.0,0.39372415424224877,0.09803556205962467,LOW-COMPLEXITY,Low
85,425.0,430.0,0.0,0.0,0.0,84.1332015991211,85.08563385009765,2.085295138888889,0.0,0.0,0.0,0.0,0.0,0.0,0.0,0.4263392061087293,0.00294070234204793,400.3897322725754,0.273854128000731,0.0,0.24097550707091123,0.0,0.4263392061087293,0.11468368994800213,LOW-COMPLEXITY,Low
86,430.0,435.0,0.0,0.0,0.0,84.47491455078125,85.15865936279297,2.568423611111111,0.0,0.0,0.0,0.1,0.0,0.0,0.0,0.39378892442812796,0.0035928560729847495,405.14896709407674,0.2306071270649106,0.0,0.23091635682208395,0.0,0.39378892442812796,0.09767705731315268,LOW-COMPLEXITY,Low
87,435.0,440.0,0.0,0.0,0.0,84.19771575927734,84.5573516845703,1.8238194444444444,0.0,0.0,0.0,0.0,0.0,0.0,0.0,0.3887370068706528,0.002429413262527233,390.2185987652609,0.22401533496085582,0.0,0.22888508446448466,0.0,0.3887370068706528,0.09493319532533433,LOW-COMPLEXITY,Low
88,440.0,445.0,0.0,0.0,0.0,84.63782501220703,85.13935241699218,1.6149756944444444,0.0,0.0,0.0,0.1,0.0,0.0,0.0,0.3942818930485118,0.002109981617647059,394.67863754781285,0.23075877395748065,0.0,0.23056876709831847,0.0,0.3942818930485118,0.09750798220102383,LOW-COMPLEXITY,Low
89,445.0,450.0,0.0,0.0,0.0,84.31402587890625,85.14090728759766,2.781333333333333,0.0,0.0,0.0,0.1,0.0,0.0,0.0,0.388320325616134,0.003939699891067539,397.595511142269,0.2251140308416941,0.0,0.22888073043808188,0.0,0.388320325616134,0.0955851896701422,LOW-COMPLEXITY,Low
90,450.0,455.0,0.0,0.0,0.0,83.5953140258789,85.11698760986329,3.1537013888888885,0.0,0.0,0.0,0.1,0.0,0.0,0.0,0.39260044050484316,0.004075062091503267,378.51562655782783,0.2319995141700251,0.0,0.22818509809294038,0.0,0.39260044050484316,0.09771443129133088,LOW-COMPLEXITY,Low
91,455.0,460.0,0.0,0.0,0.0,84.40399932861328,85.37297821044922,2.9473611111111113,0.0,0.0,0.0,0.1,0.0,0.0,0.0,0.3950771532094103,0.004205621187363834,387.85273830345506,0.2337756508812587,0.0,0.23017951231954548,0.0,0.3950771532094103,0.0986813664501177,LOW-COMPLEXITY,Low
92,460.0,465.0,0.0,0.0,0.0,85.14779663085938,86.04190063476562,2.8464826388888884,0.0,0.0,0.0,0.1,0.0,0.0,0.0,0.3980340684811486,0.004127542755991286,397.36507825119446,0.23798093427622144,0.0,0.23201726586285332,0.0,0.3980340684811486,0.10068799306982223,LOW-COMPLEXITY,Low
93,465.0,470.0,0.0,0.0,0.0,83.45219421386719,84.30497741699219,2.7595138888888893,0.0,0.0,0.0,0.1,0.0,0.0,0.0,0.38835852216559247,0.0038870441176470593,387.01682647262373,0.22530371332108334,0.0,0.22817624685972748,0.0,0.38835852216559247,0.09542391252004817,LOW-COMPLEXITY,Low
94,470.0,475.0,0.0,0.0,0.0,83.26969146728516,84.28683776855469,2.473125,0.0,0.0,0.0,0.1,0.0,0.0,0.0,0.3959277659605641,0.0034647257625272324,369.89858598877976,0.23484444500841056,0.0,0.2292810798080789,0.0,0.3959277659605641,0.09868865894689187,LOW-COMPLEXITY,Low
95,475.0,480.0,0.0,0.0,0.0,82.9189682006836,84.41613464355468,2.5544479166666667,0.0,0.0,0.0,0.0,0.0,0.0,0.0,0.386191071147869,0.003460111791938998,367.43306797653634,0.224461542718308,0.0,0.22564807443569668,0.0,0.386191071147869,0.09465982962468059,LOW-COMPLEXITY,Low
96,480.0,485.0,0.0,0.0,0.0,83.06755828857422,84.1688446044922,2.741489583333333,0.0,0.0,0.0,0.1,0.0,0.0,0.0,0.3969243330349306,0.003720341094771241,373.86272906696905,0.23801136039998388,0.0,0.2300705603629517,0.0,0.3969243330349306,0.10029929306829238,LOW-COMPLEXITY,Low
97,485.0,490.0,0.0,0.0,0.0,83.93461608886719,85.02550811767578,3.010357638888889,0.0,0.0,0.0,0.0,0.0,0.0,0.0,0.40248030064483004,0.0040379474400871465,378.4976960799561,0.24399956318161192,0.0,0.23188795912518206,0.0,0.40248030064483004,0.10254049212341218,LOW-COMPLEXITY,Low
98,490.0,495.0,0.0,0.0,0.0,83.95252227783203,84.13353576660157,1.4155416666666667,0.0,0.0,0.0,0.1,0.0,0.0,0.0,0.40172811994748014,0.0019812664760348584,379.2943206999867,0.2409492934489988,0.0,0.23274551347042977,0.0,0.40172811994748014,0.10150354645227977,LOW-COMPLEXITY,Low
99,495.0,500.0,0.0,0.0,0.0,83.95817565917969,84.40897369384766,1.6506145833333332,0.0,0.0,0.0,0.0,0.0,0.0,0.0,0.40644841070473936,0.0022836316721132894,366.3900425577468,0.24808654174857764,0.0,0.2333460552421585,0.0,0.40644841070473936,0.10410228753285947,LOW-COMPLEXITY,Low
100,500.0,505.0,0.0,0.0,0.0,83.90408325195312,84.2616470336914,1.9810868055555555,0.0,0.0,0.0,0.1,0.0,0.0,0.0,0.3949199241537807,0.0028662897603485837,373.1404218274518,0.23133295441270596,0.0,0.2297072902617707,0.0,0.3949199241537807,0.09733404775952754,LOW-COMPLEXITY,Low
101,505.0,510.0,0.0,0.0,0.0,85.07494354248047,85.4537338256836,2.082034722222222,0.0,0.0,0.0,0.0,0.0,0.0,0.0,0.40588302863899073,0.0030675185185185176,388.0152065006412,0.24698318472080877,0.0,0.23447179747897118,0.0,0.40588302863899073,0.10408596431829661,LOW-COMPLEXITY,Low
102,510.0,515.0,0.0,0.0,0.0,84.6651840209961,85.64744415283204,2.932621527777778,0.0,0.0,0.0,0.1,0.0,0.0,0.0,0.3950432488208635,0.004552406045751634,382.9778075757466,0.2344720264223705,0.0,0.23005986856353278,0.0,0.3950432488208635,0.09899615500320584,LOW-COMPLEXITY,Low
103,515.0,520.0,0.0,0.0,0.0,82.9549331665039,84.31996307373046,3.1280486111111108,0.0,0.0,0.0,0.1,0.0,0.0,0.0,0.3883566344862454,0.004012972903050109,376.9418223440297,0.226952202854505,0.0,0.22715299818030377,0.0,0.3883566344862454,0.09589049216879746,LOW-COMPLEXITY,Low
104,520.0,525.0,0.0,0.0,0.0,81.6211166381836,82.54053344726563,3.709347222222222,0.0,0.0,0.0,0.1,0.0,0.0,0.0,0.4028244967501898,0.0047461141067538124,361.60543287479385,0.24257522129719292,0.0,0.23089033813137363,0.0,0.4028244967501898,0.10139310480702979,LOW-COMPLEXITY,Low
105,525.0,530.0,0.0,0.0,0.0,81.89016723632812,83.87390899658203,2.55753125,0.0,0.0,0.0,0.0,0.0,0.0,0.0,0.41850178597341753,0.0033423801742919392,363.09117612753647,0.26995527840016986,0.0,0.23605622803137488,0.0,0.41850178597341753,0.11297187251771176,LOW-COMPLEXITY,Low
106,530.0,535.0,0.0,0.0,0.0,84.6760482788086,85.07527008056641,3.070916666666666,0.0,0.0,0.0,0.1,0.0,0.0,0.0,0.4247231110909913,0.004530862200435731,388.6872353935442,0.2697907857803302,0.0,0.24024708457603844,0.0,0.4247231110909913,0.11280109471903073,LOW-COMPLEXITY,Low
107,535.0,540.0,0.0,0.0,0.0,83.04984283447266,84.85765228271484,3.4271493055555546,0.0,0.0,0.0,0.1,0.0,0.0,0.0,0.41007071482076685,0.005100679466230936,398.51631544778735,0.25587495776227087,0.0,0.23502248350275978,0.0,0.41007071482076685,0.10767766940190965,LOW-COMPLEXITY,Low
108,540.0,545.0,0.0,0.0,0.0,83.44929504394531,85.72008819580078,2.8362673611111107,0.0,0.0,0.0,0.1,0.0,0.0,0.0,0.3877125753776215,0.004235300381263617,381.63247759524927,0.22754374778051978,0.0,0.22622008230565477,0.0,0.3877125753776215,0.09602075885283368,LOW-COMPLEXITY,Low
109,545.0,550.0,0.0,0.0,0.0,83.06336975097656,83.30876312255859,1.3771006944444444,0.0,0.0,0.0,0.0,0.0,0.0,0.0,0.4077913826799611,0.0021322365196078433,375.09473673026366,0.2462993870272478,0.0,0.2337408595074378,0.0,0.4077913826799611,0.10301114867123684,LOW-COMPLEXITY,Low
110,550.0,555.0,0.0,0.0,0.0,82.69010925292969,82.9159942626953,0.6001215277777777,0.0,0.0,0.0,0.0,0.0,0.0,0.0,0.40637941921731696,0.001072654547930283,366.97993718668243,0.246018028288644,0.0,0.23317074810361427,0.0,0.40637941921731696,0.10302392117625775,LOW-COMPLEXITY,Low
111,555.0,560.0,0.0,0.0,0.0,82.79346466064453,83.11780242919922,1.7743854166666668,0.0,0.0,0.0,0.0,0.0,0.0,0.0,0.4320696156340752,0.00253384272875817,365.24465212806894,0.27807003206658265,0.0,0.24097482603446035,0.0,0.4320696156340752,0.11535880123683366,LOW-COMPLEXITY,Low
112,560.0,565.0,0.0,0.0,0.0,81.59086608886719,82.60742645263672,2.3436493055555556,0.0,0.0,0.0,0.1,0.0,0.0,0.0,0.41121313268756426,0.0031277263071895424,345.42833406858875,0.2552319884020393,0.0,0.2328662100533804,0.0,0.41121313268756426,0.10631588454781171,LOW-COMPLEXITY,Low
113,565.0,570.0,0.0,0.0,0.0,83.2633285522461,84.2653564453125,3.5049652777777776,0.0,0.0,0.0,0.1,0.0,0.0,0.0,0.399153944783033,0.004970700980392158,360.58121413860266,0.24088726371398236,0.0,0.2301313044218679,0.0,0.399153944783033,0.10120110220888669,LOW-COMPLEXITY,Low
114,570.0,575.0,0.0,0.0,0.0,83.84749603271484,85.36474304199218,3.4521875,0.0,0.0,0.0,0.1,0.0,0.0,0.0,0.39867110319145244,0.00522094675925926,383.91485158324815,0.23989541450535115,0.0,0.23060433235681627,0.0,0.39867110319145244,0.10099144777969815,LOW-COMPLEXITY,Low
115,575.0,580.0,0.0,0.0,0.0,84.49793243408203,85.41238098144531,3.2316180555555554,0.0,0.0,0.0,0.1,0.0,0.0,0.0,0.4260883716569262,0.004811643246187362,384.8800912746712,0.273179717967483,0.0,0.23988444630586755,0.0,0.4260883716569262,0.11402732227656359,LOW-COMPLEXITY,Low
116,580.0,585.0,0.0,0.0,0.0,82.97933197021484,83.81598663330078,3.4043055555555557,0.0,0.0,0.0,0.1,0.0,0.0,0.0,0.40589008873714116,0.005427227668845316,368.1397663965201,0.24701511502059176,0.0,0.23259016445384986,0.0,0.40589008873714116,0.10344159288485803,LOW-COMPLEXITY,Low
117,585.0,590.0,0.0,0.0,0.0,82.82999420166016,84.43441009521484,3.6730034722222227,0.0,0.0,0.0,0.1,0.0,0.0,0.0,0.3977744513770135,0.005559396514161222,375.0050593532538,0.24051962296364876,0.0,0.22997809385422296,0.0,0.3977744513770135,0.10130853148654903,LOW-COMPLEXITY,Low
118,590.0,595.0,0.0,0.0,0.0,83.32534790039062,83.75184326171875,2.522291666666667,0.0,0.0,0.0,0.1,0.0,0.0,0.0,0.4126228583997161,0.0033867111928104574,375.07553908904055,0.25547927206625104,0.0,0.23571118243489012,0.0,0.4126228583997161,0.10708283528540802,LOW-COMPLEXITY,Low
119,595.0,600.0,0.0,0.0,0.0,83.04026794433594,86.03897857666016,2.9253854166666664,0.0,0.0,0.0,0.1,0.0,0.0,0.0,0.41895752783119655,0.0038927746459694996,388.31375688154895,0.2729668476424469,0.0,0.23660662961710696,0.0,0.41895752783119655,0.11455636222941175,LOW-COMPLEXITY,Low
120,600.0,605.0,0.0,0.0,0.0,82.69892120361328,83.90452117919922,2.085753472222222,0.0,0.0,0.0,0.1,0.0,0.0,0.0,0.3867267125159339,0.002943372276688453,362.76311562564723,0.22419968724457695,0.0,0.2257654691117022,0.0,0.3867267125159339,0.09443607968240077,LOW-COMPLEXITY,Low
121,605.0,610.0,0.0,0.0,0.0,84.52011108398438,84.84298400878906,1.0594201388888889,0.0,0.0,0.0,0.0,0.0,0.0,0.0,0.39273287155876124,0.0016323589324618733,375.26866933718446,0.22835950246120157,0.0,0.229121742911636,0.0,0.39273287155876124,0.09618914335998308,LOW-COMPLEXITY,Low
122,610.0,615.0,0.0,0.0,0.0,84.4820327758789,84.82316436767579,1.3005173611111112,0.0,0.0,0.0,0.1,0.0,0.0,0.0,0.4095885812468833,0.0018588114106753816,400.8233971925985,0.2505447748127146,0.0,0.23614140747585188,0.0,0.4095885812468833,0.10552473471118462,LOW-COMPLEXITY,Low
123,615.0,620.0,0.0,0.0,0.0,84.72308349609375,85.18302154541016,1.6138020833333335,0.0,0.0,0.0,0.0,0.0,0.0,0.0,0.394646929077587,0.0021606101579520697,404.22638671367173,0.23206049069594792,0.0,0.23157200431654104,0.0,0.394646929077587,0.09841871458936656,LOW-COMPLEXITY,Low
124,620.0,625.0,0.0,0.0,0.0,84.1823959350586,84.8040771484375,1.715892361111111,0.0,0.0,0.0,0.1,0.0,0.0,0.0,0.4048577524778648,0.0023408890250544664,406.37914016018186,0.24572834774506677,0.0,0.2348400184981775,0.0,0.4048577524778648,0.1038437422274293,LOW-COMPLEXITY,Low
125,625.0,630.0,0.0,0.0,0.0,84.3175277709961,84.68826141357422,1.3872430555555553,0.0,0.0,0.0,0.0,0.0,0.0,0.0,0.40134875614938315,0.0020196478758169934,408.6774328776512,0.24083955985149272,0.0,0.23418651383070294,0.0,0.40134875614938315,0.10204787072914659,LOW-COMPLEXITY,Low
126,630.0,635.0,0.0,0.0,0.0,84.19538116455078,84.7008285522461,1.7515972222222222,0.0,0.0,0.0,0.1,0.0,0.0,0.0,0.4035126066599779,0.0023599161220043572,410.19829456396735,0.24401893723096119,0.0,0.23485682977677447,0.0,0.4035126066599779,0.10333120737235718,LOW-COMPLEXITY,Low
127,635.0,640.0,0.0,0.0,0.0,84.34528350830078,84.84132537841796,1.9965277777777777,0.0,0.0,0.0,0.1,0.0,0.0,0.0,0.42958107393416256,0.002862242919389978,414.72423557417534,0.27198475124085114,0.0,0.24215277626239667,0.0,0.42958107393416256,0.11335057882872376,LOW-COMPLEXITY,Low
128,640.0,645.0,0.0,0.0,0.0,84.32311248779297,85.6195068359375,3.216715277777777,0.0,0.0,0.0,0.1,0.0,0.0,0.0,0.3978067370797111,0.004780009395424836,408.54965888893867,0.2382445336082283,0.0,0.23206471568020398,0.0,0.3978067370797111,0.10089323302225776,LOW-COMPLEXITY,Low
129,645.0,650.0,0.0,0.0,0.0,84.67324829101562,84.85574798583984,1.1590277777777778,0.0,0.0,0.0,0.0,0.0,0.0,0.0,0.42528468822124105,0.0017153702342047935,413.9985850992126,0.2729716857702853,0.0,0.2426998746403674,0.0,0.42528468822124105,0.115109626953961,LOW-COMPLEXITY,Low
130,650.0,655.0,0.0,0.0,0.0,84.38524627685547,84.89116058349609,1.1075590277777778,0.0,0.0,0.0,0.1,0.0,0.0,0.0,0.40359950603733497,0.0015969885620915035,394.5711541275531,0.24160335705050484,0.0,0.2332600324879507,0.0,0.40359950603733497,0.10154281338670143,LOW-COMPLEXITY,Low
131,655.0,660.0,0.0,0.0,0.0,84.55502319335938,84.81463775634765,1.1145312499999998,0.0,0.0,0.0,0.0,0.0,0.0,0.0,0.43658109028933856,0.001668228077342048,412.2862842843421,0.28039698354815656,0.0,0.24445270149928333,0.0,0.43658109028933856,0.11661166472649279,LOW-COMPLEXITY,Low
132,660.0,665.0,0.0,0.0,0.0,83.96419525146484,84.2523208618164,0.9311215277777777,0.0,0.0,0.0,0.1,0.0,0.0,0.0,0.41987083026335165,0.0014643711873638346,402.4464844868113,0.2650749629744953,0.0,0.23998575449173393,0.0,0.41987083026335165,0.11156478799351659,LOW-COMPLEXITY,Low
133,665.0,670.0,0.0,0.0,0.7600000000000051,84.00662994384766,84.37905731201172,1.6362847222222223,0.005700000000000038,0.0,0.038000000000000256,0.1,0.0,0.0,0.0088421052515233,0.4802402662044374,0.0031866322167755983,402.57177790373385,0.33440959385676067,0.003846315784412635,0.25901970428351523,0.0026526315754569897,0.4802402662044374,0.1391279426642298,LOW-COMPLEXITY,Low
134,670.0,675.0,0.0,0.0,0.0,99.24275970458984,100.42153625488281,2.0787118055555553,0.0,0.0,0.0,0.1,0.0,0.0,0.0,0.4291691496130023,0.0030103056917211326,457.1508446419892,0.2793057488429278,0.0,0.2456763797192824,0.0,0.4291691496130023,0.11834731991996214,LOW-COMPLEXITY,Low
135,675.0,680.0,0.0,0.0,0.0,98.99935150146484,100.82872161865234,4.211340277777778,0.0,0.0,0.0,0.1,0.0,0.0,0.0,0.40155333476269683,0.005703838235294117,449.65713102012364,0.24482676926278388,0.0,0.2357048685728231,0.0,0.40155333476269683,0.10452175494120582,LOW-COMPLEXITY,Low
136,680.0,685.0,0.0,0.0,0.0,99.0425033569336,99.45421142578125,2.4961562500000007,0.0,0.0,0.0,0.1,0.0,0.0,0.0,0.4329322214479506,0.003538667755991285,466.1368656209743,0.2789179051001251,0.0,0.24723233418691953,0.0,0.4329322214479506,0.11775721415349671,LOW-COMPLEXITY,Low
137,685.0,690.0,0.0,0.0,0.0,99.99313354492188,100.649267578125,2.62875,0.0,0.0,0.0,0.1,0.0,0.0,0.0,0.3980566093720081,0.0038904406318082787,474.1109412537528,0.23768119950908997,0.0,0.23701517421083668,0.0,0.3980566093720081,0.10228175838533579,LOW-COMPLEXITY,Low
138,690.0,695.0,0.0,0.0,0.0,100.1573257446289,101.12115783691407,2.752940972222222,0.0,0.0,0.0,0.1,0.0,0.0,0.0,0.39663013936588,0.0038793537581699343,485.20035071940003,0.2342481469504228,0.0,0.23644528902633755,0.0,0.39663013936588,0.10072238979295953,LOW-COMPLEXITY,Low
139,695.0,700.0,0.0,0.0,0.0,100.01778411865234,100.32769927978515,2.6784201388888884,0.0,0.0,0.0,0.1,0.0,0.0,0.0,0.3987798663677884,0.0038253126361655777,484.5613996054768,0.23592302560048395,0.0,0.2377648062980737,0.0,0.3987798663677884,0.10148422841262067,LOW-COMPLEXITY,Low
140,700.0,705.0,0.0,0.0,0.0,99.2165756225586,99.60050048828126,2.6805868055555555,0.0,0.0,0.0,0.1,0.0,0.0,0.0,0.42035019141963603,0.003953009531590414,464.8669126451763,0.26588112300694494,0.0,0.2438977004902581,0.0,0.42035019141963603,0.11321720882015379,LOW-COMPLEXITY,Low
141,705.0,710.0,0.0,0.0,0.0,99.85199737548828,100.73550720214844,2.8856666666666664,0.0,0.0,0.0,0.1,0.0,0.0,0.0,0.40042982323185095,0.004129267429193901,456.29601851379823,0.24074814662136684,0.0,0.23649806277470148,0.0,0.40042982323185095,0.1030409394738662,LOW-COMPLEXITY,Low
142,710.0,715.0,0.0,0.0,0.0,96.77677154541016,99.26653137207032,3.4624340277777783,0.0,0.0,0.0,0.1,0.0,0.0,0.0,0.4282045510607944,0.005183335511982571,450.1159894264713,0.2832051312692584,0.0,0.2445042435127296,0.0,0.4282045510607944,0.12012791309888592,LOW-COMPLEXITY,Low
143,715.0,720.0,0.0,0.0,0.0,98.11112213134766,98.96778259277343,2.7278333333333338,0.0,0.0,0.0,0.1,0.0,0.0,0.0,0.40035795938516683,0.004146697984749455,440.19930269327216,0.24144039525212063,0.0,0.23554565828037424,0.0,0.40035795938516683,0.10307168817789959,LOW-COMPLEXITY,Low
144,720.0,725.0,0.0,0.0,0.0,98.37431335449219,98.87197723388672,3.0653055555555553,0.0,0.0,0.0,0.1,0.0,0.0,0.0,0.40863790463956023,0.004543393246187364,444.5409552915685,0.2501237583658279,0.0,0.23864332021139018,0.0,0.40863790463956023,0.10642756509701044,LOW-COMPLEXITY,Low
145,725.0,730.0,0.0,0.0,0.0,98.3509521484375,100.96698303222657,3.126881944444445,0.0,0.0,0.0,0.1,0.0,0.0,0.0,0.41325476118326776,0.004682838235294117,466.66476855467243,0.263207337409648,0.0,0.2402719938926598,0.0,0.41325476118326776,0.112385176271438,LOW-COMPLEXITY,Low
146,730.0,735.0,0.0,0.0,1.0,99.92333221435547,100.5007080078125,2.8310902777777778,0.0075,0.0,0.05,0.1,0.0,0.0,0.0,0.4033169841847958,0.004186794798474946,469.8957586903124,0.2434413534996487,0.0,0.23836451321149932,0.0,0.4033169841847958,0.10431901032765016,LOW-COMPLEXITY,Low
147,735.0,740.0,0.0,0.0,0.0,100.22865295410156,100.72686614990235,2.485440972222222,0.0,0.0,0.0,0.1,0.0,0.0,0.0,0.40786050114789246,0.0036670324074074075,462.71967800774553,0.24932714822223376,0.0,0.2394887068474813,0.0,0.40786050114789246,0.10651949622076222,LOW-COMPLEXITY,Low
148,740.0,745.0,0.0,0.0,0.0,99.1037368774414,100.57261962890625,3.1368020833333325,0.0,0.0,0.0,0.1,0.0,0.0,0.0,0.40982829172705737,0.0046392618464052284,448.9931813088859,0.25544593514659547,0.0,0.23893621360716627,0.0,0.40982829172705737,0.1088935694040416,LOW-COMPLEXITY,Low
149,745.0,750.0,0.0,0.0,0.0,99.69229888916016,100.35133666992188,3.0774965277777775,0.0,0.0,0.0,0.1,0.0,0.0,0.0,0.40085288935431573,0.004531243464052287,457.80365692798875,0.24034825591144873,0.0,0.23681626688880464,0.0,0.40085288935431573,0.10284659902822706,LOW-COMPLEXITY,Low
150,750.0,755.0,0.0,0.0,0.0,99.48133087158203,100.41917572021484,2.332833333333333,0.0,0.0,0.0,0.1,0.0,0.0,0.0,0.3903598035938119,0.0033596770152505445,486.6878029694982,0.22786781537096873,0.0,0.2349458011238199,0.0,0.3903598035938119,0.09857498718036835,LOW-COMPLEXITY,Low
151,755.0,760.0,0.0,0.0,0.0,100.03860473632812,100.38769226074218,3.619600694444445,0.0,0.0,0.0,0.1,0.0,0.0,0.0,0.4129864502017856,0.00537399795751634,482.3335624983183,0.2559669765264475,0.0,0.24261929054723594,0.0,0.4129864502017856,0.10965362740430995,LOW-COMPLEXITY,Low
152,760.0,765.0,0.0,0.0,0.7600000000000051,97.7306900024414,99.20328826904297,4.480829861111111,0.005700000000000038,0.0,0.038000000000000256,0.1,0.0,0.0,0.0088421052515233,0.4005187365197078,0.006648673747276688,462.7984622731595,0.24002148459407158,0.003846315784412635,0.2376380149275985,0.0026526315754569897,0.4005187365197078,0.1043806791794968,LOW-COMPLEXITY,Low
153,765.0,770.0,0.0,0.0,0.0,98.59236145019531,99.70357666015624,4.649493055555555,0.0,0.0,0.0,0.1,0.0,0.0,0.0,0.4037364917997459,0.0070703574346405226,468.5998126853726,0.24384410711078666,0.0,0.2377432029245809,0.0,0.4037364917997459,0.10419805162906016,LOW-COMPLEXITY,Low
154,770.0,775.0,0.0,0.0,0.7600000000000051,98.1681137084961,100.00236663818359,3.854732638888889,0.005700000000000038,0.0,0.038000000000000256,0.1,0.0,0.0,0.0088421052515233,0.3835338477189341,0.005618417619825709,451.77963519709095,0.22091366428274586,0.003846315784412635,0.23170119056589622,0.0026526315754569897,0.3835338477189341,0.09699510269743156,LOW-COMPLEXITY,Low
155,775.0,780.0,0.0,0.0,0.0,97.00238037109375,98.98417053222656,4.086604166666666,0.0,0.0,0.0,0.1,0.0,0.0,0.0,0.39076365501600757,0.0061904083605664505,445.06837019597907,0.2301047893457394,0.0,0.23163216718414792,0.0,0.39076365501600757,0.09843273943331958,LOW-COMPLEXITY,Low
156,780.0,785.0,0.0,0.0,0.0,98.1465072631836,99.25468597412109,3.1773680555555552,0.0,0.0,0.0,0.1,0.0,0.0,0.0,0.40545107267563185,0.004554391612200436,454.02512847055436,0.24577109650575168,0.0,0.2373011827480409,0.0,0.40545107267563185,0.1045781940457822,LOW-COMPLEXITY,Low
157,785.0,790.0,0.0,0.0,0.0,98.3060531616211,99.20364837646484,4.516041666666666,0.0,0.0,0.0,0.1,0.0,0.0,0.0,0.41013289174245204,0.006855963371459696,444.6339558892099,0.25416642072548407,0.0,0.23905534341766616,0.0,0.41013289174245204,0.10821935762331217,LOW-COMPLEXITY,Low
158,790.0,795.0,0.0,0.0,0.0,99.04273986816406,99.50908966064453,2.5152083333333333,0.0,0.0,0.0,0.1,0.0,0.0,0.0,0.3913309199516881,0.0034902238562091507,468.1848210710129,0.22716335498453208,0.0,0.23433714439818423,0.0,0.3913309199516881,0.09776694804370849,LOW-COMPLEXITY,Low
159,795.0,800.0,0.0,0.0,0.0,97.25818634033203,99.31448364257812,4.772381944444445,0.0,0.0,0.0,0.1,0.0,0.0,0.0,0.38977390471474405,0.007183552151416123,449.64495468088995,0.22983379642291665,0.0,0.23181409774639883,0.0,0.38977390471474405,0.09860835624401189,LOW-COMPLEXITY,Low
160,800.0,805.0,0.0,0.0,0.0,99.81690216064453,100.29167785644532,2.967840277777778,0.0,0.0,0.0,0.1,0.0,0.0,0.0,0.4093612913343282,0.0043562308006535955,475.44490387319047,0.250528641402708,0.0,0.24059960400834407,0.0,0.4093612913343282,0.10713385927069234,LOW-COMPLEXITY,Low
161,805.0,810.0,0.0,0.0,0.0,97.83444213867188,98.95774841308594,4.105177083333333,0.0,0.0,0.0,0.1,0.0,0.0,0.0,0.38978437475189,0.005999892701525055,451.3855741874726,0.2273145262508364,0.0,0.23249905005670118,0.0,0.38978437475189,0.09758583695729112,LOW-COMPLEXITY,Low
162,810.0,815.0,0.0,0.0,0.0,98.87633514404297,99.82615966796875,2.172298611111111,0.0,0.0,0.0,0.1,0.0,0.0,0.0,0.3897640305075121,0.003113106753812636,458.2578350984662,0.22668114408298676,0.0,0.23292718361056988,0.0,0.3897640305075121,0.0974240786783148,LOW-COMPLEXITY,Low
163,815.0,820.0,0.0,0.0,0.0,99.5949935913086,100.12109832763672,2.631114583333333,0.0,0.0,0.0,0.1,0.0,0.0,0.0,0.3927634025504907,0.0037926548202614372,469.0001209393187,0.22944181116250645,0.0,0.2348934009365155,0.0,0.3927634025504907,0.09874274527141097,LOW-COMPLEXITY,Low
164,820.0,825.0,0.0,0.0,0.0,99.19015502929688,100.111962890625,2.6753194444444444,0.0,0.0,0.0,0.1,0.0,0.0,0.0,0.3978535611329678,0.0038302783224400875,458.13697418502954,0.2357837237680433,0.0,0.2352292372761768,0.0,0.3978535611329678,0.10075870464744158,LOW-COMPLEXITY,Low
165,825.0,830.0,0.0,0.0,0.0,98.95035552978516,99.44723510742188,2.909392361111111,0.0,0.0,0.0,0.1,0.0,0.0,0.0,0.4215725685100066,0.00448668341503268,461.0751458954241,0.2663673111509612,0.0,0.24364944937737942,0.0,0.4215725685100066,0.11306782073006175,LOW-COMPLEXITY,Low
166,830.0,835.0,0.0,0.0,0.0,97.5472412109375,101.18708801269531,3.4085555555555556,0.0,0.0,0.0,0.1,0.0,0.0,0.0,0.4126669760586353,0.0054155343137254905,452.1010182846418,0.26493920667065063,0.0,0.23851853317479754,0.0,0.4126669760586353,0.11278434593184562,LOW-COMPLEXITY,Low
167,835.0,840.0,0.0,0.0,0.0,98.51191711425781,99.76039276123046,3.2023576388888886,0.0,0.0,0.0,0.1,0.0,0.0,0.0,0.40854221655126705,0.004794313453159041,454.8163483985943,0.24961130776456678,0.0,0.23801653649101598,0.0,0.40854221655126705,0.10597588751632221,LOW-COMPLEXITY,Low
168,840.0,845.0,0.0,0.0,0.0,98.81515502929688,99.23087921142579,3.9587881944444447,0.0,0.0,0.0,0.1,0.0,0.0,0.0,0.42002438154201654,0.005659761301742919,471.9249621102449,0.26505456424869484,0.0,0.24412262644063726,0.0,0.42002438154201654,0.11296410599306632,LOW-COMPLEXITY,Low
169,845.0,850.0,0.0,0.0,0.0,96.80506134033203,99.27511291503906,4.3561354166666675,0.0,0.0,0.0,0.1,0.0,0.0,0.0,0.4247962809630145,0.0063733496732026156,437.98800403539906,0.27813634961356926,0.0,0.2426534271196559,0.0,0.4247962809630145,0.11779780405791054,LOW-COMPLEXITY,Low
170,850.0,855.0,0.0,0.0,0.0,97.8548812866211,99.231103515625,3.708541666666667,0.0,0.0,0.0,0.1,0.0,0.0,0.0,0.3923132762348689,0.0054595246459695004,442.6860268961731,0.23146051531740564,0.0,0.23263810694386336,0.0,0.3923132762348689,0.09907527603033776,LOW-COMPLEXITY,Low
171,855.0,860.0,0.0,0.0,0.0,98.44670104980469,99.52442474365235,2.9425625,0.0,0.0,0.0,0.1,0.0,0.0,0.0,0.39679142884150664,0.004347312908496732,450.08718229114794,0.23698196608981756,0.0,0.2347185994707785,0.0,0.39679142884150664,0.10144463564930459,LOW-COMPLEXITY,Low
172,860.0,865.0,0.0,0.0,0.0,97.80736541748047,98.52190704345703,2.9271006944444453,0.0,0.0,0.0,0.1,0.0,0.0,0.0,0.4054080390417183,0.00428884272875817,439.88586773029573,0.24547894079589222,0.0,0.2368841801743019,0.0,0.4054080390417183,0.1042969236985222,LOW-COMPLEXITY,Low
173,865.0,870.0,0.0,0.0,0.0,98.62730407714844,99.17281646728516,2.7602187500000004,0.0,0.0,0.0,0.1,0.0,0.0,0.0,0.41517815836594846,0.003934585103485839,462.2176943354374,0.25534792178333593,0.0,0.24093669077819588,0.0,0.41517815836594846,0.1082072630725494,LOW-COMPLEXITY,Low
174,870.0,875.0,0.0,0.0,0.0,98.5773696899414,99.01287994384765,2.3862395833333334,0.0,0.0,0.0,0.1,0.0,0.0,0.0,0.40265729788749827,0.0033955675381263624,468.6018861634779,0.24284467251794306,0.0,0.23830035338004854,0.0,0.40265729788749827,0.10416313547011394,LOW-COMPLEXITY,Low
175,875.0,880.0,0.0,0.0,0.0,97.75450897216797,98.5283432006836,3.6611249999999997,0.0,0.0,0.0,0.1,0.0,0.0,0.0,0.4050393686079955,0.005105863970588234,446.7141156115879,0.24446230200031993,0.0,0.23697712587583672,0.0,0.4050393686079955,0.10391330290470394,LOW-COMPLEXITY,Low
176,880.0,885.0,0.0,0.0,0.0,98.24885559082031,98.55072021484375,3.132458333333333,0.0,0.0,0.0,0.1,0.0,0.0,0.0,0.4246991498150944,0.004440796568627452,451.43525006218323,0.27130518867542963,0.0,0.2445560565286244,0.0,0.4246991498150944,0.11507242666895975,LOW-COMPLEXITY,Low
177,885.0,890.0,0.0,0.0,0.0,97.90391540527344,98.40657196044921,3.7728680555555556,0.0,0.0,0.0,0.1,0.0,0.0,0.0,0.4030120656509773,0.0050897798202614395,431.65315502756334,0.24288836626953567,0.0,0.23608102930975897,0.0,0.4030120656509773,0.10331952698043914,LOW-COMPLEXITY,Low
178,890.0,895.0,0.0,0.0,0.0,98.94991302490234,99.72792205810546,3.2334548611111114,0.0,0.0,0.0,0.1,0.0,0.0,0.0,0.4416237275347609,0.004426727805010892,448.5504114183886,0.29059400184536843,0.0,0.24863399000359435,0.0,0.4416237275347609,0.12191296554025202,LOW-COMPLEXITY,Low
179,895.0,900.0,0.0,0.0,0.0,99.59007263183594,100.71131286621093,3.766215277777778,0.0,0.0,0.0,0.1,0.0,0.0,0.0,0.3968794349365935,0.00553983346949891,491.3622779111843,0.23639915054283217,0.0,0.23714163994172546,0.0,0.3968794349365935,0.10197929051687162,LOW-COMPLEXITY,Low
180,900.0,905.0,0.0,0.0,0.0,99.13932037353516,99.95782775878907,3.5723506944444448,0.0,0.0,0.0,0.1,0.0,0.0,0.0,0.4159686760666995,0.005344132761437908,479.16284197935056,0.2620358366149748,0.0,0.2430430116473259,0.0,0.4159686760666995,0.11209080336737659,LOW-COMPLEXITY,Low
181,905.0,910.0,0.0,0.0,0.0,95.74925231933594,98.19236602783204,3.745586805555556,0.0,0.0,0.0,0.1,0.0,0.0,0.0,0.3854781741608161,0.006137757489106754,439.88268213107773,0.22582519923392402,0.0,0.2294794791825721,0.0,0.3854781741608161,0.09686087379065822,LOW-COMPLEXITY,Low
182,910.0,915.0,0.0,0.0,0.0,98.63658142089844,99.21894683837891,2.9062881944444445,0.0,0.0,0.0,0.1,0.0,0.0,0.0,0.414604268196097,0.00418898461328976,451.6420190645141,0.25780755307842845,0.0,0.24086070040575694,0.0,0.414604268196097,0.10955395463220488,LOW-COMPLEXITY,Low
183,915.0,920.0,0.0,0.0,0.0,98.68595886230469,99.16090545654296,2.3030451388888893,0.0,0.0,0.0,0.1,0.0,0.0,0.0,0.3993624557530701,0.003275355119825708,463.2982436858536,0.23777638625752331,0.0,0.23668264213781776,0.0,0.3993624557530701,0.10188650393873033,LOW-COMPLEXITY,Low
184,920.0,925.0,0.0,0.0,0.0,98.62334442138672,99.1511001586914,2.8862361111111112,0.0,0.0,0.0,0.1,0.0,0.0,0.0,0.40725560389476295,0.0039098360566448805,458.4418069452931,0.24634652188939554,0.0,0.238494108618582,0.0,0.40725560389476295,0.10483229798751073,LOW-COMPLEXITY,Low
185,925.0,930.0,0.0,0.0,0.0,98.67691802978516,99.61705780029297,3.0547569444444442,0.0,0.0,0.0,0.1,0.0,0.0,0.0,0.41898180550940584,0.00418768082788671,451.2555279482384,0.26374364693497404,0.0,0.24171022177431414,0.0,0.41898180550940584,0.11172494971114551,LOW-COMPLEXITY,Low
186,930.0,935.0,0.0,0.0,0.0,99.95195770263672,101.19549865722657,3.902201388888889,0.0,0.0,0.0,0.1,0.0,0.0,0.0,0.39360118467217736,0.005416828022875817,478.6837303081092,0.2322438686964415,0.0,0.23517338904391236,0.0,0.39360118467217736,0.10003232434554574,LOW-COMPLEXITY,Low
187,935.0,940.0,0.0,0.0,0.0,96.96294403076172,99.30962677001953,4.559444444444444,0.0,0.0,0.0,0.1,0.0,0.0,0.0,0.3975999908610691,0.007134964869281047,459.63111854088993,0.24023404463728223,0.0,0.23448297652591554,0.0,0.3975999908610691,0.10278606638744427,LOW-COMPLEXITY,Low
188,940.0,945.0,0.0,0.0,1.0,100.41397094726562,101.60502471923829,4.30096875,0.0075,0.0,0.05,0.2,0.0,0.0,0.027999999972000006,0.4052240565877511,0.006580489651416121,444.4096494279538,0.24745268475414436,0.012179999987820003,0.24260569786269848,0.008399999991600002,0.4052240565877511,0.11153232247787886,LOW-COMPLEXITY,Low
189,945.0,950.0,0.0,0.0,0.0,100.55303955078125,100.8529556274414,3.153409722222223,0.0,0.0,0.0,0.1,0.0,0.0,0.0,0.4163723525616516,0.00443126688453159,453.6028876188125,0.25796964300739006,0.0,0.24146802398692466,0.0,0.4163723525616516,0.10940554175870576,LOW-COMPLEXITY,Low
190,950.0,955.0,0.0,0.0,0.0,99.00096893310547,100.9101318359375,3.1555555555555546,0.0,0.0,0.0,0.1,0.0,0.0,0.0,0.38347008059890847,0.004826940767973856,465.9481870507936,0.22111069831678765,0.0,0.23065992172191266,0.0,0.38347008059890847,0.09541880161133613,LOW-COMPLEXITY,Low
191,955.0,960.0,0.0,0.0,0.0,98.31108856201172,99.78457946777344,4.610965277777776,0.0,0.0,0.0,0.1,0.0,0.0,0.0,0.39898171122637727,0.006743341911764705,452.23418133206445,0.241094311502859,0.0,0.23533560080389157,0.0,0.39898171122637727,0.10316918822619724,LOW-COMPLEXITY,Low
192,960.0,965.0,0.0,0.0,0.0,127.38351440429688,129.67501525878907,4.944718749999999,0.0,0.0,0.0,0.1,0.0,0.0,0.0,0.48581773840289016,0.007795829384531591,1057.1453258987585,0.34635502900215515,0.0,0.26423557034435585,0.0,0.48581773840289016,0.1442055295208796,LOW-COMPLEXITY,Low
193,965.0,970.0,0.0,0.0,0.0,129.8972930908203,130.49065551757812,4.453503472222223,0.0,0.0,0.0,0.1,0.0,0.0,0.0,0.4291378404137174,0.007445874319172112,935.6000611670042,0.28514886562886915,0.0,0.24786368272464396,0.0,0.4291378404137174,0.12204226166463061,LOW-COMPLEXITY,Low
194,970.0,975.0,0.0,0.0,0.0,98.23062896728516,99.34085388183594,3.7992777777777778,0.0,0.0,0.0,0.1,0.0,0.0,0.0,0.4054661280121298,0.005743565223311547,459.5599079469715,0.24554175508308296,0.0,0.2375489717528297,0.0,0.4054661280121298,0.10454648565199944,LOW-COMPLEXITY,Low
195,975.0,980.0,0.0,0.0,0.0,98.437255859375,99.48304595947266,3.865055555555556,0.0,0.0,0.0,0.1,0.0,0.0,0.0,0.39834564866201827,0.005895212826797385,449.81849047069994,0.23700305805038543,0.0,0.23494884353958867,0.0,0.39834564866201827,0.10114721209854417,LOW-COMPLEXITY,Low
196,980.0,985.0,0.0,0.0,0.0,97.34091186523438,99.92437896728516,4.417458333333332,0.0,0.0,0.0,0.1,0.0,0.0,0.0,0.4131688835266648,0.006921923474945535,450.37078858620197,0.259634223082695,0.0,0.23840394485619962,0.0,0.4131688835266648,0.10996627135935118,LOW-COMPLEXITY,Low
197,985.0,990.0,0.0,0.0,0.0,98.75173950195312,99.43134918212891,3.490135416666667,0.0,0.0,0.0,0.1,0.0,0.0,0.0,0.4112012341107352,0.005174780909586056,458.3736146558487,0.252561839216438,0.0,0.23986781998917375,0.0,0.4112012341107352,0.107434348076746,LOW-COMPLEXITY,Low
198,990.0,995.0,0.0,0.0,0.0,98.05318450927734,99.18795013427734,4.338177083333333,0.0,0.0,0.0,0.1,0.0,0.0,0.0,0.39981821997189626,0.006270759259259261,452.94632965207626,0.23916931576885322,0.0,0.23553871721209996,0.0,0.39981821997189626,0.10206865391568752,LOW-COMPLEXITY,Low
199,995.0,1000.0,0.0,0.0,0.0,98.47943115234375,99.82634887695312,5.010715277777777,0.0,0.0,0.0,0.1,0.0,0.0,0.0,0.4070272210620067,0.007362707788671024,479.3124659199048,0.24892362027427137,0.0,0.23937412563559696,0.0,0.4070272210620067,0.10648594884409293,LOW-COMPLEXITY,Low
200,1000.0,1005.0,0.0,0.0,0.0,99.1841812133789,100.29766540527343,4.481045138888889,0.0,0.0,0.0,0.1,0.0,0.0,0.0,0.4195501011512688,0.006681305419389979,458.89302635500053,0.26523200224642157,0.0,0.24240892704441805,0.0,0.4195501011512688,0.1125716003009399,LOW-COMPLEXITY,Low
201,1005.0,1010.0,0.0,0.0,0.0,98.85545349121094,99.51586608886718,3.9140902777777775,0.0,0.0,0.0,0.1,0.0,0.0,0.0,0.41312213934907305,0.006034918436819171,457.07534018824714,0.2566343600789329,0.0,0.24081577729401463,0.0,0.41312213934907305,0.10932216725510333,LOW-COMPLEXITY,Low
202,1010.0,1015.0,0.0,0.0,0.0,99.852294921875,101.38348236083985,2.610041666666666,0.0,0.0,0.0,0.1,0.0,0.0,0.0,0.3887430266672128,0.0041259704520697155,488.1819571495986,0.22716692716416909,0.0,0.23395705059284172,0.0,0.3887430266672128,0.09828267462277593,LOW-COMPLEXITY,Low
203,1015.0,1020.0,0.0,0.0,0.0,98.0097427368164,100.43736877441407,2.565954861111111,0.0,0.0,0.0,0.1,0.0,0.0,0.0,0.49239294695904723,0.0039046608115468413,445.8755325118211,0.3627481523418672,0.0,0.26402897868193215,0.0,0.49239294695904723,0.15068598196984803,LOW-COMPLEXITY,Low
204,1020.0,1025.0,0.0,0.0,0.0,99.18357849121094,100.0994384765625,3.752927083333334,0.0,0.0,0.0,0.1,0.0,0.0,0.0,0.40048645500921604,0.005705423066448802,482.3657365026994,0.2399317993542267,0.0,0.2378470953197164,0.0,0.40048645500921604,0.1030907692867101,LOW-COMPLEXITY,Low
205,1025.0,1030.0,0.0,0.0,1.0,101.09210968017578,101.80416717529297,2.893506944444445,0.0075,0.0,0.05,0.1,0.0,0.0,0.0,0.4291053824694639,0.004329543845315904,464.2376692915613,0.27669487089342537,0.0,0.2461672388718027,0.0,0.4291053824694639,0.11722962343447764,LOW-COMPLEXITY,Low
206,1030.0,1035.0,0.0,0.0,0.0,96.97190856933594,101.28219451904297,4.29148263888889,0.0,0.0,0.0,0.1,0.0,0.0,0.0,0.4207265159954069,0.006524354575163399,448.113567088841,0.2761441450048753,0.0,0.24005947812198072,0.0,0.4207265159954069,0.11691126084627915,LOW-COMPLEXITY,Low
207,1035.0,1040.0,0.0,0.0,0.0,98.98656463623047,99.77293395996094,5.2802638888888875,0.0,0.0,0.0,0.1,0.0,0.0,0.0,0.42531830863431425,0.008367010348583878,444.07407976014315,0.27318457360120063,0.0,0.24404655564085964,0.0,0.42531830863431425,0.11567900411632262,LOW-COMPLEXITY,Low
208,1040.0,1045.0,0.0,0.0,0.0,96.41895294189453,101.08839721679688,6.260552083333332,0.0,0.0,0.0,0.1,0.0,0.0,0.0,0.4306249917792003,0.00966395138888889,461.9774110816602,0.29028578685270395,0.0,0.24385173044946362,0.0,0.4306249917792003,0.12283475113886419,LOW-COMPLEXITY,Low
209,1045.0,1050.0,0.0,0.0,0.0,96.76707458496094,99.07166290283203,5.69303125,0.0,0.0,0.0,0.1,0.0,0.0,0.0,0.3882993743275904,0.008678539351851852,427.9843517004155,0.2281325042343515,0.0,0.22965182614340132,0.0,0.3882993743275904,0.09736954768546861,LOW-COMPLEXITY,Low
210,1050.0,1055.0,0.0,0.0,0.0,97.93382263183594,99.87695922851563,5.056930555555556,0.0,0.0,0.0,0.1,0.0,0.0,0.0,0.40297272494306546,0.007900729030501088,442.0300312095089,0.2478017960358668,0.0,0.2360249029692875,0.0,0.40297272494306546,0.10576643282141765,LOW-COMPLEXITY,Low
211,1055.0,1060.0,0.0,0.0,0.0,99.97052764892578,100.69434356689453,3.1845763888888894,0.0,0.0,0.0,0.1,0.0,0.0,0.0,0.4161029088917036,0.004553602260348585,453.5631433811973,0.2582959164722371,0.0,0.24091724797540492,0.0,0.4161029088917036,0.10944326780458437,LOW-COMPLEXITY,Low
212,1060.0,1065.0,0.0,0.0,1.0,100.91544342041016,103.18675994873047,3.4007187499999993,0.0075,0.0,0.05,0.2,0.0,0.0,0.027999999972000006,0.3819785810472129,0.005317940223311546,491.4518032854374,0.2201840197943902,0.012179999987820003,0.23713952309228278,0.008399999991600002,0.3819785810472129,0.10179619771349085,LOW-COMPLEXITY,Low
213,1065.0,1070.0,0.0,0.0,0.0,102.35484313964844,103.1953857421875,4.171767361111111,0.0,0.0,0.0,0.1,0.0,0.0,0.0,0.4117072238532126,0.006635582924836601,498.84193397471245,0.2570198126936452,0.0,0.24304541135327373,0.0,0.4117072238532126,0.11064899435716524,LOW-COMPLEXITY,Low
214,1070.0,1075.0,0.0,0.0,0.0,99.57063293457031,100.18011474609375,3.8525520833333333,0.0,0.0,0.0,0.1,0.0,0.0,0.0,0.4437851566010151,0.005789889433551198,454.0584247630323,0.2936111630940769,0.0,0.24998846507844957,0.0,0.4437851566010151,0.12335525517424203,LOW-COMPLEXITY,Low
215,1075.0,1080.0,0.0,0.0,1.0,100.65225982666016,101.24762573242188,3.9943020833333334,0.0075,0.0,0.05,0.2,0.0,0.0,0.027999999972000006,0.4173414229298774,0.006284667075163398,445.22008225164393,0.2607083662438873,0.012179999987820003,0.2468453237790866,0.008399999991600002,0.4173414229298774,0.1166146907079546,LOW-COMPLEXITY,Low
216,1080.0,1085.0,0.0,0.0,0.0,100.25048065185547,102.58010559082031,5.114159722222222,0.0,0.0,0.0,0.1,0.0,0.0,0.0,0.39322543841601865,0.007843124183006535,466.66632301452563,0.2335513212537234,0.0,0.2334125029642338,0.0,0.39322543841601865,0.10016367706033888,LOW-COMPLEXITY,Low
217,1085.0,1090.0,0.0,0.0,0.0,100.91954803466797,101.6426513671875,3.4563680555555556,0.0,0.0,0.0,0.1,0.0,0.0,0.0,0.4167834807774087,0.004532225217864924,439.32770656644243,0.2607476317139946,0.0,0.2406975881618353,0.0,0.4167834807774087,0.1104221015192875,LOW-COMPLEXITY,Low
218,1090.0,1095.0,0.0,0.0,0.0,99.98634338378906,100.89659576416015,4.773902777777779,0.0,0.0,0.0,0.1,0.0,0.0,0.0,0.420344956869191,0.007099471132897603,457.6146672867188,0.26525075218533023,0.0,0.2427268518808829,0.0,0.420344956869191,0.11249353503367637,LOW-COMPLEXITY,Low
219,1095.0,1100.0,0.0,0.0,0.0,100.94740295410156,101.58910369873047,4.373767361111111,0.0,0.0,0.0,0.1,0.0,0.0,0.0,0.4122109741398975,0.006494766612200436,473.84306826542905,0.25696452622955934,0.0,0.2418648821058701,0.0,0.4122109741398975,0.1100822283168598,LOW-COMPLEXITY,Low
220,1100.0,1105.0,0.0,0.0,0.0,99.70421600341797,101.03784942626953,3.4894375000000006,0.0,0.0,0.0,0.1,0.0,0.0,0.0,0.4089034483664574,0.005030749727668847,450.3153044926762,0.2522565595729448,0.0,0.23834979306118756,0.0,0.4089034483664574,0.10732484526627369,LOW-COMPLEXITY,Low
221,1105.0,1110.0,0.0,0.0,0.0,100.00741577148438,101.25728149414063,3.364520833333333,0.0,0.0,0.0,0.1,0.0,0.0,0.0,0.3925220722829835,0.004975358115468409,452.40656596920445,0.23186560470007142,0.0,0.23346984804013435,0.0,0.3925220722829835,0.09951673109333685,LOW-COMPLEXITY,Low
222,1110.0,1115.0,0.0,0.0,0.0,100.31500244140625,100.9814453125,2.905690972222222,0.0,0.0,0.0,0.1,0.0,0.0,0.0,0.40343622741813434,0.00440212962962963,460.8062231448971,0.24171617146247856,0.0,0.23732260232032923,0.0,0.40343622741813434,0.10306193968882092,LOW-COMPLEXITY,Low
223,1115.0,1120.0,0.0,0.0,0.0,100.59053039550781,100.91825866699219,3.2057430555555557,0.0,0.0,0.0,0.1,0.0,0.0,0.0,0.43263857246856796,0.004640163671023966,455.38145057113707,0.2808343472865653,0.0,0.2471955094301667,0.0,0.43263857246856796,0.11877595882669902,LOW-COMPLEXITY,Low
224,1120.0,1125.0,0.0,0.0,0.0,99.65382385253906,102.13440551757813,4.823236111111112,0.0,0.0,0.0,0.1,0.0,0.0,0.0,0.4280345606988454,0.007162382352941176,463.973158334706,0.2815106509450247,0.0,0.24501088932198584,0.0,0.4280345606988454,0.11950049656049605,LOW-COMPLEXITY,Low
225,1125.0,1130.0,0.0,0.0,0.0,100.44670867919922,102.13149871826172,4.87296875,0.0,0.0,0.0,0.1,0.0,0.0,0.0,0.3936553736141898,0.007178620370370369,476.17429642954335,0.23399240693781378,0.0,0.23494734681437318,0.0,0.3936553736141898,0.10081393145039007,LOW-COMPLEXITY,Low
226,1130.0,1135.0,0.0,0.0,0.0,101.5299072265625,102.62210083007812,3.7898263888888892,0.0,0.0,0.0,0.1,0.0,0.0,0.0,0.39798664437383446,0.005614631672113289,476.215423803676,0.23599723970275793,0.0,0.23627155856080156,0.0,0.39798664437383446,0.10119700425420089,LOW-COMPLEXITY,Low
227,1135.0,1140.0,0.0,0.0,0.0,99.72640228271484,101.47849884033204,5.777086805555554,0.0,0.0,0.0,0.1,0.0,0.0,0.0,0.39466193434911817,0.008916322848583878,468.880778612537,0.23405336214274178,0.0,0.23453131543901512,0.0,0.39466193434911817,0.10044715788774664,LOW-COMPLEXITY,Low
228,1140.0,1145.0,0.0,0.0,0.0,100.2444839477539,101.87123565673828,3.6487812499999994,0.0,0.0,0.0,0.1,0.0,0.0,0.0,0.42505330160829885,0.005400545070806101,485.8500696331581,0.27336244834048906,0.0,0.2453450752638793,0.0,0.42505330160829885,0.11628867511052755,LOW-COMPLEXITY,Low
229,1145.0,1150.0,0.0,0.0,0.0,101.01988983154297,101.70243072509766,3.068815972222222,0.0,0.0,0.0,0.1,0.0,0.0,0.0,0.40408625950363836,0.004492066721132898,462.7004553614912,0.24591066630976924,0.0,0.23833977358220612,0.0,0.40408625950363836,0.10535268903274717,LOW-COMPLEXITY,Low
230,1150.0,1155.0,0.0,0.0,0.0,99.7073974609375,101.37223968505859,3.211243055555556,0.0,0.0,0.0,0.1,0.0,0.0,0.0,0.3926160860842049,0.005131879221132898,481.6661952170769,0.23138191395386373,0.0,0.2344698797344497,0.0,0.3926160860842049,0.09960139336293802,LOW-COMPLEXITY,Low
231,1155.0,1160.0,0.0,0.0,0.0,101.06249237060547,103.18577880859375,3.3488159722222224,0.0,0.0,0.0,0.1,0.0,0.0,0.0,0.44113888343042096,0.005170976171023965,512.5674026990318,0.29859594845396276,0.0,0.25197752020422803,0.0,0.44113888343042096,0.12720538544085594,LOW-COMPLEXITY,Low
232,1160.0,1165.0,0.0,0.0,0.0,101.58647918701172,102.81354217529297,4.199993055555556,0.0,0.0,0.0,0.1,0.0,0.0,0.0,0.4711702586163193,0.006825444852941177,509.5867375270452,0.3234244122684483,0.0,0.2593840814493501,0.0,0.4711702586163193,0.13470406998741688,LOW-COMPLEXITY,Low
233,1165.0,1170.0,0.0,0.0,0.0,131.04428100585938,132.1732208251953,4.8236180555555555,0.0,0.0,0.0,0.1,0.0,0.0,0.0,0.40046022156872846,0.007268545751633986,1194.6563533978394,0.239795456444744,0.0,0.23901125078343893,0.0,0.40046022156872846,0.1034366106043935,LOW-COMPLEXITY,Low
234,1170.0,1175.0,0.0,0.0,0.0,128.3310089111328,131.87700805664062,4.89303125,0.0,0.0,0.0,0.1,0.0,0.0,0.0,0.41464620719718587,0.00828193654684096,852.4789560772468,0.2709800548388378,0.0,0.24157581332635605,0.0,0.41464620719718587,0.11638001028434705,LOW-COMPLEXITY,Low
235,1175.0,1180.0,0.0,0.0,0.0,99.2184829711914,100.573095703125,3.7826736111111114,0.0,0.0,0.0,0.1,0.0,0.0,0.0,0.40331365524181373,0.005756297385620915,453.8442035841934,0.24519973331592962,0.0,0.23682108524813922,0.0,0.40331365524181373,0.10465883268436012,LOW-COMPLEXITY,Low
236,1180.0,1185.0,0.0,0.0,0.0,99.85247039794922,101.96923828125,4.791996527777778,0.0,0.0,0.0,0.1,0.0,0.0,0.0,0.40969848010761434,0.007283759123093682,457.4681748499641,0.2552587968419583,0.0,0.23859573248306257,0.0,0.40969848010761434,0.10871328476314746,LOW-COMPLEXITY,Low
237,1185.0,1190.0,0.0,0.0,0.0,102.63987731933594,104.02145690917969,3.0287118055555555,0.0,0.0,0.0,0.1,0.0,0.0,0.0,0.3981061605095761,0.004543214869281046,509.9120985403824,0.2398838095495718,0.0,0.2380398607531429,0.0,0.3981061605095761,0.1037293159109919,LOW-COMPLEXITY,Low
238,1190.0,1195.0,0.0,0.0,0.0,99.52965545654297,100.91029815673828,4.570614583333334,0.0,0.0,0.0,0.1,0.0,0.0,0.0,0.4059548852309107,0.006490017973856208,458.1166268201852,0.24642923712085674,0.0,0.23739331145049714,0.0,0.4059548852309107,0.10481355626037468,LOW-COMPLEXITY,Low
239,1195.0,1200.0,0.0,0.0,0.0,99.95169067382812,100.88731689453125,3.715913194444444,0.0,0.0,0.0,0.1,0.0,0.0,0.0,0.42273561856985653,0.005250313180827885,436.62348624991444,0.26929172022997316,0.0,0.24235014628992546,0.0,0.42273561856985653,0.11378450667399637,LOW-COMPLEXITY,Low
240,1200.0,1205.0,0.0,0.0,0.0,100.27611541748047,101.08121185302734,1.9363923611111113,0.0,0.0,0.0,0.1,0.0,0.0,0.0,0.411148064540822,0.002910829793028322,467.61845251539705,0.25359462054584386,0.0,0.24044130477705528,0.0,0.411148064540822,0.10816475080968578,LOW-COMPLEXITY,Low
241,1205.0,1210.0,0.0,0.0,0.0,100.66572570800781,101.62084197998047,2.233902777777777,0.0,0.0,0.0,0.1,0.0,0.0,0.0,0.4141005914081163,0.00325667878540305,489.59708994437636,0.2559264227452188,0.0,0.24206208181124017,0.0,0.4141005914081163,0.10915979215451438,LOW-COMPLEXITY,Low
242,1210.0,1215.0,0.0,0.0,0.0,100.04935455322266,101.14552154541016,3.703354166666667,0.0,0.0,0.0,0.1,0.0,0.0,0.0,0.41012565836180803,0.0053913941993464064,473.7820446853576,0.254574119538962,0.0,0.24056914136301583,0.0,0.41012565836180803,0.10895484465608452,LOW-COMPLEXITY,Low
243,1215.0,1220.0,0.0,0.0,0.0,99.54715728759766,100.62631072998047,3.6961736111111105,0.0,0.0,0.0,0.1,0.0,0.0,0.0,0.4001724428264036,0.005339951661220043,440.1551690748747,0.24175626758331709,0.0,0.2353894689813685,0.0,0.4001724428264036,0.10322133722853662,LOW-COMPLEXITY,Low
244,1220.0,1225.0,0.0,0.0,0.0,99.69374084472656,100.496044921875,3.7899479166666663,0.0,0.0,0.0,0.1,0.0,0.0,0.0,0.4216718541926124,0.005492878676470589,451.31421864714554,0.26798399492463043,0.0,0.24305553883408457,0.0,0.4216718541926124,0.11364347250609172,LOW-COMPLEXITY,Low
245,1225.0,1230.0,0.0,0.0,0.0,100.29889678955078,101.20338439941406,3.4619444444444447,0.0,0.0,0.0,0.1,0.0,0.0,0.0,0.40807986874573865,0.004973190767973856,465.6497646875141,0.2510262611645897,0.0,0.23950440750363292,0.0,0.40807986874573865,0.1073197060221317,LOW-COMPLEXITY,Low
246,1230.0,1235.0,0.0,0.0,0.0,100.0067367553711,100.76771240234375,2.3848090277777785,0.0,0.0,0.0,0.1,0.0,0.0,0.0,0.39819685815056394,0.0034594211601307193,463.9187908843753,0.23786243639346666,0.0,0.23636322987441533,0.0,0.39819685815056394,0.10210913411513772,LOW-COMPLEXITY,Low
247,1235.0,1240.0,0.0,0.0,0.0,100.86377716064453,101.75979461669922,3.202861111111111,0.0,0.0,0.0,0.1,0.0,0.0,0.0,0.3988328050629362,0.004560423474945534,473.90851191898287,0.23933695531366203,0.0,0.23710168562412878,0.0,0.3988328050629362,0.10294586635954203,LOW-COMPLEXITY,Low
248,1240.0,1245.0,0.0,0.0,0.0,100.47308349609375,101.6884780883789,3.1870034722222225,0.0,0.0,0.0,0.1,0.0,0.0,0.0,0.39891135937947253,0.0046473624727668824,470.1360006598543,0.23736472243927248,0.0,0.23598890894488692,0.0,0.39891135937947253,0.10155063950547852,LOW-COMPLEXITY,Low
249,1245.0,1250.0,0.0,0.0,0.0,101.58720397949219,102.46673126220703,3.020413194444445,0.0,0.0,0.0,0.1,0.0,0.0,0.0,0.4079550207400254,0.004281029956427014,500.04613972859244,0.24909612222338845,0.0,0.24122488951609428,0.0,0.4079550207400254,0.10698801725732088,LOW-COMPLEXITY,Low
250,1250.0,1255.0,0.0,0.0,0.0,100.5399398803711,101.30594024658203,2.947239583333333,0.0,0.0,0.0,0.1,0.0,0.0,0.0,0.3848204899312373,0.0043565932734204805,466.96325627223484,0.2199175699781497,0.0,0.2320725811893083,0.0,0.3848204899312373,0.09497906592252342,LOW-COMPLEXITY,Low
251,1255.0,1260.0,0.0,0.0,0.0,100.06006622314453,101.28891296386719,2.190638888888889,0.0,0.0,0.0,0.1,0.0,0.0,0.0,0.42419527341128516,0.0032446672113289757,480.21212295347914,0.27210966685617455,0.0,0.24520437004623272,0.0,0.42419527341128516,0.11582754459144744,LOW-COMPLEXITY,Low
252,1260.0,1265.0,0.0,0.0,0.0,98.85865020751953,101.0586441040039,5.1554166666666665,0.0,0.0,0.0,0.1,0.0,0.0,0.0,0.3869616140599321,0.008022261165577343,445.0058267619886,0.22633251240075464,0.0,0.2304028366311391,0.0,0.3869616140599321,0.09706684550629298,LOW-COMPLEXITY,Low
253,1265.0,1270.0,0.0,0.0,0.0,98.73052215576172,99.68871765136718,4.0345104166666665,0.0,0.0,0.0,0.1,0.0,0.0,0.0,0.4102850598317059,0.00618952056100218,460.09483719758913,0.2521746760903366,0.0,0.23946532205549417,0.0,0.4102850598317059,0.1073289358066648,LOW-COMPLEXITY,Low
254,1270.0,1275.0,0.0,0.0,0.0,97.57027435302734,99.2541488647461,4.7290277777777785,0.0,0.0,0.0,0.1,0.0,0.0,0.0,0.4137256683647424,0.00704840822440087,435.3448255598382,0.25816925721896644,0.0,0.23846231892623407,0.0,0.4137256683647424,0.10911502314247953,LOW-COMPLEXITY,Low
255,1275.0,1280.0,0.0,0.0,0.0,99.32844543457031,100.51142883300781,4.4288125,0.0,0.0,0.0,0.1,0.0,0.0,0.0,0.4116166511912386,0.006446434232026144,427.18709750651476,0.2559399539716118,0.0,0.23800767445741794,0.0,0.4116166511912386,0.10836850024809253,LOW-COMPLEXITY,Low
256,1280.0,1285.0,0.0,0.0,0.0,98.97454071044922,100.13810882568359,3.8233125,0.0,0.0,0.0,0.1,0.0,0.0,0.0,0.407234934779411,0.005913222766884532,462.0930696372596,0.251399252784395,0.0,0.23895140056897207,0.0,0.407234934779411,0.10752388289648497,LOW-COMPLEXITY,Low
257,1285.0,1290.0,0.0,0.0,0.0,97.9578628540039,99.38839111328124,3.8555277777777777,0.0,0.0,0.0,0.1,0.0,0.0,0.0,0.38603368839796626,0.00561413208061002,432.5467790081297,0.22364778017477407,0.0,0.22991798426909885,0.0,0.38603368839796626,0.09578676248208007,LOW-COMPLEXITY,Low
258,1290.0,1295.0,0.0,0.0,0.0,97.31363677978516,98.54097290039063,3.3531597222222222,0.0,0.0,0.0,0.1,0.0,0.0,0.0,0.4136531168920745,0.005120501770152506,444.54872070867907,0.2580075222460366,0.0,0.23957432553922975,0.0,0.4136531168920745,0.10944149583873009,LOW-COMPLEXITY,Low
259,1295.0,1300.0,0.0,0.0,0.0,98.46952819824219,99.21052398681641,3.3635277777777772,0.0,0.0,0.0,0.1,0.0,0.0,0.0,0.39736022027272566,0.004937784177559913,451.66388777873254,0.2363506560615594,0.0,0.2352450262259313,0.0,0.39736022027272566,0.10117103214167422,LOW-COMPLEXITY,Low
260,1300.0,1305.0,0.0,0.0,0.0,98.29723358154297,100.09858856201171,3.749322916666667,0.0,0.0,0.0,0.1,0.0,0.0,0.0,0.40079682081184126,0.005489358660130719,466.82682393924784,0.24445550104152983,0.0,0.23680537711952707,0.0,0.40079682081184126,0.10491042730963906,LOW-COMPLEXITY,Low
261,1305.0,1310.0,0.0,0.0,0.0,100.03646850585938,100.56224517822265,4.535913194444445,0.0,0.0,0.0,0.1,0.0,0.0,0.0,0.4456292752247898,0.006769124863834423,467.98788077044304,0.2965109116744171,0.0,0.25165735767090847,0.0,0.4456292752247898,0.12492821221582907,LOW-COMPLEXITY,Low
262,1310.0,1315.0,0.0,0.0,0.0,98.52862548828125,100.82307586669921,4.775850694444445,0.0,0.0,0.0,0.1,0.0,0.0,0.0,0.3865271389125521,0.007221105255991286,454.68781651510034,0.22597003810224034,0.0,0.23061687793698488,0.0,0.3865271389125521,0.09706914160092685,LOW-COMPLEXITY,Low
263,1315.0,1320.0,0.0,0.0,0.0,98.56024932861328,99.71363677978516,3.1103125,0.0,0.0,0.0,0.1,0.0,0.0,0.0,0.43021954393950124,0.004527935866013074,445.84850092911586,0.27432400664752843,0.0,0.24381872567807708,0.0,0.43021954393950124,0.1149436713262159,LOW-COMPLEXITY,Low
264,1320.0,1325.0,0.0,0.0,0.0,98.75682830810547,99.6472152709961,2.0354895833333337,0.0,0.0,0.0,0.1,0.0,0.0,0.0,0.44835922182026405,0.0029958568899782143,458.53093450544867,0.29908571323223776,0.0,0.25110287669414455,0.0,0.44835922182026405,0.12533905800400347,LOW-COMPLEXITY,Low
265,1325.0,1330.0,0.0,0.0,0.0,97.86116790771484,100.18447418212891,2.7403611111111106,0.0,0.0,0.0,0.1,0.0,0.0,0.0,0.3882405228216199,0.0041813683278867095,450.53613901360694,0.22857403649207955,0.0,0.23104164964719212,0.0,0.3882405228216199,0.09809146491715204,LOW-COMPLEXITY,Low
266,1330.0,1335.0,0.0,0.0,0.0,97.00660705566406,98.06063842773438,3.759979166666667,0.0,0.0,0.0,0.1,0.0,0.0,0.0,0.3939042771511089,0.00556342878540305,435.9623742515988,0.2322117155249212,0.0,0.23291862040720585,0.0,0.3939042771511089,0.09915130561720542,LOW-COMPLEXITY,Low
267,1335.0,1340.0,0.0,0.0,0.0,99.11853790283203,102.57010803222656,4.002402777777778,0.0,0.0,0.0,0.1,0.0,0.0,0.0,0.41410870671380207,0.006226270969498912,471.07661518098143,0.26651557065219095,0.0,0.24043873078940914,0.0,0.41410870671380207,0.11388416442393814,LOW-COMPLEXITY,Low
268,1340.0,1345.0,0.0,0.0,0.0,97.49649810791016,100.21250915527344,4.22907638888889,0.0,0.0,0.0,0.1,0.0,0.0,0.0,0.39004412350716594,0.006214211737472768,445.94291053924,0.2325091441030453,0.0,0.2312494818295434,0.0,0.39004412350716594,0.09968085981507135,LOW-COMPLEXITY,Low
269,1345.0,1350.0,0.0,0.0,0.0,100.0168228149414,100.40943298339843,3.379204861111111,0.0,0.0,0.0,0.1,0.0,0.0,0.0,0.38752110733958195,0.004635910675381263,467.759482392798,0.22235530183421134,0.0,0.2332948971227962,0.0,0.38752110733958195,0.09595058807518884,LOW-COMPLEXITY,Low
270,1350.0,1355.0,0.0,0.0,0.0,99.90928649902344,100.86200256347657,4.20232986111111,0.0,0.0,0.0,0.1,0.0,0.0,0.0,0.4074359024311518,0.006145945533769063,451.65548976813915,0.25082481769225895,0.0,0.2385410468918332,0.0,0.4074359024311518,0.10704279965048312,LOW-COMPLEXITY,Low
271,1355.0,1360.0,0.0,0.0,0.0,99.69339752197266,100.6237075805664,4.454121527777778,0.0,0.0,0.0,0.1,0.0,0.0,0.0,0.4033352944493545,0.006626585239651417,448.87698938827526,0.2456237401047478,0.0,0.23712532681941623,0.0,0.4033352944493545,0.10497191082683095,LOW-COMPLEXITY,Low
272,1360.0,1365.0,0.0,0.0,0.0,98.30977630615234,99.03585662841797,2.561458333333333,0.0,0.0,0.0,0.1,0.0,0.0,0.0,0.3947959910417817,0.0037272197712418307,451.68139529575933,0.2319368866733601,0.0,0.23415673815933083,0.0,0.3947959910417817,0.09922430393200041,LOW-COMPLEXITY,Low
273,1365.0,1370.0,0.0,0.0,0.0,98.31918334960938,99.25235137939453,3.0539444444444444,0.0,0.0,0.0,0.1,0.0,0.0,0.0,0.4226128584815225,0.004421265250544662,446.56529398993155,0.2694068324325684,0.0,0.24298730058968668,0.0,0.4226128584815225,0.1140957568022939,LOW-COMPLEXITY,Low
274,1370.0,1375.0,0.0,0.0,0.0,97.21247863769531,98.60424194335937,3.8466215277777773,0.0,0.0,0.0,0.1,0.0,0.0,0.0,0.38614845552970295,0.005740211192810458,429.5396190142927,0.22324012841026242,0.0,0.2297609676458527,0.0,0.38614845552970295,0.0954992889987539,LOW-COMPLEXITY,Low
275,1375.0,1380.0,0.0,0.0,0.0,99.11284637451172,99.9197998046875,4.412270833333333,0.0,0.0,0.0,0.1,0.0,0.0,0.0,0.4008155080136561,0.006581085103485838,448.41763926344726,0.2404269657368728,0.0,0.2360773599841956,0.0,0.4008155080136561,0.10263668185949083,LOW-COMPLEXITY,Low
276,1380.0,1385.0,0.0,0.0,0.0,98.81103515625,99.62101440429687,3.8119826388888893,0.0,0.0,0.0,0.1,0.0,0.0,0.0,0.4150825837004271,0.005595492238562092,440.21778244068935,0.2589292544374774,0.0,0.24018283738458832,0.0,0.4150825837004271,0.10975797437823782,LOW-COMPLEXITY,Low
277,1385.0,1390.0,0.0,0.0,0.0,99.02732849121094,100.44261627197265,5.236583333333333,0.0,0.0,0.0,0.1,0.0,0.0,0.0,0.39778270377794983,0.00781489855664488,440.72266157217564,0.23687858031716522,0.0,0.23394497435290906,0.0,0.39778270377794983,0.10087435523761332,LOW-COMPLEXITY,Low
278,1390.0,1395.0,0.0,0.0,0.0,98.46562957763672,99.5917984008789,4.405826388888889,0.0,0.0,0.0,0.1,0.0,0.0,0.0,0.39157394052935834,0.006315697712418302,441.7662202612589,0.2298030871670217,0.0,0.2325699862482256,0.0,0.39157394052935834,0.09840755363805022,LOW-COMPLEXITY,Low
279,1395.0,1400.0,0.0,0.0,0.0,99.32775115966797,100.06280670166015,3.013572916666667,0.0,0.0,0.0,0.1,0.0,0.0,0.0,0.405720713566078,0.004498927423747277,459.88222244606106,0.2458492814729989,0.0,0.2381693042701384,0.0,0.405720713566078,0.10485371883952839,LOW-COMPLEXITY,Low
280,1400.0,1405.0,0.0,0.0,0.0,97.32156372070312,99.78291168212891,4.890500000000001,0.0,0.0,0.0,0.1,0.0,0.0,0.0,0.38522374598222786,0.0072819783496732024,438.5495403190961,0.2246720482293254,0.0,0.2291775697431705,0.0,0.38522374598222786,0.0962422370292154,LOW-COMPLEXITY,Low
281,1405.0,1410.0,0.0,0.0,0.0,99.50194549560547,100.14359130859376,3.037298611111111,0.0,0.0,0.0,0.1,0.0,0.0,0.0,0.42636203436716286,0.004319480800653594,445.4931777400318,0.27321757656456835,0.0,0.2442408049036729,0.0,0.42636203436716286,0.11550256140677898,LOW-COMPLEXITY,Low
282,1410.0,1415.0,0.0,0.0,0.0,100.16923522949219,100.89659271240234,2.714440972222222,0.0,0.0,0.0,0.1,0.0,0.0,0.0,0.4186866161635625,0.003981179057734205,463.1344414307786,0.2626606462922358,0.0,0.24251587839199856,0.0,0.4186866161635625,0.11153922654242676,LOW-COMPLEXITY,Low
283,1415.0,1420.0,0.0,0.0,0.0,99.99866485595703,101.29321594238282,2.10175,0.0,0.0,0.0,0.1,0.0,0.0,0.0,0.40609198165400545,0.003018782543572985,482.33053627526067,0.2500150928119652,0.0,0.23969827427099397,0.0,0.40609198165400545,0.10737894698732914,LOW-COMPLEXITY,Low
284,1420.0,1425.0,0.0,0.0,0.0,100.05473327636719,100.43461761474609,2.5134409722222215,0.0,0.0,0.0,0.1,0.0,0.0,0.0,0.4094965156413122,0.0035748751361655774,473.43627075575057,0.2509837762085459,0.0,0.24075528990536618,0.0,0.4094965156413122,0.10738211066082305,LOW-COMPLEXITY,Low
285,1425.0,1430.0,0.0,0.0,1.0,99.42095947265625,100.22894439697265,3.0112395833333334,0.0075,0.0,0.05,0.1,0.0,0.0,0.0,0.40678146408667226,0.004525688316993466,462.5016500868911,0.24941065216287278,0.0,0.23902422942068327,0.0,0.40678146408667226,0.10666844035700747,LOW-COMPLEXITY,Low
286,1430.0,1435.0,0.0,0.0,0.0,99.48577880859375,100.85322418212891,4.44942013888889,0.0,0.0,0.0,0.1,0.0,0.0,0.0,0.3990020120691112,0.006813265659041395,470.2631073214396,0.2401269768651927,0.0,0.23644601326291312,0.0,0.3990020120691112,0.10306909005733814,LOW-COMPLEXITY,Low
287,1435.0,1440.0,0.0,0.0,0.0,99.23696899414062,100.68951721191407,4.460690972222221,0.0,0.0,0.0,0.1,0.0,0.0,0.0,0.41536695723059497,0.006702672249455338,477.32487384156724,0.2615915543519684,0.0,0.24227758439196506,0.0,0.41536695723059497,0.11175119240552323,LOW-COMPLEXITY,Low
288,1440.0,1445.0,0.0,0.0,0.0,99.13982391357422,100.85130615234375,5.1356006944444434,0.0,0.0,0.0,0.1,0.0,0.0,0.0,0.3916903509135632,0.007963020561002178,463.17672045523295,0.2304872314090136,0.0,0.2332815440505711,0.0,0.3916903509135632,0.09896956839381588,LOW-COMPLEXITY,Low
289,1445.0,1450.0,0.0,0.0,0.0,99.97692108154297,100.82705078125,4.498732638888889,0.0,0.0,0.0,0.1,0.0,0.0,0.0,0.4215414264047219,0.006491075299564269,466.59620323117576,0.26645025462389094,0.0,0.24365641808328964,0.0,0.4215414264047219,0.11311951703991635,LOW-COMPLEXITY,Low
290,1450.0,1455.0,0.0,0.0,0.0,100.01651763916016,100.377587890625,2.996145833333333,0.0,0.0,0.0,0.1,0.0,0.0,0.0,0.4472331745922948,0.00474244975490196,468.24225405448374,0.2983287993296251,0.0,0.2523040211968994,0.0,0.4472331745922948,0.1256625134356536,LOW-COMPLEXITY,Low
291,1455.0,1460.0,0.0,0.0,0.0,99.67435455322266,99.88243560791015,1.4765798611111114,0.0,0.0,0.0,0.1,0.0,0.0,0.0,0.44139836526487247,0.002394020424836602,453.73629762979317,0.2876181108878648,0.0,0.24893122276352528,0.0,0.44139836526487247,0.12058539209494812,LOW-COMPLEXITY,Low
292,1460.0,1465.0,0.0,0.0,0.0,99.6494369506836,100.13870239257812,3.5526076388888885,0.0,0.0,0.0,0.1,0.0,0.0,0.0,0.4251596860808817,0.00495384531590414,446.4795889515651,0.2700791124004742,0.0,0.24378793808967814,0.0,0.4251596860808817,0.11407541301140403,LOW-COMPLEXITY,Low
293,1465.0,1470.0,0.0,0.0,0.0,100.41268157958984,101.49278717041015,3.363777777777778,0.0,0.0,0.0,0.1,0.0,0.0,0.0,0.40362071220610823,0.0048550125272331145,462.8374126525037,0.2464884341228859,0.0,0.23780073905127735,0.0,0.40362071220610823,0.10556929767786297,LOW-COMPLEXITY,Low
294,1470.0,1475.0,0.0,0.0,0.0,99.26820373535156,101.14390716552734,3.775253472222222,0.0,0.0,0.0,0.1,0.0,0.0,0.0,0.3868100601752411,0.005564031590413943,467.7586636284213,0.22550702823741114,0.0,0.23192516646096267,0.0,0.3868100601752411,0.09722480733623222,LOW-COMPLEXITY,Low
295,1475.0,1480.0,0.0,0.0,0.0,97.36802673339844,100.97058868408203,3.9891840277777777,0.0,0.0,0.0,0.1,0.0,0.0,0.0,0.4030537455087126,0.005854974537037037,450.9081822765167,0.2523912706735303,0.0,0.23537770519559809,0.0,0.4030537455087126,0.10781439577804633,LOW-COMPLEXITY,Low
296,1480.0,1485.0,0.0,0.0,1.0,100.43958282470703,101.32109375,3.4966874999999997,0.0075,0.0,0.05,0.1,0.0,0.0,0.0,0.4063021978267759,0.005273948665577342,453.20634516026405,0.24877814271617457,0.0,0.23818244514233405,0.0,0.4063021978267759,0.10617737770121022,LOW-COMPLEXITY,Low
297,1485.0,1490.0,0.0,0.0,0.0,100.8279037475586,101.84886627197265,3.2537187499999995,0.0,0.0,0.0,0.1,0.0,0.0,0.0,0.40111070196705,0.004938336465141612,438.05730033812563,0.2413570858690495,0.0,0.2353005541944799,0.0,0.40111070196705,0.10275606141083021,LOW-COMPLEXITY,Low
298,1490.0,1495.0,0.0,0.0,0.0,101.01160430908203,101.62349090576171,3.2170972222222227,0.0,0.0,0.0,0.1,0.0,0.0,0.0,0.40018865252082575,0.0045831334422657966,456.7059877948958,0.24033079395489523,0.0,0.23675493599792666,0.0,0.40018865252082575,0.1029824614465155,LOW-COMPLEXITY,Low
299,1495.0,1500.0,0.0,0.0,0.0,101.1628646850586,101.58861694335937,2.9654791666666664,0.0,0.0,0.0,0.1,0.0,0.0,0.0,0.4128736324339456,0.004259569716775599,476.32569283374545,0.2554191194987541,0.0,0.24200741536745002,0.0,0.4128736324339456,0.10919374701949817,LOW-COMPLEXITY,Low
300,1500.0,1505.0,0.0,0.0,0.0,100.02789306640625,100.94434051513672,3.3849409722222217,0.0,0.0,0.0,0.1,0.0,0.0,0.0,0.44628833351249014,0.0050893214869281046,447.22530054078646,0.2958850855349211,0.0,0.24971604525978236,0.0,0.44628833351249014,0.1237710752302618,LOW-COMPLEXITY,Low
301,1505.0,1510.0,0.0,0.0,0.0,99.0111083984375,99.96436462402343,3.305149305555555,0.0,0.0,0.0,0.1,0.0,0.0,0.0,0.4359902816645257,0.004840445806100219,447.80180238968956,0.28274807132273966,0.0,0.24640276084474083,0.0,0.4359902816645257,0.11861743154089771,LOW-COMPLEXITY,Low
302,1510.0,1515.0,0.0,0.0,0.0,97.14603424072266,100.04421844482422,5.515784722222223,0.0,0.0,0.0,0.1,0.0,0.0,0.0,0.3845977196064496,0.008092492102396513,415.4545936520503,0.2254736368102454,0.0,0.2273838550009829,0.0,0.3845977196064496,0.0961717377538543,LOW-COMPLEXITY,Low
303,1515.0,1520.0,0.0,0.0,0.0,99.71956634521484,101.3205337524414,4.029326388888889,0.0,0.0,0.0,0.1,0.0,0.0,0.0,0.3953065830768204,0.006239750272331155,448.87356134573537,0.23679234950433728,0.0,0.23390315870050993,0.0,0.3953065830768204,0.10143563452814201,LOW-COMPLEXITY,Low
304,1520.0,1525.0,0.0,0.0,0.0,96.48486328125,100.25885467529297,5.42579861111111,0.0,0.0,0.0,0.1,0.0,0.0,0.0,0.43595108990669956,0.008186204112200435,433.8403091005287,0.29399218082989986,0.0,0.2442873217782727,0.0,0.43595108990669956,0.1235088805606705,LOW-COMPLEXITY,Low
305,1525.0,1530.0,0.0,0.0,0.0,100.40422058105469,100.9581527709961,3.351263888888889,0.0,0.0,0.0,0.1,0.0,0.0,0.0,0.4212851274092689,0.005075311002178649,458.3432958161289,0.26900423105287,0.0,0.2438662419625473,0.0,0.4212851274092689,0.11453401836100933,LOW-COMPLEXITY,Low
306,1530.0,1535.0,0.0,0.0,0.0,100.5627212524414,100.9954620361328,3.830020833333333,0.0,0.0,0.0,0.1,0.0,0.0,0.0,0.442212498226442,0.005256079384531591,466.43366168494754,0.29274442733179556,0.0,0.25070347216390143,0.0,0.442212498226442,0.12356530436665279,LOW-COMPLEXITY,Low
307,1535.0,1540.0,0.0,0.0,0.0,100.27806854248047,100.78658752441406,3.215878472222222,0.0,0.0,0.0,0.1,0.0,0.0,0.0,0.4188944934151787,0.004814592456427015,462.7938124687824,0.265964726684507,0.0,0.2434442285291698,0.0,0.4188944934151787,0.11346421997366823,LOW-COMPLEXITY,Low
308,1540.0,1545.0,0.0,0.0,0.0,100.60433959960938,102.1045166015625,3.371451388888888,0.0,0.0,0.0,0.1,0.0,0.0,0.0,0.4052360044747405,0.00503166952614379,473.6880435416837,0.2496525325786086,0.0,0.2386316088985515,0.0,0.4052360044747405,0.10703832828511219,LOW-COMPLEXITY,Low
309,1545.0,1550.0,0.0,0.0,0.0,99.49108123779297,100.06579132080078,3.289993055555555,0.0,0.0,0.0,0.1,0.0,0.0,0.0,0.41492585053287556,0.005051065223311547,467.7589346637733,0.25988731256741765,0.0,0.24220705437744558,0.0,0.41492585053287556,0.11098466268259588,LOW-COMPLEXITY,Low
310,1550.0,1555.0,0.0,0.0,0.0,98.81050872802734,100.03534088134765,3.873940972222222,0.0,0.0,0.0,0.1,0.0,0.0,0.0,0.4013745140367323,0.00583453472222222,456.0612812267423,0.24209640777338434,0.0,0.23632339281568288,0.0,0.4013745140367323,0.1034177628629981,LOW-COMPLEXITY,Low
311,1555.0,1560.0,0.0,0.0,0.0,99.94034576416016,100.80658569335938,4.569506944444444,0.0,0.0,0.0,0.1,0.0,0.0,0.0,0.4521768601370491,0.00656666693899782,455.9968237200149,0.30409137910839323,0.0,0.2523956062137124,0.0,0.4521768601370491,0.12733993669473365,LOW-COMPLEXITY,Low
312,1560.0,1565.0,0.0,0.0,0.0,100.45650482177734,100.61819610595703,2.0843194444444446,0.0,0.0,0.0,0.1,0.0,0.0,0.0,0.4302220885847229,0.003140916666666666,477.63510920158467,0.2762054985111585,0.0,0.24760676837051668,0.0,0.4302220885847229,0.11720959603907938,LOW-COMPLEXITY,Low
313,1565.0,1570.0,0.0,0.0,0.0,99.43689727783203,100.23434143066406,4.348874999999999,0.0,0.0,0.0,0.1,0.0,0.0,0.0,0.42309248139711925,0.006253640250544661,452.56922703244527,0.26975937209732626,0.0,0.2436446745280424,0.0,0.42309248139711925,0.11438220178419814,LOW-COMPLEXITY,Low
314,1570.0,1575.0,0.0,0.0,0.0,99.45450592041016,100.13026733398438,2.9575416666666667,0.0,0.0,0.0,0.1,0.0,0.0,0.0,0.4095925717703408,0.0042009655501089324,451.36251354314186,0.25291397226515827,0.0,0.23956872612109528,0.0,0.4095925717703408,0.10790789733237728,LOW-COMPLEXITY,Low
315,1575.0,1580.0,0.0,0.0,0.0,99.0892105102539,100.43941650390626,3.256274305555556,0.0,0.0,0.0,0.1,0.0,0.0,0.0,0.40386176756189984,0.0049706955337690635,447.29862346188116,0.24777083697089036,0.0,0.23672563247577713,0.0,0.40386176756189984,0.10577394796149221,LOW-COMPLEXITY,Low
316,1580.0,1585.0,0.0,0.0,0.0,100.92707824707031,102.30753479003906,3.269711805555556,0.0,0.0,0.0,0.1,0.0,0.0,0.0,0.41719037825645894,0.004626603758169933,471.6459695903949,0.26328142674094834,0.0,0.24219898602487344,0.0,0.41719037825645894,0.11211276391506515,LOW-COMPLEXITY,Low
317,1585.0,1590.0,0.0,0.0,0.7600000000000051,98.89844512939453,100.34967651367188,4.698197916666668,0.005700000000000038,0.0,0.038000000000000256,0.1,0.0,0.0,0.0088421052515233,0.39638547673150404,0.006881912581699346,442.52089252529635,0.2373085457404362,0.003846315784412635,0.23579687738239896,0.0026526315754569897,0.39638547673150404,0.10341312655891019,LOW-COMPLEXITY,Low
318,1590.0,1595.0,0.0,0.0,0.0,100.21440124511719,101.06002044677734,3.560496527777778,0.0,0.0,0.0,0.1,0.0,0.0,0.0,0.395665066451697,0.004856831835511983,451.41794896536214,0.23330597628923128,0.0,0.23438622989745841,0.0,0.395665066451697,0.09977190199580183,LOW-COMPLEXITY,Low
319,1595.0,1600.0,0.0,0.0,0.0,99.44388580322266,100.27479705810546,4.322156250000001,0.0,0.0,0.0,0.1,0.0,0.0,0.0,0.4198215481321606,0.0063501569989106756,444.5847154539556,0.2668849797087362,0.0,0.2422315765871293,0.0,0.4198215481321606,0.11326815462682321,LOW-COMPLEXITY,Low
320,1600.0,1605.0,0.0,0.0,0.0,100.13636016845703,100.91802825927735,1.6197256944444445,0.0,0.0,0.0,0.1,0.0,0.0,0.0,0.4004931142503263,0.0026161043028322443,451.32652513567706,0.23983196670343743,0.0,0.2360711446736862,0.0,0.4004931142503263,0.10241760542492731,LOW-COMPLEXITY,Low
321,1605.0,1610.0,0.0,0.0,0.0,100.05684661865234,101.03360900878906,4.8411319444444425,0.0,0.0,0.0,0.1,0.0,0.0,0.0,0.4087117890053912,0.00766174237472767,453.93142819960923,0.25298199090183954,0.0,0.2392178840640817,0.0,0.4087117890053912,0.10803930762200058,LOW-COMPLEXITY,Low
322,1610.0,1615.0,0.0,0.0,0.0,100.8990249633789,102.02124938964843,4.170760416666667,0.0,0.0,0.0,0.1,0.0,0.0,0.0,0.4060783234360541,0.006431411628540305,461.64659121233717,0.24866757265198933,0.0,0.23847619396423556,0.0,0.4060783234360541,0.10628087335446358,LOW-COMPLEXITY,Low
323,1615.0,1620.0,0.0,0.0,0.0,100.11856079101562,101.68217163085937,4.9456180555555544,0.0,0.0,0.0,0.1,0.0,0.0,0.0,0.4045469693004449,0.007662604983660129,451.6920543957127,0.24650454036714733,0.0,0.23686127575555124,0.0,0.4045469693004449,0.10501697437290537,LOW-COMPLEXITY,Low
324,1620.0,1625.0,0.0,0.0,0.0,100.9535140991211,102.15655670166015,3.2981979166666666,0.0,0.0,0.0,0.1,0.0,0.0,0.0,0.38991145826321255,0.005032487064270153,481.14002340949395,0.2281623546456219,0.0,0.23435092756240972,0.0,0.38991145826321255,0.0986261374038512,LOW-COMPLEXITY,Low
325,1625.0,1630.0,0.0,0.0,0.0,101.46001434326172,101.78236389160156,2.535836805555555,0.0,0.0,0.0,0.1,0.0,0.0,0.0,0.4338312814556008,0.004064901416122005,468.1447924453519,0.28177758817695386,0.0,0.24818936202965722,0.0,0.4338312814556008,0.11929725043495676,LOW-COMPLEXITY,Low
326,1630.0,1635.0,0.0,0.0,0.0,99.87432098388672,100.54151916503906,2.84840625,0.0,0.0,0.0,0.1,0.0,0.0,0.0,0.41201383947826786,0.004092192946623095,451.0676371418126,0.2558641551396971,0.0,0.24012786719427487,0.0,0.41201383947826786,0.1089733712182778,LOW-COMPLEXITY,Low
327,1635.0,1640.0,0.0,0.0,0.0,99.1864242553711,101.25290374755859,3.6581527777777776,0.0,0.0,0.0,0.1,0.0,0.0,0.0,0.38475690638691,0.005351044253812638,457.2511089713324,0.22356848679301256,0.0,0.23055055352874113,0.0,0.38475690638691,0.09628771053483816,LOW-COMPLEXITY,Low
328,1640.0,1645.0,0.0,0.0,0.0,100.094970703125,101.15931854248046,5.305249999999998,0.0,0.0,0.0,0.1,0.0,0.0,0.0,0.4129802675463153,0.007847856072984749,450.52239236670164,0.2572823691598557,0.0,0.24007296156177907,0.0,0.4129802675463153,0.10942165423997169,LOW-COMPLEXITY,Low
329,1645.0,1650.0,0.0,0.0,0.0,100.1054458618164,101.60732727050781,4.628031249999999,0.0,0.0,0.0,0.1,0.0,0.0,0.0,0.3963279732339842,0.006936670751633988,464.8174582705149,0.23655438064193385,0.0,0.23509530244178167,0.0,0.3963279732339842,0.10147855286709445,LOW-COMPLEXITY,Low
330,1650.0,1655.0,0.0,0.0,0.0,99.70896911621094,101.90845642089843,4.916093749999999,0.0,0.0,0.0,0.1,0.0,0.0,0.0,0.39448742693101335,0.007573052968409586,455.7678237105749,0.2364152015613768,0.0,0.23350213228307837,0.0,0.39448742693101335,0.10131149034701248,LOW-COMPLEXITY,Low
331,1655.0,1660.0,0.0,0.0,0.0,101.85137176513672,148.48811950683594,4.69588888888889,0.0,0.0,0.0,0.1,0.0,0.0,0.0,0.47508185193280905,0.00931672126906318,815.4760807099871,0.4202596369643511,0.0,0.23824715776814542,0.0,0.47508185193280905,0.17474586071782422,LOW-COMPLEXITY,Low
332,1660.0,1665.0,0.0,0.0,0.0,149.47943115234375,149.80845642089844,2.4353680555555557,0.0,0.0,0.0,0.1,0.0,0.0,0.0,0.44690831686361876,0.0037569641884531596,2052.3259480555053,0.2951630230024641,0.0,0.25364433330696856,0.0,0.44690831686361876,0.12462994894276636,LOW-COMPLEXITY,Low
333,1665.0,1670.0,0.0,0.0,0.0,97.9177474975586,100.6011947631836,5.247673611111113,0.0,0.0,0.0,0.1,0.0,0.0,0.0,0.4619384576162756,0.009643959967320263,532.020479455538,0.3147458953603417,0.0,0.2552564871225295,0.0,0.4619384576162756,0.13122810376898728,LOW-COMPLEXITY,Low
334,1670.0,1675.0,0.0,0.0,0.0,96.20540618896484,99.69313201904296,4.989628472222223,0.0,0.0,0.0,0.1,0.0,0.0,0.0,0.4241296347734781,0.007388146650326798,441.19225438881455,0.2805166588242184,0.0,0.24183491037804977,0.0,0.4241296347734781,0.1188681393510571,LOW-COMPLEXITY,Low
335,1675.0,1680.0,0.0,0.0,0.0,99.44552612304688,100.33947296142578,3.538277777777777,0.0,0.0,0.0,0.1,0.0,0.0,0.0,0.42138347993872904,0.005248196623093683,451.1571620331329,0.2687736168080078,0.0,0.24301302180185966,0.0,0.42138347993872904,0.11409549604997253,LOW-COMPLEXITY,Low
336,1680.0,1685.0,0.0,0.0,0.0,100.92732238769531,101.31932830810547,3.228548611111111,0.0,0.0,0.0,0.1,0.0,0.0,0.0,0.43487888085908855,0.0047527406045751635,474.5640434053414,0.2838360816916728,0.0,0.24899669545967684,0.0,0.43487888085908855,0.12034716404195114,LOW-COMPLEXITY,Low
337,1685.0,1690.0,0.0,0.0,0.0,100.78226470947266,101.53922119140626,3.0729340277777775,0.0,0.0,0.0,0.1,0.0,0.0,0.0,0.42378868948123877,0.004424906998910676,469.56640917730465,0.27084414766632925,0.0,0.2448370768431382,0.0,0.42378868948123877,0.11516787835795331,LOW-COMPLEXITY,Low
338,1690.0,1695.0,0.0,0.0,0.0,99.41765594482422,99.92843475341797,2.679125,0.0,0.0,0.0,0.1,0.0,0.0,0.0,0.40350572844353544,0.0037717794117647064,456.32311902906036,0.24418733920510055,0.0,0.23781407855570408,0.0,0.40350572844353544,0.10445216498616283,LOW-COMPLEXITY,Low
339,1695.0,1700.0,0.0,0.0,0.0,98.74549102783203,99.15436401367188,4.003274305555555,0.0,0.0,0.0,0.1,0.0,0.0,0.0,0.43978570501211883,0.005481667619825706,439.2751958811831,0.28618950720231545,0.0,0.2475634936678133,0.0,0.43978570501211883,0.11979555013186269,LOW-COMPLEXITY,Low
340,1700.0,1705.0,0.0,0.0,0.0,98.94210052490234,99.47306213378906,4.390545138888888,0.0,0.0,0.0,0.1,0.0,0.0,0.0,0.42789647273003156,0.006445017020697169,441.68716588840647,0.2748990470613242,0.0,0.24465585206572663,0.0,0.42789647273003156,0.1161049535711585,LOW-COMPLEXITY,Low
341,1705.0,1710.0,0.0,0.0,0.0,98.41634368896484,100.3123764038086,6.501371527777779,0.0,0.0,0.0,0.1,0.0,0.0,0.0,0.38547026779519694,0.010510673202614378,442.02400652736065,0.22346530072880735,0.0,0.2301450056683258,0.0,0.38547026779519694,0.09591583539951846,LOW-COMPLEXITY,Low
342,1710.0,1715.0,0.0,0.0,0.0,99.0154037475586,100.85126953125,4.023684027777778,0.0,0.0,0.0,0.1,0.0,0.0,0.0,0.39187539497065604,0.0062019276960784304,460.19045294392106,0.2322096432629549,0.0,0.23327820823214007,0.0,0.39187539497065604,0.09978334577006245,LOW-COMPLEXITY,Low
343,1715.0,1720.0,0.0,0.0,0.0,99.72549438476562,101.00718231201172,4.013329861111111,0.0,0.0,0.0,0.1,0.0,0.0,0.0,0.40573860276907825,0.00580128948801743,449.77346694069695,0.24890602618769675,0.0,0.23756920709767637,0.0,0.40573860276907825,0.10616758488576554,LOW-COMPLEXITY,Low
344,1720.0,1725.0,0.0,0.0,0.0,100.99142456054688,101.20265655517578,2.81346875,0.0,0.0,0.0,0.1,0.0,0.0,0.0,0.4351743869609146,0.004371195942265797,448.26782978747104,0.2847848831584894,0.0,0.24787240728877194,0.0,0.4351743869609146,0.12035418739008621,LOW-COMPLEXITY,Low
345,1725.0,1730.0,0.0,0.0,0.0,100.07996368408203,100.82331237792968,3.9262986111111102,0.0,0.0,0.0,0.1,0.0,0.0,0.0,0.4296530525906991,0.0058426683006535945,443.67014597761533,0.27875695737113926,0.0,0.24527675063974747,0.0,0.4296530525906991,0.11781207826180647,LOW-COMPLEXITY,Low
346,1730.0,1735.0,0.0,0.0,0.0,99.0038833618164,99.83580322265625,4.256416666666667,0.0,0.0,0.0,0.1,0.0,0.0,0.0,0.4105726369321238,0.0061905863289760344,428.797486133921,0.25565298066754233,0.0,0.23838267174588934,0.0,0.4105726369321238,0.10861726621180148,LOW-COMPLEXITY,Low
347,1735.0,1740.0,0.0,0.0,0.0,100.01353454589844,101.59475860595703,4.040989583333333,0.0,0.0,0.0,0.1,0.0,0.0,0.0,0.40588761713826077,0.006404444172113289,461.4463208162323,0.24869016711288705,0.0,0.2379038185860254,0.0,0.40588761713826077,0.10613951577698723,LOW-COMPLEXITY,Low
348,1740.0,1745.0,0.0,0.0,0.0,100.45380401611328,101.53243713378906,3.724597222222223,0.0,0.0,0.0,0.1,0.0,0.0,0.0,0.41554216066465005,0.005827179057734205,472.5050130167713,0.2609948171796039,0.0,0.24213870074485527,0.0,0.41554216066465005,0.11136041368433877,LOW-COMPLEXITY,Low
349,1745.0,1750.0,0.0,0.0,0.0,101.3470687866211,101.58623504638672,1.609548611111111,0.0,0.0,0.0,0.1,0.0,0.0,0.0,0.4840343804232998,0.0025493304738562093,499.437348074363,0.3390420559043994,0.0,0.2645099018733719,0.0,0.4840343804232998,0.14109089850205492,LOW-COMPLEXITY,Low
350,1750.0,1755.0,0.0,0.0,0.0,100.84324645996094,101.02494812011719,2.5068159722222223,0.0,0.0,0.0,0.1,0.0,0.0,0.0,0.43158220723346563,0.003942760484749455,480.26715071816784,0.28116005571637714,0.0,0.2487482020138508,0.0,0.43158220723346563,0.11974634675466994,LOW-COMPLEXITY,Low
351,1755.0,1760.0,0.0,0.0,0.0,100.67683410644531,101.43052673339844,3.2097430555555557,0.0,0.0,0.0,0.1,0.0,0.0,0.0,0.40206340119018275,0.00500924945533769,472.9496768394899,0.24248600840514242,0.0,0.23805032819911306,0.0,0.40206340119018275,0.1040447687747151,LOW-COMPLEXITY,Low
352,1760.0,1765.0,0.0,0.0,0.0,98.93606567382812,100.20131225585938,3.234729166666667,0.0,0.0,0.0,0.1,0.0,0.0,0.0,0.4240114422258412,0.004910797385620915,450.1347900137004,0.26911053966374454,0.0,0.24252723922116345,0.0,0.4240114422258412,0.11343694300281919,LOW-COMPLEXITY,Low
353,1765.0,1770.0,0.0,0.0,0.0,97.7365493774414,99.9563003540039,4.213927083333334,0.0,0.0,0.0,0.1,0.0,0.0,0.0,0.41047080643625183,0.006426631535947713,439.2108355489452,0.25379997080945277,0.0,0.23680929668208384,0.0,0.41047080643625183,0.10716553763439277,LOW-COMPLEXITY,Low
354,1770.0,1775.0,0.0,0.0,1.0,100.50279998779297,102.42059783935547,4.951972222222222,0.0075,0.0,0.05,0.1,0.0,0.0,0.0,0.39393345195139345,0.007945234340958606,471.4933649797137,0.2354914174407129,0.0,0.23470958687426668,0.0,0.39393345195139345,0.10141070113850141,LOW-COMPLEXITY,Low
355,1775.0,1780.0,0.0,0.0,0.0,99.8639907836914,101.46497802734375,3.4976180555555554,0.0,0.0,0.0,0.1,0.0,0.0,0.0,0.38834478484504836,0.00520850517429194,465.59185743129916,0.2270105652236537,0.0,0.23256776229569495,0.0,0.38834478484504836,0.09781780320405799,LOW-COMPLEXITY,Low
356,1780.0,1785.0,0.0,0.0,0.0,101.18946838378906,101.66673736572265,1.606930555555556,0.0,0.0,0.0,0.1,0.0,0.0,0.0,0.4001212531151145,0.002481829112200436,481.7336427453015,0.23895921835044795,0.0,0.23803067439131892,0.0,0.4001212531151145,0.10276003193340696,LOW-COMPLEXITY,Low
357,1785.0,1790.0,0.0,0.0,0.0,100.18578338623047,101.20047607421876,3.4649479166666666,0.0,0.0,0.0,0.1,0.0,0.0,0.0,0.3951797541241243,0.004938702069716776,457.10046510286566,0.23337832548746643,0.0,0.23445805546156914,0.0,0.3951797541241243,0.09995454362425132,LOW-COMPLEXITY,Low
358,1790.0,1795.0,0.0,0.0,0.0,99.70430755615234,100.29109954833984,3.543486111111111,0.0,0.0,0.0,0.1,0.0,0.0,0.0,0.4104417365702042,0.004916555555555556,461.9771975189245,0.2517877831783112,0.0,0.240015700248025,0.0,0.4104417365702042,0.10728895253341328,LOW-COMPLEXITY,Low
359,1795.0,1800.0,0.0,0.0,0.0,97.69481658935547,98.9143081665039,4.839986111111112,0.0,0.0,0.0,0.1,0.0,0.0,0.0,0.4086117981075623,0.007606930419389977,434.67000413111697,0.25229485954618974,0.0,0.23765754213665824,0.0,0.4086117981075623,0.10717461999403466,LOW-COMPLEXITY,Low
360,1800.0,1805.0,0.0,0.0,0.0,97.97034454345703,98.81953125,2.2395451388888885,0.0,0.0,0.0,0.1,0.0,0.0,0.0,0.4341467786652689,0.0034406175108932465,462.6399595946013,0.2809247557006749,0.0,0.246906624082535,0.0,0.4341467786652689,0.11834300161290746,LOW-COMPLEXITY,Low
361,1805.0,1810.0,0.0,0.0,0.0,100.61509704589844,101.5983154296875,3.207253472222222,0.0,0.0,0.0,0.1,0.0,0.0,0.0,0.43036313331633347,0.004795041394335511,452.1235516309005,0.2756971802053352,0.0,0.24485723998878373,0.0,0.43036313331633347,0.11595784076965851,LOW-COMPLEXITY,Low
362,1810.0,1815.0,0.0,0.0,0.0,98.57567596435547,100.347607421875,3.4542777777777784,0.0,0.0,0.0,0.1,0.0,0.0,0.0,0.3987490101919603,0.00500682325708061,458.75274378661055,0.23973082793443598,0.0,0.23495730583623398,0.0,0.3987490101919603,0.1024132184619098,LOW-COMPLEXITY,Low
363,1815.0,1820.0,0.0,0.0,0.0,98.48430633544922,99.68463592529297,3.473270833333333,0.0,0.0,0.0,0.1,0.0,0.0,0.0,0.39850968336127773,0.005120609477124183,430.8167332205377,0.23780002865296795,0.0,0.23371265006316286,0.0,0.39850968336127773,0.10107202100827153,LOW-COMPLEXITY,Low
364,1820.0,1825.0,0.0,0.0,0.0,99.31605529785156,100.9361785888672,4.542649305555556,0.0,0.0,0.0,0.1,0.0,0.0,0.0,0.3880400700089368,0.006728103485838781,455.55567816901765,0.2261265781747468,0.0,0.23180614224153603,0.0,0.3880400700089368,0.09718542136967678,LOW-COMPLEXITY,Low
365,1825.0,1830.0,0.0,0.0,0.0,99.53604125976562,100.72141876220704,4.31246875,0.0,0.0,0.0,0.1,0.0,0.0,0.0,0.3977639618197426,0.00652172494553377,455.7974236492055,0.2376025052308442,0.0,0.23528679334521788,0.0,0.3977639618197426,0.1017106398313127,LOW-COMPLEXITY,Low
366,1830.0,1835.0,0.0,0.0,0.0,99.34624481201172,100.57085418701172,4.02573263888889,0.0,0.0,0.0,0.1,0.0,0.0,0.0,0.39906438755534834,0.006309882216775599,453.19398315219263,0.23823695534982076,0.0,0.23524308952987716,0.0,0.39906438755534834,0.10168746212153029,LOW-COMPLEXITY,Low
367,1835.0,1840.0,0.0,0.0,0.0,97.84009552001953,99.63639678955079,5.640284722222222,0.0,0.0,0.0,0.1,0.0,0.0,0.0,0.39945095727859886,0.00858991339869281,438.50652626807187,0.24286610341164913,0.0,0.23452099258657244,0.0,0.39945095727859886,0.1036526597914752,LOW-COMPLEXITY,Low
368,1840.0,1845.0,0.0,0.0,0.7600000000000051,98.44541931152344,99.84205780029296,4.764166666666666,0.005700000000000038,0.0,0.038000000000000256,0.1,0.0,0.0,0.0088421052515233,0.40706057768985326,0.0067771154684095865,416.40143529916963,0.2516743186895312,0.003846315784412635,0.2377729449591364,0.0026526315754569897,0.40706057768985326,0.10861886144572852,LOW-COMPLEXITY,Low
369,1845.0,1850.0,0.0,0.0,0.7600000000000051,99.479248046875,99.82292022705079,3.6696527777777783,0.005700000000000038,0.0,0.038000000000000256,0.1,0.0,0.0,0.0088421052515233,0.4177795137707943,0.005287025054466231,442.222655034915,0.26062627263255095,0.003846315784412635,0.24319568114319143,0.0026526315754569897,0.4177795137707943,0.11231306206142239,LOW-COMPLEXITY,Low
370,1850.0,1855.0,0.0,0.0,0.0,97.57756042480469,100.46416015625,4.805541666666667,0.0,0.0,0.0,0.1,0.0,0.0,0.0,0.38232765567344495,0.007356422521786493,438.86860677141823,0.22276172025570656,0.0,0.22808460027854444,0.0,0.38232765567344495,0.09562855630698261,LOW-COMPLEXITY,Low
371,1855.0,1860.0,0.0,0.0,0.0,99.15213012695312,100.42979431152344,4.963298611111112,0.0,0.0,0.0,0.1,0.0,0.0,0.0,0.4154266804074565,0.0074246608115468415,459.99512745824404,0.25928574767882234,0.0,0.24086683371456535,0.0,0.4154266804074565,0.11008959553764491,LOW-COMPLEXITY,Low
372,1860.0,1865.0,0.0,0.0,0.0,98.13825988769531,100.09707641601562,4.705628472222222,0.0,0.0,0.0,0.1,0.0,0.0,0.0,0.38989367783370066,0.0069390611383442265,457.2074372240514,0.22941969792855063,0.0,0.2322788094222047,0.0,0.38989367783370066,0.09853401280362178,LOW-COMPLEXITY,Low
373,1865.0,1870.0,0.0,0.0,0.0,99.70579528808594,100.15577697753906,3.2897256944444444,0.0,0.0,0.0,0.1,0.0,0.0,0.0,0.4436620059890975,0.004668521241830065,454.89794156985374,0.29455392787719464,0.0,0.2504318177841023,0.0,0.4436620059890975,0.12401259866575876,LOW-COMPLEXITY,Low
374,1870.0,1875.0,0.0,0.0,0.0,97.76225280761719,100.39057769775391,3.786996527777778,0.0,0.0,0.0,0.1,0.0,0.0,0.0,0.40004734673074616,0.005994801334422659,448.1998825852877,0.24342008272283103,0.0,0.23410837949484462,0.0,0.40004734673074616,0.10363613750192459,LOW-COMPLEXITY,Low
375,1875.0,1880.0,0.0,0.0,0.0,98.35154724121094,99.22220611572266,3.993461805555555,0.0,0.0,0.0,0.1,0.0,0.0,0.0,0.41372364743524453,0.006151396650326797,445.3550856855796,0.26014977418770885,0.0,0.2403643210656445,0.0,0.41372364743524453,0.11077148760801886,LOW-COMPLEXITY,Low
376,1880.0,1885.0,0.0,0.0,0.0,99.64762115478516,100.13378295898437,3.8119097222222225,0.0,0.0,0.0,0.1,0.0,0.0,0.0,0.4205101165935789,0.005716158496732026,450.8417145380432,0.26684067558885777,0.0,0.2431568780316024,0.0,0.4205101165935789,0.113397715957095,LOW-COMPLEXITY,Low
377,1885.0,1890.0,0.0,0.0,0.0,98.78827667236328,99.83260955810547,3.592291666666667,0.0,0.0,0.0,0.1,0.0,0.0,0.0,0.4041038401221265,0.005351167755991286,449.006912211845,0.24540286496291264,0.0,0.23699496281361493,0.0,0.4041038401221265,0.10462370943568991,LOW-COMPLEXITY,Low
378,1890.0,1895.0,0.0,0.0,0.0,96.82525634765625,99.14278411865234,4.295225694444444,0.0,0.0,0.0,0.1,0.0,0.0,0.0,0.4015859299986783,0.0063335178376906325,431.13304733864237,0.24578714498124843,0.0,0.23421375050196577,0.0,0.4015859299986783,0.10447190266664265,LOW-COMPLEXITY,Low
379,1895.0,1900.0,0.0,0.0,1.0,96.96372985839844,99.43138732910157,4.041559027777778,0.0075,0.0,0.05,0.1,0.0,0.0,0.0,0.3953060326926434,0.006033165441176471,438.1016327362259,0.23769027548023158,0.0,0.2324392225214133,0.0,0.3953060326926434,0.10137235744944958,LOW-COMPLEXITY,Low
380,1900.0,1905.0,0.0,0.0,0.7600000000000051,95.51449584960938,98.73831634521484,7.417065972222224,0.005700000000000038,0.0,0.038000000000000256,0.1,0.0,0.0,0.0088421052515233,0.3890674355691983,0.01199349904684096,413.7093282777329,0.2311206669661014,0.003846315784412635,0.2299538031205271,0.0026526315754569897,0.3890674355691983,0.10010362147066408,LOW-COMPLEXITY,Low
381,1905.0,1910.0,0.0,0.0,0.0,100.01142120361328,100.28189086914062,2.6859722222222215,0.0,0.0,0.0,0.1,0.0,0.0,0.0,0.4598022530391591,0.00396051633986928,459.4768730529247,0.31364213122945156,0.0,0.25569669468591305,0.0,0.4598022530391591,0.13136434549500556,LOW-COMPLEXITY,Low
382,1910.0,1915.0,0.0,0.0,0.0,99.3702163696289,99.97542114257813,3.7722187500000004,0.0,0.0,0.0,0.1,0.0,0.0,0.0,0.41972224188494023,0.005449537309368192,424.7444718852577,0.2640419671187797,0.0,0.24079849874168713,0.0,0.41972224188494023,0.11136989764774531,LOW-COMPLEXITY,Low
383,1915.0,1920.0,0.0,0.0,0.0,98.99851989746094,100.08772583007813,5.055767361111111,0.0,0.0,0.0,0.1,0.0,0.0,0.0,0.4064518429203209,0.0075859478485838785,424.6200742654456,0.24967370981974485,0.0,0.236502860350797,0.0,0.4064518429203209,0.10599989530257115,LOW-COMPLEXITY,Low
384,1920.0,1925.0,0.0,0.0,0.0,99.1534423828125,99.87789764404297,3.5190833333333327,0.0,0.0,0.0,0.1,0.0,0.0,0.0,0.4243004336446715,0.005070866013071895,438.7705877560182,0.26857803750897946,0.0,0.2425989404019122,0.0,0.4243004336446715,0.1131235394839911,LOW-COMPLEXITY,Low
385,1925.0,1930.0,0.0,0.0,0.0,95.33672332763672,98.34461212158203,4.9963645833333326,0.0,0.0,0.0,0.1,0.0,0.0,0.0,0.3990231226673951,0.00718102614379085,422.0880181606663,0.2439163953803166,0.0,0.23210658176824356,0.0,0.3990231226673951,0.10343972064219477,LOW-COMPLEXITY,Low
386,1930.0,1935.0,0.0,0.0,0.0,94.59500122070312,98.95185241699218,5.812260416666668,0.0,0.0,0.0,0.1,0.0,0.0,0.0,0.4209855150444607,0.008178262118736382,416.2171933053201,0.2790622975032627,0.0,0.23876091364614108,0.0,0.4209855150444607,0.11785108976666556,LOW-COMPLEXITY,Low
387,1935.0,1940.0,0.0,0.0,0.0,101.09896850585938,101.9398422241211,4.139635416666666,0.0,0.0,0.0,0.1,0.0,0.0,0.0,0.4247509633258959,0.006240435593681917,471.890287191172,0.27232402546439927,0.0,0.24534049228359822,0.0,0.4247509633258959,0.11584344419998505,LOW-COMPLEXITY,Low
388,1940.0,1945.0,0.0,0.0,0.0,99.2024917602539,100.3819808959961,4.703888888888888,0.0,0.0,0.0,0.1,0.0,0.0,0.0,0.3990877460119984,0.007008468137254903,445.73562390888236,0.23976536956086109,0.0,0.23525211428009105,0.0,0.3990877460119984,0.1024489882754628,LOW-COMPLEXITY,Low
389,1945.0,1950.0,0.0,0.0,0.0,99.93836975097656,101.32189331054687,5.0668090277777775,0.0,0.0,0.0,0.1,0.0,0.0,0.0,0.40034173563847414,0.007399529003267974,456.04088003821477,0.24249158571582535,0.0,0.23633602605474063,0.0,0.40034173563847414,0.10387796806745336,LOW-COMPLEXITY,Low
390,1950.0,1955.0,0.0,0.0,0.0,100.28648376464844,100.91594696044922,2.870149305555556,0.0,0.0,0.0,0.1,0.0,0.0,0.0,0.42749255445047996,0.004443563725490197,451.71940916680427,0.2753660939692493,0.0,0.24513322886341046,0.0,0.42749255445047996,0.11660653847419833,LOW-COMPLEXITY,Low
391,1955.0,1960.0,0.0,0.0,0.0,97.75515747070312,100.29988098144531,4.598045138888888,0.0,0.0,0.0,0.1,0.0,0.0,0.0,0.38502718954210124,0.00693122698801743,425.2599568927899,0.22482888141077703,0.0,0.22821406967019464,0.0,0.38502718954210124,0.09603256770443132,LOW-COMPLEXITY,Low
392,1960.0,1965.0,0.0,0.0,0.0,100.12313842773438,101.07667388916016,2.908274305555555,0.0,0.0,0.0,0.1,0.0,0.0,0.0,0.41352053366101893,0.004340645288671025,460.48909598393,0.2549305296142654,0.0,0.24014012072880894,0.0,0.41352053366101893,0.1081341736469611,LOW-COMPLEXITY,Low
393,1965.0,1970.0,0.0,0.0,0.0,125.92610931396484,127.29459533691406,4.276597222222222,0.0,0.0,0.0,0.1,0.0,0.0,0.0,0.48714468056321575,0.006403198393246188,1013.5024548848551,0.34581105820380426,0.0,0.265103509406737,0.0,0.48714468056321575,0.14390558725345612,LOW-COMPLEXITY,Low
394,1970.0,1975.0,0.0,0.0,0.0,126.28992462158203,127.1307388305664,3.6779479166666667,0.0,0.0,0.0,0.1,0.0,0.0,0.0,0.4267674733255108,0.005992593137254902,866.016445907731,0.2817800690074025,0.0,0.2470897602792197,0.0,0.4267674733255108,0.12067958227005045,LOW-COMPLEXITY,Low
395,1975.0,1980.0,0.0,0.0,0.7600000000000051,98.52852630615234,100.3321533203125,4.60175,0.005700000000000038,0.0,0.038000000000000256,0.1,0.0,0.0,0.0088421052515233,0.39820152389185526,0.0069691726579520705,457.7836419350547,0.2383371693346582,0.003846315784412635,0.23644737390636983,0.0026526315754569897,0.39820152389185526,0.1037011003493232,LOW-COMPLEXITY,Low
396,1980.0,1985.0,0.0,0.0,0.0,99.7798080444336,101.85185394287109,4.756236111111111,0.0,0.0,0.0,0.1,0.0,0.0,0.0,0.38611357802173285,0.0072476391612200436,477.34097406633055,0.2243422189180509,0.0,0.2321457777403986,0.0,0.38611357802173285,0.09689373716273172,LOW-COMPLEXITY,Low
397,1985.0,1990.0,0.0,0.0,0.0,100.07381439208984,100.65505676269531,4.35498263888889,0.0,0.0,0.0,0.1,0.0,0.0,0.0,0.4483719310012454,0.006581524373638344,469.83914958416574,0.2986256070380316,0.0,0.25221317662671283,0.0,0.4483719310012454,0.1254944325880539,LOW-COMPLEXITY,Low
398,1990.0,1995.0,0.0,0.0,0.0,100.41751098632812,100.80853576660157,2.9577951388888892,0.0,0.0,0.0,0.1,0.0,0.0,0.0,0.4667066408950119,0.004264164079520697,478.73573122951575,0.3199493519437493,0.0,0.2583474761882338,0.0,0.4667066408950119,0.13371963241400348,LOW-COMPLEXITY,Low
399,1995.0,2000.0,0.0,0.0,0.0,99.32091522216797,100.8685516357422,2.8450833333333336,0.0,0.0,0.0,0.1,0.0,0.0,0.0,0.42001327309632086,0.004297945669934642,465.1809100059755,0.26616680118552577,0.0,0.24245319978920846,0.0,0.42001327309632086,0.11293870224490563,LOW-COMPLEXITY,Low
400,2000.0,2005.0,0.0,0.0,0.0,99.5601577758789,100.29168701171875,2.5264826388888895,0.0,0.0,0.0,0.1,0.0,0.0,0.0,0.39851021326161357,0.0037489652777777777,485.67001233021955,0.2371982845949257,0.0,0.23752127508864024,0.0,0.39851021326161357,0.10210403526308354,LOW-COMPLEXITY,Low
401,2005.0,2010.0,0.0,0.0,0.0,99.14234924316406,99.93149108886719,3.0694756944444443,0.0,0.0,0.0,0.1,0.0,0.0,0.0,0.41316944065927635,0.004492841639433553,466.7518087841109,0.25652413786664874,0.0,0.24111514911265924,0.0,0.41316944065927635,0.10936001095793603,LOW-COMPLEXITY,Low
402,2010.0,2015.0,0.0,0.0,0.0,99.08747863769531,99.51787109375,1.992652777777778,0.0,0.0,0.0,0.1,0.0,0.0,0.0,0.4458335003409295,0.003170047794117647,462.6968901763725,0.29335474419235197,0.0,0.250619064690583,0.0,0.4458335003409295,0.12293566965264764,LOW-COMPLEXITY,Low
403,2015.0,2020.0,0.0,0.0,0.0,99.75408935546875,100.03552856445313,3.3301631944444443,0.0,0.0,0.0,0.1,0.0,0.0,0.0,0.4205794770004013,0.004839490876906318,458.1735397075049,0.2674362079051588,0.0,0.2439708711881151,0.0,0.4205794770004013,0.11396303961831933,LOW-COMPLEXITY,Low
404,2020.0,2025.0,0.0,0.0,0.0,100.06661987304688,100.7120864868164,3.20932638888889,0.0,0.0,0.0,0.1,0.0,0.0,0.0,0.39863466987706536,0.004327313453159042,467.28920062432985,0.23745023252628727,0.0,0.23662659461644334,0.0,0.39863466987706536,0.10188575690963246,LOW-COMPLEXITY,Low
405,2025.0,2030.0,0.0,0.0,0.0,98.67243194580078,99.40819396972657,4.938649305555556,0.0,0.0,0.0,0.1,0.0,0.0,0.0,0.4228399141004271,0.007117681781045751,437.39230978753443,0.2691942325598306,0.0,0.24265492117931411,0.0,0.4228399141004271,0.11381636016756848,LOW-COMPLEXITY,Low
406,2030.0,2035.0,0.0,0.0,0.0,98.79441833496094,101.23615417480468,4.123090277777778,0.0,0.0,0.0,0.1,0.0,0.0,0.0,0.38425898611811543,0.006030275326797385,450.16442742646336,0.22378322995471406,0.0,0.22978278410490002,0.0,0.38425898611811543,0.09625084288454318,LOW-COMPLEXITY,Low
407,2035.0,2040.0,0.0,0.0,0.0,97.3886947631836,99.65774993896484,4.247958333333334,0.0,0.0,0.0,0.1,0.0,0.0,0.0,0.4212326434719472,0.006231164351851852,442.97722137929424,0.2683445344219969,0.0,0.24050749890009904,0.0,0.4212326434719472,0.11304173095804632,LOW-COMPLEXITY,Low
408,2040.0,2045.0,0.0,0.0,0.0,99.28074645996094,100.36011505126953,3.1177013888888885,0.0,0.0,0.0,0.1,0.0,0.0,0.0,0.41358055211841993,0.0050438154956427015,468.72466929744303,0.2604332582968215,0.0,0.24147353592370557,0.0,0.41358055211841993,0.1113372286921027,LOW-COMPLEXITY,Low
409,2045.0,2050.0,0.0,0.0,0.0,99.55170440673828,99.85403442382812,2.5081631944444447,0.0,0.0,0.0,0.1,0.0,0.0,0.0,0.43453458600789296,0.003686231209150327,458.3005286611112,0.27883423615986613,0.0,0.24691965729891124,0.0,0.43453458600789296,0.11720535163257877,LOW-COMPLEXITY,Low
410,2050.0,2055.0,0.0,0.0,0.0,99.96285247802734,100.60116729736328,3.5983229166666666,0.0,0.0,0.0,0.1,0.0,0.0,0.0,0.4064995068920518,0.005001335648148148,470.2710215858239,0.24662681256135124,0.0,0.2391595700247361,0.0,0.4064995068920518,0.1053943790663203,LOW-COMPLEXITY,Low
411,2055.0,2060.0,0.0,0.0,1.0,98.93010711669922,100.7266342163086,4.201302083333333,0.0075,0.0,0.05,0.1,0.0,0.0,1.0,0.41020823733924006,0.006090552423747277,468.5346942148405,0.2558332541606032,0.435,0.4402660151441845,0.3,0.41020823733924006,0.3294576730459562,HEAVY-TAIL-RISK,Moderate
412,2060.0,2065.0,0.0,0.0,0.0,96.86843872070312,99.72444610595703,5.894875000000001,0.0,0.0,0.0,0.1,0.0,0.0,0.0,0.4298770972966993,0.008487939133986929,451.95768720273134,0.2818856172578564,0.0,0.243743532340985,0.0,0.4298770972966993,0.11878377062409812,LOW-COMPLEXITY,Low
413,2065.0,2070.0,0.0,0.0,0.0,99.96863555908203,100.58470611572265,3.4501076388888885,0.0,0.0,0.0,0.1,0.0,0.0,0.0,0.4075701123893538,0.004834091639433551,459.92756816746714,0.2461988511173931,0.0,0.23846325230609727,0.0,0.4075701123893538,0.10466903576849214,LOW-COMPLEXITY,Low
414,2070.0,2075.0,0.0,0.0,0.0,99.32638549804688,99.92672576904297,3.149611111111111,0.0,0.0,0.0,0.1,0.0,0.0,0.0,0.4440586243960288,0.004736511029411765,473.1972064703207,0.29394976985243754,0.0,0.2511957786837676,0.0,0.4440586243960288,0.12387875136653025,LOW-COMPLEXITY,Low
415,2075.0,2080.0,0.0,0.0,0.0,99.41917419433594,100.52018737792969,3.1967777777777777,0.0,0.0,0.0,0.1,0.0,0.0,0.0,0.3978513485145784,0.004529676606753812,455.9234976728917,0.2362877302595182,0.0,0.23506169884085523,0.0,0.3978513485145784,0.10095262259541384,LOW-COMPLEXITY,Low
416,2080.0,2085.0,0.0,0.0,0.0,98.10101318359375,98.90178833007812,3.18134375,0.0,0.0,0.0,0.1,0.0,0.0,0.0,0.3902992210366319,0.004621670615468409,466.5100789849848,0.2263502044634857,0.0,0.23359631530616357,0.0,0.3902992210366319,0.09735900732974212,LOW-COMPLEXITY,Low
417,2085.0,2090.0,0.0,0.0,0.0,100.50555419921875,102.11113128662109,4.338572916666666,0.0,0.0,0.0,0.1,0.0,0.0,0.0,0.411683426391011,0.006956677151416122,462.61492292913255,0.25846950563141546,0.0,0.24006170753257405,0.0,0.411683426391011,0.11033549385435588,LOW-COMPLEXITY,Low
418,2090.0,2095.0,0.0,0.0,0.0,98.60102844238281,100.51537475585937,5.235965277777777,0.0,0.0,0.0,0.1,0.0,0.0,0.0,0.3938279607853787,0.008158957380174291,474.5387067128699,0.2339174837203211,0.0,0.23459383802246134,0.0,0.3938279607853787,0.10060959497167733,LOW-COMPLEXITY,Low
419,2095.0,2100.0,0.0,0.0,0.0,99.76004791259766,100.17623443603516,2.7172048611111115,0.0,0.0,0.0,0.1,0.0,0.0,0.0,0.41806574876324865,0.004146070806100218,466.532820899797,0.26400331338864846,0.0,0.24344358145334827,0.0,0.41806574876324865,0.11269047301218396,LOW-COMPLEXITY,Low
420,2100.0,2105.0,0.0,0.0,0.0,97.92578125,99.1521209716797,4.902347222222223,0.0,0.0,0.0,0.1,0.0,0.0,0.0,0.42701832577487125,0.007776709422657953,459.49224090754404,0.2722866592059508,0.0,0.24415514088366874,0.0,0.42701832577487125,0.11484304746854163,LOW-COMPLEXITY,Low
421,2105.0,2110.0,0.0,0.0,0.0,98.58894348144531,99.57383270263672,3.4524652777777782,0.0,0.0,0.0,0.1,0.0,0.0,0.0,0.42138969315448965,0.004975440223311546,448.74883579796204,0.26734892073735944,0.0,0.24243030444089025,0.0,0.42138969315448965,0.11317764363436889,LOW-COMPLEXITY,Low
422,2110.0,2115.0,0.0,0.0,0.7600000000000051,96.92523193359375,99.11375427246094,6.400361111111111,0.005700000000000038,0.0,0.038000000000000256,0.1,0.0,0.0,0.0088421052515233,0.3891688203326024,0.009988019607843138,439.2745248518819,0.22898612116467623,0.003846315784412635,0.2326076088898084,0.0026526315754569897,0.3891688203326024,0.09993983439834893,LOW-COMPLEXITY,Low
423,2115.0,2120.0,0.0,0.0,0.0,99.311767578125,99.96591033935547,4.134583333333333,0.0,0.0,0.0,0.1,0.0,0.0,0.0,0.4319123907565295,0.006269119281045752,450.35762677587155,0.2813274030497743,0.0,0.2465552590966501,0.0,0.4319123907565295,0.11897994451958233,LOW-COMPLEXITY,Low
424,2120.0,2125.0,0.0,0.0,0.0,99.54668426513672,100.42960662841797,5.438510416666666,0.0,0.0,0.0,0.1,0.0,0.0,0.0,0.3994776081878171,0.008037092456427017,447.7944885587205,0.2383182276456869,0.0,0.2355382664131428,0.0,0.3994776081878171,0.10172810502048915,LOW-COMPLEXITY,Low
425,2125.0,2130.0,0.0,0.0,0.0,98.91873168945312,100.74493713378907,3.4795555555555557,0.0,0.0,0.0,0.1,0.0,0.0,0.0,0.3976161837606041,0.005273785403050109,459.95423717506696,0.23789744050669473,0.0,0.23473476476494665,0.0,0.3976161837606041,0.10170184198092766,LOW-COMPLEXITY,Low
426,2130.0,2135.0,0.0,0.0,0.0,97.185791015625,98.46951904296876,5.7254201388888895,0.0,0.0,0.0,0.1,0.0,0.0,0.0,0.38465067809575126,0.008541857706971679,412.4387199477111,0.2212735329942503,0.0,0.22853600282818282,0.0,0.38465067809575126,0.0944616979630513,LOW-COMPLEXITY,Low
427,2135.0,2140.0,0.0,0.0,0.0,98.94232940673828,101.75757446289063,3.0637743055555555,0.0,0.0,0.0,0.1,0.0,0.0,0.0,0.487838152322812,0.004645159177559912,463.026562512714,0.36329143449131834,0.0,0.26481512029900733,0.0,0.487838152322812,0.15237147126960873,LOW-COMPLEXITY,Low
428,2140.0,2145.0,0.0,0.0,0.0,98.97935485839844,100.85186767578125,4.664555555555556,0.0,0.0,0.0,0.1,0.0,0.0,0.0,0.40826780211926395,0.0070959361383442264,448.7286765741747,0.25193863361617286,0.0,0.237477038288537,0.0,0.40826780211926395,0.10701932967925837,LOW-COMPLEXITY,Low
429,2145.0,2150.0,0.0,0.0,0.0,97.12445068359375,99.87176361083985,5.290319444444444,0.0,0.0,0.0,0.1,0.0,0.0,0.0,0.41423018942284373,0.008065096541394335,428.2110580792408,0.2625450001348373,0.0,0.23765958612674157,0.0,0.41423018942284373,0.11089580785606726,LOW-COMPLEXITY,Low
430,2150.0,2155.0,0.0,0.0,0.0,97.79814910888672,99.04450378417968,5.218309027777778,0.0,0.0,0.0,0.1,0.0,0.0,0.0,0.40088012215900926,0.007553410947712418,431.7842284370203,0.24159117167160726,0.0,0.23479243511812872,0.0,0.40088012215900926,0.10275290758739637,LOW-COMPLEXITY,Low
431,2155.0,2160.0,0.0,0.0,0.0,99.01351928710938,99.8953842163086,2.694951388888889,0.0,0.0,0.0,0.1,0.0,0.0,0.0,0.4038804130247961,0.003971979302832244,441.2469864647638,0.2450361940670917,0.0,0.2365785425643518,0.0,0.4038804130247961,0.10435048367486996,LOW-COMPLEXITY,Low
432,2160.0,2165.0,0.0,0.0,0.0,98.45269012451172,99.87024383544922,2.9747673611111116,0.0,0.0,0.0,0.1,0.0,0.0,0.0,0.4094433448023091,0.004638395697167756,439.37106086268415,0.25137656716507983,0.0,0.23722884685040754,0.0,0.4094433448023091,0.10635754377960527,LOW-COMPLEXITY,Low
433,2165.0,2170.0,0.0,0.0,0.0,98.02983856201172,99.75930938720703,2.9555729166666667,0.0,0.0,0.0,0.1,0.0,0.0,0.0,0.3944833367966745,0.004194650871459695,433.9799273626228,0.23396457143505964,0.0,0.23200442096175183,0.0,0.3944833367966745,0.09956299885497433,LOW-COMPLEXITY,Low
434,2170.0,2175.0,0.0,0.0,0.0,99.03975677490234,100.7173355102539,3.0288472222222222,0.0,0.0,0.0,0.1,0.0,0.0,0.0,0.42359887304144617,0.00445642783224401,446.2896575775316,0.2682981241701609,0.0,0.24152107664957218,0.0,0.42359887304144617,0.11278172065206916,LOW-COMPLEXITY,Low
435,2175.0,2180.0,0.0,0.0,0.0,98.46604919433594,100.68652801513672,3.4584097222222216,0.0,0.0,0.0,0.1,0.0,0.0,0.0,0.4162509754559392,0.005050369689542485,458.6652599369791,0.2607260878807275,0.0,0.23966239576181944,0.0,0.4162509754559392,0.11018213859301576,LOW-COMPLEXITY,Low
436,2180.0,2185.0,0.0,0.0,0.0,98.24262237548828,98.56376953125,3.7322430555555557,0.0,0.0,0.0,0.1,0.0,0.0,0.0,0.41006608393341476,0.0053171650326797396,443.93443550533595,0.2525251140040327,0.0,0.23948926516633084,0.0,0.41006608393341476,0.10756727882687846,LOW-COMPLEXITY,Low
437,2185.0,2190.0,0.0,0.0,0.0,98.18862915039062,98.88752746582031,3.508930555555555,0.0,0.0,0.0,0.1,0.0,0.0,0.0,0.4281292268427675,0.005302218818082789,433.8616580339154,0.27700049531108967,0.0,0.2443095646991983,0.0,0.4281292268427675,0.11697628858957237,LOW-COMPLEXITY,Low
438,2190.0,2195.0,0.0,0.0,0.0,98.06035614013672,99.11708221435546,4.917170138888889,0.0,0.0,0.0,0.1,0.0,0.0,0.0,0.4240185410343077,0.007247347086056645,421.96725210771154,0.2696207260096499,0.0,0.2414675547042679,0.0,0.4240185410343077,0.11331937189274181,LOW-COMPLEXITY,Low
439,2195.0,2200.0,0.0,0.0,0.0,98.80036926269531,99.66527862548828,3.460052083333334,0.0,0.0,0.0,0.1,0.0,0.0,0.0,0.4142425694511042,0.004918433415032681,431.7713548628765,0.2561117177686327,0.0,0.23889076125205985,0.0,0.4142425694511042,0.10810698295976123,LOW-COMPLEXITY,Low
440,2200.0,2205.0,0.0,0.0,0.0,98.83338165283203,99.11161499023437,3.029246527777778,0.0,0.0,0.0,0.1,0.0,0.0,0.0,0.4542197547476541,0.004438130855119827,452.6687477833137,0.3047471939264499,0.0,0.25310103731190636,0.0,0.4542197547476541,0.12740402133547868,LOW-COMPLEXITY,Low
441,2205.0,2210.0,0.0,0.0,0.0,98.0796890258789,98.63618927001953,3.66121875,0.0,0.0,0.0,0.1,0.0,0.0,0.0,0.46346469532598783,0.005477040985838781,429.3980248506527,0.3173425844596635,0.0,0.2545059346849735,0.0,0.46346469532598783,0.1318821955380755,LOW-COMPLEXITY,Low
442,2210.0,2215.0,0.0,0.0,0.0,98.13973999023438,98.86241149902344,2.799232638888889,0.0,0.0,0.0,0.1,0.0,0.0,0.0,0.4468787998467058,0.0044956467864923745,431.91999475189994,0.2981760927476839,0.0,0.24959750340740355,0.0,0.4468787998467058,0.12472747260475672,LOW-COMPLEXITY,Low
443,2215.0,2220.0,0.0,0.0,0.0,98.39295959472656,98.81743774414062,2.1750381944444444,0.0,0.0,0.0,0.1,0.0,0.0,0.0,0.396886301459331,0.003129773148148148,441.06351521137924,0.23374193615835484,0.0,0.23440266812317134,0.0,0.396886301459331,0.09969032655745463,LOW-COMPLEXITY,Low
444,2220.0,2225.0,0.0,0.0,0.0,99.5103759765625,99.95453033447265,2.151256944444445,0.0,0.0,0.0,0.1,0.0,0.0,0.0,0.4527422426437421,0.0031192196350762528,471.6202822148996,0.3042158583854293,0.0,0.2538254664925127,0.0,0.4527422426437421,0.12776128180415858,LOW-COMPLEXITY,Low
445,2225.0,2230.0,0.0,0.0,0.0,99.70256805419922,101.65331573486328,4.269402777777778,0.0,0.0,0.0,0.1,0.0,0.0,0.0,0.39860017095283534,0.005986110294117647,471.281013972281,0.2405881076002418,0.0,0.23585930798718693,0.0,0.39860017095283534,0.10319476885742748,LOW-COMPLEXITY,Low
446,2230.0,2235.0,0.0,0.0,0.0,100.38186645507812,101.25040893554687,2.1294305555555555,0.0,0.0,0.0,0.1,0.0,0.0,0.0,0.40687988357860366,0.003193559368191722,482.6179512293781,0.24928659364796035,0.0,0.2400193539527102,0.0,0.40687988357860366,0.10693009981277785,LOW-COMPLEXITY,Low
447,2235.0,2240.0,0.0,0.0,0.0,100.2449722290039,101.49714660644531,6.418732638888889,0.0,0.0,0.0,0.1,0.0,0.0,0.0,0.39248976800634816,0.009599524645969498,496.36617811052236,0.23130982328684943,0.0,0.23616910780913897,0.0,0.39248976800634816,0.10019165737503631,LOW-COMPLEXITY,Low
448,2240.0,2245.0,0.0,0.0,0.0,98.9888687133789,99.37602233886719,3.3197118055555555,0.0,0.0,0.0,0.1,0.0,0.0,0.0,0.4165642854202337,0.004847934504357299,452.73438705562927,0.2614038392718313,0.0,0.24203491691502355,0.0,0.4165642854202337,0.11127306920111547,LOW-COMPLEXITY,Low
449,2245.0,2250.0,0.0,0.0,0.0,98.46768951416016,99.89508056640625,6.854190972222223,0.0,0.0,0.0,0.1,0.0,0.0,0.0,0.40092203251456715,0.010618642973856209,439.29112124491223,0.24022627233191024,0.0,0.2348800667058431,0.0,0.40092203251456715,0.10209065138435841,LOW-COMPLEXITY,Low
450,2250.0,2255.0,0.0,0.0,0.0,98.41752624511719,99.01309051513672,3.968732638888889,0.0,0.0,0.0,0.1,0.0,0.0,0.0,0.408177870858302,0.0056522329793028325,435.2445297977337,0.2486938849899325,0.0,0.2376500378405915,0.0,0.408177870858302,0.10547998802459778,LOW-COMPLEXITY,Low
451,2255.0,2260.0,0.0,0.0,0.0,96.89228820800781,97.78017883300781,3.550149305555555,0.0,0.0,0.0,0.1,0.0,0.0,0.0,0.39397665736820936,0.005468347086056645,460.96813531740094,0.23213871093793564,0.0,0.2345640503019134,0.0,0.39397665736820936,0.09967260873258517,LOW-COMPLEXITY,Low
452,2260.0,2265.0,0.0,0.0,0.0,98.35778045654297,99.1697280883789,3.067333333333333,0.0,0.0,0.0,0.1,0.0,0.0,0.0,0.39836118811316445,0.004438366421568627,469.0418857858325,0.23711036106871955,0.0,0.23643810909337468,0.0,0.39836118811316445,0.10171822168874979,LOW-COMPLEXITY,Low
453,2265.0,2270.0,0.0,0.0,0.0,97.69292449951172,98.52778930664063,3.009204861111111,0.0,0.0,0.0,0.1,0.0,0.0,0.0,0.39434458781935944,0.0044441729302832226,436.17325911798144,0.231690619653032,0.0,0.23302198136660654,0.0,0.39434458781935944,0.09881685634998842,LOW-COMPLEXITY,Low
454,2270.0,2275.0,0.0,0.0,0.0,98.00357055664062,98.80774536132813,3.671770833333333,0.0,0.0,0.0,0.1,0.0,0.0,0.0,0.416448391318365,0.005463714460784313,444.40310825022834,0.2610686133608823,0.0,0.24096952093977667,0.0,0.416448391318365,0.11076154117977172,LOW-COMPLEXITY,Low
455,2275.0,2280.0,0.0,0.0,0.0,98.09188079833984,98.8175033569336,4.112802083333333,0.0,0.0,0.0,0.1,0.0,0.0,0.0,0.42198986931984167,0.005999802696078431,449.0548190162068,0.2671169513195667,0.0,0.2428660250339593,0.0,0.42198986931984167,0.1130641170917087,LOW-COMPLEXITY,Low
456,2280.0,2285.0,0.0,0.0,0.0,98.71893310546875,101.5819808959961,2.185524305555555,0.0,0.0,0.0,0.1,0.0,0.0,0.0,0.4550221544468336,0.0033628525326797392,467.92630117448033,0.3149785514471081,0.0,0.252748799535692,0.0,0.4550221544468336,0.13219581694933785,LOW-COMPLEXITY,Low
457,2285.0,2290.0,0.0,0.0,0.7600000000000051,99.22602844238281,102.76242370605469,2.5967361111111114,0.005700000000000038,0.0,0.038000000000000256,0.1,0.0,0.0,0.0088421052515233,0.4655445549968841,0.0037918438180827886,507.74986257751584,0.33665841874823443,0.003846315784412635,0.26133140831088236,0.0026526315754569897,0.4655445549968841,0.1447353793214335,LOW-COMPLEXITY,Low
458,2290.0,2295.0,0.0,0.0,0.0,98.92794799804688,99.3757568359375,3.0314236111111117,0.0,0.0,0.0,0.1,0.0,0.0,0.0,0.41204383775708586,0.004457971405228758,467.01872590071684,0.25564075223441585,0.0,0.24136573625641916,0.0,0.41204383775708586,0.10928742436768316,LOW-COMPLEXITY,Low
459,2295.0,2300.0,0.0,0.0,0.0,99.25325012207031,100.98592834472656,2.8686319444444446,0.0,0.0,0.0,0.1,0.0,0.0,0.0,0.41052885561506225,0.00401260089869281,466.87388156624945,0.2544843208343572,0.0,0.23919320341941439,0.0,0.41052885561506225,0.10832756771020806,LOW-COMPLEXITY,Low
460,2300.0,2305.0,0.0,0.0,0.0,99.99000549316406,101.61550750732422,3.8158680555555553,0.0,0.0,0.0,0.1,0.0,0.0,0.0,0.3962471349574624,0.00584360552832244,478.46919341056673,0.23814475156546205,0.0,0.2360363129800474,0.0,0.3962471349574624,0.10262330158638201,LOW-COMPLEXITY,Low
461,2305.0,2310.0,0.0,0.0,1.0,95.89218139648438,98.51297760009766,5.827520833333333,0.0075,0.0,0.05,0.2,0.0,0.0,0.027999999972000006,0.3928381576393917,0.009226334014161218,435.39326735010354,0.2347201307461201,0.012179999987820003,0.23683543849038435,0.008399999991600002,0.3928381576393917,0.10624292943064666,LOW-COMPLEXITY,Low
462,2310.0,2315.0,0.0,0.0,0.0,98.94282531738281,99.72330169677734,4.130833333333333,0.0,0.0,0.0,0.1,0.0,0.0,0.0,0.413644081293723,0.006087020424836602,462.0329010584996,0.25880739902182354,0.0,0.24143682235807398,0.0,0.413644081293723,0.11049556701280693,LOW-COMPLEXITY,Low
463,2315.0,2320.0,0.0,0.0,0.0,99.21944427490234,99.48047790527343,4.476368055555556,0.0,0.0,0.0,0.1,0.0,0.0,0.0,0.43246681749042376,0.006575161900871459,471.74144409542197,0.27908301942847064,0.0,0.24798563825919134,0.0,0.43246681749042376,0.11821977873234635,LOW-COMPLEXITY,Low
464,2320.0,2325.0,0.0,0.0,0.0,97.80008697509766,99.34749603271484,4.243256944444444,0.0,0.0,0.0,0.1,0.0,0.0,0.0,0.39778224569019177,0.006544238970588236,451.44277815449,0.2399716298542539,0.0,0.23496069662560287,0.0,0.39778224569019177,0.10277649732354001,LOW-COMPLEXITY,Low
465,2325.0,2330.0,0.0,0.0,0.0,98.89654541015625,99.82182312011719,2.6061215277777774,0.0,0.0,0.0,0.1,0.0,0.0,0.0,0.4466664946395913,0.003928564270152505,459.3765854847071,0.2976081506100926,0.0,0.25082771293890516,0.0,0.4466664946395913,0.12492715117376528,LOW-COMPLEXITY,Low
466,2330.0,2335.0,0.0,0.0,0.0,98.67263793945312,99.18896789550782,3.583409722222222,0.0,0.0,0.0,0.1,0.0,0.0,0.0,0.4283906883873703,0.005572321486928104,451.0983035116108,0.27758032205707583,0.0,0.24567058822244187,0.0,0.4283906883873703,0.11767719480954998,LOW-COMPLEXITY,Low
467,2335.0,2340.0,0.0,0.0,0.0,98.31324768066406,99.40182952880859,4.087017361111111,0.0,0.0,0.0,0.1,0.0,0.0,0.0,0.4110740541907341,0.006325190904139433,457.0144754713147,0.2561788919012464,0.0,0.2399598357863301,0.0,0.4110740541907341,0.1093068749281552,LOW-COMPLEXITY,Low
468,2340.0,2345.0,0.0,0.0,0.0,99.07449340820312,101.05300598144531,3.910291666666667,0.0,0.0,0.0,0.1,0.0,0.0,0.0,0.3905216933701564,0.005699141612200435,447.0049068371449,0.23140637181168064,0.0,0.2319320790497797,0.0,0.3905216933701564,0.0992489902307241,LOW-COMPLEXITY,Low
469,2345.0,2350.0,0.0,0.0,0.0,97.55217742919922,100.3949981689453,3.3169756944444444,0.0,0.0,0.0,0.1,0.0,0.0,0.0,0.3992921692338205,0.00504679003267974,477.0296356348039,0.2448783636954476,0.0,0.23604451663030224,0.0,0.3992921692338205,0.10523172035987445,LOW-COMPLEXITY,Low
470,2350.0,2355.0,0.0,0.0,0.0,96.39014434814453,99.18839569091797,6.074559027777777,0.0,0.0,0.0,0.1,0.0,0.0,0.0,0.38544132991158214,0.008846653867102396,417.4728994244343,0.2256023419297628,0.0,0.2276809212964097,0.0,0.38544132991158214,0.09612916094072926,LOW-COMPLEXITY,Low
471,2355.0,2360.0,0.0,0.0,0.0,99.74205780029297,100.53099670410157,3.9340381944444442,0.0,0.0,0.0,0.1,0.0,0.0,0.0,0.4157569065432386,0.0058780973583878,453.9121751788361,0.26207652555118177,0.0,0.24165842348514668,0.0,0.4157569065432386,0.11167948435958255,LOW-COMPLEXITY,Low
472,2360.0,2365.0,0.0,0.0,0.0,96.8816909790039,98.53829650878906,5.5391111111111115,0.0,0.0,0.0,0.1,0.0,0.0,0.0,0.3922693024605753,0.008412079112200432,433.6353156049349,0.2309098625826717,0.0,0.23159565855339898,0.0,0.3922693024605753,0.09844608616988167,LOW-COMPLEXITY,Low
473,2365.0,2370.0,0.0,0.0,0.0,100.03006744384766,100.8369857788086,4.043798611111111,0.0,0.0,0.0,0.1,0.0,0.0,0.0,0.4089375618878231,0.0057873696895424835,453.8735768878906,0.2514154666101802,0.0,0.23922682319655236,0.0,0.4089375618878231,0.10720273095192766,LOW-COMPLEXITY,Low
474,2370.0,2375.0,0.0,0.0,0.0,99.30274200439453,99.82484130859375,2.9607847222222223,0.0,0.0,0.0,0.1,0.0,0.0,0.0,0.40366348477543784,0.004084084150326798,436.520277560181,0.2436235255192049,0.0,0.2365361262041417,0.0,0.40366348477543784,0.10368353573719258,LOW-COMPLEXITY,Low
475,2375.0,2380.0,0.0,0.0,0.0,99.64901733398438,101.19654693603516,2.8579409722222224,0.0,0.0,0.0,0.1,0.0,0.0,0.0,0.41432660839148133,0.004147391612200435,457.9900288410291,0.26197593844228256,0.0,0.24094934013757038,0.0,0.41432660839148133,0.11173858617142059,LOW-COMPLEXITY,Low
476,2380.0,2385.0,0.0,0.0,0.0,99.07865142822266,99.56461944580079,3.7029131944444442,0.0,0.0,0.0,0.1,0.0,0.0,0.0,0.4358046708732994,0.005405796568627451,483.3851045509737,0.28361548737781733,0.0,0.2493961821319549,0.0,0.4358046708732994,0.12014523971676806,LOW-COMPLEXITY,Low
477,2385.0,2390.0,0.0,0.0,1.0,99.48973083496094,100.68074951171876,4.080288194444444,0.0075,0.0,0.05,0.2,0.0,0.0,0.027999999972000006,0.3961737894238437,0.0062510797930283215,472.892728155993,0.2352086616266634,0.012179999987820003,0.24130176051083316,0.008399999991600002,0.3961737894238437,0.10721649963196239,LOW-COMPLEXITY,Low
478,2390.0,2395.0,0.0,0.0,0.0,99.9720458984375,101.08448638916016,2.539722222222222,0.0,0.0,0.0,0.1,0.0,0.0,0.0,0.40642478015732686,0.00367990114379085,469.69053046801804,0.2498164300980213,0.0,0.23920926136657325,0.0,0.40642478015732686,0.10702526148797956,LOW-COMPLEXITY,Low
479,2395.0,2400.0,0.0,0.0,0.0,100.42557525634766,101.39321594238281,3.730274305555555,0.0,0.0,0.0,0.1,0.0,0.0,0.0,0.4063922476069726,0.00547409790305011,474.7850508670133,0.2500868533729861,0.0,0.23962198716879346,0.0,0.4063922476069726,0.10731306029382758,LOW-COMPLEXITY,Low
480,2400.0,2405.0,0.0,0.0,0.0,99.87035369873047,100.76091918945312,3.331777777777778,0.0,0.0,0.0,0.1,0.0,0.0,0.0,0.40866610401911174,0.004562126633986928,452.8121150236509,0.2493804796785797,0.0,0.2384199414791677,0.0,0.40866610401911174,0.1059706933522206,LOW-COMPLEXITY,Low
481,2405.0,2410.0,0.0,0.0,0.0,99.76380920410156,100.743017578125,3.5843854166666667,0.0,0.0,0.0,0.1,0.0,0.0,0.0,0.3908570116922148,0.004915753676470586,451.3364748675208,0.22869507609827835,0.0,0.23301860313854147,0.0,0.3908570116922148,0.09818979622457498,LOW-COMPLEXITY,Low
482,2410.0,2415.0,0.0,0.0,0.0,98.45307922363281,99.07523193359376,3.4410451388888887,0.0,0.0,0.0,0.1,0.0,0.0,0.0,0.4001674828331452,0.004932562363834423,434.8394258053416,0.23868399962862522,0.0,0.23505978434821184,0.0,0.4001674828331452,0.10157105362790045,LOW-COMPLEXITY,Low
483,2415.0,2420.0,0.0,0.0,0.0,98.45115661621094,99.3255615234375,2.9894270833333336,0.0,0.0,0.0,0.1,0.0,0.0,0.0,0.42135077540187404,0.004373038534858387,447.44812559037155,0.2688432410738927,0.0,0.2430008666786807,0.0,0.42135077540187404,0.11413423002401606,LOW-COMPLEXITY,Low
484,2420.0,2425.0,0.0,0.0,0.0,97.7566146850586,98.89539947509766,3.4526979166666667,0.0,0.0,0.0,0.1,0.0,0.0,0.0,0.420001368664497,0.005275431100217864,441.3988812116736,0.2650294145733461,0.0,0.24124352197229643,0.0,0.420001368664497,0.11194959781085254,LOW-COMPLEXITY,Low
485,2425.0,2430.0,0.0,0.0,0.0,98.152099609375,98.59285888671874,3.371871527777778,0.0,0.0,0.0,0.1,0.0,0.0,0.0,0.41166543382529713,0.0049447805010893265,447.94645219988627,0.254772502976912,0.0,0.24007820757806453,0.0,0.41166543382529713,0.10849726568445428,LOW-COMPLEXITY,Low
486,2430.0,2435.0,0.0,0.0,0.0,97.0003433227539,97.70204162597656,2.5654756944444443,0.0,0.0,0.0,0.1,0.0,0.0,0.0,0.4117617590181891,0.003921767973856209,442.67958560452814,0.25204433797207165,0.0,0.23868212041122652,0.0,0.4117617590181891,0.10662047137541783,LOW-COMPLEXITY,Low
487,2435.0,2440.0,0.0,0.0,0.0,98.52835845947266,99.27939453125,2.7310868055555555,0.0,0.0,0.0,0.1,0.0,0.0,0.0,0.4009805501881468,0.004119572167755991,453.32750354620003,0.2402774636318027,0.0,0.2363296398267068,0.0,0.4009805501881468,0.102608968208212,LOW-COMPLEXITY,Low
488,2440.0,2445.0,0.0,0.0,0.0,98.79255676269531,99.8648452758789,2.727819444444445,0.0,0.0,0.0,0.1,0.0,0.0,0.0,0.4213715562797744,0.004077906726579521,452.67956754661805,0.26606792632318554,0.0,0.24229430533471902,0.0,0.4213715562797744,0.11249408095880081,LOW-COMPLEXITY,Low
489,2445.0,2450.0,0.0,0.0,0.0,98.05225372314453,99.42813415527344,3.5456354166666673,0.0,0.0,0.0,0.1,0.0,0.0,0.0,0.391931446739174,0.00529675258714597,451.60482246027004,0.22979703065067986,0.0,0.2327586541540036,0.0,0.391931446739174,0.09838118259444768,LOW-COMPLEXITY,Low
490,2450.0,2455.0,0.0,0.0,0.0,98.04108428955078,99.49494781494141,3.8642916666666665,0.0,0.0,0.0,0.1,0.0,0.0,0.0,0.3906198231475351,0.005565667619825707,427.7248012375408,0.22987522156142567,0.0,0.2311649011140951,0.0,0.3906198231475351,0.09819037038376235,LOW-COMPLEXITY,Low
491,2455.0,2460.0,0.0,0.0,0.0,98.4344711303711,99.07490234375,2.517416666666667,0.0,0.0,0.0,0.1,0.0,0.0,0.0,0.41970174531282983,0.003845073393246187,449.60191479804564,0.26545907844678734,0.0,0.24242492406030405,0.0,0.41970174531282983,0.11265282631629261,LOW-COMPLEXITY,Low
492,2460.0,2465.0,0.0,0.0,0.0,98.28015899658203,98.85907440185547,1.71440625,0.0,0.0,0.0,0.1,0.0,0.0,0.0,0.3919992651123272,0.002588523420479303,454.0975041339749,0.22814956941122613,0.0,0.233524373603062,0.0,0.3919992651123272,0.09780849918860296,LOW-COMPLEXITY,Low
493,2465.0,2470.0,0.0,0.0,0.0,98.3901596069336,99.06958312988282,3.465246527777777,0.0,0.0,0.0,0.1,0.0,0.0,0.0,0.39804845826371604,0.0049949888344226565,460.167291588646,0.2358143436300681,0.0,0.23581971347360187,0.0,0.39804845826371604,0.10093195696486568,LOW-COMPLEXITY,Low
494,2470.0,2475.0,0.0,0.0,1.0,98.0955581665039,98.74822387695312,3.241576388888889,0.0075,0.0,0.05,0.1,0.0,0.0,0.0,0.4220207369377288,0.004629206427015251,429.84886785220067,0.26633533448822944,0.0,0.2416250885594561,0.0,0.4220207369377288,0.11223126400549217,LOW-COMPLEXITY,Low
495,2475.0,2480.0,0.0,0.0,0.0,130.20811462402344,131.35101318359375,3.580736111111111,0.0,0.0,0.0,0.1,0.0,0.0,0.0,0.4642401945685914,0.0057178229847494565,1037.0664877024333,0.32284870685092854,0.0,0.2590762209597215,0.0,0.4642401945685914,0.13604098211921892,LOW-COMPLEXITY,Low
496,2480.0,2485.0,0.0,0.0,0.0,131.79759216308594,132.503271484375,3.7994826388888883,0.0,0.0,0.0,0.1,0.0,0.0,0.0,0.5061839678274774,0.006413474128540306,1037.0274673929716,0.37062477050621756,0.0,0.27194979049871737,0.0,0.5061839678274774,0.15394881997079052,LOW-COMPLEXITY,Low
497,2485.0,2490.0,0.0,0.0,0.0,97.14581298828125,98.95511169433594,2.597982638888888,0.0,0.0,0.0,0.1,0.0,0.0,0.0,0.46006633206405817,0.00357294621459695,452.23626617671414,0.323753826344826,0.0,0.25562229027758426,0.0,0.46006633206405817,0.13632813175355293,LOW-COMPLEXITY,Low
498,2490.0,2495.0,0.0,0.0,0.0,99.34571838378906,100.34588623046875,2.8027187499999995,0.0,0.0,0.0,0.1,0.0,0.0,0.0,0.4317621369114048,0.003940308278867103,461.03779506011614,0.28179856128122965,0.0,0.24686196797947169,0.0,0.4317621369114048,0.11936043520557872,LOW-COMPLEXITY,Low
499,2495.0,2500.0,0.0,0.0,0.0,99.25748443603516,99.771533203125,3.379552083333333,0.0,0.0,0.0,0.1,0.0,0.0,0.0,0.4186408101616914,0.004959243600217864,450.9211553881822,0.2634857382506865,0.0,0.2423694845798779,0.0,0.4186408101616914,0.11191198618787764,LOW-COMPLEXITY,Low
500,2500.0,2505.0,0.0,0.0,0.0,98.05549621582031,98.75210571289062,2.4485520833333334,0.0,0.0,0.0,0.1,0.0,0.0,0.0,0.4107914046603692,0.0036810782952069717,448.70560610976673,0.2515444326466909,0.0,0.23893544775171152,0.0,0.4107914046603692,0.1067017718713522,LOW-COMPLEXITY,Low
501,2505.0,2510.0,0.0,0.0,0.0,101.1739273071289,101.93627166748047,2.8322118055555556,0.0,0.0,0.0,0.1,0.0,0.0,0.0,0.4080322038172262,0.004116578567538126,495.0825287258146,0.251802769101889,0.0,0.24150852949627083,0.0,0.4080322038172262,0.10842131892033273,LOW-COMPLEXITY,Low
502,2510.0,2515.0,0.0,0.0,0.0,98.34545135498047,99.2630401611328,3.2329965277777784,0.0,0.0,0.0,0.1,0.0,0.0,0.0,0.40672898079816533,0.004816796296296298,444.256927836622,0.24773732243865376,0.0,0.23739319249581278,0.0,0.40672898079816533,0.10527403339332002,LOW-COMPLEXITY,Low
503,2515.0,2520.0,0.0,0.0,0.0,98.5032730102539,98.68580017089843,2.2649722222222226,0.0,0.0,0.0,0.1,0.0,0.0,0.0,0.4201582588485416,0.0032700258714596954,441.5748586226079,0.26264289942024505,0.0,0.24203098881794988,0.0,0.4201582588485416,0.11099273108426957,LOW-COMPLEXITY,Low
504,2520.0,2525.0,0.0,0.0,0.0,97.67874145507812,98.3895248413086,2.8908784722222216,0.0,0.0,0.0,0.1,0.0,0.0,0.0,0.4042920191374255,0.00414853077342048,422.86542741718966,0.24575909470131613,0.0,0.23582791405270873,0.0,0.4042920191374255,0.10434631248474974,LOW-COMPLEXITY,Low
505,2525.0,2530.0,0.0,0.0,0.0,99.634765625,100.22920074462891,3.210642361111111,0.0,0.0,0.0,0.1,0.0,0.0,0.0,0.43273824088112606,0.004738703431372548,435.969555591453,0.28085189128142923,0.0,0.24567273929984723,0.0,0.43273824088112606,0.11822684417537965,LOW-COMPLEXITY,Low
506,2530.0,2535.0,0.0,0.0,0.0,97.06510925292969,98.68106536865234,3.6332083333333336,0.0,0.0,0.0,0.1,0.0,0.0,0.0,0.4448923385537897,0.005367973583877995,446.65059236174073,0.2971868611162235,0.0,0.24888085724271758,0.0,0.4448923385537897,0.12447864595461547,LOW-COMPLEXITY,Low
507,2535.0,2540.0,0.0,0.0,0.0,97.80135345458984,98.48287506103516,3.595204861111111,0.0,0.0,0.0,0.1,0.0,0.0,0.0,0.39151456990915917,0.005090733932461874,449.63806173434676,0.2282356991238732,0.0,0.2332388776389928,0.0,0.39151456990915917,0.09787281425829428,LOW-COMPLEXITY,Low
508,2540.0,2545.0,0.0,0.0,0.0,98.23704528808594,98.90992889404296,3.032961805555556,0.0,0.0,0.0,0.1,0.0,0.0,0.0,0.40714985769321843,0.004345721813725491,444.1085847148041,0.24981012363414137,0.0,0.2381986264255178,0.0,0.40714985769321843,0.1064871166426973,LOW-COMPLEXITY,Low
509,2545.0,2550.0,0.0,0.0,0.0,97.9381103515625,98.89953155517578,3.3425,0.0,0.0,0.0,0.1,0.0,0.0,0.0,0.41566180431867766,0.004719319852941176,429.3205138060225,0.261728351798258,0.0,0.24002183212124797,0.0,0.41566180431867766,0.11095636606189636,LOW-COMPLEXITY,Low
510,2550.0,2555.0,0.0,0.0,0.0,97.95299530029297,98.37393341064453,2.331388888888889,0.0,0.0,0.0,0.1,0.0,0.0,0.0,0.39984630145771355,0.0034017813180827897,420.775587207589,0.23914238911148905,0.0,0.23456882116255526,0.0,0.39984630145771355,0.10170870659821048,LOW-COMPLEXITY,Low
511,2555.0,2560.0,0.0,0.0,0.0,97.5037841796875,98.09123077392579,3.349885416666667,0.0,0.0,0.0,0.1,0.0,0.0,0.0,0.4041166373381229,0.004825377723311547,424.0068254645372,0.24448904611996833,0.0,0.23587354120852913,0.0,0.4041166373381229,0.10377110314843863,LOW-COMPLEXITY,Low
512,2560.0,2565.0,0.0,0.0,0.0,97.12723541259766,97.98131866455078,2.770690972222223,0.0,0.0,0.0,0.1,0.0,0.0,0.0,0.3895112513787698,0.004340945397603485,438.181162712319,0.22562299942266323,0.0,0.23157848314422566,0.0,0.3895112513787698,0.09648615596711814,LOW-COMPLEXITY,Low
513,2565.0,2570.0,0.0,0.0,0.0,97.0523681640625,97.94964599609375,2.7005104166666665,0.0,0.0,0.0,0.1,0.0,0.0,0.0,0.398037344348881,0.003961348175381263,450.2181790200407,0.23582777786032158,0.0,0.23480694959697718,0.0,0.398037344348881,0.10058698520188254,LOW-COMPLEXITY,Low
514,2570.0,2575.0,0.0,0.0,0.0,97.83094787597656,98.80020446777344,2.6533090277777776,0.0,0.0,0.0,0.1,0.0,0.0,0.0,0.39601777645839104,0.004053026143790849,449.38422365176035,0.2340512223652832,0.0,0.23421575512942877,0.0,0.39601777645839104,0.0999966813633439,LOW-COMPLEXITY,Low
515,2575.0,2580.0,0.0,0.0,0.0,96.71953582763672,98.35666046142578,6.073302083333332,0.0,0.0,0.0,0.1,0.0,0.0,0.0,0.4025524367759413,0.009403890659041392,419.392874030365,0.24356452346814775,0.0,0.23400886312870503,0.0,0.4025524367759413,0.1030472546351353,LOW-COMPLEXITY,Low
516,2580.0,2585.0,0.0,0.0,0.0,95.6175308227539,96.63849334716797,5.0310347222222225,0.0,0.0,0.0,0.1,0.0,0.0,0.0,0.4137567513609921,0.0076410668572984754,426.6805458096601,0.2567148391781907,0.0,0.2386103569721503,0.0,0.4137567513609921,0.10843185668909995,LOW-COMPLEXITY,Low
517,2585.0,2590.0,0.0,0.0,0.0,97.37564849853516,98.15530242919922,3.7297951388888886,0.0,0.0,0.0,0.1,0.0,0.0,0.0,0.41049260661410253,0.0055252017973856215,438.00980262652286,0.25254477917417295,0.0,0.23849144887541135,0.0,0.41049260661410253,0.10712124503995482,LOW-COMPLEXITY,Low
518,2590.0,2595.0,0.0,0.0,0.0,96.71665954589844,97.67411804199219,3.5595902777777777,0.0,0.0,0.0,0.1,0.0,0.0,0.0,0.4041829406062255,0.005227534722222222,422.79141720559454,0.24467335693035994,0.0,0.23531880387402576,0.0,0.4041829406062255,0.1036525246695326,LOW-COMPLEXITY,Low
519,2595.0,2600.0,0.0,0.0,0.0,94.94451904296875,97.65722351074218,3.4918263888888887,0.0,0.0,0.0,0.1,0.0,0.0,0.0,0.4216518218518214,0.005512289624183007,405.22053597173095,0.27551823778093953,0.0,0.2394527208226174,0.0,0.4216518218518214,0.11615461571543048,LOW-COMPLEXITY,Low
520,2600.0,2605.0,0.0,0.0,0.0,97.0682373046875,97.76871643066406,4.2263263888888885,0.0,0.0,0.0,0.1,0.0,0.0,0.0,0.410453715959689,0.006301128948801743,413.3545446943991,0.2529957378154633,0.0,0.2372136655111476,0.0,0.410453715959689,0.10690922284671107,LOW-COMPLEXITY,Low
521,2605.0,2610.0,0.0,0.0,0.0,97.12582397460938,100.38435363769531,4.127798611111111,0.0,0.0,0.0,0.1,0.0,0.0,0.0,0.4101160040023065,0.006136495234204793,442.50353914765367,0.2592619666327725,0.0,0.23696566212456108,0.0,0.4101160040023065,0.110039964059406,LOW-COMPLEXITY,Low
522,2610.0,2615.0,0.0,0.0,0.0,97.47407531738281,99.45733947753907,4.6954722222222225,0.0,0.0,0.0,0.1,0.0,0.0,0.0,0.39696384980254085,0.007143695942265794,444.52393056156336,0.2383297102682062,0.0,0.23360255462683935,0.0,0.39696384980254085,0.10168478680286167,LOW-COMPLEXITY,Low
523,2615.0,2620.0,0.0,0.0,0.0,98.73367309570312,99.66309204101563,3.6628819444444445,0.0,0.0,0.0,0.1,0.0,0.0,0.0,0.4359564691578148,0.005345589596949892,459.4292963759683,0.2844589999287674,0.0,0.2475216772911773,0.0,0.4359564691578148,0.11987296972684205,LOW-COMPLEXITY,Low
524,2620.0,2625.0,0.0,0.0,0.0,97.33796691894531,99.36378936767578,2.6385,0.0,0.0,0.0,0.1,0.0,0.0,0.0,0.39467710601706213,0.003765093001089325,445.3795006522175,0.23469081735860167,0.0,0.23266002063417202,0.0,0.39467710601706213,0.1001071393969955,LOW-COMPLEXITY,Low
525,2625.0,2630.0,0.0,0.0,0.0,96.55526733398438,98.48081817626954,3.4363055555555557,0.0,0.0,0.0,0.1,0.0,0.0,0.0,0.3923119783570474,0.005120103758169935,447.467676104152,0.23346244709298972,0.0,0.2325062638437857,0.0,0.3923119783570474,0.100030421302558,LOW-COMPLEXITY,Low
526,2630.0,2635.0,0.0,0.0,0.0,97.38406372070312,98.84771881103515,3.6401770833333336,0.0,0.0,0.0,0.1,0.0,0.0,0.0,0.3936337573228995,0.005538960375816993,449.89357577499663,0.23403340677516404,0.0,0.23348369484715942,0.0,0.3936337573228995,0.10032755725336295,LOW-COMPLEXITY,Low
527,2635.0,2640.0,0.0,0.0,0.0,97.65633392333984,98.51135559082032,3.4485937499999997,0.0,0.0,0.0,0.1,0.0,0.0,0.0,0.4089947347639557,0.004981281454248367,443.9233246048321,0.25175821123102055,0.0,0.23850864771702843,0.0,0.4089947347639557,0.10710844862548127,LOW-COMPLEXITY,Low
528,2640.0,2645.0,0.0,0.0,0.0,100.08036041259766,101.32713165283204,3.792493055555555,0.0,0.0,0.0,0.1,0.0,0.0,0.0,0.4038694754619211,0.005678078159041395,456.37036353973446,0.24448281408565958,0.0,0.23693564939271447,0.0,0.4038694754619211,0.10420151546479958,LOW-COMPLEXITY,Low
529,2645.0,2650.0,0.0,0.0,0.0,96.83233642578125,100.28508605957032,5.006388888888889,0.0,0.0,0.0,0.1,0.0,0.0,0.0,0.3859055196699572,0.0075551043028322445,445.00096936630496,0.22905712951119744,0.0,0.22932194624100272,0.0,0.3859055196699572,0.09831486602246037,LOW-COMPLEXITY,Low
530,2650.0,2655.0,0.0,0.0,0.0,97.24079895019531,99.15111999511718,5.519475694444443,0.0,0.0,0.0,0.1,0.0,0.0,0.0,0.388397676599831,0.008309093818082787,438.5563346198012,0.22718112288805656,0.0,0.23067562145734477,0.0,0.388397676599831,0.09722760980414119,LOW-COMPLEXITY,Low
531,2655.0,2660.0,0.0,0.0,0.0,97.48900604248047,98.83728332519532,4.982371527777778,0.0,0.0,0.0,0.1,0.0,0.0,0.0,0.41162491743032453,0.007632604030501091,462.7008174008068,0.2548711004885855,0.0,0.23983326955818857,0.0,0.41162491743032453,0.10847096523207762,LOW-COMPLEXITY,Low
532,2660.0,2665.0,0.0,0.0,0.0,98.21003723144531,98.76665496826172,3.69926388888889,0.0,0.0,0.0,0.1,0.0,0.0,0.0,0.41548952889264124,0.005240533769063181,432.60097080209107,0.25635798261009834,0.0,0.23945236197202077,0.0,0.41548952889264124,0.10811493577209615,LOW-COMPLEXITY,Low
533,2665.0,2670.0,0.0,0.0,0.0,97.69081115722656,98.6863006591797,3.687041666666666,0.0,0.0,0.0,0.1,0.0,0.0,0.0,0.4126709324020375,0.005166293981481482,441.53152788585504,0.2548162995256856,0.0,0.23892976923841056,0.0,0.4126709324020375,0.1078658358957771,LOW-COMPLEXITY,Low
534,2670.0,2675.0,0.0,0.0,0.0,98.08246612548828,98.74039764404297,2.050621527777778,0.0,0.0,0.0,0.1,0.0,0.0,0.0,0.3971464265377558,0.0029907046568627446,450.214705793139,0.23481705160636657,0.0,0.2348533487129772,0.0,0.3971464265377558,0.10032059121828635,LOW-COMPLEXITY,Low
535,2675.0,2680.0,0.0,0.0,0.0,96.30928802490234,98.7221694946289,3.6147951388888893,0.0,0.0,0.0,0.1,0.0,0.0,0.0,0.38867101841231877,0.0054598856209150315,429.9459776245575,0.22831930364080602,0.0,0.22954527558749968,0.0,0.38867101841231877,0.0973327436729482,LOW-COMPLEXITY,Low
536,2680.0,2685.0,0.0,0.0,0.0,98.6353530883789,100.04578094482422,3.4673715277777775,0.0,0.0,0.0,0.1,0.0,0.0,0.0,0.40806965767850406,0.005148696623093681,461.06261847011416,0.2502017477352081,0.0,0.23834427180316015,0.0,0.40806965767850406,0.10650395457908407,LOW-COMPLEXITY,Low
537,2685.0,2690.0,0.0,0.0,0.0,98.71452331542969,99.00760192871094,2.843465277777778,0.0,0.0,0.0,0.1,0.0,0.0,0.0,0.4512907892328035,0.004091003676470588,452.43174546692705,0.3035089064550289,0.0,0.2526627741620016,0.0,0.4512907892328035,0.12736372687601416,LOW-COMPLEXITY,Low
538,2690.0,2695.0,0.0,0.0,0.0,97.42792510986328,98.21559295654296,3.1510381944444448,0.0,0.0,0.0,0.1,0.0,0.0,0.0,0.4333892165094275,0.004415730119825707,424.15046017376227,0.2799091600726379,0.0,0.2444706611633617,0.0,0.4333892165094275,0.11717200731613865,LOW-COMPLEXITY,Low
539,2695.0,2700.0,0.0,0.0,0.0,97.87342071533203,102.82656707763672,3.4410625,0.0,0.0,0.0,0.1,0.0,0.0,0.0,0.4023449441313023,0.005191251497821351,467.16959203459385,0.25471678556551025,0.0,0.23522934164698278,0.0,0.4023449441313023,0.10910242632637353,LOW-COMPLEXITY,Low
540,2700.0,2705.0,0.0,0.0,0.0,98.60516357421875,99.79983215332031,4.430961805555556,0.0,0.0,0.0,0.1,0.0,0.0,0.0,0.4197727915176481,0.0062060038126361666,465.02850252823066,0.26333101468077036,0.0,0.2421871287877867,0.0,0.4197727915176481,0.1114878045366985,LOW-COMPLEXITY,Low
541,2705.0,2710.0,0.0,0.0,0.0,97.40153503417969,97.91391143798828,3.999399305555555,0.0,0.0,0.0,0.1,0.0,0.0,0.0,0.4393445268929813,0.006048573393246187,457.05288844259593,0.2886422429831834,0.0,0.24904367874003724,0.0,0.4393445268929813,0.12165027732735938,LOW-COMPLEXITY,Low
542,2710.0,2715.0,0.0,0.0,0.0,96.61991882324219,98.41303863525391,5.151541666666667,0.0,0.0,0.0,0.1,0.0,0.0,0.0,0.3859642903433979,0.008069104302832244,409.2062429375584,0.22408985077606047,0.0,0.2283090582262301,0.0,0.3859642903433979,0.0954620231813613,LOW-COMPLEXITY,Low
543,2715.0,2720.0,0.0,0.0,0.0,97.24502563476562,99.61360931396484,4.971236111111111,0.0,0.0,0.0,0.1,0.0,0.0,0.0,0.4050258637671595,0.007477328022875818,443.6211673434178,0.25103585714449966,0.0,0.23640995520275268,0.0,0.4050258637671595,0.1070049469514234,LOW-COMPLEXITY,Low
544,2720.0,2725.0,0.0,0.0,0.0,98.48210906982422,99.33668212890625,5.1668125,0.0,0.0,0.0,0.1,0.0,0.0,0.0,0.4053129493422206,0.007839950571895423,435.66030470081864,0.24744194927176344,0.0,0.23701442056400857,0.0,0.4053129493422206,0.10534778449772955,LOW-COMPLEXITY,Low
545,2725.0,2730.0,0.0,0.0,0.0,98.97759246826172,100.55511932373047,3.942784722222222,0.0,0.0,0.0,0.1,0.0,0.0,0.0,0.41059320560366724,0.005819379357298475,467.8233485462468,0.2565986375157663,0.0,0.24021602918254154,0.0,0.41059320560366724,0.10972662757085587,LOW-COMPLEXITY,Low
546,2730.0,2735.0,0.0,0.0,0.0,97.06938934326172,98.07941436767578,5.416010416666667,0.0,0.0,0.0,0.1,0.0,0.0,0.0,0.3989560990604056,0.007992422930283223,444.39903724866736,0.2379196806177034,0.0,0.2350149476655658,0.0,0.3989560990604056,0.10147604722669834,LOW-COMPLEXITY,Low
547,2735.0,2740.0,0.0,0.0,0.0,98.84599304199219,99.9154296875,4.910041666666667,0.0,0.0,0.0,0.1,0.0,0.0,0.0,0.4130726428923478,0.007225276688453159,451.51633127753456,0.2541990078394601,0.0,0.23942162224028984,0.0,0.4130726428923478,0.10762891098074454,LOW-COMPLEXITY,Low
548,2740.0,2745.0,0.0,0.0,0.0,98.2884750366211,98.59601135253907,3.979909722222222,0.0,0.0,0.0,0.1,0.0,0.0,0.0,0.4218472697804921,0.005855539896514162,437.52248731560695,0.2687809111637997,0.0,0.24310982792137426,0.0,0.4218472697804921,0.11401707790925783,LOW-COMPLEXITY,Low
549,2745.0,2750.0,0.0,0.0,0.0,96.68354034423828,97.75790557861328,5.246097222222222,0.0,0.0,0.0,0.1,0.0,0.0,0.0,0.40753250608566516,0.008053836328976034,430.4755532954547,0.25037770217738675,0.0,0.23710150751711,0.0,0.40753250608566516,0.1062912521982656,LOW-COMPLEXITY,Low
550,2750.0,2755.0,0.0,0.0,0.0,98.7865982055664,99.28136749267578,3.4144687500000006,0.0,0.0,0.0,0.1,0.0,0.0,0.0,0.4318036126388888,0.004803750680827889,453.5108346580524,0.2780317126049367,0.0,0.24617489676212964,0.0,0.4318036126388888,0.11722616700949154,LOW-COMPLEXITY,Low
551,2755.0,2760.0,0.0,0.0,0.0,97.91001892089844,98.56675415039062,3.328472222222222,0.0,0.0,0.0,0.1,0.0,0.0,0.0,0.40292220999342315,0.004650324346405228,450.3239874807599,0.2436943770856691,0.0,0.23711843268938712,0.0,0.40292220999342315,0.10410808748576425,LOW-COMPLEXITY,Low
552,2760.0,2765.0,0.0,0.0,1.0,97.21156311035156,98.81845703125,5.89503125,0.0075,0.0,0.05,0.1,0.0,0.0,0.0,0.40287380720081245,0.008676146241830062,431.54100812518004,0.2432624927334718,0.0,0.23477274546064558,0.0,0.40287380720081245,0.10308325547775873,LOW-COMPLEXITY,Low
553,2765.0,2770.0,0.0,0.0,0.0,97.916259765625,99.33869323730468,1.6504027777777779,0.0,0.0,0.0,0.1,0.0,0.0,0.0,0.3886620379406751,0.0026621162854030497,453.6762089672852,0.22628693772174913,0.0,0.2317878989820847,0.0,0.3886620379406751,0.09710372401943543,LOW-COMPLEXITY,Low
554,2770.0,2775.0,0.0,0.0,0.0,98.87480926513672,99.70965881347657,2.705888888888888,0.0,0.0,0.0,0.1,0.0,0.0,0.0,0.40681470274116627,0.004054504901960784,468.67337193243674,0.24997734806577535,0.0,0.23938818202959602,0.0,0.40681470274116627,0.10707086205795471,LOW-COMPLEXITY,Low
555,2775.0,2780.0,0.0,0.0,0.0,98.78421783447266,98.9845184326172,1.0318784722222225,0.0,0.0,0.0,0.1,0.0,0.0,0.0,0.5010801591527521,0.0018832414215686274,473.07782798698497,0.35853993013845353,0.0,0.26781020822582435,0.0,0.5010801591527521,0.14773349816007728,LOW-COMPLEXITY,Low
556,2780.0,2785.0,0.0,0.0,0.0,98.13740539550781,100.0628875732422,2.8479409722222226,0.0,0.0,0.0,0.1,0.0,0.0,0.0,0.4156474015372066,0.004030666394335513,451.8584217707229,0.26395836128936445,0.0,0.24050373059492197,0.0,0.4156474015372066,0.11224363596860326,LOW-COMPLEXITY,Low
557,2785.0,2790.0,0.0,0.0,0.0,99.19283294677734,102.27767944335938,3.1394062499999995,0.0,0.0,0.0,0.1,0.0,0.0,0.0,0.42710039505317343,0.004834129629629629,494.56611495665703,0.28348046038298785,0.0,0.2464144224585263,0.0,0.42710039505317343,0.12121017928868476,LOW-COMPLEXITY,Low
558,2790.0,2795.0,0.0,0.0,0.0,100.2404556274414,101.27779388427734,4.0068923611111105,0.0,0.0,0.0,0.1,0.0,0.0,0.0,0.47839555787032095,0.006389019471677559,498.5176000291413,0.33336837699775856,0.0,0.26199777505891886,0.0,0.47839555787032095,0.13878452030192065,LOW-COMPLEXITY,Low
559,2795.0,2800.0,0.0,0.0,0.0,128.40721130371094,130.31735534667968,5.6997638888888895,0.0,0.0,0.0,0.1,0.0,0.0,0.0,0.3914248493006902,0.008478476579520697,1125.712833033065,0.23116967547700548,0.0,0.2359034420206187,0.0,0.3914248493006902,0.10029483012054673,LOW-COMPLEXITY,Low
560,2800.0,2805.0,0.0,0.0,0.0,122.65583801269531,130.77167663574218,5.411711805555556,0.0,0.0,0.0,0.1,0.0,0.0,0.0,0.3925979121979677,0.008571091230936821,794.6877166638782,0.2498870307457374,0.0,0.23189757536504307,0.0,0.3925979121979677,0.10795818870114185,LOW-COMPLEXITY,Low
561,2805.0,2810.0,0.0,0.0,0.0,99.1478042602539,100.42559509277343,3.2072881944444447,0.0,0.0,0.0,0.1,0.0,0.0,0.0,0.4150608078311246,0.004827014569716776,436.70830138724136,0.25874245193462514,0.0,0.23920750406143307,0.0,0.4150608078311246,0.10932865043103299,LOW-COMPLEXITY,Low
562,2810.0,2815.0,0.0,0.0,0.0,99.87797546386719,100.44760131835938,2.94959375,0.0,0.0,0.0,0.1,0.0,0.0,0.0,0.41728753774334515,0.004233259803921569,442.5210167719625,0.26293142191611857,0.0,0.24152815142915662,0.0,0.41728753774334515,0.11167867952242783,LOW-COMPLEXITY,Low
563,2815.0,2820.0,0.0,0.0,0.0,99.48734283447266,100.50826416015624,3.5909861111111114,0.0,0.0,0.0,0.1,0.0,0.0,0.0,0.39748130433410306,0.005067394880174293,460.0298538506551,0.2356712546925449,0.0,0.23520393464027178,0.0,0.39748130433410306,0.10078667838684181,LOW-COMPLEXITY,Low
564,2820.0,2825.0,0.0,0.0,0.0,99.32902526855469,99.7047332763672,1.8649340277777777,0.0,0.0,0.0,0.1,0.0,0.0,0.0,0.47241459410337816,0.0028220072167755993,471.85931056982,0.3272881569880004,0.0,0.2597168701591379,0.0,0.47241459410337816,0.13644133452385393,LOW-COMPLEXITY,Low
565,2825.0,2830.0,0.0,0.0,0.0,98.04515838623047,99.05810241699218,5.131111111111112,0.0,0.0,0.0,0.1,0.0,0.0,0.0,0.3942335675204145,0.0073706465141612195,429.9654036207592,0.23341139117679766,0.0,0.2329189613893146,0.0,0.3942335675204145,0.0996689401945553,LOW-COMPLEXITY,Low
566,2830.0,2835.0,0.0,0.0,0.0,99.34429931640625,99.75750579833985,3.339590277777778,0.0,0.0,0.0,0.1,0.0,0.0,0.0,0.4401059159977998,0.005035051334422657,439.95936307213947,0.29027248476071066,0.0,0.24848341939951196,0.0,0.4401059159977998,0.12207896017073458,LOW-COMPLEXITY,Low
567,2835.0,2840.0,0.0,0.0,0.0,98.5177230834961,99.67740783691406,4.112916666666667,0.0,0.0,0.0,0.1,0.0,0.0,0.0,0.4009923447954894,0.006226051879084967,439.97789765000437,0.24156273510342063,0.0,0.23528808172032956,0.0,0.4009923447954894,0.10288410995495331,LOW-COMPLEXITY,Low
568,2840.0,2845.0,0.0,0.0,0.0,98.72844696044922,99.64046936035156,3.4042569444444437,0.0,0.0,0.0,0.1,0.0,0.0,0.0,0.42117853175643993,0.005192681644880174,442.8076545472995,0.26840140889776365,0.0,0.2423360935312859,0.0,0.42117853175643993,0.11372370424572191,LOW-COMPLEXITY,Low
569,2845.0,2850.0,0.0,0.0,0.0,98.8678207397461,100.26493072509766,3.8152361111111115,0.0,0.0,0.0,0.1,0.0,0.0,0.0,0.396979196735105,0.0058647849945533785,477.74917443736484,0.2373126950460274,0.0,0.23617287701093648,0.0,0.396979196735105,0.1020720552930652,LOW-COMPLEXITY,Low
570,2850.0,2855.0,0.0,0.0,1.0,98.274169921875,100.77659301757812,4.59067013888889,0.0075,0.0,0.05,0.1,0.0,0.0,0.0,0.4110437761256054,0.006635545887799565,445.7239238931818,0.2590514558793491,0.0,0.2381671606512405,0.0,0.4110437761256054,0.11012329013620736,LOW-COMPLEXITY,Low
571,2855.0,2860.0,0.0,0.0,0.0,99.58331298828125,100.2571044921875,2.597736111111111,0.0,0.0,0.0,0.1,0.0,0.0,0.0,0.3890256267278206,0.0035884023692810455,468.54828282208945,0.22487598096420244,0.0,0.23350137216570155,0.0,0.3890256267278206,0.0969070640581416,LOW-COMPLEXITY,Low
572,2860.0,2865.0,0.0,0.0,0.0,99.57461547851562,100.0173583984375,2.814263888888889,0.0,0.0,0.0,0.1,0.0,0.0,0.0,0.40738247628989704,0.0038857064270152505,471.88022097908646,0.2475532892138347,0.0,0.23971241528109938,0.0,0.40738247628989704,0.10583037088282787,LOW-COMPLEXITY,Low
573,2865.0,2870.0,0.0,0.0,0.0,97.02639770507812,98.64349670410157,3.0089895833333324,0.0,0.0,0.0,0.1,0.0,0.0,0.0,0.43290615722809855,0.004466435593681917,447.44826408786196,0.28393291609473836,0.0,0.2456020977634462,0.0,0.43290615722809855,0.11970065295755068,LOW-COMPLEXITY,Low
574,2870.0,2875.0,0.0,0.0,0.0,97.64794158935547,98.49094696044922,4.525184027777777,0.0,0.0,0.0,0.1,0.0,0.0,0.0,0.4070649235206638,0.0067826063453159035,444.27363533196876,0.24984483089517345,0.0,0.23805745168512535,0.0,0.4070649235206638,0.10647629265721464,LOW-COMPLEXITY,Low
575,2875.0,2880.0,0.0,0.0,0.0,97.45477294921875,98.19468231201172,2.833177083333334,0.0,0.0,0.0,0.1,0.0,0.0,0.0,0.3907197654027262,0.004185573257080609,474.78634143401484,0.22716616277521243,0.0,0.23437299168138087,0.0,0.3907197654027262,0.09793368712540797,LOW-COMPLEXITY,Low
576,2880.0,2885.0,0.0,0.0,0.0,97.10540008544922,97.84331665039062,2.950586805555555,0.0,0.0,0.0,0.1,0.0,0.0,0.0,0.40616570785896455,0.004245805691721133,457.0765996240084,0.24649779594731366,0.0,0.23815189117068383,0.0,0.40616570785896455,0.10506063291865503,LOW-COMPLEXITY,Low
577,2885.0,2890.0,0.0,0.0,0.0,94.56011199951172,98.56094055175781,4.450559027777778,0.0,0.0,0.0,0.1,0.0,0.0,0.0,0.402745000738364,0.006793909449891067,426.1196117153587,0.2526216292572539,0.0,0.23318832828098904,0.0,0.402745000738364,0.10724047934238214,LOW-COMPLEXITY,Low
578,2890.0,2895.0,0.0,0.0,0.0,95.90826416015625,98.40233612060547,4.55832638888889,0.0,0.0,0.0,0.1,0.0,0.0,0.0,0.39433603854045796,0.006758683823529412,430.1939315056773,0.2374862561756543,0.0,0.23187985506789843,0.0,0.39433603854045796,0.10131706772647711,LOW-COMPLEXITY,Low
579,2895.0,2900.0,0.0,0.0,0.0,97.78992462158203,98.67672576904297,2.818232638888889,0.0,0.0,0.0,0.1,0.0,0.0,0.0,0.4197079446593057,0.004123465958605664,448.7899151181996,0.2624041147006493,0.0,0.2413639048297891,0.0,0.4197079446593057,0.1107524378759244,LOW-COMPLEXITY,Low
580,2900.0,2905.0,0.0,0.0,0.0,97.97675323486328,98.33846282958984,3.393024305555555,0.0,0.0,0.0,0.1,0.0,0.0,0.0,0.41050622492499855,0.004892131399782135,448.73704067126204,0.25245397167172906,0.0,0.23970093298957607,0.0,0.41050622492499855,0.10749575615096651,LOW-COMPLEXITY,Low
581,2905.0,2910.0,0.0,0.0,0.0,97.62972259521484,98.13218536376954,3.307590277777778,0.0,0.0,0.0,0.1,0.0,0.0,0.0,0.46888876082119957,0.004732097630718955,442.36607302597366,0.32280815046299033,0.0,0.25669039553502665,0.0,0.46888876082119957,0.13402352346345459,LOW-COMPLEXITY,Low
582,2910.0,2915.0,0.0,0.0,0.0,94.96369934082031,98.56134643554688,4.472010416666668,0.0,0.0,0.0,0.1,0.0,0.0,0.0,0.4140489441824123,0.006649498366013071,428.9834270502419,0.26612451885835253,0.0,0.23719267772173924,0.0,0.4140489441824123,0.11256746058618196,LOW-COMPLEXITY,Low
583,2915.0,2920.0,0.0,0.0,0.0,97.10673522949219,98.58730621337891,2.8762395833333336,0.0,0.0,0.0,0.1,0.0,0.0,0.0,0.40574481224609277,0.0042684764433551185,465.77866730143404,0.24890622835542647,0.0,0.23818532943516266,0.0,0.40574481224609277,0.10638177641849697,LOW-COMPLEXITY,Low
584,2920.0,2925.0,0.0,0.0,0.0,96.19063568115234,97.69606170654296,5.023364583333333,0.0,0.0,0.0,0.1,0.0,0.0,0.0,0.400151877267093,0.007715355255991286,423.06472266115435,0.24032295730541808,0.0,0.23355468147123035,0.0,0.400151877267093,0.10186764785086641,LOW-COMPLEXITY,Low
585,2925.0,2930.0,0.0,0.0,0.0,96.76239776611328,97.77382965087891,3.056482638888889,0.0,0.0,0.0,0.1,0.0,0.0,0.0,0.40124945945083956,0.004540650054466232,447.8379999983906,0.2406880371437544,0.0,0.2357281334087829,0.0,0.40124945945083956,0.10253650040224131,LOW-COMPLEXITY,Low
586,2930.0,2935.0,0.0,0.0,0.0,95.88707733154297,97.13351287841797,3.4880277777777784,0.0,0.0,0.0,0.1,0.0,0.0,0.0,0.387956619966853,0.005258693218954248,416.34740870773317,0.22551014089809668,0.0,0.22973391637293245,0.0,0.387956619966853,0.09617278618786144,LOW-COMPLEXITY,Low
587,2935.0,2940.0,0.0,0.0,0.0,99.60564422607422,100.41245727539062,2.812517361111111,0.0,0.0,0.0,0.1,0.0,0.0,0.0,0.43072095351259637,0.0038954083605664486,462.11905636210435,0.27792114173517235,0.0,0.24616562334504605,0.0,0.43072095351259637,0.1174383006602032,LOW-COMPLEXITY,Low
588,2940.0,2945.0,0.0,0.0,0.0,99.94065856933594,100.89403991699218,3.068697916666667,0.0,0.0,0.0,0.1,0.0,0.0,0.0,0.41748965102085456,0.004294284449891068,484.30297045566607,0.2636606417040681,0.0,0.24382926317340947,0.0,0.41748965102085456,0.11279815020751373,LOW-COMPLEXITY,Low
589,2945.0,2950.0,0.0,0.0,1.0,99.50518798828125,100.6389144897461,3.455506944444444,0.0075,0.0,0.05,0.1,0.0,0.0,0.0,0.4144881850812154,0.005073137527233117,472.96243291096147,0.2564206268890286,0.0,0.24098783126152404,0.0,0.4144881850812154,0.10893400811574389,LOW-COMPLEXITY,Low
590,2950.0,2955.0,0.0,0.0,0.0,99.29586791992188,99.69053802490234,3.455194444444445,0.0,0.0,0.0,0.1,0.0,0.0,0.0,0.4139020473268535,0.005127122685185185,453.05683580283767,0.2585013925359028,0.0,0.2413358322945633,0.0,0.4139020473268535,0.11024272573933519,LOW-COMPLEXITY,Low
591,2955.0,2960.0,0.0,0.0,0.0,98.51194763183594,98.9443130493164,2.4972048611111113,0.0,0.0,0.0,0.1,0.0,0.0,0.0,0.41429713868262247,0.003741996459694989,443.0065061196052,0.257057287784359,0.0,0.24031687774380536,0.0,0.41429713868262247,0.10906526643185574,LOW-COMPLEXITY,Low
592,2960.0,2965.0,0.0,0.0,0.0,96.52576446533203,97.51172180175782,3.4939340277777773,0.0,0.0,0.0,0.1,0.0,0.0,0.0,0.3957736390571618,0.0053610590958605665,434.8783669963427,0.23325390667811563,0.0,0.23316224952368778,0.0,0.3957736390571618,0.09929033090805808,LOW-COMPLEXITY,Low
593,2965.0,2970.0,0.0,0.0,0.0,98.8321304321289,99.21162567138671,3.5821319444444444,0.0,0.0,0.0,0.1,0.0,0.0,0.0,0.42163823737087874,0.005090881399782135,448.09293952294996,0.2690231800846644,0.0,0.24357288667307708,0.0,0.42163823737087874,0.11435254103518949,LOW-COMPLEXITY,Low
594,2970.0,2975.0,0.0,0.0,0.0,98.84796142578125,99.13682861328125,2.827454861111111,0.0,0.0,0.0,0.1,0.0,0.0,0.0,0.40141332667508894,0.004054738562091503,460.85593922660644,0.23883221073975955,0.0,0.2371293602673924,0.0,0.40141332667508894,0.10205804979469488,LOW-COMPLEXITY,Low
595,2975.0,2980.0,0.0,0.0,0.0,98.55094909667969,98.84318389892579,3.892982638888889,0.0,0.0,0.0,0.1,0.0,0.0,0.0,0.4183939498285466,0.00562015781590414,443.2255744893489,0.2608643804126938,0.0,0.2416326983671192,0.0,0.4183939498285466,0.11040514717770196,LOW-COMPLEXITY,Low
596,2980.0,2985.0,0.0,0.0,0.0,98.76538848876953,99.28678894042969,3.61215625,0.0,0.0,0.0,0.1,0.0,0.0,0.0,0.40747760256191456,0.005277893110021786,458.3587382755979,0.24844952253580652,0.0,0.23905848693783985,0.0,0.40747760256191456,0.10602583105566855,LOW-COMPLEXITY,Low
597,2985.0,2990.0,0.0,0.0,0.0,97.59221649169922,99.0802230834961,3.7861631944444443,0.0,0.0,0.0,0.1,0.0,0.0,0.0,0.39809201897005214,0.005374549428104575,445.3136315586907,0.23913811078876407,0.0,0.23453488896020774,0.0,0.39809201897005214,0.10213326178794171,LOW-COMPLEXITY,Low
598,2990.0,2995.0,0.0,0.0,0.0,98.59054565429688,99.91213531494141,4.851961805555556,0.0,0.0,0.0,0.1,0.0,0.0,0.0,0.40379922652199174,0.007163994281045751,447.13109917395286,0.2461754455528936,0.0,0.23677477693952412,0.0,0.40379922652199174,0.10500908807478229,LOW-COMPLEXITY,Low
599,2995.0,3000.0,0.0,0.0,0.0,98.73249816894531,99.24317169189453,3.7527847222222226,0.0,0.0,0.0,0.1,0.0,0.0,0.0,0.425924178582176,0.005607779956427014,443.58041053740436,0.27093712372091777,0.0,0.24382383228890983,0.0,0.425924178582176,0.11432585851603332,LOW-COMPLEXITY,Low
600,3000.0,3005.0,0.0,0.0,0.0,98.43167877197266,99.14460906982421,3.049388888888889,0.0,0.0,0.0,0.1,0.0,0.0,0.0,0.3939228888571691,0.004675985838779957,460.483234745655,0.23131504486586232,0.0,0.23462298218681982,0.0,0.3939228888571691,0.09929484398402583,LOW-COMPLEXITY,Low
601,3005.0,3010.0,0.0,0.0,0.0,98.59231567382812,101.71038360595703,3.4328020833333337,0.0,0.0,0.0,0.1,0.0,0.0,0.0,0.3971026804968435,0.005097199210239651,468.1417821478853,0.2429408513612836,0.0,0.2346932655239276,0.0,0.3971026804968435,0.10433739848980557,LOW-COMPLEXITY,Low
602,3010.0,3015.0,0.0,0.0,0.0,97.59336853027344,97.957080078125,2.8934166666666665,0.0,0.0,0.0,0.1,0.0,0.0,0.0,0.42193211768701333,0.004355871595860565,434.2041116101184,0.2655071808853087,0.0,0.24207354560849256,0.0,0.42193211768701333,0.11199630198387343,LOW-COMPLEXITY,Low
603,3015.0,3020.0,0.0,0.0,0.0,97.31669616699219,98.64428100585937,3.9491319444444444,0.0,0.0,0.0,0.1,0.0,0.0,0.0,0.38712565131030807,0.005785284858387799,431.2041100852593,0.22471681714153466,0.0,0.23027389326150152,0.0,0.38712565131030807,0.09617285838471584,LOW-COMPLEXITY,Low
604,3020.0,3025.0,0.0,0.0,0.0,98.15022277832031,98.89039459228516,2.943447916666667,0.0,0.0,0.0,0.1,0.0,0.0,0.0,0.4038193070803192,0.004316444989106754,460.39461214966224,0.24493386268272302,0.0,0.23786896020916234,0.0,0.4038193070803192,0.10476624064448853,LOW-COMPLEXITY,Low
605,3025.0,3030.0,0.0,0.0,0.0,96.88838958740234,99.36233825683594,3.7548194444444443,0.0,0.0,0.0,0.1,0.0,0.0,0.0,0.4119162408609184,0.005491529820261439,454.3196896545523,0.2606366320416069,0.0,0.23908052893974746,0.0,0.4119162408609184,0.11101744093448548,LOW-COMPLEXITY,Low
606,3030.0,3035.0,0.0,0.0,0.0,96.34056854248047,97.87392883300781,4.323753472222221,0.0,0.0,0.0,0.1,0.0,0.0,0.0,0.4065858508516481,0.006587590686274509,447.0769464237619,0.24827939074050961,0.0,0.2369041750193863,0.0,0.4065858508516481,0.10540969391412798,LOW-COMPLEXITY,Low
607,3035.0,3040.0,0.0,0.0,0.0,95.96034240722656,97.04514923095704,3.7453993055555554,0.0,0.0,0.0,0.1,0.0,0.0,0.0,0.4101372298665333,0.0058398681917211336,455.8361505755815,0.2509516428822077,0.0,0.2387064530796652,0.0,0.4101372298665333,0.10648877255235337,LOW-COMPLEXITY,Low
608,3040.0,3045.0,0.0,0.0,0.0,98.07771301269531,99.5076675415039,4.057333333333333,0.0,0.0,0.0,0.1,0.0,0.0,0.0,0.3940104784757925,0.005895703159041394,439.5976483176542,0.23448992295252669,0.0,0.2330604909870802,0.0,0.3940104784757925,0.10031351370279327,LOW-COMPLEXITY,Low
609,3045.0,3050.0,0.0,0.0,0.0,97.1692886352539,98.62779846191407,4.4961319444444445,0.0,0.0,0.0,0.1,0.0,0.0,0.0,0.39966631611883263,0.006709586873638345,450.45297690454396,0.24042120001728837,0.0,0.23531901503474875,0.0,0.39966631611883263,0.10265567624109809,LOW-COMPLEXITY,Low
610,3050.0,3055.0,0.0,0.0,0.0,97.00498962402344,98.88856201171875,4.1279375,0.0,0.0,0.0,0.1,0.0,0.0,0.0,0.392620399470106,0.006037162581699345,439.05466930819244,0.23359865473022648,0.0,0.2322796720445878,0.0,0.392620399470106,0.09994211271319246,LOW-COMPLEXITY,Low
611,3055.0,3060.0,0.0,0.0,0.0,99.00565338134766,100.10933685302734,5.182479166666667,0.0,0.0,0.0,0.1,0.0,0.0,0.0,0.40810141021556784,0.007873634940087144,442.5286078357144,0.25147073665097314,0.0,0.23799263822731534,0.0,0.40810141021556784,0.10700743915115497,LOW-COMPLEXITY,Low
612,3060.0,3065.0,0.0,0.0,0.0,96.99126434326172,98.92567291259766,6.781100694444445,0.0,0.0,0.0,0.1,0.0,0.0,0.0,0.3953472995627804,0.010638117919389976,424.89971072347237,0.23569071003701367,0.0,0.23209931140075876,0.0,0.3953472995627804,0.1002432891180773,LOW-COMPLEXITY,Low
613,3065.0,3070.0,0.0,0.0,0.7600000000000051,98.9629135131836,100.19951171875,5.112055555555557,0.005700000000000038,0.0,0.038000000000000256,0.1,0.0,0.0,0.0088421052515233,0.45682758787438843,0.007693103758169935,430.18413252384323,0.3084401848760065,0.003846315784412635,0.25325973394173057,0.0026526315754569897,0.45682758787438843,0.12998041813674033,LOW-COMPLEXITY,Low
614,3070.0,3075.0,0.0,0.0,0.0,100.1569595336914,100.79022827148438,3.876496527777778,0.0,0.0,0.0,0.1,0.0,0.0,0.0,0.41446161691924094,0.005340361519607844,448.36253839496874,0.25897850721238946,0.0,0.24085938866627263,0.0,0.41446161691924094,0.11017463540957992,LOW-COMPLEXITY,Low
615,3075.0,3080.0,0.0,0.0,0.0,99.72627258300781,100.20916137695312,2.5077291666666675,0.0,0.0,0.0,0.1,0.0,0.0,0.0,0.41707621243147897,0.0035733958333333334,475.60344797371374,0.25906463472210073,0.0,0.24275632140872105,0.0,0.41707621243147897,0.11022797674623298,LOW-COMPLEXITY,Low
616,3080.0,3085.0,0.0,0.0,0.0,98.42510986328125,99.04377593994141,3.161378472222222,0.0,0.0,0.0,0.1,0.0,0.0,0.0,0.43792743724853844,0.004521575980392156,461.6082985074801,0.285592920209082,0.0,0.24833800427376126,0.0,0.43792743724853844,0.12023290228822282,LOW-COMPLEXITY,Low
617,3085.0,3090.0,0.0,0.0,0.0,97.06058502197266,99.68715057373046,2.94834375,0.0,0.0,0.0,0.1,0.0,0.0,0.0,0.4387311766009487,0.004365863970588236,463.3070652165025,0.2980071287733063,0.0,0.24883892202925847,0.0,0.4387311766009487,0.12641439294665646,LOW-COMPLEXITY,Low
618,3090.0,3095.0,0.0,0.0,0.0,98.75418090820312,99.24036102294922,3.0924895833333337,0.0,0.0,0.0,0.1,0.0,0.0,0.0,0.4108522598416462,0.004671688589324619,457.41852060278745,0.252710466090579,0.0,0.24009022245748096,0.0,0.4108522598416462,0.10767374594499629,LOW-COMPLEXITY,Low
619,3095.0,3100.0,0.0,0.0,0.0,98.26466369628906,99.74522857666015,5.26385763888889,0.0,0.0,0.0,0.1,0.0,0.0,0.0,0.40952259630299137,0.007705095588235294,475.1741888000435,0.2529524873754157,0.0,0.23991973657050847,0.0,0.40952259630299137,0.10806750241163797,LOW-COMPLEXITY,Low
620,3100.0,3105.0,0.0,0.0,0.0,97.62300109863281,98.1158233642578,3.857986111111112,0.0,0.0,0.0,0.1,0.0,0.0,0.0,0.4148661257701297,0.005661492647058824,447.6144354689631,0.2581715143039146,0.0,0.24090017669541117,0.0,0.4148661257701297,0.10968428755281878,LOW-COMPLEXITY,Low
621,3105.0,3110.0,0.0,0.0,0.0,98.92857360839844,99.25029754638672,1.754784722222222,0.0,0.0,0.0,0.1,0.0,0.0,0.0,0.39905764047996295,0.0025067077886710243,463.5334612655892,0.23625865487462971,0.0,0.23650641582044188,0.0,0.39905764047996295,0.10114216285447877,LOW-COMPLEXITY,Low
622,3110.0,3115.0,0.0,0.0,0.0,97.6574478149414,98.83303375244141,3.6472569444444445,0.0,0.0,0.0,0.1,0.0,0.0,0.0,0.3930680696894061,0.005191608115468409,457.43358107448665,0.23107690867588349,0.0,0.23360743525303568,0.0,0.3930680696894061,0.0990340392541527,LOW-COMPLEXITY,Low
623,3115.0,3120.0,0.0,0.0,0.0,100.07791900634766,103.51494140625,3.4104062500000003,0.0,0.0,0.0,0.1,0.0,0.0,0.0,0.41358917680805835,0.005183305010893246,493.1814551926227,0.26590801445533707,0.0,0.24160428112306698,0.0,0.41358917680805835,0.11411821141872738,LOW-COMPLEXITY,Low
624,3120.0,3125.0,0.0,0.0,0.0,99.82290649414062,100.94126434326172,3.1339444444444444,0.0,0.0,0.0,0.1,0.0,0.0,0.0,0.40149076683680995,0.004711700027233116,497.64068305448654,0.2434641145999765,0.0,0.2391196555154317,0.0,0.40149076683680995,0.10505124502118686,LOW-COMPLEXITY,Low
625,3125.0,3130.0,0.0,0.0,0.0,97.04492950439453,98.23140869140624,3.4629791666666665,0.0,0.0,0.0,0.1,0.0,0.0,0.0,0.39953493931085876,0.004731224673202614,444.92968784918463,0.24024962981160827,0.0,0.2352166384800734,0.0,0.39953493931085876,0.10256690354611513,LOW-COMPLEXITY,Low
626,3130.0,3135.0,0.0,0.0,0.0,98.8754653930664,99.11449890136718,1.4286458333333332,0.0,0.0,0.0,0.1,0.0,0.0,0.0,0.4120787879617329,0.002268727260348584,472.5974914410033,0.2506149174200612,0.0,0.24075603833629183,0.0,0.4120787879617329,0.10655237513729951,LOW-COMPLEXITY,Low
627,3135.0,3140.0,0.0,0.0,1.0,131.86163330078125,132.32750244140624,4.131690972222222,0.0075,0.0,0.05,0.1,0.0,0.0,1.0,0.5071975838336013,0.005430845452069718,1440.972776143086,0.3713268798705661,0.435,0.472951373651454,0.3,0.5071975838336013,0.37439702475489167,HEAVY-TAIL-RISK,Moderate
628,3140.0,3145.0,0.0,0.0,0.0,131.85110473632812,133.253076171875,3.0054166666666666,0.0,0.0,0.0,0.1,0.0,0.0,0.0,0.4094369749054176,0.004055314814814815,1762.4895053361124,0.253753844435386,0.0,0.24210641139337738,0.0,0.4094369749054176,0.1092549224790207,LOW-COMPLEXITY,Low
629,3145.0,3150.0,0.0,0.0,0.0,132.61614990234375,133.22828369140626,2.1685902777777777,0.0,0.0,0.0,0.1,0.0,0.0,0.0,0.3927318880937602,0.0029297064270152507,1804.271801593455,0.2289077007700251,0.0,0.23664917240390618,0.0,0.3927318880937602,0.09909808870293965,LOW-COMPLEXITY,Low
630,3150.0,3155.0,0.0,0.0,0.0,131.67872619628906,132.5109893798828,3.055190972222223,0.0,0.0,0.0,0.1,0.0,0.0,0.0,0.4065072874755098,0.004029587282135077,1759.0843707369665,0.2482749658410563,0.0,0.24135655950274812,0.0,0.4065072874755098,0.10698545687761253,LOW-COMPLEXITY,Low
631,3155.0,3160.0,0.0,0.0,0.0,131.21363830566406,131.62484130859374,2.4135208333333336,0.0,0.0,0.0,0.1,0.0,0.0,0.0,0.4014082563950781,0.0032603515795206974,1728.7783981092782,0.2383087904324343,0.0,0.23929222703306266,0.0,0.4014082563950781,0.10255461057901957,LOW-COMPLEXITY,Low
632,3160.0,3165.0,0.0,0.0,0.0,131.33856201171875,132.14519958496095,2.5569583333333337,0.0,0.0,0.0,0.1,0.0,0.0,0.0,0.4160184823287954,0.0035150016339869287,1743.15150609496,0.2609397477540065,0.0,0.24452697033785753,0.0,0.4160184823287954,0.11204969291305453,LOW-COMPLEXITY,Low
633,3165.0,3170.0,0.0,0.0,0.0,98.94385528564453,132.35787353515624,2.5576423611111108,0.0,0.0,0.0,0.1,0.0,0.0,0.0,0.49604626075674646,0.0040086334422657945,761.3595876799587,0.43009763914202576,0.0,0.24984843224038011,0.0,0.49604626075674646,0.1784842056659593,LOW-COMPLEXITY,Low
634,3170.0,3175.0,0.0,0.0,0.0,98.57125091552734,99.64689636230469,3.461447916666667,0.0,0.0,0.0,0.1,0.0,0.0,0.0,0.39413158453707714,0.004843797521786492,449.7959662858092,0.23355241986490746,0.0,0.23393178371442952,0.0,0.39413158453707714,0.10011943809823477,LOW-COMPLEXITY,Low
635,3175.0,3180.0,0.0,0.0,1.0,97.03247833251953,99.15580596923829,3.50375,0.0075,0.0,0.05,0.1,0.0,0.0,0.0,0.39996567006798744,0.005274311002178649,438.5177245325049,0.24311978760559821,0.0,0.23424690264510314,0.0,0.39996567006798744,0.10355489221158834,LOW-COMPLEXITY,Low
636,3180.0,3185.0,0.0,0.0,0.0,98.78218078613281,99.55658874511718,1.535496527777778,0.0,0.0,0.0,0.1,0.0,0.0,0.0,0.39658948905345526,0.0023901183278867105,477.3683074991717,0.2354686365629961,0.0,0.23639343443413038,0.0,0.39658948905345526,0.10132464807007986,LOW-COMPLEXITY,Low
637,3185.0,3190.0,0.0,0.0,0.0,96.5401382446289,98.1952133178711,2.9999340277777775,0.0,0.0,0.0,0.1,0.0,0.0,0.0,0.4036422252268499,0.004397027777777778,433.3266722256528,0.2470978116170986,0.0,0.23555648065675988,0.0,0.4036422252268499,0.10508311773170279,LOW-COMPLEXITY,Low
638,3190.0,3195.0,0.0,0.0,0.0,98.04408264160156,99.38360443115235,2.9349375000000006,0.0,0.0,0.0,0.1,0.0,0.0,0.0,0.4556675555630631,0.004337403458605665,427.7810804196132,0.306273327370117,0.0,0.2504059289746941,0.0,0.4556675555630631,0.12686184993543564,LOW-COMPLEXITY,Low
639,3195.0,3200.0,0.0,0.0,0.0,98.01106262207031,99.42520904541016,3.7456527777777784,0.0,0.0,0.0,0.1,0.0,0.0,0.0,0.3899385975760054,0.005520465958605665,464.581939380008,0.2275005626861617,0.0,0.2328593003434592,0.0,0.3899385975760054,0.09776638706929021,LOW-COMPLEXITY,Low
640,3200.0,3205.0,0.0,0.0,1.0,98.70870971679688,99.29059295654297,2.6570312500000006,0.0075,0.0,0.05,0.1,0.0,0.0,0.0,0.43897338572701716,0.004039298611111111,437.33183282917565,0.2878411577813874,0.0,0.2475010562734361,0.0,0.43897338572701716,0.12080260215464204,LOW-COMPLEXITY,Low
641,3205.0,3210.0,0.0,0.0,0.0,97.28253173828125,99.09048309326172,4.261913194444445,0.0,0.0,0.0,0.1,0.0,0.0,0.0,0.38517969835512256,0.0063991154684095875,433.0882758461382,0.223055852410421,0.0,0.22942728409684862,0.0,0.38517969835512256,0.09553255105032687,LOW-COMPLEXITY,Low
642,3210.0,3215.0,0.0,0.0,0.0,98.77218627929688,100.06792755126953,3.730510416666667,0.0,0.0,0.0,0.1,0.0,0.0,0.0,0.4122175516237583,0.005380595724400873,427.4309734184385,0.2562687004760682,0.0,0.23808682264711423,0.0,0.4122175516237583,0.10841035025858449,LOW-COMPLEXITY,Low
643,3215.0,3220.0,0.0,0.0,0.0,99.86515808105469,100.12183227539063,1.51609375,0.0,0.0,0.0,0.1,0.0,0.0,0.0,0.44458101232606967,0.0023503735021786496,471.094410077877,0.29394126831663675,0.0,0.2514632356730319,0.0,0.44458101232606967,0.1238375135623621,LOW-COMPLEXITY,Low
644,3220.0,3225.0,0.0,0.0,0.0,99.32960510253906,99.9693374633789,2.5420416666666665,0.0,0.0,0.0,0.1,0.0,0.0,0.0,0.4088028989299403,0.0038469884259259264,459.8060618109263,0.25106658853225167,0.0,0.23948830454541273,0.0,0.4088028989299403,0.10715347612453519,LOW-COMPLEXITY,Low
645,3225.0,3230.0,0.0,0.0,0.0,98.394775390625,100.08451080322266,4.300173611111111,0.0,0.0,0.0,0.1,0.0,0.0,0.0,0.4136164672754059,0.006538980255991284,478.5737945851991,0.2596550462881537,0.0,0.24149405991050096,0.0,0.4136164672754059,0.11094632729390072,LOW-COMPLEXITY,Low
646,3230.0,3235.0,0.0,0.0,0.0,99.44004821777344,100.18547668457032,3.0737118055555555,0.0,0.0,0.0,0.1,0.0,0.0,0.0,0.4034517316956479,0.00452851375272331,450.42560543737596,0.24538764256527074,0.0,0.23735173902326026,0.0,0.4034517316956479,0.10490399701686448,LOW-COMPLEXITY,Low
647,3235.0,3240.0,0.0,0.0,0.0,99.4375991821289,100.60727233886719,3.2956145833333337,0.0,0.0,0.0,0.1,0.0,0.0,0.0,0.4001257531799575,0.004737673611111111,457.5828863169124,0.2402627674856287,0.0,0.23599526380582314,0.0,0.4001257531799575,0.10269828777986306,LOW-COMPLEXITY,Low
648,3240.0,3245.0,0.0,0.0,0.0,99.17799377441406,99.80757751464844,2.8660208333333337,0.0,0.0,0.0,0.1,0.0,0.0,0.0,0.4198084120818758,0.004072936138344227,448.040138106668,0.264538532047501,0.0,0.24220337669838693,0.0,0.4198084120818758,0.11208834484771694,LOW-COMPLEXITY,Low
649,3245.0,3250.0,0.0,0.0,0.0,96.38489532470703,98.45731048583984,5.182371527777778,0.0,0.0,0.0,0.1,0.0,0.0,0.0,0.39022534612751886,0.008009808823529412,438.5300240391089,0.23098902738207244,0.0,0.23134030967540656,0.0,0.39022534612751886,0.0989072855455488,LOW-COMPLEXITY,Low
650,3250.0,3255.0,0.0,0.0,0.0,98.8516845703125,99.4676025390625,3.8169965277777784,0.0,0.0,0.0,0.1,0.0,0.0,0.0,0.416901547228513,0.005737911220043573,446.87290139731124,0.2616875669613631,0.0,0.2414576164077759,0.0,0.416901547228513,0.11112856241627488,LOW-COMPLEXITY,Low
651,3255.0,3260.0,0.0,0.0,0.0,97.91531372070312,99.6459457397461,4.493444444444443,0.0,0.0,0.0,0.1,0.0,0.0,0.0,0.3963504548837091,0.0066559159858387805,448.62667301998937,0.23760577452441764,0.0,0.2340661413228068,0.0,0.3963504548837091,0.10163842300426391,LOW-COMPLEXITY,Low
652,3260.0,3265.0,0.0,0.0,0.0,97.18286895751953,98.30421600341796,5.115656250000001,0.0,0.0,0.0,0.1,0.0,0.0,0.0,0.39287056534052167,0.007749647194989108,424.20029078192516,0.2305886093971865,0.0,0.23172989074705638,0.0,0.39287056534052167,0.09818212512493256,LOW-COMPLEXITY,Low
653,3265.0,3270.0,0.0,0.0,0.0,99.544677734375,100.60655822753907,3.5503125000000004,0.0,0.0,0.0,0.1,0.0,0.0,0.0,0.4163818742267734,0.005208090822440088,447.1998957267622,0.2610460999275622,0.0,0.240688255275921,0.0,0.4163818742267734,0.11066847075366011,LOW-COMPLEXITY,Low
654,3270.0,3275.0,0.0,0.0,0.0,99.848876953125,100.4536849975586,2.7670659722222233,0.0,0.0,0.0,0.1,0.0,0.0,0.0,0.426279664690459,0.004141655092592593,452.33380974794886,0.2737178184624657,0.0,0.2447170028305205,0.0,0.426279664690459,0.11593994404930026,LOW-COMPLEXITY,Low
655,3275.0,3280.0,0.0,0.0,0.0,100.43180847167969,102.5764663696289,3.1926979166666665,0.0,0.0,0.0,0.1,0.0,0.0,0.0,0.3953099827044635,0.0046165201525054465,466.97096753690016,0.23581671251640796,0.0,0.23419887569701126,0.0,0.3953099827044635,0.10105046707604204,LOW-COMPLEXITY,Low
656,3280.0,3285.0,0.0,0.0,0.0,105.16812133789062,105.59791259765625,1.7217673611111115,0.0,0.0,0.0,0.1,0.0,0.0,0.0,0.4063828007366884,0.002697562908496732,549.5155809261983,0.24482507963670325,0.0,0.2407400619373897,0.0,0.4063828007366884,0.10507586131226591,LOW-COMPLEXITY,Low
657,3285.0,3290.0,0.0,0.0,0.0,101.27033233642578,104.41458892822266,2.8986423611111114,0.0,0.0,0.0,0.1,0.0,0.0,0.0,0.3931563839237507,0.004236181508714596,503.0584879063634,0.2372771881368092,0.0,0.23521453392707603,0.0,0.3931563839237507,0.10267458496194354,LOW-COMPLEXITY,Low
658,3290.0,3295.0,0.0,0.0,0.0,101.64772033691406,102.25228118896484,3.841934027777778,0.0,0.0,0.0,0.1,0.0,0.0,0.0,0.42880198334289954,0.005656155501089326,490.962464182419,0.27607585604121315,0.0,0.2477727476941629,0.0,0.42880198334289954,0.1175578938778387,LOW-COMPLEXITY,Low
659,3295.0,3300.0,0.0,0.0,0.0,100.49951171875,102.52212677001953,4.701645833333333,0.0,0.0,0.0,0.1,0.0,0.0,0.0,0.3879436417134713,0.006926665305010893,458.2239909503008,0.2265252500581273,0.0,0.23165226908428113,0.0,0.3879436417134713,0.09735500878019422,LOW-COMPLEXITY,Low
660,3300.0,3305.0,0.0,0.0,0.0,99.05872344970703,100.65032806396485,3.9357395833333326,0.0,0.0,0.0,0.1,0.0,0.0,0.0,0.4498374853912338,0.005742000136165578,448.1317837608368,0.30211181369627715,0.0,0.25034235076424216,0.0,0.4498374853912338,0.12621635826781485,LOW-COMPLEXITY,Low
661,3305.0,3310.0,0.0,0.0,0.0,98.63581848144531,100.18416137695313,4.124819444444445,0.0,0.0,0.0,0.1,0.0,0.0,0.0,0.39334709201141377,0.005975089596949892,443.916534329333,0.23371090665690927,0.0,0.23295252497493504,0.0,0.39334709201141377,0.10005206406682846,LOW-COMPLEXITY,Low
662,3310.0,3315.0,0.0,0.0,0.0,98.32852935791016,100.48849639892579,5.023722222222221,0.0,0.0,0.0,0.1,0.0,0.0,0.0,0.3902886043384616,0.008107436819172113,440.2189141986049,0.23105245853459244,0.0,0.2312474960392002,0.0,0.3902886043384616,0.09889070179640089,LOW-COMPLEXITY,Low
663,3315.0,3320.0,0.0,0.0,0.0,99.22384643554688,100.27555236816406,4.186586805555556,0.0,0.0,0.0,0.1,0.0,0.0,0.0,0.4067744884088043,0.006039637118736383,446.67720205741483,0.2489045521232373,0.0,0.2376672703385931,0.0,0.4067744884088043,0.10594219857792517,LOW-COMPLEXITY,Low
664,3320.0,3325.0,0.0,0.0,0.0,100.4978256225586,100.87460327148438,3.376152777777778,0.0,0.0,0.0,0.1,0.0,0.0,0.0,0.4303008011244748,0.004939122821350763,463.33262685357397,0.2789285924519277,0.0,0.2470291090026788,0.0,0.4303008011244748,0.11834928409578274,LOW-COMPLEXITY,Low
665,3325.0,3330.0,0.0,0.0,0.0,98.62953186035156,99.44308319091797,4.360725694444443,0.0,0.0,0.0,0.1,0.0,0.0,0.0,0.4014765359828902,0.006383716367102397,442.9135635214964,0.24126074633451575,0.0,0.23595023201218787,0.0,0.4014765359828902,0.10284382037580107,LOW-COMPLEXITY,Low
666,3330.0,3335.0,0.0,0.0,0.0,99.13316345214844,99.95599517822265,3.7003472222222222,0.0,0.0,0.0,0.1,0.0,0.0,0.0,0.4016398331223554,0.005509854438997821,456.46322359729373,0.24065836355667464,0.0,0.23656384556428747,0.0,0.4016398331223554,0.10271656944524908,LOW-COMPLEXITY,Low
667,3335.0,3340.0,0.0,0.0,0.0,99.46174621582031,100.659033203125,3.0480555555555555,0.0,0.0,0.0,0.1,0.0,0.0,0.0,0.3982752558874101,0.00442143287037037,462.8866220008035,0.2384614541088415,0.0,0.2357301174821005,0.0,0.3982752558874101,0.1021674542013034,LOW-COMPLEXITY,Low
668,3340.0,3345.0,0.0,0.0,0.0,98.37964630126953,99.14364013671874,3.6579861111111107,0.0,0.0,0.0,0.1,0.0,0.0,0.0,0.4107959151510534,0.0053747256263616565,435.35719100559044,0.2542065548703195,0.0,0.23875705415382917,0.0,0.4107959151510534,0.10796926760123662,LOW-COMPLEXITY,Low
669,3345.0,3350.0,0.0,0.0,0.0,97.29512023925781,99.81639556884765,4.831753472222224,0.0,0.0,0.0,0.1,0.0,0.0,0.0,0.414042234715452,0.007355239106753811,442.0328313126457,0.26013845219100984,0.0,0.23811241780691805,0.0,0.414042234715452,0.10989801364906324,LOW-COMPLEXITY,Low
670,3350.0,3355.0,0.0,0.0,0.0,99.08222961425781,100.18985900878906,4.601305555555555,0.0,0.0,0.0,0.1,0.0,0.0,0.0,0.4055064382795973,0.006331767293028322,447.1627047946989,0.24678411651708898,0.0,0.23722970548546174,0.0,0.4055064382795973,0.10504584560855676,LOW-COMPLEXITY,Low
671,3355.0,3360.0,0.0,0.0,0.0,97.76671600341797,98.61012420654296,4.217701388888889,0.0,0.0,0.0,0.1,0.0,0.0,0.0,0.4100833406302034,0.006062140522875817,426.98158290825756,0.2531524316415089,0.0,0.23781615084060406,0.0,0.4100833406302034,0.10729103345741502,LOW-COMPLEXITY,Low
672,3360.0,3365.0,0.0,0.0,0.0,98.3331527709961,98.94730072021484,2.7015833333333332,0.0,0.0,0.0,0.1,0.0,0.0,0.0,0.3967500178788497,0.0038692735566448807,450.6896292992885,0.23337865483232406,0.0,0.23466076816850903,0.0,0.3967500178788497,0.09963309180542776,LOW-COMPLEXITY,Low
673,3365.0,3370.0,0.0,0.0,0.7600000000000051,98.15673065185547,99.1830062866211,5.331836805555556,0.005700000000000038,0.0,0.038000000000000256,0.1,0.0,0.0,0.0088421052515233,0.39766164762870426,0.007750594362745097,440.18559380117887,0.23743954473274498,0.003846315784412635,0.23638017196953084,0.0026526315754569897,0.39766164762870426,0.1033637364362607,LOW-COMPLEXITY,Low
674,3370.0,3375.0,0.0,0.0,0.0,99.56424713134766,101.29784088134765,3.4662847222222215,0.0,0.0,0.0,0.1,0.0,0.0,0.0,0.39270552003799364,0.005105243600217866,446.0990162094162,0.23327321875674473,0.0,0.23282602188348592,0.0,0.39270552003799364,0.09994933702809403,LOW-COMPLEXITY,Low
675,3375.0,3380.0,0.0,0.0,0.0,97.26288604736328,99.12224578857422,4.26015625,0.0,0.0,0.0,0.1,0.0,0.0,0.0,0.40628488661111295,0.006938738698257081,435.0289557295241,0.24910165710258875,0.0,0.23587291835497443,0.0,0.40628488661111295,0.10553512832275716,LOW-COMPLEXITY,Low
676,3380.0,3385.0,0.0,0.0,0.0,98.8946304321289,99.53877258300781,2.90528125,0.0,0.0,0.0,0.1,0.0,0.0,0.0,0.42110644069867853,0.004495849537037037,456.8799479117983,0.26444557280297454,0.0,0.2427503114080324,0.0,0.42110644069867853,0.11190878521962899,LOW-COMPLEXITY,Low
677,3385.0,3390.0,0.0,0.0,0.0,99.38207244873047,100.17349853515626,3.136979166666667,0.0,0.0,0.0,0.1,0.0,0.0,0.0,0.3990980383502837,0.004622625408496732,451.817601356833,0.23874951574314016,0.0,0.23577251759716286,0.0,0.3990980383502837,0.10212062944300615,LOW-COMPLEXITY,Low
678,3390.0,3395.0,0.0,0.0,0.0,98.30987548828125,99.55506591796875,5.491239583333333,0.0,0.0,0.0,0.1,0.0,0.0,0.0,0.3960185453087747,0.008505311546840958,463.3944077230258,0.2352930257151087,0.0,0.2351890888683395,0.0,0.3960185453087747,0.1009580576342795,LOW-COMPLEXITY,Low
679,3395.0,3400.0,0.0,0.0,0.0,96.9157943725586,99.33628387451172,5.726940972222223,0.0,0.0,0.0,0.1,0.0,0.0,0.0,0.4334805286490948,0.009056707516339869,474.89554668809325,0.28676892336888765,0.0,0.24704570218870756,0.0,0.4334805286490948,0.12148032528821778,LOW-COMPLEXITY,Low
680,3400.0,3405.0,0.0,0.0,0.0,98.00086212158203,99.15736541748046,4.737180555555555,0.0,0.0,0.0,0.1,0.0,0.0,0.0,0.4073189330405718,0.006955375680827889,454.70641055583127,0.24970596696189282,0.0,0.23827318145415013,0.0,0.4073189330405718,0.106418863729756,LOW-COMPLEXITY,Low
681,3405.0,3410.0,0.0,0.0,0.0,98.23269653320312,98.59232177734376,3.5104027777777786,0.0,0.0,0.0,0.1,0.0,0.0,0.0,0.45053647690178245,0.004893422385620916,431.8973817294564,0.3012819816772606,0.0,0.25089340065138066,0.0,0.45053647690178245,0.12581956184116788,LOW-COMPLEXITY,Low
682,3410.0,3415.0,0.0,0.0,0.0,97.01335144042969,98.48312377929688,4.147885416666666,0.0,0.0,0.0,0.1,0.0,0.0,0.0,0.38949682317152134,0.006035174564270152,435.8811371429436,0.2277615928009206,0.0,0.23116509496773394,0.0,0.38949682317152134,0.09741437384628683,LOW-COMPLEXITY,Low
683,3415.0,3420.0,0.0,0.0,0.0,100.00407409667969,100.67079162597656,3.931017361111111,0.0,0.0,0.0,0.1,0.0,0.0,0.0,0.4212904869063642,0.005781026824618737,447.8984614761304,0.2674024447181329,0.0,0.2428729779695015,0.0,0.4212904869063642,0.1133841429218009,LOW-COMPLEXITY,Low
684,3420.0,3425.0,0.0,0.0,0.0,97.88308715820312,99.77076873779296,2.600260416666666,0.0,0.0,0.0,0.1,0.0,0.0,0.0,0.4126660946573747,0.003756680419389979,474.6483208832414,0.25899428595693325,0.0,0.24064025833858918,0.0,0.4126660946573747,0.11055470973262914,LOW-COMPLEXITY,Low
685,3425.0,3430.0,0.0,0.0,0.0,96.8951644897461,98.7953384399414,5.662493055555555,0.0,0.0,0.0,0.1,0.0,0.0,0.0,0.4078735999161023,0.008286921840958607,468.06130517396196,0.25279901539916994,0.0,0.2388395431488099,0.0,0.4078735999161023,0.10802494782264287,LOW-COMPLEXITY,Low
686,3430.0,3435.0,0.0,0.0,0.0,96.02787017822266,97.6024887084961,5.874350694444444,0.0,0.0,0.0,0.1,0.0,0.0,0.0,0.4210341365857738,0.00920929003267974,435.3581587105942,0.26631562781926865,0.0,0.24077702422511446,0.0,0.4210341365857738,0.11217123824198091,LOW-COMPLEXITY,Low
687,3435.0,3440.0,0.0,0.0,0.0,98.2910385131836,99.67035064697265,3.6462708333333333,0.0,0.0,0.0,0.1,0.0,0.0,0.0,0.39716293369127786,0.0051935635893246195,449.1343446419598,0.23614824132044113,0.0,0.23415262904872552,0.0,0.39716293369127786,0.10073680740445502,LOW-COMPLEXITY,Low
688,3440.0,3445.0,0.0,0.0,0.0,98.78829193115234,99.57706146240234,5.0558402777777784,0.0,0.0,0.0,0.1,0.0,0.0,0.0,0.41606919000078435,0.007453407135076253,445.6135521855703,0.2591679854037703,0.0,0.24067194250241394,0.0,0.41606919000078435,0.10980187507753393,LOW-COMPLEXITY,Low
689,3445.0,3450.0,0.0,0.0,0.0,98.68220520019531,100.98052520751953,5.456767361111111,0.0,0.0,0.0,0.1,0.0,0.0,0.0,0.4106895425787907,0.007983855800653595,448.63080709080214,0.25755604894715695,0.0,0.23836183789291526,0.0,0.4106895425787907,0.10953228209140115,LOW-COMPLEXITY,Low
690,3450.0,3455.0,0.0,0.0,0.0,97.21095275878906,99.1186309814453,4.37815625,0.0,0.0,0.0,0.1,0.0,0.0,0.0,0.39665063121886435,0.006661302968409586,438.89932047382183,0.23647560169829107,0.0,0.23289803121546213,0.0,0.39665063121886435,0.1005894539698412,LOW-COMPLEXITY,Low
691,3455.0,3460.0,0.0,0.0,0.0,98.70661926269531,100.61177825927734,2.935680555555556,0.0,0.0,0.0,0.1,0.0,0.0,0.0,0.41186627329745734,0.004162897058823529,451.01316833729754,0.2586216398391585,0.0,0.23914767737589257,0.0,0.41186627329745734,0.1100459386767773,LOW-COMPLEXITY,Low
692,3460.0,3465.0,0.0,0.0,0.0,100.86923217773438,101.73167724609375,1.4972118055555552,0.0,0.0,0.0,0.1,0.0,0.0,0.0,0.40822531118508254,0.0024443755446623095,475.3642693925018,0.24795995285109934,0.0,0.23937310895966177,0.0,0.40822531118508254,0.10570423676516066,LOW-COMPLEXITY,Low
693,3465.0,3470.0,0.0,0.0,0.0,99.18777465820312,100.2831298828125,4.0983784722222225,0.0,0.0,0.0,0.1,0.0,0.0,0.0,0.4090183482845586,0.005931683687363834,465.6111488605484,0.25234891009279714,0.0,0.23973084384990084,0.0,0.4090183482845586,0.10782566332272422,LOW-COMPLEXITY,Low
694,3470.0,3475.0,0.0,0.0,0.0,98.5168228149414,99.72867431640626,3.9480069444444443,0.0,0.0,0.0,0.1,0.0,0.0,0.0,0.39359784371809625,0.005907426606753812,462.4614001063946,0.23150023542726686,0.0,0.2341102478284934,0.0,0.39359784371809625,0.09928924352408205,LOW-COMPLEXITY,Low
695,3475.0,3480.0,0.0,0.0,0.0,99.35508728027344,99.82525482177735,3.4896805555555557,0.0,0.0,0.0,0.1,0.0,0.0,0.0,0.41281861833403083,0.004926503267973856,465.7964249026925,0.25696591013173453,0.0,0.24161610689813162,0.0,0.41281861833403083,0.1098439378967056,LOW-COMPLEXITY,Low
696,3480.0,3485.0,0.0,0.0,0.0,99.4262466430664,99.68493194580078,3.27096875,0.0,0.0,0.0,0.1,0.0,0.0,0.0,0.44060912636664634,0.0043605027233115465,452.70743356579396,0.28931102591476104,0.0,0.2492758932862078,0.0,0.44060912636664634,0.12174979401589169,LOW-COMPLEXITY,Low
697,3485.0,3490.0,0.0,0.0,0.0,95.6054916381836,98.6738037109375,2.938878472222222,0.0,0.0,0.0,0.1,0.0,0.0,0.0,0.40477825088027447,0.00439777723311547,448.86304384934067,0.25364284349955984,0.0,0.2359775122084493,0.0,0.40477825088027447,0.10821898830266857,LOW-COMPLEXITY,Low
698,3490.0,3495.0,0.0,0.0,0.0,98.13742065429688,98.64707641601562,3.1179618055555562,0.0,0.0,0.0,0.1,0.0,0.0,0.0,0.4197862089683763,0.004754415713507625,443.98903392426456,0.26708588122689075,0.0,0.24254768385812867,0.0,0.4197862089683763,0.1134880777216963,LOW-COMPLEXITY,Low
699,3495.0,3500.0,0.0,0.0,0.0,98.12898254394531,99.06941375732421,4.072305555555555,0.0,0.0,0.0,0.1,0.0,0.0,0.0,0.39540827562182407,0.005840789351851851,442.38258630975514,0.2342815625095538,0.0,0.2339955526414773,0.0,0.39540827562182407,0.10018715577383792,LOW-COMPLEXITY,Low
700,3500.0,3505.0,0.0,0.0,0.0,97.5909423828125,99.0845733642578,4.829854166666666,0.0,0.0,0.0,0.1,0.0,0.0,0.0,0.3924732301033089,0.007137723039215686,454.8747709263192,0.23061596442748214,0.0,0.23308504450800627,0.0,0.3924732301033089,0.09876944026571603,LOW-COMPLEXITY,Low
701,3505.0,3510.0,0.0,0.0,0.0,97.46926879882812,98.8570343017578,6.232020833333333,0.0,0.0,0.0,0.1,0.0,0.0,0.0,0.39767544382023184,0.009358785403050109,422.3570078110438,0.23963000805435855,0.0,0.23343953738741907,0.0,0.39767544382023184,0.10209998115771797,LOW-COMPLEXITY,Low
702,3510.0,3515.0,0.0,0.0,0.0,96.9731674194336,97.36221313476562,3.5999722222222226,0.0,0.0,0.0,0.1,0.0,0.0,0.0,0.4561886711598417,0.0054753504901960785,449.4541139451516,0.3075326917005214,0.0,0.2534555819205177,0.0,0.4561886711598417,0.12842863173248145,LOW-COMPLEXITY,Low
703,3515.0,3520.0,0.0,0.0,0.0,98.53852844238281,99.25758819580078,4.647114583333334,0.0,0.0,0.0,0.1,0.0,0.0,0.0,0.42043155016115746,0.006629321895424837,442.6399633401217,0.26536814224113997,0.0,0.24208938345830183,0.0,0.42043155016115746,0.11230746779068625,LOW-COMPLEXITY,Low
704,3520.0,3525.0,0.0,0.0,0.0,98.1793212890625,98.8110107421875,4.334291666666667,0.0,0.0,0.0,0.1,0.0,0.0,0.0,0.42369014196892685,0.006308485021786493,438.5396032035723,0.2710007468680319,0.0,0.24321721201034346,0.0,0.42369014196892685,0.11470386214540443,LOW-COMPLEXITY,Low
705,3525.0,3530.0,0.0,0.0,0.0,98.32185363769531,99.27545318603515,3.436899305555555,0.0,0.0,0.0,0.1,0.0,0.0,0.0,0.4415096717708765,0.004826655501089325,461.40746878985954,0.29444586053016136,0.0,0.2501174106179841,0.0,0.4415096717708765,0.12438660603865599,LOW-COMPLEXITY,Low
706,3530.0,3535.0,0.0,0.0,0.0,97.5661392211914,98.4484359741211,4.601392361111112,0.0,0.0,0.0,0.1,0.0,0.0,0.0,0.39348027945714315,0.006471973856209149,420.3949519462336,0.23180120833742254,0.0,0.23217190971651666,0.0,0.39348027945714315,0.09879070270520632,LOW-COMPLEXITY,Low
707,3535.0,3540.0,0.0,0.0,0.0,96.44158935546875,98.48912048339844,3.873586805555556,0.0,0.0,0.0,0.1,0.0,0.0,0.0,0.41096896219468443,0.0057872404684095845,416.73742285550685,0.2591602501890909,0.0,0.23705705333048183,0.0,0.41096896219468443,0.10980785321154296,LOW-COMPLEXITY,Low
708,3540.0,3545.0,0.0,0.0,0.0,98.54108428955078,98.88450469970704,1.8472534722222225,0.0,0.0,0.0,0.1,0.0,0.0,0.0,0.4452816848413201,0.002672820125272332,462.531306192962,0.29421926776850066,0.0,0.25093135812010253,0.0,0.4452816848413201,0.1236151880159562,LOW-COMPLEXITY,Low
709,3545.0,3550.0,0.0,0.0,0.0,97.37046813964844,98.40648803710937,3.386076388888889,0.0,0.0,0.0,0.1,0.0,0.0,0.0,0.3901175820948704,0.004496377723311547,450.3496116945641,0.22807008183185148,0.0,0.23265576788665654,0.0,0.3901175820948704,0.09793516415253792,LOW-COMPLEXITY,Low
710,3550.0,3555.0,0.0,0.0,0.0,96.73814392089844,97.3530502319336,4.291559027777779,0.0,0.0,0.0,0.1,0.0,0.0,0.0,0.39648098193434167,0.005776063044662309,413.7944423008457,0.23482912622562482,0.0,0.23283807493660633,0.0,0.39648098193434167,0.0997876438570392,LOW-COMPLEXITY,Low
711,3555.0,3560.0,0.0,0.0,0.0,98.8758773803711,100.93490447998047,1.9423888888888892,0.0,0.0,0.0,0.1,0.0,0.0,0.0,0.3905258258261018,0.0028997486383442266,467.3795466737311,0.2296745811407364,0.0,0.23267364942456273,0.0,0.3905258258261018,0.09864161141243971,LOW-COMPLEXITY,Low
712,3560.0,3565.0,0.0,0.0,1.7600000000000051,98.1642074584961,99.98397674560547,4.346048611111111,0.013200000000000038,0.0,0.08800000000000026,0.11363636363636331,0.0,0.0,0.003818181816012305,0.42206615930675023,0.0061667728758169945,437.0131944066486,0.2727232603055504,0.0016609090899653528,0.24284220323245617,0.0011454545448036915,0.42206615930675023,0.11641258872984915,LOW-COMPLEXITY,Low
713,3565.0,3570.0,0.0,0.0,0.0,98.50714874267578,100.32670135498047,5.023034722222221,0.0,0.0,0.0,0.1,0.0,0.0,0.0,0.402416690373952,0.007740776416122004,464.13266744435526,0.24349066742353948,0.0,0.23638415337745175,0.0,0.402416690373952,0.10387561480038984,LOW-COMPLEXITY,Low
714,3570.0,3575.0,0.0,0.0,0.7600000000000051,98.66637420654297,99.36621398925782,4.39229513888889,0.005700000000000038,0.0,0.038000000000000256,0.1,0.0,0.0,0.0088421052515233,0.43228586281994663,0.006776498910675381,455.1252801429451,0.280962994603583,0.003846315784412635,0.24849254661539444,0.0026526315754569897,0.43228586281994663,0.12070873869992135,LOW-COMPLEXITY,Low
715,3575.0,3580.0,0.0,0.0,0.0,99.82469177246094,100.80572052001953,2.423652777777778,0.0,0.0,0.0,0.1,0.0,0.0,0.0,0.4014425813849304,0.0037007222222222224,491.46248997259664,0.24245757511673796,0.0,0.23883799900264982,0.0,0.4014425813849304,0.10446144186306382,LOW-COMPLEXITY,Low
716,3580.0,3585.0,0.0,0.0,0.0,96.5921401977539,98.09421997070312,4.653996527777779,0.0,0.0,0.0,0.1,0.0,0.0,0.0,0.3927142703355442,0.007044895969498911,448.7791536698403,0.23146424006329247,0.0,0.2328751182546933,0.0,0.3927142703355442,0.09905984383690283,LOW-COMPLEXITY,Low
717,3585.0,3590.0,0.0,0.0,0.0,98.9759521484375,100.82834014892578,4.6892604166666665,0.0,0.0,0.0,0.1,0.0,0.0,0.0,0.4046404258829808,0.006869400735294118,443.3527209592221,0.2472744476972175,0.0,0.23591358965655523,0.0,0.4046404258829808,0.10504687375765787,LOW-COMPLEXITY,Low
718,3590.0,3595.0,0.0,0.0,0.0,98.22777557373047,99.72855224609376,4.142829861111111,0.0,0.0,0.0,0.1,0.0,0.0,0.0,0.3876673942168056,0.006201517020697167,468.77497884706594,0.22580371414773107,0.0,0.23265241504487952,0.0,0.3876673942168056,0.09741335378537196,LOW-COMPLEXITY,Low
719,3595.0,3600.0,0.0,0.0,0.0,98.33940124511719,99.4436279296875,3.5077708333333333,0.0,0.0,0.0,0.1,0.0,0.0,0.0,0.39725690724733576,0.005068182325708061,462.01916236593655,0.23767543580811265,0.0,0.23567057114927573,0.0,0.39725690724733576,0.10200819099446888,LOW-COMPLEXITY,Low
720,3600.0,3605.0,0.0,0.0,0.0,98.60710906982422,100.30763549804688,5.117378472222223,0.0,0.0,0.0,0.1,0.0,0.0,0.0,0.4034442753638632,0.007512298338779955,435.28033340517027,0.2476303296024734,0.0,0.23575728694083758,0.0,0.4034442753638632,0.10546914638956405,LOW-COMPLEXITY,Low
721,3605.0,3610.0,0.0,0.0,0.0,97.69448852539062,98.74321594238282,3.7900833333333335,0.0,0.0,0.0,0.1,0.0,0.0,0.0,0.4020767586575725,0.005512465550108932,449.3340776935797,0.24290833488304667,0.0,0.2363382926147972,0.0,0.4020767586575725,0.10365338019230923,LOW-COMPLEXITY,Low
722,3610.0,3615.0,0.0,0.0,0.0,97.90880584716797,99.774951171875,4.968815972222222,0.0,0.0,0.0,0.1,0.0,0.0,0.0,0.3890357395391383,0.00746107788671024,441.95219060497544,0.2277364344894697,0.0,0.23106590403071978,0.0,0.3890357395391383,0.09748234877070219,LOW-COMPLEXITY,Low
723,3615.0,3620.0,0.0,0.0,0.0,97.55747985839844,100.77773590087891,5.793076388888889,0.0,0.0,0.0,0.1,0.0,0.0,0.0,0.4041283141335658,0.008381226307189543,429.21542325987826,0.25099626764337024,0.0,0.23423250995469747,0.0,0.4041283141335658,0.10644743377243777,LOW-COMPLEXITY,Low
724,3620.0,3625.0,0.0,0.0,0.0,98.1786117553711,99.35030059814453,5.075114583333333,0.0,0.0,0.0,0.1,0.0,0.0,0.0,0.4102509211441111,0.006985339869281046,427.651632079743,0.2506325135730041,0.0,0.23687498231561352,0.0,0.4102509211441111,0.105659770310939,LOW-COMPLEXITY,Low
725,3625.0,3630.0,0.0,0.0,0.0,98.28524780273438,99.8195785522461,5.7234340277777775,0.0,0.0,0.0,0.1,0.0,0.0,0.0,0.40358593935865766,0.008413048474945534,428.0062560478225,0.24681803218041742,0.0,0.23541599691028187,0.0,0.40358593935865766,0.10490813016914294,LOW-COMPLEXITY,Low
726,3630.0,3635.0,0.0,0.0,0.0,96.44908142089844,99.18739318847656,6.683374999999999,0.0,0.0,0.0,0.1,0.0,0.0,0.0,0.3894780950842637,0.009440185866013072,418.2837527953501,0.23098428140463434,0.0,0.2292084182627205,0.0,0.3894780950842637,0.09834556332320342,LOW-COMPLEXITY,Low
727,3635.0,3640.0,0.0,0.0,0.0,98.55119323730469,99.58223266601563,3.4391493055555555,0.0,0.0,0.0,0.1,0.0,0.0,0.0,0.40250732206447015,0.004724215686274511,447.25209519780276,0.24391225686476387,0.0,0.2363765521593852,0.0,0.40250732206447015,0.1040610911720492,LOW-COMPLEXITY,Low
728,3640.0,3645.0,0.0,0.0,0.0,98.51876068115234,99.38167266845703,3.9511388888888885,0.0,0.0,0.0,0.1,0.0,0.0,0.0,0.41036061733288604,0.005777490876906319,442.3358223800983,0.25454775717719985,0.0,0.23900129104879328,0.0,0.41036061733288604,0.10833417612245606,LOW-COMPLEXITY,Low
729,3645.0,3650.0,0.0,0.0,0.0,99.2286376953125,99.78548431396484,4.010677083333334,0.0,0.0,0.0,0.1,0.0,0.0,0.0,0.41557532845428513,0.005598606209150327,441.927123933844,0.2589477801491658,0.0,0.24066931984833687,0.0,0.41557532845428513,0.10981431990792952,LOW-COMPLEXITY,Low
730,3650.0,3655.0,0.0,0.0,0.0,97.47005462646484,99.58275451660157,6.018670138888889,0.0,0.0,0.0,0.1,0.0,0.0,0.0,0.3956501598200846,0.009073404820261435,431.14528528634315,0.23732618977069508,0.0,0.23246923675551243,0.0,0.3956501598200846,0.10111478779475573,LOW-COMPLEXITY,Low
731,3655.0,3660.0,0.0,0.0,0.0,96.72378540039062,97.74473571777344,5.742010416666666,0.0,0.0,0.0,0.1,0.0,0.0,0.0,0.41013966778817024,0.008857947031590412,418.1918557195094,0.25292797349460844,0.0,0.23721786617289467,0.0,0.41013966778817024,0.10695532296077477,LOW-COMPLEXITY,Low
732,3660.0,3665.0,0.0,0.0,0.7600000000000051,96.31851959228516,99.23986358642578,6.425677083333334,0.005700000000000038,0.0,0.038000000000000256,0.1,0.0,0.0,0.0088421052515233,0.41845622133759913,0.009005721677559914,403.03778443487215,0.2691453558528232,0.003846315784412635,0.23923374030583291,0.0026526315754569897,0.41845622133759913,0.11501674748678183,LOW-COMPLEXITY,Low
733,3665.0,3670.0,0.0,0.0,0.0,98.83175659179688,99.87077178955079,5.4335868055555565,0.0,0.0,0.0,0.1,0.0,0.0,0.0,0.4311014177327625,0.007514948801742919,444.4250737402428,0.27801814888583265,0.0,0.24494111882972375,0.0,0.4311014177327625,0.11696311160012901,LOW-COMPLEXITY,Low
734,3670.0,3675.0,0.0,0.0,0.0,99.01751708984375,99.81692504882812,2.7073645833333324,0.0,0.0,0.0,0.1,0.0,0.0,0.0,0.4123648256284858,0.004132409041394336,460.61739144990923,0.25497397365797964,0.0,0.24039558011209541,0.0,0.4123648256284858,0.10853423346110176,LOW-COMPLEXITY,Low
735,3675.0,3680.0,0.0,0.0,0.0,98.11727905273438,99.09578704833984,3.1586875,0.0,0.0,0.0,0.1,0.0,0.0,0.0,0.40863610582702337,0.004601742647058823,428.3171447647482,0.25309343612139146,0.0,0.2375696437423224,0.0,0.40863610582702337,0.10753706691375274,LOW-COMPLEXITY,Low
736,3680.0,3685.0,0.0,0.0,0.0,98.24295043945312,100.3741958618164,4.513121527777778,0.0,0.0,0.0,0.1,0.0,0.0,0.0,0.39300164541730953,0.006480676606753813,431.1727054504041,0.2348937994782477,0.0,0.23151211046692713,0.0,0.39300164541730953,0.10022572704822096,LOW-COMPLEXITY,Low
737,3685.0,3690.0,0.0,0.0,0.0,96.64481353759766,100.36637115478516,5.7795,0.0,0.0,0.0,0.1,0.0,0.0,0.0,0.3972225608396571,0.008464694852941174,444.87729722914787,0.2449834423346331,0.0,0.23304622867277433,0.0,0.3972225608396571,0.10475226099287328,LOW-COMPLEXITY,Low
738,3690.0,3695.0,0.0,0.0,0.0,100.66255187988281,102.2098159790039,3.799243055555556,0.0,0.0,0.0,0.1,0.0,0.0,0.0,0.4003271894389259,0.005466859749455338,500.63638517912835,0.24157676714830117,0.0,0.23838826738869892,0.0,0.4003271894389259,0.10414247980046372,LOW-COMPLEXITY,Low
739,3695.0,3700.0,0.0,0.0,0.0,98.50221252441406,99.4489990234375,3.9897951388888893,0.0,0.0,0.0,0.1,0.0,0.0,0.0,0.4189019946701029,0.005570170479302832,459.8859876330869,0.2625575670764361,0.0,0.2421195136016174,0.0,0.4189019946701029,0.1112951146312584,LOW-COMPLEXITY,Low
740,3700.0,3705.0,0.0,0.0,0.0,98.14315795898438,99.133740234375,4.634944444444445,0.0,0.0,0.0,0.1,0.0,0.0,0.0,0.39846111231132353,0.00681347086056645,444.0126437359272,0.23749140825129048,0.0,0.23488512601878694,0.0,0.39846111231132353,0.10134022015438979,LOW-COMPLEXITY,Low
741,3705.0,3710.0,0.0,0.0,0.0,97.73641967773438,98.76050872802735,4.051003472222222,0.0,0.0,0.0,0.1,0.0,0.0,0.0,0.397524104390855,0.005472561274509804,447.7114526395321,0.23802946219518073,0.0,0.23497987732001718,0.0,0.397524104390855,0.10187666206188262,LOW-COMPLEXITY,Low
742,3710.0,3715.0,0.0,0.0,0.0,98.67962646484375,99.56548461914062,5.009899305555555,0.0,0.0,0.0,0.1,0.0,0.0,0.0,0.44148980439090063,0.006941290168845315,422.7642809948129,0.2921731054806649,0.0,0.24738758070307243,0.0,0.44148980439090063,0.12229975488868261,LOW-COMPLEXITY,Low
743,3715.0,3720.0,0.0,0.0,0.0,98.31696319580078,99.85304565429688,5.2242708333333345,0.0,0.0,0.0,0.1,0.0,0.0,0.0,0.3975603562706487,0.0072981424291939006,438.64801309787794,0.2393475914444445,0.0,0.23413298065006022,0.0,0.3975603562706487,0.10223024988208115,LOW-COMPLEXITY,Low
744,3720.0,3725.0,0.0,0.0,0.0,96.36078643798828,99.93840789794922,4.77242361111111,0.0,0.0,0.0,0.1,0.0,0.0,0.0,0.4059210786139586,0.007064169934640523,443.8379779182752,0.25625643721579294,0.0,0.23595312858630055,0.0,0.4059210786139586,0.10923154395961202,LOW-COMPLEXITY,Low
745,3725.0,3730.0,0.0,0.0,0.0,99.1797103881836,99.78388061523438,3.501454861111111,0.0,0.0,0.0,0.1,0.0,0.0,0.0,0.4056016241020077,0.004747126089324621,462.2236526930331,0.24553458618795415,0.0,0.23845562293940092,0.0,0.4056016241020077,0.10482635509726546,LOW-COMPLEXITY,Low
746,3730.0,3735.0,0.0,0.0,0.0,97.4999771118164,99.2731719970703,4.2625763888888875,0.0,0.0,0.0,0.1,0.0,0.0,0.0,0.4005051046286747,0.005993364379084968,446.45171602065955,0.2438588768788619,0.0,0.2354360694160568,0.0,0.4005051046286747,0.10420578657788214,LOW-COMPLEXITY,Low
747,3735.0,3740.0,0.0,0.0,0.7600000000000051,96.50499725341797,101.76226348876953,2.4028993055555556,0.005700000000000038,0.0,0.038000000000000256,0.1,0.0,0.0,0.0088421052515233,0.45050286509943216,0.0035365091230936817,462.9502746544337,0.3210899756834512,0.003846315784412635,0.2527244740905006,0.0026526315754569897,0.45050286509943216,0.13769915328627125,LOW-COMPLEXITY,Low
748,3740.0,3745.0,0.0,0.0,0.0,100.8631362915039,101.43742218017579,4.296038194444444,0.0,0.0,0.0,0.1,0.0,0.0,0.0,0.42517074882595074,0.006360446486928104,487.89827257127746,0.272259838445296,0.0,0.24668603525721916,0.0,0.42517074882595074,0.11617734435618701,LOW-COMPLEXITY,Low
749,3745.0,3750.0,0.0,0.0,0.0,99.79293060302734,100.13688812255859,4.052923611111111,0.0,0.0,0.0,0.1,0.0,0.0,0.0,0.44355142866863223,0.005763998366013072,448.85869132052284,0.29372080434036807,0.0,0.25008578302272155,0.0,0.44355142866863223,0.12350256906097853,LOW-COMPLEXITY,Low
750,3750.0,3755.0,0.0,0.0,0.0,99.42459106445312,100.09835510253906,5.001121527777778,0.0,0.0,0.0,0.1,0.0,0.0,0.0,0.39818861873210953,0.007508192265795207,452.9322870249621,0.2369406634303221,0.0,0.23575211942777896,0.0,0.39818861873210953,0.1014364188318563,LOW-COMPLEXITY,Low
751,3755.0,3760.0,0.0,0.0,0.0,98.9516830444336,100.19124755859374,6.258628472222222,0.0,0.0,0.0,0.1,0.0,0.0,0.0,0.4042578333872119,0.009130297657952069,448.3127638204465,0.2467300436490651,0.0,0.23715549069490666,0.0,0.4042578333872119,0.10530498522094692,LOW-COMPLEXITY,Low
752,3760.0,3765.0,0.0,0.0,0.0,96.31633758544922,99.14358825683594,5.726163194444443,0.0,0.0,0.0,0.1,0.0,0.0,0.0,0.38805282887126014,0.008653337962962963,433.22074672804285,0.2298998795256122,0.0,0.22958079055411665,0.0,0.38805282887126014,0.09829000923893189,LOW-COMPLEXITY,Low
753,3765.0,3770.0,0.0,0.0,0.0,99.26075744628906,100.19232788085938,3.4725486111111112,0.0,0.0,0.0,0.1,0.0,0.0,0.0,0.4119185191508953,0.005423357298474946,446.3234013310479,0.257779160390571,0.0,0.2397602688958642,0.0,0.4119185191508953,0.10982604452111415,LOW-COMPLEXITY,Low
754,3770.0,3775.0,0.0,0.0,0.0,98.06114959716797,100.34767456054688,6.232065972222222,0.0,0.0,0.0,0.1,0.0,0.0,0.0,0.3871552306496629,0.009266012663398694,420.10974260960523,0.22754215018827942,0.0,0.22907058808884598,0.0,0.3871552306496629,0.09715697326282008,LOW-COMPLEXITY,Low
755,3775.0,3780.0,0.0,0.0,0.0,99.32804107666016,102.82658538818359,5.7120451388888895,0.0,0.0,0.0,0.1,0.0,0.0,0.0,0.3777722235137085,0.008396424428104574,455.09991842713663,0.2178044476753512,0.0,0.22730558625271238,0.0,0.3777722235137085,0.0940161231476978,LOW-COMPLEXITY,Low
756,3780.0,3785.0,0.0,0.0,0.0,97.85760498046875,98.70621643066406,4.589086805555557,0.0,0.0,0.0,0.1,0.0,0.0,0.0,0.4062932412044835,0.006353794117647059,443.07060601679945,0.24980318916464755,0.0,0.23783469743364252,0.0,0.4062932412044835,0.10657042838297778,LOW-COMPLEXITY,Low
757,3785.0,3790.0,0.0,0.0,0.0,97.60199737548828,98.49274139404297,3.264798611111111,0.0,0.0,0.0,0.1,0.0,0.0,0.0,0.40662794412569986,0.004683195261437909,441.1859913112387,0.24994259254081713,0.0,0.23766559759773317,0.0,0.40662794412569986,0.10649726939819021,LOW-COMPLEXITY,Low
758,3790.0,3795.0,0.0,0.0,0.0,95.09170532226562,96.48156127929687,5.335756944444445,0.0,0.0,0.0,0.1,0.0,0.0,0.0,0.40206912240734105,0.0077136830065359496,428.2116884682741,0.2424661465460432,0.0,0.2344977400646717,0.0,0.40206912240734105,0.10279000169382142,LOW-COMPLEXITY,Low
759,3795.0,3800.0,0.0,0.0,0.7600000000000051,98.0096435546875,98.81698760986328,3.4971041666666673,0.005700000000000038,0.0,0.038000000000000256,0.1,0.0,0.0,0.0088421052515233,0.3993741058669138,0.00462267320261438,440.7690866613813,0.23786837932993404,0.003846315784412635,0.236723680903069,0.0026526315754569897,0.3993741058669138,0.10327026730204122,LOW-COMPLEXITY,Low
760,3800.0,3805.0,0.0,0.0,0.0,97.96465301513672,99.42228698730469,3.183621527777778,0.0,0.0,0.0,0.1,0.0,0.0,0.0,0.4109847606054008,0.004311777233115468,453.22651514986995,0.2573574338505547,0.0,0.23963467219623455,0.0,0.4109847606054008,0.10980466204260925,LOW-COMPLEXITY,Low
761,3805.0,3810.0,0.0,0.0,0.7600000000000051,98.26675415039062,101.50330352783203,4.77276388888889,0.005700000000000038,0.0,0.038000000000000256,0.1,0.0,0.0,0.0088421052515233,0.4098045818606345,0.00710392116013072,445.54251314644335,0.25978942276470995,0.003846315784412635,0.23915938548922305,0.0026526315754569897,0.4098045818606345,0.11247566662615287,LOW-COMPLEXITY,Low
762,3810.0,3815.0,0.0,0.0,0.0,101.50021362304688,102.20701599121094,1.2577083333333334,0.0,0.0,0.0,0.1,0.0,0.0,0.0,0.40528425517522704,0.002067656998910675,529.8873364892006,0.2461979699499527,0.0,0.2406443980061652,0.0,0.40528425517522704,0.1060034604833274,LOW-COMPLEXITY,Low
763,3815.0,3820.0,0.0,0.0,0.0,102.16265106201172,102.34775238037109,1.6050069444444444,0.0,0.0,0.0,0.1,0.0,0.0,0.0,0.43861063013586876,0.0025499409041394336,528.5130697865534,0.2886261207327635,0.0,0.25189706460753797,0.0,0.43861063013586876,0.12282437544505284,LOW-COMPLEXITY,Low
764,3820.0,3825.0,0.0,0.0,0.0,97.42404174804688,98.59929809570312,4.165829861111112,0.0,0.0,0.0,0.1,0.0,0.0,0.0,0.38839265990250244,0.00589851075708061,462.9121734979181,0.22580483288860648,0.0,0.23270373503802386,0.0,0.38839265990250244,0.09725055873198599,LOW-COMPLEXITY,Low
765,3825.0,3830.0,0.0,0.0,0.0,96.26824188232422,98.27668914794921,4.7389027777777795,0.0,0.0,0.0,0.0,0.0,0.0,0.0,0.3960033774165631,0.007406762391067537,438.82021310392423,0.23828058790449164,0.0,0.23331884338758382,0.0,0.3960033774165631,0.10180104478375937,LOW-COMPLEXITY,Low
766,3830.0,3835.0,3.0,15.0,37.04000000000002,137.45977783203125,157.51821899414062,35.20080902777778,0.2914300935925126,0.5,0.6173333333333336,0.1349892008639308,0.20583333332827777,0.568076923076923,0.3229423887018834,0.3758565955328473,0.08685844934640521,1524.995605979948,0.2479407251952346,0.40439003523836914,0.39969831314780013,0.3677513063523853,0.3758565955328473,0.3603612123906488,SPARSE-EXTREME,Moderate
767,3835.0,3840.0,0.0,3.6000000000000085,10.280000000000015,100.16292572021484,150.3448059082031,17.125166666666665,0.19487777777777804,0.3600000000000009,0.5140000000000008,0.19455252918287907,0.024305555548803953,0.5,0.42397003076112344,0.3892143016354486,0.04358356181917212,786.3438629478924,0.31608642284401167,0.39200508838002535,0.3656459424551951,0.3106979536704184,0.3892143016354486,0.3773112204866304,SPARSE-EXTREME,Moderate
768,3840.0,3845.0,0.0,0.0,31.64000000000007,100.85250091552734,101.86335144042968,6.547975694444445,0.15,0.0,1.0,0.12642225031605533,0.0,0.0,1.0,0.5186473125276948,0.012953649509803924,450.9965618026074,0.3886345021268385,0.435,0.47380952050826874,0.3,0.5186473125276948,0.3804887551093896,HEAVY-TAIL-RISK,Moderate
769,3845.0,3850.0,0.0,0.0,1.0,100.8249740600586,101.71155853271485,3.281177083333333,0.0075,0.0,0.05,0.2,0.0,0.0,0.027999999972000006,0.3882539521142316,0.0051597471405228764,520.4476362331305,0.22479341759283633,0.012179999987820003,0.24078390816043713,0.008399999991600002,0.3882539521142316,0.10380758861981325,LOW-COMPLEXITY,Low
770,3850.0,3855.0,0.0,0.0,0.0,101.73133087158203,102.25738372802735,2.697652777777778,0.0,0.0,0.0,0.1,0.0,0.0,0.0,0.40820464992708544,0.004132020697167756,543.51194454631,0.2467147334952599,0.0,0.24111688536080333,0.0,0.40820464992708544,0.10569711414213975,LOW-COMPLEXITY,Low
771,3855.0,3860.0,0.0,0.0,0.0,101.60609436035156,102.04384765625,2.8929236111111103,0.0,0.0,0.0,0.1,0.0,0.0,0.0,0.40797958280586566,0.004450190767973855,530.4429913719899,0.24912331644804925,0.0,0.24181567240430377,0.0,0.40797958280586566,0.10720224786406453,LOW-COMPLEXITY,Low
772,3860.0,3865.0,0.0,0.0,0.0,101.43287658691406,102.29882354736328,3.527815972222223,0.0,0.0,0.0,0.1,0.0,0.0,0.0,0.4001505118103381,0.005594578295206972,535.4358358175923,0.23958166463121686,0.0,0.23887838437235592,0.0,0.4001505118103381,0.10336063889334847,LOW-COMPLEXITY,Low
773,3865.0,3870.0,0.0,0.0,0.0,101.16434478759766,102.15278015136718,4.422079861111111,0.0,0.0,0.0,0.1,0.0,0.0,0.0,0.40167853309133505,0.006819590958605664,528.0798441188564,0.24288313781916337,0.0,0.23952712799225068,0.0,0.40167853309133505,0.10485643043403566,LOW-COMPLEXITY,Low
774,3870.0,3875.0,0.0,0.0,0.0,100.81585693359375,101.77225952148437,3.271149305555556,0.0,0.0,0.0,0.1,0.0,0.0,0.0,0.39812394384717287,0.004801148148148148,537.0062616112939,0.23819313892365374,0.0,0.23832905899643228,0.0,0.39812394384717287,0.10298075414878495,LOW-COMPLEXITY,Low
775,3875.0,3880.0,0.0,0.0,0.0,101.49983978271484,102.08369293212891,2.5324062500000006,0.0,0.0,0.0,0.1,0.0,0.0,0.0,0.4043304725022338,0.003805351171023965,537.307490229746,0.2443120018450556,0.0,0.2403530149611137,0.0,0.4043304725022338,0.10519693803335914,LOW-COMPLEXITY,Low
776,3880.0,3885.0,0.0,0.0,0.0,133.7281494140625,134.26427612304687,3.822920138888889,0.0,0.0,0.0,0.1,0.0,0.0,0.0,0.4358311508345185,0.006014461465141613,1095.410658280043,0.29067599417950285,0.0,0.2506004819212365,0.0,0.4358311508345185,0.12409037805355458,LOW-COMPLEXITY,Low
777,3885.0,3890.0,0.0,0.0,1.0,133.97280883789062,134.98694763183593,4.065104166666666,0.0075,0.0,0.05,0.1,0.0,0.0,0.0,0.5096233834953335,0.0070253796296296305,1181.6834981693635,0.37465066625015714,0.0,0.2728406643089149,0.0,0.5096233834953335,0.1554137197593654,LOW-COMPLEXITY,Low
778,3890.0,3895.0,0.0,0.0,0.0,101.89496612548828,102.19759979248047,1.2075104166666668,0.0,0.0,0.0,0.1,0.0,0.0,0.0,0.411167494416959,0.0019178947440087147,545.0549900200524,0.2517242818214237,0.0,0.2425824469668514,0.0,0.411167494416959,0.1079741237448701,LOW-COMPLEXITY,Low
779,3895.0,3900.0,0.0,0.0,0.0,101.5223617553711,103.76357421875,1.6979374999999997,0.0,0.0,0.0,0.1,0.0,0.0,0.0,0.4838904386298683,0.0027315431644880177,543.7040645004229,0.35543669731390426,0.0,0.2658237074868933,0.0,0.4838904386298683,0.1497840366198977,LOW-COMPLEXITY,Low
780,3900.0,3905.0,0.0,0.0,0.0,102.03093719482422,102.71700134277344,2.8721562499999997,0.0,0.0,0.0,0.1,0.0,0.0,0.0,0.39210279363095335,0.00434754098583878,543.703399058043,0.22946014494755634,0.0,0.2365580107139696,0.0,0.39210279363095335,0.09949967781592918,LOW-COMPLEXITY,Low
781,3905.0,3910.0,0.0,0.0,0.0,103.03202056884766,104.25416259765625,5.1098784722222215,0.0,0.0,0.0,0.1,0.0,0.0,0.0,0.40195743160521413,0.00823385648148148,551.872545230349,0.24180981535139207,0.0,0.23905393377110384,0.0,0.40195743160521413,0.10408442659427886,LOW-COMPLEXITY,Low
782,3910.0,3915.0,0.0,0.0,0.0,101.89413452148438,102.43843994140624,4.662406250000001,0.0,0.0,0.0,0.1,0.0,0.0,0.0,0.41705791454853025,0.007688592864923746,529.1410892174069,0.26033301548894155,0.0,0.2446015358439603,0.0,0.41705791454853025,0.11151256665272433,LOW-COMPLEXITY,Low
783,3915.0,3920.0,0.0,0.0,0.0,101.61966705322266,102.76893463134766,3.8475972222222223,0.0,0.0,0.0,0.1,0.0,0.0,0.0,0.4250162694244812,0.0060725608660130714,535.7913133148214,0.26932815089883533,0.0,0.2459424085596192,0.0,0.4250162694244812,0.11448985108916411,LOW-COMPLEXITY,Low
784,3920.0,3925.0,0.0,0.0,0.0,125.62353515625,130.2583740234375,3.5002118055555558,0.0,0.0,0.0,0.1,0.0,0.0,0.0,0.40801708385677943,0.005686387118736384,861.2344237711334,0.26387341721534807,0.0,0.23881290287584173,0.0,0.40801708385677943,0.11351695365002377,LOW-COMPLEXITY,Low
785,3925.0,3930.0,0.0,0.0,0.0,129.7450408935547,130.39505310058593,3.135510416666667,0.0,0.0,0.0,0.1,0.0,0.0,0.0,0.43027740885371457,0.005213498366013072,1176.653218369263,0.2750220415218938,0.0,0.24828513855675277,0.0,0.43027740885371457,0.11684146704238174,LOW-COMPLEXITY,Low
786,3930.0,3935.0,0.0,0.0,1.0,102.30776977539062,102.85601043701172,1.891204861111111,0.0075,0.0,0.05,0.1,0.0,0.0,0.0,0.4736704098686073,0.0033586604030501083,539.5233914131987,0.3245313819012952,0.0,0.26050348733920103,0.0,0.4736704098686073,0.1350243090522161,LOW-COMPLEXITY,Low
787,3935.0,3940.0,0.0,0.0,0.0,102.47943115234375,102.91346588134766,2.118802083333333,0.0,0.0,0.0,0.1,0.0,0.0,0.0,0.39676148350727136,0.0032632760076252727,512.2002277432654,0.2334330001480411,0.0,0.23788579314845645,0.0,0.39676148350727136,0.10078615679916247,LOW-COMPLEXITY,Low
788,3940.0,3945.0,0.0,0.0,0.0,103.6256332397461,103.8978500366211,2.402489583333333,0.0,0.0,0.0,0.1,0.0,0.0,0.0,0.416048940664965,0.003691925517429194,536.1809820703741,0.2593869211953693,0.0,0.24459779084356228,0.0,0.416048940664965,0.11129045222669022,LOW-COMPLEXITY,Low
789,3945.0,3950.0,0.0,0.0,0.0,101.61758422851562,102.68022918701172,1.625677083333333,0.0,0.0,0.0,0.1,0.0,0.0,0.0,0.39962955835970576,0.00253478227124183,517.9069610234967,0.24021120293676995,0.0,0.23866837544619998,0.0,0.39962955835970576,0.10373214328462851,LOW-COMPLEXITY,Low
790,3950.0,3955.0,0.0,0.0,0.0,102.30472564697266,102.97337036132812,1.5958784722222223,0.0,0.0,0.0,0.1,0.0,0.0,0.0,0.39843111435743445,0.0024806571350762525,526.3055545048672,0.23771571924954463,0.0,0.23854476140093173,0.0,0.39843111435743445,0.1027407475257398,LOW-COMPLEXITY,Low
791,3955.0,3960.0,0.0,0.0,0.0,102.17015838623047,102.73665771484374,1.171659722222222,0.0,0.0,0.0,0.1,0.0,0.0,0.0,0.43758138823504356,0.0018607436002178648,537.692507081594,0.28954836755013585,0.0,0.25167310943629395,0.0,0.43758138823504356,0.12346442501900994,LOW-COMPLEXITY,Low
792,3960.0,3965.0,0.0,0.0,0.0,102.1675033569336,102.42679443359376,1.2749305555555552,0.0,0.0,0.0,0.1,0.0,0.0,0.0,0.3984235768241069,0.0019926279956427014,532.7435468801,0.23625165638528875,0.0,0.23876896110772233,0.0,0.3984235768241069,0.10208907037432047,LOW-COMPLEXITY,Low
793,3965.0,3970.0,0.0,0.0,0.0,101.44964599609375,101.73112030029297,1.2574201388888886,0.0,0.0,0.0,0.1,0.0,0.0,0.0,0.4369847847127337,0.0019062186819172112,514.4652607516946,0.2814446467680547,0.0,0.25003942694638626,0.0,0.4369847847127337,0.11898992663707911,LOW-COMPLEXITY,Low
794,3970.0,3975.0,0.0,0.0,0.0,101.61292266845703,102.48389739990235,1.56225,0.0,0.0,0.0,0.1,0.0,0.0,0.0,0.41063680618477477,0.0024132298474945535,518.8034986768569,0.2543852909453737,0.0,0.24251098356910497,0.0,0.41063680618477477,0.10941228817567988,LOW-COMPLEXITY,Low
795,3975.0,3980.0,0.0,0.0,0.0,101.099365234375,101.76632385253906,2.5597222222222222,0.0,0.0,0.0,0.1,0.0,0.0,0.0,0.3991130926723727,0.0038355818355119823,512.0765686970609,0.23721513939730637,0.0,0.23850991324008294,0.0,0.3991130926723727,0.10230776616458903,LOW-COMPLEXITY,Low
796,3980.0,3985.0,0.0,0.0,0.0,101.49436950683594,102.41066436767578,3.05315625,0.0,0.0,0.0,0.1,0.0,0.0,0.0,0.40270920389570813,0.004482977668845316,528.8741354605393,0.24439793504609503,0.0,0.2400151814391962,0.0,0.40270920389570813,0.10552698005283914,LOW-COMPLEXITY,Low
797,3985.0,3990.0,0.0,0.0,0.0,101.95989227294922,102.28080596923829,3.0388125,0.0,0.0,0.0,0.1,0.0,0.0,0.0,0.41441153133085695,0.004729274237472767,534.6914972959212,0.2547660977623533,0.0,0.24345521860442518,0.0,0.41441153133085695,0.10898949256001123,LOW-COMPLEXITY,Low
798,3990.0,3995.0,0.0,0.0,0.0,101.51375579833984,102.58587646484375,3.715145833333333,0.0,0.0,0.0,0.1,0.0,0.0,0.0,0.4046005233320243,0.005696058006535948,513.7906863037704,0.2453538265354342,0.0,0.24007210442859875,0.0,0.4046005233320243,0.10555201898472058,LOW-COMPLEXITY,Low
799,3995.0,4000.0,0.0,0.0,0.0,101.77523040771484,102.22573852539062,3.4958993055555556,0.0,0.0,0.0,0.1,0.0,0.0,0.0,0.4380134015946484,0.005450207788671025,528.122461877101,0.28616961076455594,0.0,0.25113122659295933,0.0,0.4380134015946484,0.12147738429115162,LOW-COMPLEXITY,Low
800,4000.0,4005.0,0.0,0.0,0.0,101.48048400878906,102.60233764648437,3.941402777777778,0.0,0.0,0.0,0.1,0.0,0.0,0.0,0.4013557912171433,0.006001947303921568,541.7785310419209,0.24066867155296,0.0,0.23876223020855888,0.0,0.4013557912171433,0.10356216854518978,LOW-COMPLEXITY,Low
801,4005.0,4010.0,0.0,0.0,0.0,101.97286224365234,102.72359619140624,3.073072916666666,0.0,0.0,0.0,0.1,0.0,0.0,0.0,0.4103747130553747,0.004722490059912853,554.060715227923,0.2500133623126785,0.0,0.2416476226688857,0.0,0.4103747130553747,0.10698967082660557,LOW-COMPLEXITY,Low
802,4010.0,4015.0,0.0,0.0,0.0,102.0864028930664,103.15065307617188,3.445958333333333,0.0,0.0,0.0,0.1,0.0,0.0,0.0,0.4038908116475621,0.005401593954248367,569.3823190899783,0.24470516839797624,0.0,0.23991938251105613,0.0,0.4038908116475621,0.10535166516596724,LOW-COMPLEXITY,Low
803,4015.0,4020.0,0.0,0.0,0.0,101.44741821289062,103.38013305664063,3.2216701388888893,0.0,0.0,0.0,0.1,0.0,0.0,0.0,0.41219384688334193,0.005167072984749455,526.073472566248,0.25947449074464335,0.0,0.24239459887781378,0.0,0.41219384688334193,0.11152689325872099,LOW-COMPLEXITY,Low
804,4020.0,4025.0,0.0,0.0,0.0,103.02056121826172,103.749072265625,3.8525347222222224,0.0,0.0,0.0,0.1,0.0,0.0,0.0,0.40548637637733076,0.005762595996732026,532.9554928492778,0.24760926783941853,0.0,0.2410258597805053,0.0,0.40548637637733076,0.10679209074855343,LOW-COMPLEXITY,Low
805,4025.0,4030.0,0.0,0.0,0.0,99.82928466796875,101.24322814941407,5.822774305555556,0.0,0.0,0.0,0.1,0.0,0.0,0.0,0.39620800107030224,0.00913369158496732,530.1190843957722,0.23627385514077476,0.0,0.23741483791640353,0.0,0.39620800107030224,0.10218012057355305,LOW-COMPLEXITY,Low
806,4030.0,4035.0,0.0,0.0,0.0,101.84233856201172,103.7887954711914,4.860555555555556,0.0,0.0,0.0,0.1,0.0,0.0,0.0,0.3891427033144644,0.0075957621187363825,564.6502233055993,0.2280704786588143,0.0,0.23455169957490044,0.0,0.3891427033144644,0.0988426583520062,LOW-COMPLEXITY,Low
807,4035.0,4040.0,0.0,0.0,0.0,101.12703704833984,102.13429107666016,4.06734375,0.0,0.0,0.0,0.1,0.0,0.0,0.0,0.3972523291273432,0.00616683660130719,530.2876485706862,0.23677116456810945,0.0,0.23800656521887065,0.0,0.3972523291273432,0.10237479782882365,LOW-COMPLEXITY,Low
808,4040.0,4045.0,0.0,0.0,0.0,100.74140930175781,102.751708984375,3.168888888888889,0.0,0.0,0.0,0.1,0.0,0.0,0.0,0.4236917873470603,0.004575721677559912,572.4668214230063,0.2757890690476567,0.0,0.24637135023406345,0.0,0.4236917873470603,0.11820156026898548,LOW-COMPLEXITY,Low
809,4045.0,4050.0,0.0,0.0,0.0,98.62496948242188,99.7804946899414,4.471027777777779,0.0,0.0,0.0,0.1,0.0,0.0,0.0,0.39821447781570335,0.006703359340958606,511.3374485892567,0.2374923997660464,0.0,0.23792273421549937,0.0,0.39821447781570335,0.10246553740452215,LOW-COMPLEXITY,Low
810,4050.0,4055.0,0.0,0.0,0.0,100.29389953613281,101.37797088623047,3.3333020833333324,0.0,0.0,0.0,0.1,0.0,0.0,0.0,0.4000919459210742,0.005077310866013073,538.7039769457596,0.23891236846424369,0.0,0.23840079203606868,0.0,0.4000919459210742,0.10287347496447732,LOW-COMPLEXITY,Low
811,4055.0,4060.0,0.0,0.0,0.0,101.0906753540039,101.71996154785157,3.417545138888889,0.0,0.0,0.0,0.1,0.0,0.0,0.0,0.405929364486502,0.004970701525054464,546.5422101498943,0.24615860973446663,0.0,0.24085489514415717,0.0,0.405929364486502,0.1058961770460628,LOW-COMPLEXITY,Low
812,4060.0,4065.0,0.0,0.0,0.0,101.10686492919922,101.90019378662109,3.450371527777777,0.0,0.0,0.0,0.1,0.0,0.0,0.0,0.41585452959707764,0.00555525871459695,552.6510946904308,0.25635702886277145,0.0,0.24319582122071984,0.0,0.41585452959707764,0.10933341945936825,LOW-COMPLEXITY,Low
813,4065.0,4070.0,0.0,0.0,0.0,101.23583221435547,101.89785766601562,3.990420138888889,0.0,0.0,0.0,0.1,0.0,0.0,0.0,0.41833609310110537,0.005977824210239653,524.3699967390387,0.26282410661396594,0.0,0.24499633019668618,0.0,0.41833609310110537,0.11257674560054678,LOW-COMPLEXITY,Low
814,4070.0,4075.0,0.0,0.0,0.0,101.93472290039062,102.58721466064453,3.29715625,0.0,0.0,0.0,0.1,0.0,0.0,0.0,0.40339494926124936,0.004788840958605664,544.0342330090597,0.24465028042430836,0.0,0.2403818591005961,0.0,0.40339494926124936,0.10561005358205047,LOW-COMPLEXITY,Low
815,4075.0,4080.0,0.0,0.0,0.0,100.70252227783203,101.85860290527344,3.75303125,0.0,0.0,0.0,0.1,0.0,0.0,0.0,0.4030806025054452,0.00573646309912854,538.3449283212949,0.2446567914678583,0.0,0.23970617825688098,0.0,0.4030806025054452,0.1054554074974762,LOW-COMPLEXITY,Low
816,4080.0,4085.0,0.0,0.0,0.0,100.83600616455078,102.1119155883789,3.107315972222222,0.0,0.0,0.0,0.1,0.0,0.0,0.0,0.38822643338212853,0.004796484068627452,524.4942028064127,0.22529412998847073,0.0,0.23474703795094812,0.0,0.38822643338212853,0.09775191993153506,LOW-COMPLEXITY,Low
817,4085.0,4090.0,0.0,0.0,0.0,100.1186294555664,101.56945037841797,3.805329861111111,0.0,0.0,0.0,0.1,0.0,0.0,0.0,0.38700735035882755,0.006001118055555555,501.616453647533,0.22404408003932635,0.0,0.23416973751511067,0.0,0.38700735035882755,0.09722961056024501,LOW-COMPLEXITY,Low
818,4090.0,4095.0,0.0,0.0,0.0,101.87489318847656,102.39550018310547,3.2130104166666666,0.0,0.0,0.0,0.1,0.0,0.0,0.0,0.4129226516703961,0.005037375816993463,535.8772677369014,0.2568463711535348,0.0,0.24361102256496509,0.0,0.4129226516703961,0.11045638055690615,LOW-COMPLEXITY,Low
819,4095.0,4100.0,0.0,0.0,0.0,100.21267700195312,101.97662811279297,4.236510416666667,0.0,0.0,0.0,0.1,0.0,0.0,0.0,0.3928607777421381,0.0064942768246187355,538.1116515024531,0.23242656631854608,0.0,0.23582551111016514,0.0,0.3928607777421381,0.1005370176122963,LOW-COMPLEXITY,Low
820,4100.0,4105.0,0.0,0.0,0.0,100.84535217285156,101.79239501953126,4.6925034722222225,0.0,0.0,0.0,0.1,0.0,0.0,0.0,0.3970466378371572,0.007116616693899782,537.527842307667,0.2358301150594728,0.0,0.23793621658335667,0.0,0.3970466378371572,0.10193107387462193,LOW-COMPLEXITY,Low
821,4105.0,4110.0,0.0,0.0,0.0,101.1024169921875,102.7955093383789,2.607715277777778,0.0,0.0,0.0,0.1,0.0,0.0,0.0,0.38833053983585364,0.004141821350762528,522.9614849725533,0.22656790428091664,0.0,0.23449218302793107,0.0,0.38833053983585364,0.09827358124127078,LOW-COMPLEXITY,Low
822,4110.0,4115.0,0.0,0.0,0.0,102.65682220458984,103.36249542236328,2.712697916666666,0.0,0.0,0.0,0.1,0.0,0.0,0.0,0.4021123476220938,0.004142020697167756,538.1162632477192,0.24291382215869683,0.0,0.23993873696787257,0.0,0.4021123476220938,0.10490738211258037,LOW-COMPLEXITY,Low
823,4115.0,4120.0,0.0,0.0,0.0,101.26549530029297,102.80608978271485,3.31275,0.0,0.0,0.0,0.1,0.0,0.0,0.0,0.423434083827567,0.004888198529411765,506.4979688565769,0.273971956357768,0.0,0.24656479926145558,0.0,0.423434083827567,0.11742513696350168,LOW-COMPLEXITY,Low
824,4120.0,4125.0,0.0,0.0,0.0,102.4609375,102.87378387451172,2.2295277777777773,0.0,0.0,0.0,0.1,0.0,0.0,0.0,0.4116783668707966,0.0034752445533769065,527.7210705971356,0.2534855337047122,0.0,0.24292340304469087,0.0,0.4116783668707966,0.10884636620029875,LOW-COMPLEXITY,Low
825,4125.0,4130.0,0.0,0.0,0.0,102.9715347290039,103.36265716552734,1.5810937500000002,0.0,0.0,0.0,0.1,0.0,0.0,0.0,0.41860962149642555,0.00259862241285403,532.4654518104686,0.2626590052039076,0.0,0.24515147852337635,0.0,0.41860962149642555,0.11248011471102912,LOW-COMPLEXITY,Low
826,4130.0,4135.0,0.0,0.0,0.0,102.65127563476562,103.19611968994141,1.622048611111111,0.0,0.0,0.0,0.1,0.0,0.0,0.0,0.4072546702025218,0.0025913357843137257,525.2996321383774,0.2493247877655216,0.0,0.24159660222668033,0.0,0.4072546702025218,0.10740753711146846,LOW-COMPLEXITY,Low
827,4135.0,4140.0,0.0,0.0,0.0,101.21540832519531,102.05087280273438,0.9989131944444445,0.0,0.0,0.0,0.1,0.0,0.0,0.0,0.4200276977421518,0.0016390408496732025,500.14619545392134,0.2677379428687314,0.0,0.2458384051643136,0.0,0.4200276977421518,0.11490548880633752,LOW-COMPLEXITY,Low
828,4140.0,4145.0,0.0,0.0,0.0,100.87515258789062,101.57571411132812,1.9141006944444443,0.0,0.0,0.0,0.1,0.0,0.0,0.0,0.40931321266969967,0.002891549019607843,486.9297225229265,0.25208455357354587,0.0,0.24136468540853118,0.0,0.40931321266969967,0.10819161351233393,LOW-COMPLEXITY,Low
829,4145.0,4150.0,0.0,0.0,0.0,101.3150405883789,101.8118667602539,2.46196875,0.0,0.0,0.0,0.1,0.0,0.0,0.0,0.4071528538668807,0.0037032991557734204,492.5137381021519,0.24570618358926943,0.0,0.2404274975583437,0.0,0.4071528538668807,0.10521450247333483,LOW-COMPLEXITY,Low
830,4150.0,4155.0,0.0,0.0,0.0,101.43045806884766,101.77881622314453,1.1664062499999999,0.0,0.0,0.0,0.1,0.0,0.0,0.0,0.4285352565546592,0.0018904253812636166,495.3704728814092,0.2752448381851305,0.0,0.24811214304889298,0.0,0.4285352565546592,0.117327855021013,LOW-COMPLEXITY,Low
831,4155.0,4160.0,0.0,0.0,0.0,101.79902648925781,102.14797821044922,1.34325,0.0,0.0,0.0,0.1,0.0,0.0,0.0,0.3953269045251309,0.0021577139161220037,510.050009320487,0.2319542147368892,0.0,0.2375770593274071,0.0,0.3953269045251309,0.10029735200175435,LOW-COMPLEXITY,Low
832,4160.0,4165.0,0.0,0.0,0.0,101.53885650634766,102.0971435546875,1.9117291666666665,0.0,0.0,0.0,0.1,0.0,0.0,0.0,0.4041646385253478,0.002712320397603485,504.0936328684555,0.24517067883496932,0.0,0.2405429095602661,0.0,0.4041646385253478,0.10573419813224084,LOW-COMPLEXITY,Low
833,4165.0,4170.0,0.0,0.0,0.0,102.26361083984375,102.73658447265625,1.9755555555555555,0.0,0.0,0.0,0.1,0.0,0.0,0.0,0.4295634446173509,0.0030152652505446623,502.4018306647223,0.27600372133797196,0.0,0.2484380718800527,0.0,0.4295634446173509,0.1175643246726667,LOW-COMPLEXITY,Low
834,4170.0,4175.0,0.0,0.0,0.0,101.55684661865234,102.10646362304688,2.5335486111111107,0.0,0.0,0.0,0.1,0.0,0.0,0.0,0.4023186616021396,0.0037600793845315905,504.9432553752008,0.24270694262999526,0.0,0.2400218226999953,0.0,0.4023186616021396,0.10478144385946109,LOW-COMPLEXITY,Low
835,4175.0,4180.0,0.0,0.0,0.0,101.0234375,101.3091827392578,1.3849791666666667,0.0,0.0,0.0,0.1,0.0,0.0,0.0,0.4031694992426919,0.002132893246187364,505.5639119971697,0.2409101495957669,0.0,0.23991527716737546,0.0,0.4031694992426919,0.10363304699579187,LOW-COMPLEXITY,Low
836,4180.0,4185.0,0.0,0.0,0.0,101.05931854248047,102.26895294189453,1.7594722222222219,0.0,0.0,0.0,0.1,0.0,0.0,0.0,0.4631921376405913,0.002768937636165577,496.71646325839737,0.32572018181088697,0.0,0.2596825870317986,0.0,0.4631921376405913,0.13795096195642514,LOW-COMPLEXITY,Low
837,4185.0,4190.0,0.0,0.0,0.0,102.93782043457031,103.89537658691407,3.9975312499999998,0.0,0.0,0.0,0.1,0.0,0.0,0.0,0.4066547402541259,0.006174291258169934,581.2002502940335,0.24630009735426533,0.0,0.24048425777943308,0.0,0.4066547402541259,0.10565585383640276,LOW-COMPLEXITY,Low
838,4190.0,4195.0,0.0,0.0,0.0,102.6618423461914,103.93399963378906,4.480378472222221,0.0,0.0,0.0,0.1,0.0,0.0,0.0,0.39957765968495373,0.007184630446623094,557.8635633383934,0.24019152070772284,0.0,0.23844590129833448,0.0,0.39957765968495373,0.10365741088704006,LOW-COMPLEXITY,Low
839,4195.0,4200.0,0.0,0.0,0.0,104.10044860839844,104.33424530029296,2.105402777777778,0.0,0.0,0.0,0.1,0.0,0.0,0.0,0.42063572776652747,0.003185664760348583,533.5826348693475,0.26397327372754636,0.0,0.24580258937497185,0.0,0.42063572776652747,0.11285861120338146,LOW-COMPLEXITY,Low
840,4200.0,4205.0,0.0,0.0,0.0,103.65364837646484,104.17303009033203,2.44315625,0.0,0.0,0.0,0.1,0.0,0.0,0.0,0.4122401011197988,0.0036242291666666667,529.2591082896507,0.25397894374908386,0.0,0.24293532543304888,0.0,0.4122401011197988,0.10895681049615934,LOW-COMPLEXITY,Low
841,4205.0,4210.0,0.0,0.0,0.0,102.74429321289062,103.28535308837891,3.5923958333333337,0.0,0.0,0.0,0.1,0.0,0.0,0.0,0.41971902100989966,0.005696726579520697,549.5900860138923,0.2633390127725019,0.0,0.24528836277469765,0.0,0.41971902100989966,0.1125906781049202,LOW-COMPLEXITY,Low
842,4210.0,4215.0,0.0,0.0,0.0,102.3664321899414,102.75178375244141,2.07996875,0.0,0.0,0.0,0.1,0.0,0.0,0.0,0.4114032372358981,0.003418372004357298,557.0215284003096,0.25462746007472653,0.0,0.24319002617423247,0.0,0.4114032372358981,0.10957942988937011,LOW-COMPLEXITY,Low
843,4215.0,4220.0,0.0,0.0,0.0,101.87146759033203,102.6057357788086,2.6224930555555557,0.0,0.0,0.0,0.1,0.0,0.0,0.0,0.407421642247847,0.004067815904139432,555.3035345624214,0.24843781214029598,0.0,0.24128116058051027,0.0,0.407421642247847,0.10681190171136483,LOW-COMPLEXITY,Low
844,4220.0,4225.0,0.0,0.0,1.0,101.58080291748047,102.72764434814454,4.20870138888889,0.0075,0.0,0.05,0.1,0.0,0.0,0.0,0.4062190650335626,0.006852369961873638,543.4705149717519,0.24762879546675232,0.0,0.24061359304251564,0.0,0.4062190650335626,0.10647438903986599,LOW-COMPLEXITY,Low
845,4225.0,4230.0,0.0,0.0,0.0,101.79385375976562,103.29647521972656,4.690041666666667,0.0,0.0,0.0,0.1,0.0,0.0,0.0,0.38901679027272373,0.007877384803921568,582.5911952297998,0.22651493493971547,0.0,0.23489321620189255,0.0,0.38901679027272373,0.09821589557233919,LOW-COMPLEXITY,Low
846,4230.0,4235.0,0.0,0.0,0.0,102.10978698730469,103.29077911376953,4.49840625,0.0,0.0,0.0,0.1,0.0,0.0,0.0,0.40191022889943795,0.007464376361655775,560.9694112037088,0.242892978137219,0.0,0.2393290145950819,0.0,0.40191022889943795,0.10473408695202867,LOW-COMPLEXITY,Low
847,4235.0,4240.0,0.0,0.0,0.0,100.89559173583984,102.19365539550782,4.258836805555555,0.0,0.0,0.0,0.1,0.0,0.0,0.0,0.3979151145734789,0.0065594315087145975,513.4550892171678,0.23830788114598503,0.0,0.23800465114403582,0.0,0.3979151145734789,0.10297678983003532,LOW-COMPLEXITY,Low
848,4240.0,4245.0,0.0,0.0,0.0,100.12482452392578,102.7280517578125,4.851819444444446,0.0,0.0,0.0,0.1,0.0,0.0,0.0,0.4102477906228784,0.007742839052287582,516.6171881787501,0.2564355683746085,0.0,0.2406823197807983,0.0,0.4102477906228784,0.10989464845486406,LOW-COMPLEXITY,Low
849,4245.0,4250.0,0.0,0.0,0.0,101.26971435546875,102.11766662597657,4.881204861111111,0.0,0.0,0.0,0.1,0.0,0.0,0.0,0.4142988216727494,0.007175897058823528,519.5393775346436,0.2579120054927199,0.0,0.24357838104351054,0.0,0.4142988216727494,0.1106337306934013,LOW-COMPLEXITY,Low
850,4250.0,4255.0,0.0,0.0,0.0,103.66283416748047,105.16397094726562,4.530423611111111,0.0,0.0,0.0,0.1,0.0,0.0,0.0,0.4109352481760085,0.007147780637254903,539.1422249542256,0.2538307983953213,0.0,0.24158607951880265,0.0,0.4109352481760085,0.10873671498523946,LOW-COMPLEXITY,Low
851,4255.0,4260.0,0.0,0.0,0.0,102.26676940917969,104.46034393310546,4.465684027777777,0.0,0.0,0.0,0.1,0.0,0.0,0.0,0.39827971139925156,0.007245741285403051,538.291860455871,0.24018908349370666,0.0,0.23735133523277022,0.0,0.39827971139925156,0.10359758122851001,LOW-COMPLEXITY,Low
852,4260.0,4265.0,0.0,0.0,0.0,101.35062408447266,101.98827514648437,3.669392361111111,0.0,0.0,0.0,0.1,0.0,0.0,0.0,0.4095848479332082,0.005546149918300653,506.2823774985376,0.25024564015791156,0.0,0.24188648011407252,0.0,0.4095848479332082,0.10738687613557911,LOW-COMPLEXITY,Low
853,4265.0,4270.0,0.0,0.0,0.0,102.03721618652344,103.33382415771484,3.6629097222222224,0.0,0.0,0.0,0.1,0.0,0.0,0.0,0.3950826840427575,0.00576258455882353,505.9167531852542,0.23406270719283823,0.0,0.2368671775306313,0.0,0.3950826840427575,0.10116419472145069,LOW-COMPLEXITY,Low
854,4270.0,4275.0,0.0,0.0,0.0,103.45990753173828,104.03690490722656,1.573954861111111,0.0,0.0,0.0,0.1,0.0,0.0,0.0,0.39175784290611165,0.002488049019607843,532.4972934790851,0.22859923171747043,0.0,0.23642141730110694,0.0,0.39175784290611165,0.09910765118759472,LOW-COMPLEXITY,Low
855,4275.0,4280.0,0.0,0.0,0.0,103.88224792480469,104.45669250488281,1.645361111111111,0.0,0.0,0.0,0.1,0.0,0.0,0.0,0.40066363185664905,0.0026146211873638346,554.0737166349167,0.24045063296016825,0.0,0.23942617408921105,0.0,0.40066363185664905,0.10385856944714571,LOW-COMPLEXITY,Low
856,4280.0,4285.0,0.0,0.0,0.0,104.2203369140625,104.71508483886718,1.7320277777777775,0.0,0.0,0.0,0.1,0.0,0.0,0.0,0.38569174631649494,0.0028990460239651417,562.1445418988708,0.22016625442020504,0.0,0.2344850605311624,0.0,0.38569174631649494,0.09572996181688562,LOW-COMPLEXITY,Low
857,4285.0,4290.0,0.0,0.0,0.0,103.7968978881836,104.05599365234374,0.9971597222222223,0.0,0.0,0.0,0.1,0.0,0.0,0.0,0.4121073934003524,0.001719313997821351,542.3823424390175,0.2550760596120727,0.0,0.24343765673419285,0.0,0.4121073934003524,0.10971436131291573,LOW-COMPLEXITY,Low
858,4290.0,4295.0,0.0,0.0,0.0,103.0639877319336,103.77903747558594,1.8899062499999997,0.0,0.0,0.0,0.1,0.0,0.0,0.0,0.40294021658344603,0.0029156541394335517,535.7269157218235,0.24290028780812575,0.0,0.23986703747226606,0.0,0.40294021658344603,0.10466855287349448,LOW-COMPLEXITY,Low
859,4295.0,4300.0,0.0,0.0,0.0,103.52106475830078,104.95185852050781,2.3101736111111113,0.0,0.0,0.0,0.1,0.0,0.0,0.0,0.4114433996718081,0.003638280364923747,550.6228155073833,0.2561686574534896,0.0,0.24223396820393245,0.0,0.4114433996718081,0.11000536768016912,LOW-COMPLEXITY,Low
860,4300.0,4305.0,0.0,0.0,0.0,102.43426513671875,102.88084716796875,0.994878472222222,0.0,0.0,0.0,0.1,0.0,0.0,0.0,0.3943178094127822,0.0018055369008714596,514.3777163270672,0.2315211161307686,0.0,0.23733538439590968,0.0,0.3943178094127822,0.10024849025075712,LOW-COMPLEXITY,Low
861,4305.0,4310.0,0.0,0.0,0.0,102.8133773803711,103.69112548828124,4.391295138888889,0.0,0.0,0.0,0.1,0.0,0.0,0.0,0.40398580135158346,0.006850644335511983,539.3039866872631,0.24439010087325944,0.0,0.24017726433922656,0.0,0.40398580135158346,0.10526064261746315,LOW-COMPLEXITY,Low
862,4310.0,4315.0,0.0,0.0,0.0,104.19927978515625,105.53790283203125,3.536118055555556,0.0,0.0,0.0,0.1,0.0,0.0,0.0,0.38853840122838773,0.005349589460784314,556.6366543984769,0.22578364603719522,0.0,0.23485637438921014,0.0,0.38853840122838773,0.09795695374772423,LOW-COMPLEXITY,Low
863,4315.0,4320.0,0.0,0.0,0.0,102.86034393310547,103.61888122558594,3.12828125,0.0,0.0,0.0,0.1,0.0,0.0,0.0,0.40508101037844213,0.004964418300653596,555.3746408401214,0.2453575228178338,0.0,0.2405288885531441,0.0,0.40508101037844213,0.1055936198079068,LOW-COMPLEXITY,Low
864,4320.0,4325.0,0.0,0.0,0.0,101.10191345214844,102.37782135009766,5.079374999999999,0.0,0.0,0.0,0.1,0.0,0.0,0.0,0.4000963624049794,0.007801402913943355,530.8728701727996,0.24009039589641312,0.0,0.23851998657044576,0.0,0.4000963624049794,0.10350310264661772,LOW-COMPLEXITY,Low
865,4325.0,4330.0,0.0,0.0,0.0,102.05010223388672,102.97284393310547,4.729694444444445,0.0,0.0,0.0,0.1,0.0,0.0,0.0,0.4154431370069996,0.007099552696078431,525.8624981449746,0.2589823920758544,0.0,0.24369700022741145,0.0,0.4154431370069996,0.1109243618657713,LOW-COMPLEXITY,Low
866,4330.0,4335.0,0.0,0.0,0.7600000000000051,102.072998046875,103.58904266357422,3.201708333333333,0.005700000000000038,0.0,0.038000000000000256,0.1,0.0,0.0,0.0088421052515233,0.3895108484836763,0.004850793300653596,532.5014451043236,0.22771225752312493,0.003846315784412635,0.23673745319756437,0.0026526315754569897,0.3895108484836763,0.10066284104751941,LOW-COMPLEXITY,Low
867,4335.0,4340.0,0.0,0.0,0.0,103.70201873779297,104.1485809326172,2.7128125,0.0,0.0,0.0,0.1,0.0,0.0,0.0,0.4086968796933416,0.004069636437908497,552.7540271047037,0.24721220051868972,0.0,0.2413658426639337,0.0,0.4086968796933416,0.10590992526838625,LOW-COMPLEXITY,Low
868,4340.0,4345.0,0.0,0.0,0.0,104.07833862304688,104.31568298339843,1.8812048611111112,0.0,0.0,0.0,0.1,0.0,0.0,0.0,0.41425711396170667,0.0029556162854030496,566.3376310510287,0.25498977480913126,0.0,0.24356212795520704,0.0,0.41425711396170667,0.10917735369846142,LOW-COMPLEXITY,Low
869,4345.0,4350.0,0.0,0.0,0.0,103.96023559570312,104.38439331054687,1.8135694444444446,0.0,0.0,0.0,0.1,0.0,0.0,0.0,0.4164013958255592,0.0027603259803921573,570.4614733036235,0.25806847644352754,0.0,0.24406129722884515,0.0,0.4164013958255592,0.11035534329546975,LOW-COMPLEXITY,Low
870,4350.0,4355.0,0.0,0.0,0.0,104.08206176757812,104.7103286743164,1.8936249999999994,0.0,0.0,0.0,0.1,0.0,0.0,0.0,0.40019619404442064,0.002817219907407407,562.6957881198651,0.24020682502110696,0.0,0.2392319041438896,0.0,0.40019619404442064,0.10378553044980968,LOW-COMPLEXITY,Low
871,4355.0,4360.0,0.0,0.0,0.0,104.41050720214844,105.00001068115235,2.114538194444444,0.0,0.0,0.0,0.1,0.0,0.0,0.0,0.3889586238741588,0.003089661492374728,559.9424805746788,0.22442480136329296,0.0,0.23541758104557045,0.0,0.3889586238741588,0.09736889807905644,LOW-COMPLEXITY,Low
872,4360.0,4365.0,0.0,0.0,0.0,103.05416107177734,103.30886688232422,1.924996527777778,0.0,0.0,0.0,0.1,0.0,0.0,0.0,0.4107342839198005,0.0029306678921568624,553.5516219644496,0.25352134866760645,0.0,0.24309477699917054,0.0,0.4107342839198005,0.10916027530356279,LOW-COMPLEXITY,Low
873,4365.0,4370.0,0.0,0.0,0.0,102.91224670410156,103.3384002685547,1.9947083333333335,0.0,0.0,0.0,0.1,0.0,0.0,0.0,0.40449219896768795,0.0030532776416122,536.4448090416129,0.24247556470989828,0.0,0.24016450561196653,0.0,0.40449219896768795,0.10417230957721543,LOW-COMPLEXITY,Low
874,4370.0,4375.0,0.0,0.0,0.0,103.58485412597656,104.60368347167969,1.8553541666666664,0.0,0.0,0.0,0.1,0.0,0.0,0.0,0.3913998591116121,0.002890250680827887,559.8956299936723,0.22835968835904835,0.0,0.23575165324495265,0.0,0.3913998591116121,0.09884295803735457,LOW-COMPLEXITY,Low
875,4375.0,4380.0,0.0,0.0,0.0,102.50349426269531,102.87867279052735,1.9089930555555557,0.0,0.0,0.0,0.1,0.0,0.0,0.0,0.4050530713676951,0.0028842258986928105,542.9258258947871,0.24272983210890794,0.0,0.240278816265643,0.0,0.4050530713676951,0.10419923390550526,LOW-COMPLEXITY,Low
876,4380.0,4385.0,0.0,0.0,0.0,101.75330352783203,102.25940704345703,2.360020833333333,0.0,0.0,0.0,0.1,0.0,0.0,0.0,0.4109796930002126,0.0036334362745098045,512.4120473922451,0.25156659391287933,0.0,0.2423290592972573,0.0,0.4109796930002126,0.10785354446042658,LOW-COMPLEXITY,Low
877,4385.0,4390.0,0.0,0.0,0.0,102.03998565673828,102.45527038574218,2.116038194444444,0.0,0.0,0.0,0.1,0.0,0.0,0.0,0.3955652440080554,0.003222821350762528,552.4655106004616,0.23267548126820387,0.0,0.23771132193523367,0.0,0.3955652440080554,0.10064539230941985,LOW-COMPLEXITY,Low
878,4390.0,4395.0,0.0,0.0,0.7600000000000051,101.84831237792969,102.29484558105469,2.6242465277777773,0.005700000000000038,0.0,0.038000000000000256,0.1,0.0,0.0,0.0088421052515233,0.41486163733885223,0.00402624128540305,524.5436313983498,0.25415345377684856,0.003846315784412635,0.24485831454802653,0.0026526315754569897,0.41486163733885223,0.11038804343324898,LOW-COMPLEXITY,Low
879,4395.0,4400.0,0.0,0.0,0.0,100.86270141601562,101.49148864746094,1.7995277777777778,0.0,0.0,0.0,0.1,0.0,0.0,0.0,0.3909511997016251,0.0028759979575163396,515.5325487398788,0.22764419006365066,0.0,0.2361221657799684,0.0,0.3909511997016251,0.09872705312940798,LOW-COMPLEXITY,Low
880,4400.0,4405.0,0.0,0.0,0.0,102.31179809570312,103.18035278320312,1.3970381944444445,0.0,0.0,0.0,0.1,0.0,0.0,0.0,0.3919076081374115,0.0021437411492374724,522.5982161215269,0.2293868683052909,0.0,0.23618484085150646,0.0,0.3919076081374115,0.09938122641631984,LOW-COMPLEXITY,Low
881,4405.0,4410.0,0.0,0.0,0.0,102.55486297607422,102.86956329345703,1.427392361111111,0.0,0.0,0.0,0.1,0.0,0.0,0.0,0.4148250882340796,0.002239412037037037,528.674435435394,0.25548682002775713,0.0,0.24350556012657112,0.0,0.4148250882340796,0.10926408399965856,LOW-COMPLEXITY,Low
882,4410.0,4415.0,0.0,0.0,0.0,101.6672592163086,102.55526275634766,1.9188993055555554,0.0,0.0,0.0,0.1,0.0,0.0,0.0,0.41615248990298287,0.0029017275326797386,506.878795015738,0.2625868676011351,0.0,0.24452114869924696,0.0,0.41615248990298287,0.11283771336955825,LOW-COMPLEXITY,Low
883,4415.0,4420.0,0.0,0.0,0.0,102.503662109375,102.89485931396484,1.398940972222222,0.0,0.0,0.0,0.1,0.0,0.0,0.0,0.42172465801429593,0.002137118600217865,520.317814845572,0.2672012461101544,0.0,0.24635045853743287,0.0,0.42172465801429593,0.11439211903960472,LOW-COMPLEXITY,Low
884,4420.0,4425.0,0.0,0.0,0.0,101.06095123291016,102.03900146484375,3.4836944444444438,0.0,0.0,0.0,0.1,0.0,0.0,0.0,0.43863391723057893,0.005046729983660131,521.9274095021241,0.2930537014483271,0.0,0.2521751794849178,0.0,0.43863391723057893,0.12512968423624005,LOW-COMPLEXITY,Low
885,4425.0,4430.0,0.0,0.0,0.0,101.6804428100586,102.70780792236329,3.6319131944444445,0.0,0.0,0.0,0.1,0.0,0.0,0.0,0.41253778185772005,0.0054877979302832254,543.8614443663056,0.253675514233063,0.0,0.2421595193401489,0.0,0.41253778185772005,0.10845914342115359,LOW-COMPLEXITY,Low
886,4430.0,4435.0,0.0,0.0,0.0,102.5908203125,103.5750244140625,3.2952256944444445,0.0,0.0,0.0,0.1,0.0,0.0,0.0,0.4017298968207558,0.00512484123093682,568.4480240090301,0.242116582141181,0.0,0.23925489426157595,0.0,0.4017298968207558,0.10436502985695313,LOW-COMPLEXITY,Low
887,4435.0,4440.0,0.0,0.0,0.0,102.3619613647461,103.04093017578126,2.9990312499999994,0.0,0.0,0.0,0.1,0.0,0.0,0.0,0.4141882106556319,0.004294369553376907,521.4611313890119,0.2557271339746085,0.0,0.243151126670114,0.0,0.4141882106556319,0.10941940865793617,LOW-COMPLEXITY,Low
888,4440.0,4445.0,0.0,0.0,0.0,102.49549865722656,102.987841796875,2.0930972222222226,0.0,0.0,0.0,0.1,0.0,0.0,0.0,0.39500000606529034,0.0033268601579520695,511.0288651163436,0.2319079016559055,0.0,0.2374030367635387,0.0,0.39500000606529034,0.1002950121788687,LOW-COMPLEXITY,Low
889,4445.0,4450.0,0.0,0.0,0.0,101.88912200927734,102.77588806152343,1.863305555555556,0.0,0.0,0.0,0.1,0.0,0.0,0.0,0.42717228543555263,0.0028704452614379083,535.2387970249985,0.27522259826947254,0.0,0.2476876448998546,0.0,0.42717228543555263,0.11750890349079725,LOW-COMPLEXITY,Low
890,4450.0,4455.0,0.0,0.0,0.0,102.0719223022461,103.04093933105469,1.5078368055555555,0.0,0.0,0.0,0.1,0.0,0.0,0.0,0.3939361182230308,0.0023836296296296296,546.6859481730775,0.23168190051595564,0.0,0.23669169143845553,0.0,0.3939361182230308,0.10019901270567955,LOW-COMPLEXITY,Low
891,4455.0,4460.0,0.0,0.0,0.0,101.53185272216797,102.90997161865235,2.2056875000000002,0.0,0.0,0.0,0.1,0.0,0.0,0.0,0.43097926437371886,0.0032948714596949887,529.9648883061595,0.2832357910452754,0.0,0.24900145931277962,0.0,0.43097926437371886,0.12102359018868086,LOW-COMPLEXITY,Low
892,4460.0,4465.0,0.0,0.0,0.0,101.47212219238281,101.91880950927734,1.9227604166666667,0.0,0.0,0.0,0.1,0.0,0.0,0.0,0.3924186287070643,0.0028391341230936816,524.3390622822387,0.2288349467899729,0.0,0.23667094660857016,0.0,0.3924186287070643,0.09914764753121993,LOW-COMPLEXITY,Low
893,4465.0,4470.0,0.0,0.0,0.0,102.131591796875,102.81082611083984,2.541243055555556,0.0,0.0,0.0,0.1,0.0,0.0,0.0,0.43187620437559504,0.003803542619825708,538.0794486742261,0.2827953551670758,0.0,0.2499458187310226,0.0,0.43187620437559504,0.12090966304549705,LOW-COMPLEXITY,Low
894,4470.0,4475.0,0.0,0.0,0.0,101.73155212402344,103.04019775390626,3.165975694444445,0.0,0.0,0.0,0.1,0.0,0.0,0.0,0.4017706372608841,0.005010063725490196,538.3578451273639,0.243440445628926,0.0,0.23920204647841173,0.0,0.4017706372608841,0.10499827976668608,LOW-COMPLEXITY,Low
895,4475.0,4480.0,0.0,0.0,0.0,101.24685668945312,101.88427429199218,2.1119513888888886,0.0,0.0,0.0,0.1,0.0,0.0,0.0,0.40111565088085666,0.0031102904411764703,528.0357383946242,0.24102198158905827,0.0,0.23940913101024047,0.0,0.40111565088085666,0.10402527392789913,LOW-COMPLEXITY,Low
896,4480.0,4485.0,0.0,0.0,0.0,101.74815368652344,101.96309051513671,1.9349375000000002,0.0,0.0,0.0,0.1,0.0,0.0,0.0,0.44220468415430825,0.003029448393246188,532.1921937439073,0.28918191488623296,0.0,0.252132442326307,0.0,0.44220468415430825,0.12228614121874685,LOW-COMPLEXITY,Low
897,4485.0,4490.0,0.0,0.0,0.0,102.9201431274414,103.80319671630859,2.338840277777779,0.0,0.0,0.0,0.1,0.0,0.0,0.0,0.393528776569092,0.0035751745642701527,555.1868723480418,0.23134116335434657,0.0,0.23673339838871738,0.0,0.393528776569092,0.10014507697095137,LOW-COMPLEXITY,Low
898,4490.0,4495.0,0.0,0.0,0.0,102.75640869140625,103.09849700927734,2.1532812500000005,0.0,0.0,0.0,0.1,0.0,0.0,0.0,0.4140774492410613,0.0030919324618736387,551.8630986317696,0.25490737325985385,0.0,0.24338896995632467,0.0,0.4140774492410613,0.10912046380437523,LOW-COMPLEXITY,Low
899,4495.0,4500.0,0.0,0.0,0.0,103.7911148071289,105.05038757324219,2.765819444444445,0.0,0.0,0.0,0.1,0.0,0.0,0.0,0.4015094236893517,0.0042858297930283215,550.334107435962,0.24124131770584767,0.0,0.23878233640378618,0.0,0.4015094236893517,0.10381712067191107,LOW-COMPLEXITY,Low
900,4500.0,4505.0,0.0,0.0,0.0,103.38847351074219,103.76357421875,2.2056874999999994,0.0,0.0,0.0,0.1,0.0,0.0,0.0,0.40417910382336947,0.003454590005446623,545.2959080680201,0.2418703869334593,0.0,0.24010476772032485,0.0,0.40417910382336947,0.10392708621300098,LOW-COMPLEXITY,Low
901,4505.0,4510.0,0.0,0.0,0.0,102.93836975097656,103.90820770263672,1.95484375,0.0,0.0,0.0,0.1,0.0,0.0,0.0,0.407421716106831,0.0028997148692810463,567.5986512092547,0.2486698836191915,0.0,0.2409379579764999,0.0,0.407421716106831,0.10680779807466297,LOW-COMPLEXITY,Low
902,4510.0,4515.0,0.0,0.0,0.0,102.72128295898438,103.40599670410157,3.0551076388888885,0.0,0.0,0.0,0.1,0.0,0.0,0.0,0.411757675181986,0.0048866075708061,551.4369452597374,0.25148991881639055,0.0,0.24213931112296155,0.0,0.411757675181986,0.1075542995057353,LOW-COMPLEXITY,Low
903,4515.0,4520.0,0.0,0.0,0.0,100.97908020019531,101.36162414550782,2.4139027777777775,0.0,0.0,0.0,0.1,0.0,0.0,0.0,0.4047367258812467,0.003504457924836601,542.6285242912039,0.244367843730568,0.0,0.24068766731460636,0.0,0.4047367258812467,0.10524042395508454,LOW-COMPLEXITY,Low
904,4520.0,4525.0,0.0,0.0,0.0,100.7021255493164,101.1426284790039,1.4108263888888888,0.0,0.0,0.0,0.1,0.0,0.0,0.0,0.39206618828168716,0.0022010122549019607,521.9660519382894,0.22838257856258898,0.0,0.23656872643264767,0.0,0.39206618828168716,0.09897379646229938,LOW-COMPLEXITY,Low
905,4525.0,4530.0,0.0,0.0,0.0,100.12382507324219,100.23917083740234,1.253878472222222,0.0,0.0,0.0,0.1,0.0,0.0,0.0,0.40034344903754393,0.00202517470043573,490.35459071172096,0.23807978856876127,0.0,0.23886590859087947,0.0,0.40034344903754393,0.10255710003180246,LOW-COMPLEXITY,Low
906,4530.0,4535.0,0.0,0.0,0.0,100.11627197265625,100.81353454589843,2.2266909722222223,0.0,0.0,0.0,0.1,0.0,0.0,0.0,0.47693542959987517,0.0037547306644880175,499.7931531225085,0.32938109680069405,0.0,0.26144529429124214,0.0,0.47693542959987517,0.13696254400231297,LOW-COMPLEXITY,Low
907,4535.0,4540.0,0.0,0.0,0.0,131.61659240722656,132.24916076660156,3.195427083333333,0.0,0.0,0.0,0.1,0.0,0.0,0.0,0.4424225115195301,0.004703149918300653,1193.7627341138507,0.28737373914100506,0.0,0.25139112120486895,0.0,0.4424225115195301,0.12106813411232412,LOW-COMPLEXITY,Low
908,4540.0,4545.0,0.0,0.0,0.0,131.0167694091797,132.20591430664064,3.569836805555555,0.0,0.0,0.0,0.1,0.0,0.0,0.0,0.42799243194038467,0.006122750816993464,896.1067485673894,0.28393722384304404,0.0,0.247116370595963,0.0,0.42799243194038467,0.12146123364501289,LOW-COMPLEXITY,Low
909,4545.0,4550.0,0.0,0.0,0.0,101.84049224853516,102.17640228271485,2.3911527777777777,0.0,0.0,0.0,0.1,0.0,0.0,0.0,0.4550810810012743,0.003609653458605664,545.4887616493918,0.30529887843032605,0.0,0.2559952779646456,0.0,0.4550810810012743,0.1284775162524704,LOW-COMPLEXITY,Low
910,4550.0,4555.0,0.0,0.0,0.0,100.78103637695312,101.13438415527344,1.752267361111111,0.0,0.0,0.0,0.1,0.0,0.0,0.0,0.4040712878296982,0.002715866013071895,529.4013192529368,0.24126731635664547,0.0,0.23993473306262414,0.0,0.4040712878296982,0.10359299279281663,LOW-COMPLEXITY,Low
911,4555.0,4560.0,0.0,0.0,0.0,100.85381317138672,100.98126068115235,1.4760625000000003,0.0,0.0,0.0,0.1,0.0,0.0,0.0,0.4039300220178892,0.002183193899782135,504.23707097630665,0.24203870289419802,0.0,0.24042483042325363,0.0,0.4039300220178892,0.10418553659076547,LOW-COMPLEXITY,Low
912,4560.0,4565.0,0.0,0.0,0.0,101.26787567138672,101.54030914306641,1.0682083333333332,0.0,0.0,0.0,0.1,0.0,0.0,0.0,0.3895066337645695,0.0017458179466230937,511.0851412503215,0.22468191819996639,0.0,0.23585344649911824,0.0,0.3895066337645695,0.0975130069335322,LOW-COMPLEXITY,Low
913,4565.0,4570.0,0.0,0.0,0.0,101.28564453125,101.82022247314453,2.2525937500000004,0.0,0.0,0.0,0.1,0.0,0.0,0.0,0.39205208190042984,0.003362195942265795,520.9403517592787,0.22793308060624934,0.0,0.2363428087771047,0.0,0.39205208190042984,0.09867350290000385,LOW-COMPLEXITY,Low
914,4570.0,4575.0,0.0,0.0,0.0,100.88422393798828,101.55010833740235,1.276725694444444,0.0,0.0,0.0,0.1,0.0,0.0,0.0,0.39923659798289324,0.00203292470043573,515.6211426821708,0.2382927115763185,0.0,0.23871126530855788,0.0,0.39923659798289324,0.1028861491504312,LOW-COMPLEXITY,Low
915,4575.0,4580.0,0.0,0.0,0.0,101.40308380126953,101.67906036376954,0.9816631944444443,0.0,0.0,0.0,0.1,0.0,0.0,0.0,0.4066315666428064,0.0016611033496732026,518.6016703739966,0.24541452470956657,0.0,0.2410134388545393,0.0,0.4066315666428064,0.10540407429317043,LOW-COMPLEXITY,Low
916,4580.0,4585.0,0.0,0.0,1.0,101.52667999267578,101.86595764160157,1.7850381944444444,0.0075,0.0,0.05,0.1,0.0,0.0,0.0,0.4253840245869584,0.0028830341775599134,508.76309821516145,0.2706838137758273,0.0,0.24730082857839344,0.0,0.4253840245869584,0.11555119074361175,LOW-COMPLEXITY,Low
917,4585.0,4590.0,0.0,0.0,0.0,102.07322692871094,102.36083374023437,0.9678854166666666,0.0,0.0,0.0,0.1,0.0,0.0,0.0,0.4307175881732969,0.001698306508714597,559.5945229049796,0.277685042232389,0.0,0.24905556438599355,0.0,0.4307175881732969,0.118332571607968,LOW-COMPLEXITY,Low
918,4590.0,4595.0,0.0,0.0,0.0,101.97533416748047,102.14211730957031,1.4014513888888889,0.0,0.0,0.0,0.1,0.0,0.0,0.0,0.4493807758112372,0.002345269880174292,554.108737163898,0.29805954938779006,0.0,0.2543844601260409,0.0,0.4493807758112372,0.12571914178520005,LOW-COMPLEXITY,Low
919,4595.0,4600.0,0.0,0.0,0.0,102.02495574951172,102.46952819824219,2.249402777777777,0.0,0.0,0.0,0.1,0.0,0.0,0.0,0.4139872488058583,0.0032564501633986927,533.9837391418189,0.25776823017924116,0.0,0.24387468539144852,0.0,0.4139872488058583,0.11074344277516299,LOW-COMPLEXITY,Low
920,4600.0,4605.0,0.0,0.0,0.0,101.84969329833984,102.48382110595703,1.8611180555555558,0.0,0.0,0.0,0.1,0.0,0.0,0.0,0.4035681799731566,0.0029441282679738565,535.5570320397468,0.24298572362764892,0.0,0.2399763592492215,0.0,0.4035681799731566,0.10459254255776285,LOW-COMPLEXITY,Low
921,4605.0,4610.0,0.0,0.0,0.0,101.95955657958984,102.39776000976562,2.0726701388888893,0.0,0.0,0.0,0.1,0.0,0.0,0.0,0.393859083727514,0.003033346132897603,546.1190941489256,0.23044727365122272,0.0,0.23712622795118218,0.0,0.393859083727514,0.09975304567664663,LOW-COMPLEXITY,Low
922,4610.0,4615.0,0.0,0.0,0.0,102.70683288574219,103.34453582763672,2.2303715277777774,0.0,0.0,0.0,0.1,0.0,0.0,0.0,0.3957062964256028,0.003463402369281046,559.097432208425,0.2333339226781643,0.0,0.23755517844321095,0.0,0.3957062964256028,0.1008846996878053,LOW-COMPLEXITY,Low
923,4615.0,4620.0,0.0,0.0,0.0,102.59968566894531,103.63536529541015,3.796934027777777,0.0,0.0,0.0,0.1,0.0,0.0,0.0,0.41679554779829414,0.005835613153594772,569.5056371192368,0.25823816080991024,0.0,0.24336707978285757,0.0,0.41679554779829414,0.11009867137938173,LOW-COMPLEXITY,Low
924,4620.0,4625.0,0.0,0.0,0.0,103.28404998779297,103.65671081542969,1.9851388888888892,0.0,0.0,0.0,0.1,0.0,0.0,0.0,0.4465313776309473,0.0029589274237472765,570.2105412306651,0.2966734499753796,0.0,0.2537517319929432,0.0,0.4465313776309473,0.12551698677748307,LOW-COMPLEXITY,Low
925,4625.0,4630.0,0.0,0.0,0.0,101.6963882446289,102.26641845703125,1.9631493055555556,0.0,0.0,0.0,0.1,0.0,0.0,0.0,0.4144009276723894,0.0028954034586056642,535.7851018076029,0.2582791171827835,0.0,0.24389538532005034,0.0,0.4144009276723894,0.110902711535312,LOW-COMPLEXITY,Low
926,4630.0,4635.0,0.0,0.0,0.0,102.34992980957031,102.69576110839844,1.7351631944444443,0.0,0.0,0.0,0.1,0.0,0.0,0.0,0.41134115172743624,0.0027174407679738557,566.3749846877355,0.25139907445622367,0.0,0.24247724528035716,0.0,0.41134115172743624,0.10773128514437778,LOW-COMPLEXITY,Low
927,4635.0,4640.0,0.0,0.0,0.0,101.79383087158203,102.31559143066406,1.4650729166666667,0.0,0.0,0.0,0.1,0.0,0.0,0.0,0.40513568482150525,0.0023029734477124186,555.0207890705614,0.2445909122457719,0.0,0.24049080207301607,0.0,0.40513568482150525,0.10518331564306525,LOW-COMPLEXITY,Low
928,4640.0,4645.0,0.0,0.0,0.0,100.63697052001953,101.16216735839843,2.6540520833333336,0.0,0.0,0.0,0.1,0.0,0.0,0.0,0.40588126781117384,0.004013381263616558,519.5737041060705,0.24717095744578066,0.0,0.24117426951300744,0.0,0.40588126781117384,0.10652615609964947,LOW-COMPLEXITY,Low
929,4645.0,4650.0,0.0,0.0,0.0,100.09870910644531,100.5781021118164,3.1157465277777776,0.0,0.0,0.0,0.1,0.0,0.0,0.0,0.40551283715712383,0.0048612363834422655,521.4314895818924,0.24537803560566612,0.0,0.24088382188625138,0.0,0.40551283715712383,0.10562014617374008,LOW-COMPLEXITY,Low
930,4650.0,4655.0,0.0,0.0,0.0,101.0968017578125,101.7359375,2.9409965277777776,0.0,0.0,0.0,0.1,0.0,0.0,0.0,0.3924014530321342,0.0043325334967320266,524.8876075283516,0.22862314036143588,0.0,0.2364216029209541,0.0,0.3924014530321342,0.09895876794501832,LOW-COMPLEXITY,Low
931,4655.0,4660.0,0.0,0.0,0.0,101.61605834960938,102.41290740966797,3.1005729166666662,0.0,0.0,0.0,0.1,0.0,0.0,0.0,0.3988946574795528,0.004479415577342047,538.058264419419,0.23765611750609705,0.0,0.2384610496267755,0.0,0.3988946574795528,0.10256576175253174,LOW-COMPLEXITY,Low
932,4660.0,4665.0,0.0,0.0,0.0,102.40912628173828,103.00564880371094,3.023822916666667,0.0,0.0,0.0,0.1,0.0,0.0,0.0,0.40846488361748406,0.004815985974945534,551.1071046775302,0.24861041730499353,0.0,0.24152218603012052,0.0,0.40846488361748406,0.10672175285866793,LOW-COMPLEXITY,Low
933,4665.0,4670.0,0.0,0.0,0.0,101.54924774169922,102.31771240234374,3.821784722222222,0.0,0.0,0.0,0.1,0.0,0.0,0.0,0.41446669708264877,0.005923020152505446,510.5359762828227,0.2570810195519569,0.0,0.2433969480829321,0.0,0.41446669708264877,0.1101127673343425,LOW-COMPLEXITY,Low
934,4670.0,4675.0,0.0,0.0,0.0,100.56365203857422,101.17874755859376,3.6097187500000003,0.0,0.0,0.0,0.1,0.0,0.0,0.0,0.3954365876217629,0.005529855800653595,505.12929758759986,0.2318189152750818,0.0,0.23733559977748855,0.0,0.3954365876217629,0.10011777065422117,LOW-COMPLEXITY,Low
935,4675.0,4680.0,0.0,0.0,0.0,100.24961853027344,101.51797637939453,3.7155,0.0,0.0,0.0,0.1,0.0,0.0,0.0,0.4019053048345706,0.005780148965141613,507.6635272902707,0.24291579541756458,0.0,0.23920025444520365,0.0,0.4019053048345706,0.10470166055596092,LOW-COMPLEXITY,Low
936,4680.0,4685.0,0.0,0.0,0.0,100.85265350341797,101.84766998291016,3.162177083333333,0.0,0.0,0.0,0.1,0.0,0.0,0.0,0.3909522751611127,0.004497171840958606,518.0314753170998,0.2284544346912304,0.0,0.23589219339755838,0.0,0.3909522751611127,0.09905141624448245,LOW-COMPLEXITY,Low
937,4685.0,4690.0,0.0,0.0,0.0,100.23043060302734,101.1158660888672,4.859631944444446,0.0,0.0,0.0,0.1,0.0,0.0,0.0,0.4135337074030013,0.007661000953159041,536.6329196535087,0.2562168779909798,0.0,0.24308497688902736,0.0,0.4135337074030013,0.10980475405589914,LOW-COMPLEXITY,Low
938,4690.0,4695.0,0.0,0.0,0.0,99.73832702636719,100.87035369873047,4.630166666666668,0.0,0.0,0.0,0.1,0.0,0.0,0.0,0.39306212760022774,0.006993821895424837,538.9820793760344,0.23047223682367357,0.0,0.236214556783497,0.0,0.39306212760022774,0.0996456813860038,LOW-COMPLEXITY,Low
939,4695.0,4700.0,0.0,0.0,1.0,100.13882446289062,100.74652404785157,5.30915625,0.0075,0.0,0.05,0.1,0.0,0.0,0.0,0.4313762456605137,0.007976950435729848,481.3055116085968,0.27752828670370727,0.0,0.24774548374272914,0.0,0.4313762456605137,0.11763100124668041,LOW-COMPLEXITY,Low
940,4700.0,4705.0,0.0,0.0,0.0,100.61134338378906,101.6618865966797,2.9180520833333334,0.0,0.0,0.0,0.1,0.0,0.0,0.0,0.39609090827232213,0.004270769607843138,515.7980783686618,0.2346795805802718,0.0,0.2372694699385877,0.0,0.39609090827232213,0.10136137770056104,LOW-COMPLEXITY,Low
941,4705.0,4710.0,0.0,0.0,0.0,100.62881469726562,101.9607177734375,2.7406840277777773,0.0,0.0,0.0,0.1,0.0,0.0,0.0,0.4095184580125919,0.004071534722222223,503.1654092614866,0.2544220942114388,0.0,0.24195348756701615,0.0,0.4095184580125919,0.10951515325102708,LOW-COMPLEXITY,Low
942,4710.0,4715.0,0.0,0.0,0.0,101.40023040771484,102.69813842773438,3.422131944444444,0.0,0.0,0.0,0.1,0.0,0.0,0.0,0.404580519048519,0.005300294934640523,534.2360531116418,0.24526636605173757,0.0,0.23972945646853583,0.0,0.404580519048519,0.10539336302772657,LOW-COMPLEXITY,Low
943,4715.0,4720.0,0.0,0.0,0.0,99.59989929199219,101.12099151611328,4.0532152777777775,0.0,0.0,0.0,0.1,0.0,0.0,0.0,0.387497165718301,0.006489760893246188,515.7001278902096,0.2256425305322673,0.0,0.2345171977604174,0.0,0.387497165718301,0.09802799305270449,LOW-COMPLEXITY,Low
944,4720.0,4725.0,0.0,0.0,0.0,101.06102752685547,101.66100769042968,3.8350972222222226,0.0,0.0,0.0,0.1,0.0,0.0,0.0,0.4371262595469755,0.00562813112745098,529.4775955191596,0.28449657523950245,0.0,0.250494543524609,0.0,0.4371262595469755,0.1206398129666205,LOW-COMPLEXITY,Low
945,4725.0,4730.0,0.0,0.0,0.0,100.30875396728516,101.15752563476562,2.699631944444445,0.0,0.0,0.0,0.1,0.0,0.0,0.0,0.40333859540574823,0.004126742374727668,508.5016665958919,0.2420703507565129,0.0,0.239494758585038,0.0,0.40333859540574823,0.10402369203158268,LOW-COMPLEXITY,Low
946,4730.0,4735.0,0.0,0.0,0.0,100.39833068847656,100.94185485839844,3.312718750000001,0.0,0.0,0.0,0.1,0.0,0.0,0.0,0.40630391779293384,0.005142150871459693,491.6171522905465,0.2461559959182569,0.0,0.24047468626639182,0.0,0.40630391779293384,0.10566815870413213,LOW-COMPLEXITY,Low
947,4735.0,4740.0,0.0,0.0,0.0,100.8948974609375,101.63916625976563,3.3148368055555553,0.0,0.0,0.0,0.1,0.0,0.0,0.0,0.42575640703349266,0.0050486849128540305,513.9127280545645,0.27103352485678944,0.0,0.24684661375823524,0.0,0.42575640703349266,0.11547397548540389,LOW-COMPLEXITY,Low
948,4740.0,4745.0,0.0,0.0,0.0,99.26082611083984,100.72767944335938,4.629041666666666,0.0,0.0,0.0,0.1,0.0,0.0,0.0,0.41241885339722684,0.007255199074074074,488.308488150113,0.25597016817139095,0.0,0.24151124144807962,0.0,0.41241885339722684,0.10940930524321663,LOW-COMPLEXITY,Low
949,4745.0,4750.0,0.0,0.0,0.0,100.87133026123047,101.19212188720704,2.304857638888888,0.0,0.0,0.0,0.1,0.0,0.0,0.0,0.453250921078953,0.003699235430283224,537.003442283073,0.30491640248530305,0.0,0.25590595548430184,0.0,0.453250921078953,0.12871255539241894,LOW-COMPLEXITY,Low
950,4750.0,4755.0,0.0,0.0,0.0,99.60952758789062,100.95437774658203,3.740916666666667,0.0,0.0,0.0,0.1,0.0,0.0,0.0,0.4023733948602648,0.005852296023965141,509.46061964239755,0.24363816479207417,0.0,0.23925689835845845,0.0,0.4023733948602648,0.10496564810643134,LOW-COMPLEXITY,Low
951,4755.0,4760.0,0.0,0.0,0.0,100.16361236572266,100.85004577636718,3.465190972222222,0.0,0.0,0.0,0.1,0.0,0.0,0.0,0.4115797044555529,0.005215261165577343,507.6744217662117,0.2530673820165067,0.0,0.24249204326463503,0.0,0.4115797044555529,0.10851098003698735,LOW-COMPLEXITY,Low
952,4760.0,4765.0,0.0,0.0,0.0,100.76830291748047,101.35645294189453,2.7842152777777778,0.0,0.0,0.0,0.1,0.0,0.0,0.0,0.4041705616887417,0.004453100354030502,543.0709456527464,0.24331728388425908,0.0,0.2401899237839332,0.0,0.4041705616887417,0.10468247484432072,LOW-COMPLEXITY,Low
953,4765.0,4770.0,0.0,0.0,0.0,100.24905395507812,101.2125015258789,3.7336076388888886,0.0,0.0,0.0,0.1,0.0,0.0,0.0,0.40469968582668536,0.005524629901960784,497.27726969463913,0.24561409211141305,0.0,0.2400482849083394,0.0,0.40469968582668536,0.10564902431695397,LOW-COMPLEXITY,Low
954,4770.0,4775.0,0.0,0.0,0.0,99.52320098876953,101.20798950195312,3.8149097222222226,0.0,0.0,0.0,0.1,0.0,0.0,0.0,0.39811556490330446,0.005904538126361655,506.9446799558521,0.2396589207846721,0.0,0.23783776153496042,0.0,0.39811556490330446,0.10354378570374607,LOW-COMPLEXITY,Low
955,4775.0,4780.0,0.0,0.0,0.0,100.11429595947266,101.03806915283204,2.795489583333333,0.0,0.0,0.0,0.1,0.0,0.0,0.0,0.4056277494554087,0.004069821895424836,505.3148935536297,0.2457969328175428,0.0,0.24026198487748243,0.0,0.4056277494554087,0.10558322375203807,LOW-COMPLEXITY,Low
956,4780.0,4785.0,0.0,0.0,0.0,99.58013153076172,100.06673278808594,1.4401319444444445,0.0,0.0,0.0,0.1,0.0,0.0,0.0,0.4068866721939188,0.0021411527777777783,492.6895243821992,0.24884112454729723,0.0,0.24117294242233692,0.0,0.4068866721939188,0.10710942407298682,LOW-COMPLEXITY,Low
957,4785.0,4790.0,0.0,0.0,0.0,99.44036865234375,99.95003204345703,1.8338958333333333,0.0,0.0,0.0,0.1,0.0,0.0,0.0,0.39899914476726595,0.0026634734477124183,480.38995963894916,0.23657451342211783,0.0,0.2373471482649051,0.0,0.39899914476726595,0.10160897241195921,LOW-COMPLEXITY,Low
958,4790.0,4795.0,0.0,0.0,0.0,101.1998062133789,102.17106170654297,4.061347222222222,0.0,0.0,0.0,0.1,0.0,0.0,0.0,0.39556675045147593,0.006087828431372549,536.3250565024274,0.23471601937018494,0.0,0.23754635664073448,0.0,0.39556675045147593,0.10160754689648055,LOW-COMPLEXITY,Low
959,4795.0,4800.0,0.0,0.0,0.0,100.23131561279297,101.36775054931641,3.187291666666667,0.0,0.0,0.0,0.1,0.0,0.0,0.0,0.40025980105541453,0.004788180827886709,517.3739029276092,0.2393667585381524,0.0,0.23841892444413537,0.0,0.40025980105541453,0.10306505256066995,LOW-COMPLEXITY,Low
960,4800.0,4805.0,0.0,0.0,0.0,101.3670883178711,102.02320709228516,2.6828645833333336,0.0,0.0,0.0,0.1,0.0,0.0,0.0,0.39988022024047326,0.003999740876906318,530.2042120912931,0.23990049831642096,0.0,0.239134711122254,0.0,0.39988022024047326,0.10367734299088106,LOW-COMPLEXITY,Low
961,4805.0,4810.0,0.0,0.0,0.7600000000000051,101.7898941040039,102.54789428710937,4.867208333333333,0.005700000000000038,0.0,0.038000000000000256,0.2,0.0,0.0,0.045684210466204495,0.40629134362510305,0.007649851443355119,539.6658882943349,0.2475302972852932,0.019872631552798954,0.25030141397278505,0.013705263139861349,0.40629134362510305,0.11665043919677626,LOW-COMPLEXITY,Low
962,4810.0,4815.0,0.0,0.0,0.7600000000000051,100.07685852050781,101.25084533691407,2.928434027777777,0.005700000000000038,0.0,0.038000000000000256,0.1,0.0,0.0,0.0088421052515233,0.40809953945915606,0.004402354166666666,500.3486310715569,0.2515286546483996,0.003846315784412635,0.24315325697126616,0.0026526315754569897,0.40809953945915606,0.11016939818708239,LOW-COMPLEXITY,Low
963,4815.0,4820.0,0.0,0.0,0.0,101.10099792480469,101.88864288330078,2.1490694444444447,0.0,0.0,0.0,0.1,0.0,0.0,0.0,0.40522693999646786,0.00314537091503268,498.2292908435553,0.24522858794649338,0.0,0.24017198560456773,0.0,0.40522693999646786,0.10536775393572842,LOW-COMPLEXITY,Low
964,4820.0,4825.0,0.0,0.0,0.0,101.06856536865234,101.53708038330078,1.3893055555555553,0.0,0.0,0.0,0.1,0.0,0.0,0.0,0.404405394110571,0.002176424291938998,491.6799421147985,0.24517566105155297,0.0,0.24022755012264108,0.0,0.404405394110571,0.1055661245410581,LOW-COMPLEXITY,Low
965,4825.0,4830.0,0.0,0.0,0.0,101.44145965576172,102.00608520507812,1.979170138888889,0.0,0.0,0.0,0.1,0.0,0.0,0.0,0.3955899822377244,0.003134800925925926,500.90777339619007,0.23190339627401002,0.0,0.23730881343340704,0.0,0.3955899822377244,0.10011228727926637,LOW-COMPLEXITY,Low
966,4830.0,4835.0,0.0,0.0,0.0,101.45221710205078,102.84215850830078,2.8296840277777773,0.0,0.0,0.0,0.1,0.0,0.0,0.0,0.41125189879877766,0.004380695533769063,535.9709032904605,0.25619077557588915,0.0,0.24222896444578576,0.0,0.41125189879877766,0.11006255064427517,LOW-COMPLEXITY,Low
967,4835.0,4840.0,0.0,0.0,0.0,101.6929702758789,102.20830841064453,1.5846180555555551,0.0,0.0,0.0,0.1,0.0,0.0,0.0,0.39474689731502743,0.002446655092592592,524.1639187283773,0.2309484802994172,0.0,0.23709590213829787,0.0,0.39474689731502743,0.09977108156935599,LOW-COMPLEXITY,Low
968,4840.0,4845.0,0.0,0.0,0.0,101.37903594970703,102.07486877441406,2.5516562499999997,0.0,0.0,0.0,0.1,0.0,0.0,0.0,0.4108357827269744,0.0037845796568627445,519.1065403013638,0.2544075778244438,0.0,0.24279791948124602,0.0,0.4108357827269744,0.10947411504891441,LOW-COMPLEXITY,Low
969,4845.0,4850.0,0.0,0.0,0.0,101.09043884277344,101.53512573242188,2.806597222222222,0.0,0.0,0.0,0.1,0.0,0.0,0.0,0.41574277537108895,0.004252660266884532,522.737593489558,0.2567734260511629,0.0,0.24376472598681462,0.0,0.41574277537108895,0.1097686732781943,LOW-COMPLEXITY,Low
970,4850.0,4855.0,0.0,0.0,0.0,100.3030776977539,100.93255920410157,1.7213090277777778,0.0,0.0,0.0,0.1,0.0,0.0,0.0,0.42340609251799116,0.002569791666666667,496.5825065047009,0.267597359782138,0.0,0.24588946139054554,0.0,0.42340609251799116,0.11400846824826215,LOW-COMPLEXITY,Low
971,4855.0,4860.0,0.0,0.0,0.0,101.14067077636719,101.40960083007812,1.5198680555555557,0.0,0.0,0.0,0.1,0.0,0.0,0.0,0.4089476065850645,0.0022748476307189545,492.28070005218035,0.251126857310157,0.0,0.24198067468586562,0.0,0.4089476065850645,0.10801976314886534,LOW-COMPLEXITY,Low
972,4860.0,4865.0,0.0,0.0,0.0,101.43778991699219,101.91633605957031,1.62134375,0.0,0.0,0.0,0.1,0.0,0.0,0.0,0.40929389908577585,0.002417525735294117,502.3416819060141,0.24895759153041241,0.0,0.24166428103443408,0.0,0.40929389908577585,0.10673781935581417,LOW-COMPLEXITY,Low
973,4865.0,4870.0,0.0,0.0,0.0,102.07062530517578,102.57267608642579,3.5532500000000002,0.0,0.0,0.0,0.1,0.0,0.0,0.0,0.42574637172576346,0.00520665781590414,530.7850011985732,0.2684653145764045,0.0,0.24663778279383314,0.0,0.42574637172576346,0.11411928833460297,LOW-COMPLEXITY,Low
974,4870.0,4875.0,0.0,0.0,0.0,101.21659088134766,101.8216567993164,2.669739583333333,0.0,0.0,0.0,0.1,0.0,0.0,0.0,0.4170923423521437,0.004061319716775599,527.9655829294027,0.25967813578736926,0.0,0.24422879080972515,0.0,0.4170923423521437,0.11104605908905252,LOW-COMPLEXITY,Low
975,4875.0,4880.0,0.0,0.0,0.0,101.39627075195312,101.99517822265625,3.0903506944444445,0.0,0.0,0.0,0.1,0.0,0.0,0.0,0.410918505491558,0.004749806508714597,532.4589384999658,0.2519624290300476,0.0,0.24232542797596995,0.0,0.410918505491558,0.10806548793372377,LOW-COMPLEXITY,Low
976,4880.0,4885.0,0.0,0.0,0.0,101.14117431640625,101.4553955078125,2.5808854166666664,0.0,0.0,0.0,0.1,0.0,0.0,0.0,0.4018199703677567,0.003970614379084967,508.9994736963379,0.24157216368180343,0.0,0.24008631633532493,0.0,0.4018199703677567,0.10436129996632626,LOW-COMPLEXITY,Low
977,4885.0,4890.0,0.0,0.0,0.0,101.55723571777344,101.8682846069336,2.297364583333333,0.0,0.0,0.0,0.1,0.0,0.0,0.0,0.41775065889822655,0.003464758442265795,541.7170844213952,0.2579137508190334,0.0,0.2441944378707836,0.0,0.41775065889822655,0.10998726393973432,LOW-COMPLEXITY,Low
978,4890.0,4895.0,0.0,0.0,0.0,101.31942749023438,101.60297546386718,2.4472499999999995,0.0,0.0,0.0,0.1,0.0,0.0,0.0,0.40934137284035294,0.003547722086056645,540.2056095206656,0.24877292596879969,0.0,0.24194066898483765,0.0,0.40934137284035294,0.10673035391900479,LOW-COMPLEXITY,Low
979,4895.0,4900.0,0.0,0.0,0.0,98.73812866210938,101.22132873535156,7.62915625,0.0,0.0,0.0,0.1,0.0,0.0,0.0,0.4061979694510627,0.012430811274509805,474.2657631446965,0.25154621957913775,0.0,0.23834286317682887,0.0,0.4061979694510627,0.10764361953869331,LOW-COMPLEXITY,Low
980,4900.0,4905.0,0.0,0.0,0.0,100.77742004394531,101.99166259765624,4.208732638888889,0.0,0.0,0.0,0.1,0.0,0.0,0.0,0.3974038478455272,0.006500572440087145,535.638605258565,0.23633832076338918,0.0,0.2376525101538436,0.0,0.3974038478455272,0.10199657697415804,LOW-COMPLEXITY,Low
981,4905.0,4910.0,0.0,0.0,0.0,101.37950134277344,102.69070281982422,3.6486180555555556,0.0,0.0,0.0,0.1,0.0,0.0,0.0,0.40079092741909206,0.00586778744553377,523.8303438494296,0.2423551997122224,0.0,0.2388889964558795,0.0,0.40079092741909206,0.10459101676089601,LOW-COMPLEXITY,Low
982,4910.0,4915.0,0.0,0.0,0.0,101.02964782714844,102.23614196777343,4.065211805555555,0.0,0.0,0.0,0.1,0.0,0.0,0.0,0.4102788927462374,0.006139640114379085,536.1398310434582,0.2515975781454836,0.0,0.24143986509052157,0.0,0.4102788927462374,0.107733018667865,LOW-COMPLEXITY,Low
983,4915.0,4920.0,0.0,0.0,0.0,99.92268371582031,102.13555603027343,6.203503472222223,0.0,0.0,0.0,0.1,0.0,0.0,0.0,0.3989941553428351,0.010009669389978212,499.515961965561,0.2411619457147322,0.0,0.23753539002926716,0.0,0.3989941553428351,0.10396982053190082,LOW-COMPLEXITY,Low
984,4920.0,4925.0,0.0,0.0,0.0,101.049560546875,102.05398406982422,3.9501770833333336,0.0,0.0,0.0,0.1,0.0,0.0,0.0,0.3959064200094342,0.006158149373638345,526.3881243659266,0.23565500079605595,0.0,0.23766101501675257,0.0,0.3959064200094342,0.10203225065153282,LOW-COMPLEXITY,Low
985,4925.0,4930.0,0.0,0.0,0.0,101.37215423583984,102.41163482666016,3.0564131944444446,0.0,0.0,0.0,0.1,0.0,0.0,0.0,0.41127272668324816,0.004734689814814815,535.8375140065365,0.25257768341463,0.0,0.24184830093236168,0.0,0.41127272668324816,0.10811756536282954,LOW-COMPLEXITY,Low
986,4930.0,4935.0,0.0,0.0,0.0,100.9404067993164,102.30503692626954,3.608413194444444,0.0,0.0,0.0,0.1,0.0,0.0,0.0,0.4101933812516387,0.005541877995642702,525.8712826431613,0.25429176124319974,0.0,0.24192311770171482,0.0,0.4101933812516387,0.1092706265042904,LOW-COMPLEXITY,Low
987,4935.0,4940.0,0.0,0.0,0.0,99.44273376464844,100.42583465576172,4.5745,0.0,0.0,0.0,0.1,0.0,0.0,0.0,0.4459977399480196,0.007060819444444444,519.1571541853302,0.2931471303425164,0.0,0.2522298898339422,0.0,0.4459977399480196,0.12335459162613306,LOW-COMPLEXITY,Low
988,4940.0,4945.0,0.0,0.0,0.0,101.21268463134766,101.94752655029298,3.757489583333333,0.0,0.0,0.0,0.1,0.0,0.0,0.0,0.40796080138336926,0.005570796023965142,488.3634603718832,0.24879537430718815,0.0,0.24065091059673835,0.0,0.40796080138336926,0.10663530551661017,LOW-COMPLEXITY,Low
989,4945.0,4950.0,0.0,0.0,0.7600000000000051,101.345703125,101.78321380615235,1.7334479166666665,0.005700000000000038,0.0,0.038000000000000256,0.1,0.0,0.0,0.0088421052515233,0.40560726923001733,0.0028266018518518523,511.36560896972475,0.24472719702107804,0.003846315784412635,0.24243040912446395,0.0026526315754569897,0.40560726923001733,0.10713874018432555,LOW-COMPLEXITY,Low
990,4950.0,4955.0,0.0,0.0,0.0,101.30957794189453,101.54486389160157,1.8906215277777776,0.0,0.0,0.0,0.1,0.0,0.0,0.0,0.43692238847613624,0.0028672365196078437,505.6322509096049,0.28198108048783155,0.0,0.25029518152336894,0.0,0.43692238847613624,0.11936325665806083,LOW-COMPLEXITY,Low
991,4955.0,4960.0,0.0,0.0,0.0,101.76190948486328,102.16319580078125,1.428690972222222,0.0,0.0,0.0,0.1,0.0,0.0,0.0,0.41130039200540786,0.0022836063453159044,517.5780532480965,0.25056411710773513,0.0,0.2421716876865546,0.0,0.41130039200540786,0.1072170512428097,LOW-COMPLEXITY,Low
992,4960.0,4965.0,0.0,0.0,0.0,100.87457275390625,101.56750183105468,3.1178645833333336,0.0,0.0,0.0,0.1,0.0,0.0,0.0,0.40875261513161754,0.004710725217864923,528.8866086105637,0.24794228958781833,0.0,0.2412085438727395,0.0,0.40875261513161754,0.1062059813664636,LOW-COMPLEXITY,Low
993,4965.0,4970.0,0.0,0.0,0.0,100.75757598876953,101.06611938476563,1.1857291666666665,0.0,0.0,0.0,0.1,0.0,0.0,0.0,0.4063309596630799,0.001968447303921569,529.6371916591769,0.24668212997649464,0.0,0.24128790464873995,0.0,0.4063309596630799,0.10620909169953632,LOW-COMPLEXITY,Low
994,4970.0,4975.0,0.0,0.0,0.0,100.44178009033203,100.84477081298829,1.8334062499999997,0.0,0.0,0.0,0.1,0.0,0.0,0.0,0.39277953619723277,0.002747870642701525,536.7365075043552,0.228804135744475,0.0,0.2367404935903186,0.0,0.39277953619723277,0.09906635657954081,LOW-COMPLEXITY,Low
995,4975.0,4980.0,0.0,0.0,0.0,129.3162078857422,131.1015167236328,1.7058020833333334,0.0,0.0,0.0,0.1,0.0,0.0,0.0,0.4467964867188263,0.003018691040305011,1059.4086482673747,0.3030890605929869,0.0,0.25327983952119565,0.0,0.4467964867188263,0.12849335244920534,LOW-COMPLEXITY,Low
996,4980.0,4985.0,0.0,0.0,0.0,131.27703857421875,131.75667419433594,2.489871527777778,0.0,0.0,0.0,0.1,0.0,0.0,0.0,0.5075363592313292,0.0046938111383442276,1070.578073528429,0.3715819426140756,0.0,0.27248719349441314,0.0,0.5075363592313292,0.15427739922225012,LOW-COMPLEXITY,Low
997,4985.0,4990.0,0.0,0.0,0.0,101.04529571533203,101.61779479980468,1.3083055555555554,0.0,0.0,0.0,0.1,0.0,0.0,0.0,0.4573433868573463,0.0019792290305010894,521.0483264524687,0.3151287942052742,0.0,0.25805172153990485,0.0,0.4573433868573463,0.1335466529272672,LOW-COMPLEXITY,Low
998,4990.0,4995.0,0.0,0.0,0.7600000000000051,101.16024780273438,101.7481475830078,3.266902777777777,0.005700000000000038,0.0,0.038000000000000256,0.1,0.0,0.0,0.0088421052515233,0.47785308368253526,0.005315064814814815,516.0540240394981,0.3318164671370498,0.003846315784412635,0.264137440633079,0.0026526315754569897,0.47785308368253526,0.14021938265719722,LOW-COMPLEXITY,Low
999,4995.0,5000.0,0.0,0.0,0.0,101.09738159179688,101.87421569824218,2.881885416666666,0.0,0.0,0.0,0.1,0.0,0.0,0.0,0.40351222674356296,0.004348352260348584,506.10022321583244,0.24185415331325066,0.0,0.23954053147795537,0.0,0.40351222674356296,0.10388820598801896,LOW-COMPLEXITY,Low
1000,5000.0,5005.0,0.0,0.0,0.0,100.90113830566406,101.37657165527344,3.0562187500000007,0.0,0.0,0.0,0.1,0.0,0.0,0.0,0.4140183636695123,0.0044120925925925925,599.1235768347686,0.25486378358453426,0.0,0.2432353560684484,0.0,0.4140183636695123,0.10905967549884601,LOW-COMPLEXITY,Low
1001,5005.0,5010.0,0.0,0.0,0.0,100.62858581542969,101.3335189819336,1.867246527777778,0.0,0.0,0.0,0.1,0.0,0.0,0.0,0.3853637056215264,0.0028658547113289763,589.3444497788743,0.22026812585792338,0.0,0.2341871555181448,0.0,0.3853637056215264,0.09575864095493078,LOW-COMPLEXITY,Low
1002,5010.0,5015.0,0.0,0.0,0.0,101.16166687011719,102.46912841796875,2.075055555555555,0.0,0.0,0.0,0.1,0.0,0.0,0.0,0.43831479686184893,0.0032037081971677565,585.63561870481,0.29325488442246594,0.0,0.25166701345659526,0.0,0.43831479686184893,0.12513219770557907,LOW-COMPLEXITY,Low
1003,5015.0,5020.0,0.0,0.0,0.0,101.30924224853516,102.95827789306641,1.5700277777777776,0.0,0.0,0.0,0.1,0.0,0.0,0.0,0.4222853436508555,0.002574885893246188,597.3930979512393,0.27211586590549114,0.0,0.24587535447731682,0.0,0.4222853436508555,0.11654297110709258,LOW-COMPLEXITY,Low
1004,5020.0,5025.0,0.0,0.0,0.0,102.74855041503906,103.44151000976562,3.266881944444444,0.0,0.0,0.0,0.1,0.0,0.0,0.0,0.41640854538828775,0.004923572167755992,540.7963031452974,0.2578398984867246,0.0,0.2436942748822759,0.0,0.41640854538828775,0.11011080910508692,LOW-COMPLEXITY,Low
1005,5025.0,5030.0,0.0,0.0,0.0,103.32470703125,103.83397369384765,1.762045138888889,0.0,0.0,0.0,0.1,0.0,0.0,0.0,0.3897034581464646,0.0026366877723311543,573.6587127565184,0.2249019364966771,0.0,0.23564365231159626,0.0,0.3897034581464646,0.0975003820207811,LOW-COMPLEXITY,Low
1006,5030.0,5035.0,0.0,0.0,0.0,102.42476654052734,102.84441223144532,0.9116041666666667,0.0,0.0,0.0,0.1,0.0,0.0,0.0,0.3890180913764417,0.0017056601307189542,565.7927192045172,0.22398445609610684,0.0,0.2354644589507656,0.0,0.3890180913764417,0.09715026583671095,LOW-COMPLEXITY,Low
1007,5035.0,5040.0,0.0,0.0,1.0,102.52771759033203,103.98587036132812,2.5389513888888886,0.0075,0.0,0.05,0.2,0.0,0.0,0.027999999972000006,0.3949882505112059,0.004183416802832245,564.4720179263514,0.23376493442316282,0.012179999987820003,0.24219433553812683,0.008399999991600002,0.3949882505112059,0.10710342201792433,LOW-COMPLEXITY,Low
1008,5040.0,5045.0,0.0,0.0,0.0,102.72016906738281,104.01410217285157,2.741232638888888,0.0,0.0,0.0,0.1,0.0,0.0,0.0,0.4396065469611991,0.004189570261437909,579.5007677093516,0.29348578136846437,0.0,0.2518100510256429,0.0,0.4396065469611991,0.12497477180290742,LOW-COMPLEXITY,Low
1009,5045.0,5050.0,0.0,0.0,0.0,101.28074645996094,102.52777404785157,3.2427534722222218,0.0,0.0,0.0,0.1,0.0,0.0,0.0,0.39579019841322033,0.00529102668845316,579.0751873143315,0.23439345245814905,0.0,0.23710272694857065,0.0,0.39579019841322033,0.10123513105776917,LOW-COMPLEXITY,Low
1010,5050.0,5055.0,0.0,0.0,0.0,101.1550521850586,102.0185317993164,2.8887083333333337,0.0,0.0,0.0,0.1,0.0,0.0,0.0,0.4023470374978738,0.004532077478213508,554.3132513859956,0.2413231370825365,0.0,0.23927702436953743,0.0,0.4023470374978738,0.1038217676961379,LOW-COMPLEXITY,Low
1011,5055.0,5060.0,0.0,0.0,0.0,102.34773254394531,103.00394897460937,4.080232638888888,0.0,0.0,0.0,0.1,0.0,0.0,0.0,0.4091971757799355,0.006608904411764707,554.7705026379106,0.25176816957482684,0.0,0.24220640814466307,0.0,0.4091971757799355,0.10835703369306164,LOW-COMPLEXITY,Low
1012,5060.0,5065.0,0.0,0.0,0.0,101.26294708251953,101.90758666992187,3.8437986111111107,0.0,0.0,0.0,0.1,0.0,0.0,0.0,0.40741874139977774,0.006409334831154685,521.9770706877313,0.24826129633600405,0.0,0.24142640894169673,0.0,0.40741874139977774,0.10677520594765144,LOW-COMPLEXITY,Low
1013,5065.0,5070.0,0.0,0.0,0.0,101.14215087890625,101.7111801147461,3.014277777777777,0.0,0.0,0.0,0.1,0.0,0.0,0.0,0.4120253054143661,0.004837515250544663,538.7285029581901,0.25463644207753533,0.0,0.24303044372274982,0.0,0.4120253054143661,0.10937254998813858,LOW-COMPLEXITY,Low
1014,5070.0,5075.0,0.0,0.0,0.0,100.9781265258789,102.01970825195312,4.289503472222222,0.0,0.0,0.0,0.1,0.0,0.0,0.0,0.4001445069076952,0.0068716376633986935,516.1357680414113,0.2411988494888193,0.0,0.23903895281969886,0.0,0.4001445069076952,0.10422693150438045,LOW-COMPLEXITY,Low
1015,5075.0,5080.0,0.0,0.0,0.0,100.95365142822266,101.43197937011719,1.1317256944444443,0.0,0.0,0.0,0.1,0.0,0.0,0.0,0.40997533191861346,0.0017492283496732023,546.529936776618,0.2521940898206803,0.0,0.24246174942891704,0.0,0.40997533191861346,0.10846482423080775,LOW-COMPLEXITY,Low
1016,5080.0,5085.0,0.0,0.0,0.0,101.51008605957031,101.75708770751953,2.0879861111111113,0.0,0.0,0.0,0.1,0.0,0.0,0.0,0.40938132599017074,0.003205639161220043,532.7734144231657,0.2496190654637111,0.0,0.24220266954648392,0.0,0.40938132599017074,0.10723513557558223,LOW-COMPLEXITY,Low
1017,5085.0,5090.0,0.0,0.0,0.0,101.1399154663086,101.73206024169922,2.1620069444444447,0.0,0.0,0.0,0.1,0.0,0.0,0.0,0.40608622876174283,0.0034540439814814815,540.3445662960064,0.2453837886479596,0.0,0.24065471864124977,0.0,0.40608622876174283,0.1053994886579815,LOW-COMPLEXITY,Low
1018,5090.0,5095.0,0.0,0.0,0.0,102.77310943603516,103.95111999511718,3.12765625,0.0,0.0,0.0,0.1,0.0,0.0,0.0,0.3877168588708956,0.0045392896241830075,545.2519095760408,0.2250741354148106,0.0,0.23473400433685804,0.0,0.3877168588708956,0.09776475450758172,LOW-COMPLEXITY,Low
1019,5095.0,5100.0,0.0,0.0,0.0,103.14979553222656,103.80365295410157,2.8953229166666663,0.0,0.0,0.0,0.1,0.0,0.0,0.0,0.4034426078093915,0.004512247821350763,575.2074808124966,0.24422226188857407,0.0,0.24031680368741495,0.0,0.4034426078093915,0.10536136028253439,LOW-COMPLEXITY,Low
1020,5100.0,5105.0,0.0,0.0,0.0,101.32392883300781,102.04794158935547,4.259743055555556,0.0,0.0,0.0,0.1,0.0,0.0,0.0,0.4251784724785892,0.006756751633986928,538.2869120639572,0.2723143135466753,0.0,0.24724626033224778,0.0,0.4251784724785892,0.11639872976997705,LOW-COMPLEXITY,Low
1021,5105.0,5110.0,0.0,0.0,0.0,99.55424499511719,101.23758697509766,4.128246527777779,0.0,0.0,0.0,0.1,0.0,0.0,0.0,0.38211906791473543,0.006525662854030502,502.3290619057408,0.21900058804930528,0.0,0.2325147722367945,0.0,0.38211906791473543,0.09535069732884685,LOW-COMPLEXITY,Low
1022,5110.0,5115.0,0.0,0.0,0.0,99.8232421875,101.19837951660156,1.3809305555555556,0.0,0.0,0.0,0.1,0.0,0.0,0.0,0.39309992226465185,0.002181654003267974,505.8777034958649,0.23224233268387914,0.0,0.23608540314542492,0.0,0.39309992226465185,0.10047607687667533,LOW-COMPLEXITY,Low
1023,5115.0,5120.0,0.0,0.0,0.0,100.77171325683594,101.06053924560547,2.1872569444444445,0.0,0.0,0.0,0.1,0.0,0.0,0.0,0.41553830229017713,0.0033931770152505454,509.4334427895286,0.26022012200845485,0.0,0.24471649897001033,0.0,0.41553830229017713,0.11187626007118676,LOW-COMPLEXITY,Low
1024,5120.0,5125.0,0.0,0.0,0.0,100.42508697509766,100.75551910400391,1.1674201388888892,0.0,0.0,0.0,0.1,0.0,0.0,0.0,0.41826466734234297,0.0019031086601307193,522.789046778924,0.26371714220561193,0.0,0.24555526758278673,0.0,0.41826466734234297,0.11323674792119556,LOW-COMPLEXITY,Low
1025,5125.0,5130.0,0.0,0.0,0.0,100.23062896728516,100.87667388916016,2.101784722222223,0.0,0.0,0.0,0.1,0.0,0.0,0.0,0.4025495506813806,0.0033257587145969496,534.2836919293865,0.24258473038521886,0.0,0.23989168496710694,0.0,0.4025495506813806,0.1046170672607517,LOW-COMPLEXITY,Low
1026,5130.0,5135.0,0.0,0.0,0.0,100.85501098632812,101.87709350585938,2.0288680555555554,0.0,0.0,0.0,0.1,0.0,0.0,0.0,0.4059739214111063,0.003021898420479303,523.8640497487308,0.2457044224295423,0.0,0.24003306929854007,0.0,0.4059739214111063,0.1053703051164836,LOW-COMPLEXITY,Low
1027,5135.0,5140.0,0.0,0.0,0.0,102.3144760131836,103.59898834228515,3.877399305555556,0.0,0.0,0.0,0.1,0.0,0.0,0.0,0.4070567259472377,0.006005104166666666,548.2616177468449,0.24957557518579276,0.0,0.24088893276944204,0.0,0.4070567259472377,0.10733473257539167,LOW-COMPLEXITY,Low
1028,5140.0,5145.0,0.0,0.0,1.0,103.05509185791016,103.88390655517578,3.4774479166666663,0.0075,0.0,0.05,0.2,0.0,0.0,0.027999999972000006,0.4191460608437894,0.005417344498910674,564.6787435962698,0.2621909944788966,0.012179999987820003,0.2502178623084508,0.008399999991600002,0.4191460608437894,0.11808523383225872,LOW-COMPLEXITY,Low
1029,5145.0,5150.0,0.0,0.0,0.0,103.15528106689453,104.36400604248047,3.778680555555556,0.0,0.0,0.0,0.1,0.0,0.0,0.0,0.39020627852890677,0.005900823937908497,543.2019985077926,0.22763643220187513,0.0,0.23545857691839958,0.0,0.39020627852890677,0.09867714839015074,LOW-COMPLEXITY,Low
1030,5150.0,5155.0,0.0,0.0,0.0,102.84529113769531,103.43310852050782,3.630517361111112,0.0,0.0,0.0,0.1,0.0,0.0,0.0,0.44928229160750566,0.0056552600762527225,556.1944828915028,0.29694673940481137,0.0,0.25367194541329585,0.0,0.44928229160750566,0.1249379776951828,LOW-COMPLEXITY,Low
1031,5155.0,5160.0,0.0,0.0,0.0,102.46853637695312,103.37721099853516,4.357881944444445,0.0,0.0,0.0,0.1,0.0,0.0,0.0,0.4088078655435608,0.0068660683551198245,532.0154751212436,0.24964265022917392,0.0,0.2413808252726567,0.0,0.4088078655435608,0.1071026475741266,LOW-COMPLEXITY,Low
1032,5160.0,5165.0,0.0,0.0,0.0,100.69088745117188,101.09437713623046,1.5792604166666664,0.0,0.0,0.0,0.1,0.0,0.0,0.0,0.4215399480967469,0.00246469008714597,516.7423127449612,0.26641405671607926,0.0,0.24613611891323248,0.0,0.4215399480967469,0.11396968295348427,LOW-COMPLEXITY,Low
1033,5165.0,5170.0,0.0,0.0,0.0,101.28153228759766,101.70189361572265,1.3293541666666668,0.0,0.0,0.0,0.1,0.0,0.0,0.0,0.38893102839487087,0.0021094733115468406,514.9496384003342,0.22403772868928773,0.0,0.2355006103556415,0.0,0.38893102839487087,0.09721132087040066,LOW-COMPLEXITY,Low
1034,5170.0,5175.0,0.0,0.0,0.0,101.81050109863281,102.14423370361328,1.416329861111111,0.0,0.0,0.0,0.1,0.0,0.0,0.0,0.3926055833995433,0.002153247549019608,509.7095010772798,0.22821953969990938,0.0,0.23667655194322493,0.0,0.3926055833995433,0.09879516718019758,LOW-COMPLEXITY,Low
1035,5175.0,5180.0,0.0,0.0,0.0,101.66073608398438,102.01524353027344,1.5365138888888887,0.0,0.0,0.0,0.1,0.0,0.0,0.0,0.3945456289452393,0.0024194893790849673,515.7155246953582,0.2312810379122982,0.0,0.2374349709532426,0.0,0.3945456289452393,0.1001063515534742,LOW-COMPLEXITY,Low
1036,5180.0,5185.0,0.0,0.0,0.0,103.69036102294922,104.42782440185547,2.930079861111111,0.0,0.0,0.0,0.1,0.0,0.0,0.0,0.4022924190878599,0.004160020424836601,542.1885905955922,0.24365027401674536,0.0,0.2399483790983181,0.0,0.4022924190878599,0.10523396492081903,LOW-COMPLEXITY,Low
1037,5185.0,5190.0,0.0,0.0,0.0,104.16541290283203,104.967138671875,1.7420798611111106,0.0,0.0,0.0,0.1,0.0,0.0,0.0,0.38645165694071215,0.0026811191448801743,590.6233430375792,0.2220624370428645,0.0,0.23450188634578906,0.0,0.38645165694071215,0.09649396450728037,LOW-COMPLEXITY,Low
1038,5190.0,5195.0,0.0,0.0,0.0,103.84494018554688,104.46840209960938,1.6625694444444443,0.0,0.0,0.0,0.1,0.0,0.0,0.0,0.38697478316568873,0.0025930081699346414,605.169884808557,0.22233231353668956,0.0,0.23481777921055336,0.0,0.38697478316568873,0.09660868370061626,LOW-COMPLEXITY,Low
1039,5195.0,5200.0,0.0,0.0,0.0,103.91552734375,105.0661605834961,3.300947916666667,0.0,0.0,0.0,0.1,0.0,0.0,0.0,0.398528444610309,0.004875250816993464,585.2760442604125,0.23796881890934876,0.0,0.23813412267997716,0.0,0.398528444610309,0.10269924124008913,LOW-COMPLEXITY,Low
1040,5200.0,5205.0,0.0,0.0,0.0,102.2742691040039,103.2519027709961,2.779270833333333,0.0,0.0,0.0,0.1,0.0,0.0,0.0,0.42210248960976526,0.00396799441721133,562.0726441914434,0.2676831117621625,0.0,0.2456931646674025,0.0,0.42210248960976526,0.1143085411122308,LOW-COMPLEXITY,Low
1041,5205.0,5210.0,0.0,0.0,0.0,102.09393310546875,103.01584167480469,3.2524756944444437,0.0,0.0,0.0,0.1,0.0,0.0,0.0,0.3951056714815934,0.004839274782135076,516.5243844673062,0.2339159600966679,0.0,0.23730499906836053,0.0,0.3951056714815934,0.10123831185186177,LOW-COMPLEXITY,Low
1042,5210.0,5215.0,0.0,0.0,0.0,101.12825012207031,101.84574279785156,2.3949756944444442,0.0,0.0,0.0,0.1,0.0,0.0,0.0,0.4129823284077236,0.0035918925653594777,540.7825141714719,0.25345301463045844,0.0,0.24251674186118316,0.0,0.4129823284077236,0.10836178486471243,LOW-COMPLEXITY,Low
1043,5215.0,5220.0,0.0,0.0,0.0,100.13201141357422,100.38589782714844,2.2404444444444445,0.0,0.0,0.0,0.1,0.0,0.0,0.0,0.40111763913287607,0.003259471269063181,508.32298653646046,0.23809576890609319,0.0,0.2393111521367189,0.0,0.40111763913287607,0.10252737791767919,LOW-COMPLEXITY,Low
1044,5220.0,5225.0,0.0,0.0,0.0,101.17333984375,101.5448501586914,2.581815972222222,0.0,0.0,0.0,0.1,0.0,0.0,0.0,0.411331883074651,0.0038327565359477117,506.6462281506464,0.25057305382444894,0.0,0.24227074895855255,0.0,0.411331883074651,0.10724831827905512,LOW-COMPLEXITY,Low
1045,5225.0,5230.0,0.0,0.0,0.0,101.16609954833984,101.99247894287109,1.7387986111111111,0.0,0.0,0.0,0.1,0.0,0.0,0.0,0.4203533922693753,0.0025891973039215686,540.718455209151,0.2638004639999998,0.0,0.24488247402087024,0.0,0.4203533922693753,0.11252074983996066,LOW-COMPLEXITY,Low
1046,5230.0,5235.0,0.0,0.0,0.0,100.87578582763672,101.16502838134765,1.9549756944444447,0.0,0.0,0.0,0.1,0.0,0.0,0.0,0.38886067807116353,0.0029282506808278866,531.6495026570072,0.2238257268124614,0.0,0.23567337303901525,0.0,0.38886067807116353,0.09718337445209516,LOW-COMPLEXITY,Low
1047,5235.0,5240.0,0.0,0.0,0.0,100.86233520507812,101.64713439941406,2.356743055555556,0.0,0.0,0.0,0.1,0.0,0.0,0.0,0.3995840466503375,0.0035534441721132896,520.7484855698818,0.2376379939724744,0.0,0.2384632948658311,0.0,0.3995840466503375,0.1023851385266937,LOW-COMPLEXITY,Low
1048,5240.0,5245.0,0.0,0.0,0.0,99.27717590332031,99.84763793945312,2.786458333333333,0.0,0.0,0.0,0.1,0.0,0.0,0.0,0.4089807389094455,0.004178423474945533,493.85668731888455,0.2476311588768413,0.0,0.24087033454027404,0.0,0.4089807389094455,0.1058750118001552,LOW-COMPLEXITY,Low
1049,5245.0,5250.0,0.0,0.0,0.0,99.541015625,99.90690612792969,1.3352222222222219,0.0,0.0,0.0,0.1,0.0,0.0,0.0,0.39157040647294067,0.0020746424291939,483.47297241276556,0.22754265933441029,0.0,0.23545610668851136,0.0,0.39157040647294067,0.09828836538994895,LOW-COMPLEXITY,Low
1050,5250.0,5255.0,0.0,0.0,0.0,100.026123046875,101.87715606689453,1.7192291666666666,0.0,0.0,0.0,0.1,0.0,0.0,0.0,0.44253206211494006,0.0027354693627450978,502.66780252890345,0.30073490464483515,0.0,0.25273165933472175,0.0,0.44253206211494006,0.1281905175608352,LOW-COMPLEXITY,Low
1051,5255.0,5260.0,0.0,0.0,0.0,101.06285095214844,101.32615203857422,2.368940972222222,0.0,0.0,0.0,0.1,0.0,0.0,0.0,0.4470236479016616,0.003682821895424837,522.2458701681421,0.2970775850169755,0.0,0.2540489597024599,0.0,0.4470236479016616,0.1257000164289333,LOW-COMPLEXITY,Low
1052,5260.0,5265.0,0.0,0.0,0.0,100.85578918457031,101.89483947753907,2.049767361111111,0.0,0.0,0.0,0.1,0.0,0.0,0.0,0.39191786408148555,0.003143585648148148,528.0692450755877,0.22910600741417753,0.0,0.2359196398377062,0.0,0.39191786408148555,0.09914541162991454,LOW-COMPLEXITY,Low
1053,5265.0,5270.0,0.0,0.0,1.0,101.31437683105469,102.94230194091797,1.886729166666667,0.0075,0.0,0.05,0.1,0.0,0.0,0.0,0.41663891175176987,0.003009811683006536,534.2369453268881,0.2641821175883789,0.0,0.24385428073269022,0.0,0.41663891175176987,0.11328032911268854,LOW-COMPLEXITY,Low
1054,5270.0,5275.0,0.0,0.0,0.0,101.08930969238281,101.60030364990234,2.4880034722222226,0.0,0.0,0.0,0.1,0.0,0.0,0.0,0.41027158496217997,0.003994775871459696,508.63421405587434,0.2532641263919692,0.0,0.24268447280838382,0.0,0.41027158496217997,0.10900373243837393,LOW-COMPLEXITY,Low
1055,5275.0,5280.0,0.0,0.0,0.0,99.94087982177734,100.41832580566407,1.9062118055555555,0.0,0.0,0.0,0.1,0.0,0.0,0.0,0.39123162210669926,0.0029164045479302832,493.6972862939677,0.22710686367856558,0.0,0.23581122909879812,0.0,0.39123162210669926,0.09827945649718732,LOW-COMPLEXITY,Low
1056,5280.0,5285.0,0.0,0.0,0.0,100.30008697509766,100.99817962646485,1.8766111111111112,0.0,0.0,0.0,0.1,0.0,0.0,0.0,0.38887773479503923,0.00273051130174292,502.30967247853437,0.22451155597839045,0.0,0.23525123626298725,0.0,0.38887773479503923,0.09737427698248094,LOW-COMPLEXITY,Low
1057,5285.0,5290.0,0.0,0.0,0.0,100.82493591308594,101.08709869384765,1.111059027777778,0.0,0.0,0.0,0.1,0.0,0.0,0.0,0.40179701387837724,0.0017636416122004356,521.8438985557605,0.2391532705394361,0.0,0.23948740329455376,0.0,0.40179701387837724,0.10294797295321756,LOW-COMPLEXITY,Low
1058,5290.0,5295.0,0.0,0.0,0.0,100.4688491821289,101.22906494140625,3.2971979166666667,0.0,0.0,0.0,0.1,0.0,0.0,0.0,0.39749355360103605,0.004962089733115469,507.2808838619838,0.23611869308675218,0.0,0.23813059531254768,0.0,0.39749355360103605,0.10203166650250876,LOW-COMPLEXITY,Low
1059,5295.0,5300.0,0.0,0.0,0.0,100.68621826171875,101.02689514160156,1.8190590277777778,0.0,0.0,0.0,0.1,0.0,0.0,0.0,0.40652758317671334,0.002669247140522876,543.1280034545807,0.24564666606733576,0.0,0.24104834835513567,0.0,0.40652758317671334,0.10555835916378703,LOW-COMPLEXITY,Low
1060,5300.0,5305.0,0.0,0.0,0.0,100.79151153564453,101.09900970458985,2.022010416666667,0.0,0.0,0.0,0.1,0.0,0.0,0.0,0.4070298618323794,0.002998730936819172,522.7659529741635,0.24787764602630386,0.0,0.24163858678219235,0.0,0.4070298618323794,0.1067548629288244,LOW-COMPLEXITY,Low
1061,5305.0,5310.0,0.0,0.0,0.0,100.79525756835938,102.59757995605469,2.966274305555556,0.0,0.0,0.0,0.1,0.0,0.0,0.0,0.40646616535258095,0.004500699346405228,534.2972208833532,0.2507245457110439,0.0,0.2402290720810919,0.0,0.40646616535258095,0.10782590674575887,LOW-COMPLEXITY,Low
1062,5310.0,5315.0,0.0,0.0,0.0,100.35919189453125,100.97742767333985,3.826104166666666,0.0,0.0,0.0,0.1,0.0,0.0,0.0,0.4076925944770688,0.005507469907407407,523.028827202726,0.2483104924465871,0.0,0.24143022633420752,0.0,0.4076925944770688,0.10673267682099896,LOW-COMPLEXITY,Low
1063,5315.0,5320.0,0.0,0.0,0.0,100.17737579345703,100.81124725341797,1.7853159722222218,0.0,0.0,0.0,0.1,0.0,0.0,0.0,0.422252891632497,0.002522610838779956,510.3274032099355,0.26835696279443305,0.0,0.24632144232656497,0.0,0.422252891632497,0.11482776330338999,LOW-COMPLEXITY,Low
1064,5320.0,5325.0,0.0,0.0,0.0,100.55111694335938,100.7175506591797,0.8238819444444444,0.0,0.0,0.0,0.1,0.0,0.0,0.0,0.41333790393107744,0.0014819120370370368,494.90934177828103,0.25253418682659295,0.0,0.24265445413165024,0.0,0.41333790393107744,0.10786167637660471,LOW-COMPLEXITY,Low
1065,5325.0,5330.0,0.0,0.0,1.0,100.77427673339844,100.8991455078125,0.9009270833333335,0.0075,0.0,0.05,0.2,0.0,0.0,0.027999999972000006,0.45447782287563837,0.0016833016067538125,499.0579930525111,0.30228972100030643,0.012179999987820003,0.26102141839871784,0.008399999991600002,0.45447782287563837,0.13308290121659488,LOW-COMPLEXITY,Low
1066,5330.0,5335.0,0.0,0.0,0.7600000000000051,101.8626937866211,103.03099212646484,2.5679756944444443,0.005700000000000038,0.0,0.038000000000000256,0.1,0.0,0.0,0.0088421052515233,0.38586867094160704,0.004159319989106754,539.9960752052614,0.2221178238447347,0.003846315784412635,0.23583281175505988,0.0026526315754569897,0.38586867094160704,0.09845954408896503,LOW-COMPLEXITY,Low
1067,5335.0,5340.0,0.0,0.0,0.0,102.8619155883789,104.00155334472656,4.007885416666667,0.0,0.0,0.0,0.1,0.0,0.0,0.0,0.3900566557602703,0.006280854030501089,542.855430604004,0.2267310605488696,0.0,0.2353615969888427,0.0,0.3900566557602703,0.09822792528046216,LOW-COMPLEXITY,Low
1068,5340.0,5345.0,0.0,0.0,0.7600000000000051,101.19747161865234,102.71126708984374,2.7159409722222216,0.005700000000000038,0.0,0.038000000000000256,0.1,0.0,0.0,0.0088421052515233,0.4666106685171375,0.0041777659313725485,516.6348740933608,0.32314861372312564,0.003846315784412635,0.2605651095518736,0.0026526315754569897,0.4666106685171375,0.1374457438631627,LOW-COMPLEXITY,Low
1069,5345.0,5350.0,0.0,0.0,0.0,101.07572174072266,101.28152008056641,1.2843715277777779,0.0,0.0,0.0,0.1,0.0,0.0,0.0,0.39926057217160416,0.0019460510620915035,515.7186271105462,0.23661370632259407,0.0,0.23894413817652696,0.0,0.39926057217160416,0.10212215848018043,LOW-COMPLEXITY,Low
1070,5350.0,5355.0,0.0,0.0,0.0,100.90609741210938,101.31204528808594,1.214083333333333,0.0,0.0,0.0,0.1,0.0,0.0,0.0,0.41577036274822454,0.0019164200708061004,500.56458569546925,0.26038343352685683,0.0,0.24461529486735661,0.0,0.41577036274822454,0.1118644792799471,LOW-COMPLEXITY,Low
1071,5355.0,5360.0,0.0,0.0,0.0,101.46116638183594,101.80539398193359,1.5937013888888885,0.0,0.0,0.0,0.1,0.0,0.0,0.0,0.3966174959293081,0.002452965413943355,502.8574866530028,0.23449035537848778,0.0,0.23819267105220854,0.0,0.3966174959293081,0.10145823857518985,LOW-COMPLEXITY,Low
1072,5360.0,5365.0,0.0,0.0,0.0,101.63031005859375,102.38219909667968,2.670260416666667,0.0,0.0,0.0,0.1,0.0,0.0,0.0,0.3891093037640865,0.003881240468409586,514.9142013431235,0.2256211288827621,0.0,0.23545105733041422,0.0,0.3891093037640865,0.0979411085660044,LOW-COMPLEXITY,Low
1073,5365.0,5370.0,0.0,0.0,0.0,102.17229461669922,102.45673522949218,2.048232638888889,0.0,0.0,0.0,0.1,0.0,0.0,0.0,0.41141876330497007,0.003155057598039216,551.6930283783327,0.2529859776494074,0.0,0.24298946183847875,0.0,0.41141876330497007,0.10868460964192872,LOW-COMPLEXITY,Low
1074,5370.0,5375.0,0.0,0.0,0.0,101.86966705322266,102.21541748046874,2.3819166666666662,0.0,0.0,0.0,0.1,0.0,0.0,0.0,0.3961528552859963,0.0035215597766884528,546.5761147206628,0.23321745612706943,0.0,0.2379437389510014,0.0,0.3961528552859963,0.10085082287488613,LOW-COMPLEXITY,Low
1075,5375.0,5380.0,0.0,0.0,0.0,101.63321685791016,102.35537872314453,2.8936250000000006,0.0,0.0,0.0,0.1,0.0,0.0,0.0,0.4005472321543,0.004095838916122006,527.215643310872,0.2390709833800647,0.0,0.23890827710933815,0.0,0.4005472321543,0.1030165806397257,LOW-COMPLEXITY,Low
1076,5380.0,5385.0,0.0,0.0,0.0,101.57474517822266,102.07027587890624,3.040701388888889,0.0,0.0,0.0,0.1,0.0,0.0,0.0,0.4139708843281069,0.004460669798474945,523.8091796184832,0.25641014076825563,0.0,0.24356661747387487,0.0,0.4139708843281069,0.10996066541795729,LOW-COMPLEXITY,Low
1077,5385.0,5390.0,0.0,0.0,0.0,101.1269302368164,101.96922149658204,2.4473229166666672,0.0,0.0,0.0,0.1,0.0,0.0,0.0,0.41076890660702836,0.0035496090686274505,513.2162030864282,0.25325574844736176,0.0,0.2422503649630475,0.0,0.41076890660702836,0.10872327530899041,LOW-COMPLEXITY,Low
1078,5390.0,5395.0,0.0,0.0,0.0,101.54714965820312,102.68030395507813,2.7597430555555555,0.0,0.0,0.0,0.1,0.0,0.0,0.0,0.38833870630669565,0.003955968545751635,536.0974938080666,0.22506107432502606,0.0,0.2348084201253606,0.0,0.38833870630669565,0.09762880762971532,LOW-COMPLEXITY,Low
1079,5395.0,5400.0,0.0,0.0,0.0,100.89822387695312,101.68558654785156,4.254781250000001,0.0,0.0,0.0,0.1,0.0,0.0,0.0,0.4422969723882978,0.006592840550108933,487.05718886123765,0.2918532529594543,0.0,0.25134031712279986,0.0,0.4422969723882978,0.12332149437563263,LOW-COMPLEXITY,Low
1080,5400.0,5405.0,0.0,0.0,0.0,100.91974639892578,101.52440795898437,3.5731736111111116,0.0,0.0,0.0,0.1,0.0,0.0,0.0,0.41544408033128055,0.005527706290849673,507.2098739962741,0.2608503380876144,0.0,0.24444883926472585,0.0,0.41544408033128055,0.1121212427036411,LOW-COMPLEXITY,Low
1081,5405.0,5410.0,0.0,0.0,0.0,101.47280883789062,102.6182647705078,2.0881979166666667,0.0,0.0,0.0,0.1,0.0,0.0,0.0,0.4090688383516406,0.0032280025871459696,523.9997927760351,0.25093394448421885,0.0,0.241288334477975,0.0,0.4090688383516406,0.10765067972149053,LOW-COMPLEXITY,Low
1082,5410.0,5415.0,0.0,0.0,0.0,100.88347625732422,102.1352767944336,3.5481805555555557,0.0,0.0,0.0,0.1,0.0,0.0,0.0,0.3921370437951465,0.005519941584967321,517.7864545003919,0.23060815656009054,0.0,0.23614433911726743,0.0,0.3921370437951465,0.09992033602230223,LOW-COMPLEXITY,Low
1083,5415.0,5420.0,0.0,0.0,0.0,100.44505310058594,102.1072784423828,5.330593750000002,0.0,0.0,0.0,0.1,0.0,0.0,0.0,0.3984132620596177,0.008090749319172112,512.2954580794457,0.2386633011478274,0.0,0.23760659684177304,0.0,0.3984132620596177,0.10289064395362985,LOW-COMPLEXITY,Low
1084,5420.0,5425.0,0.0,0.0,0.0,99.08525085449219,101.58064270019531,5.306788194444445,0.0,0.0,0.0,0.1,0.0,0.0,0.0,0.3988697401109539,0.008386243191721134,492.06430299677373,0.24351924064687888,0.0,0.23724917479973232,0.0,0.3988697401109539,0.10507939647560728,LOW-COMPLEXITY,Low
1085,5425.0,5430.0,0.0,0.0,0.0,101.3803482055664,102.574169921875,4.798718749999999,0.0,0.0,0.0,0.1,0.0,0.0,0.0,0.4139780088224899,0.007027252995642701,498.58771268918656,0.2566674332935076,0.0,0.24266379081502662,0.0,0.4139780088224899,0.10977154122639063,LOW-COMPLEXITY,Low
1086,5430.0,5435.0,0.0,0.0,0.0,100.76387023925781,101.59399108886718,2.4068125,0.0,0.0,0.0,0.1,0.0,0.0,0.0,0.4230992070511133,0.0037371717047930283,522.8852144804507,0.2694569916030162,0.0,0.24633007667573373,0.0,0.4230992070511133,0.11516922087523657,LOW-COMPLEXITY,Low
1087,5435.0,5440.0,0.0,0.0,0.0,100.75382232666016,101.13638458251953,1.8256041666666667,0.0,0.0,0.0,0.1,0.0,0.0,0.0,0.3964705934836142,0.002646564950980392,524.5944809931287,0.23349827117635166,0.0,0.237921762693335,0.0,0.3964705934836142,0.10090410415993954,LOW-COMPLEXITY,Low
1088,5440.0,5445.0,0.0,0.0,0.0,101.18208312988281,101.43038482666016,1.6224479166666665,0.0,0.0,0.0,0.1,0.0,0.0,0.0,0.40268076116282175,0.0024016247276688455,508.1005891473786,0.24120868055271594,0.0,0.24004365947956002,0.0,0.40268076116282175,0.10394943080349853,LOW-COMPLEXITY,Low
1089,5445.0,5450.0,0.0,0.0,0.0,101.43568420410156,101.90903778076172,1.513704861111111,0.0,0.0,0.0,0.1,0.0,0.0,0.0,0.39686387084924796,0.0022796147875816996,510.0337774882108,0.23517441632707325,0.0,0.23816591804766044,0.0,0.39686387084924796,0.10172931176790578,LOW-COMPLEXITY,Low
1090,5450.0,5455.0,0.0,0.0,0.0,101.37696838378906,102.20453186035157,3.510170138888889,0.0,0.0,0.0,0.1,0.0,0.0,0.0,0.41947890970290247,0.005179906998910675,517.1400116419741,0.2655277206861007,0.0,0.24531717938322795,0.0,0.41947890970290247,0.1137551457014545,LOW-COMPLEXITY,Low
1091,5455.0,5460.0,0.0,0.0,0.0,102.19268798828125,102.66837768554687,3.6547430555555556,0.0,0.0,0.0,0.1,0.0,0.0,0.0,0.42426322736232386,0.005591167619825708,534.3894222143325,0.27088106423425656,0.0,0.24718487772370878,0.0,0.42426322736232386,0.1158894324798454,LOW-COMPLEXITY,Low
1092,5460.0,5465.0,0.0,0.0,0.0,102.18013763427734,103.74513549804688,3.3695208333333326,0.0,0.0,0.0,0.1,0.0,0.0,0.0,0.4226943209416948,0.004979327478213507,534.7760405224544,0.27180303436061465,0.0,0.24599561459760666,0.0,0.4226943209416948,0.11632640205404596,LOW-COMPLEXITY,Low
1093,5465.0,5470.0,0.0,0.0,0.0,102.90209197998047,103.71725006103516,4.825104166666666,0.0,0.0,0.0,0.1,0.0,0.0,0.0,0.4187856284324228,0.00736541653050109,534.5415127414678,0.26671564936443204,0.0,0.24543959417261801,0.0,0.4187856284324228,0.11456527553452664,LOW-COMPLEXITY,Low
1094,5470.0,5475.0,0.0,0.0,0.0,100.84523010253906,101.237158203125,4.019322916666666,0.0,0.0,0.0,0.1,0.0,0.0,0.0,0.46129563492772196,0.0061693641067538125,522.0649951572644,0.3139155530420594,0.0,0.2581829383691252,0.0,0.46129563492772196,0.13199789621829305,LOW-COMPLEXITY,Low
1095,5475.0,5480.0,0.0,0.0,0.0,98.98043060302734,101.22745361328126,4.546954861111112,0.0,0.0,0.0,0.1,0.0,0.0,0.0,0.39035741660231577,0.007078822848583879,521.7624993927084,0.2305892922307322,0.0,0.23484319706846782,0.0,0.39035741660231577,0.0999004109387509,LOW-COMPLEXITY,Low
1096,5480.0,5485.0,0.0,0.0,0.0,100.55477142333984,102.30635681152344,3.43396875,0.0,0.0,0.0,0.1,0.0,0.0,0.0,0.4036373158113156,0.005638051334422657,538.9983685365371,0.24706694599259404,0.0,0.23941905923995066,0.0,0.4036373158113156,0.10642081477745084,LOW-COMPLEXITY,Low
1097,5485.0,5490.0,0.0,0.0,0.0,99.58338928222656,101.20549926757812,5.493961805555555,0.0,0.0,0.0,0.1,0.0,0.0,0.0,0.40553091788905177,0.008368127995642701,495.7761959132306,0.24685855989645578,0.0,0.23944925126591166,0.0,0.40553091788905177,0.10585378841903402,LOW-COMPLEXITY,Low
1098,5490.0,5495.0,0.0,0.0,0.0,101.8624496459961,102.57596130371094,3.4947500000000007,0.0,0.0,0.0,0.1,0.0,0.0,0.0,0.40692840264695035,0.005087225081699346,549.0540319860894,0.24948662998185014,0.0,0.24147130341535278,0.0,0.40692840264695035,0.10752617052456095,LOW-COMPLEXITY,Low
1099,5495.0,5500.0,0.0,0.0,0.0,99.70205688476562,101.26874694824218,3.8496840277777777,0.0,0.0,0.0,0.1,0.0,0.0,0.0,0.3983332116533813,0.006040786764705881,527.7172496345986,0.23932459338702874,0.0,0.2378507651779248,0.0,0.3983332116533813,0.10332676159244272,LOW-COMPLEXITY,Low
1100,5500.0,5505.0,0.0,0.0,0.0,101.00390625,101.75854034423828,2.3398888888888894,0.0,0.0,0.0,0.1,0.0,0.0,0.0,0.41064700381182134,0.003592142837690632,531.8706569740527,0.25078958971528215,0.0,0.24174983673503622,0.0,0.41064700381182134,0.10734548676194841,LOW-COMPLEXITY,Low
1101,5505.0,5510.0,0.0,0.0,0.0,99.56060028076172,100.8659683227539,2.717947916666667,0.0,0.0,0.0,0.1,0.0,0.0,0.0,0.4388141420157665,0.004003142156862745,503.5321773290173,0.2877073162466366,0.0,0.2501979536179084,0.0,0.4388141420157665,0.1217194063856446,LOW-COMPLEXITY,Low
1102,5510.0,5515.0,0.0,0.0,0.0,99.78868103027344,100.56156616210937,2.023440972222222,0.0,0.0,0.0,0.1,0.0,0.0,0.0,0.44546597135212235,0.0030386244553376905,502.4951861816398,0.30020533661017734,0.0,0.2540959710016021,0.0,0.44546597135212235,0.1276697653176188,LOW-COMPLEXITY,Low
1103,5515.0,5520.0,0.0,0.0,0.0,100.32064056396484,101.10979614257812,1.5084756944444446,0.0,0.0,0.0,0.1,0.0,0.0,0.0,0.40466556396432996,0.002349412037037037,512.9588808863635,0.24636366659188622,0.0,0.24058683527136265,0.0,0.40466556396432996,0.10622083464983754,LOW-COMPLEXITY,Low
1104,5520.0,5525.0,0.0,0.0,0.0,100.373291015625,101.1155990600586,1.5970312500000001,0.0,0.0,0.0,0.1,0.0,0.0,0.0,0.3919770516846771,0.0024934178921568627,509.02560225684954,0.2289135636384456,0.0,0.23631544949819464,0.0,0.3919770516846771,0.09917292622242163,LOW-COMPLEXITY,Low
1105,5525.0,5530.0,0.0,0.0,0.0,101.04728698730469,101.4639892578125,2.767861111111111,0.0,0.0,0.0,0.1,0.0,0.0,0.0,0.40808709541316646,0.004043813725490197,535.3281788364262,0.24871219730187616,0.0,0.24175229822115973,0.0,0.40808709541316646,0.10694762917505238,LOW-COMPLEXITY,Low
1106,5530.0,5535.0,0.0,0.0,0.0,100.66191101074219,101.07752990722656,2.33,0.0,0.0,0.0,0.1,0.0,0.0,0.0,0.396588958190952,0.003731089052287582,511.61846186200484,0.23320332361113622,0.0,0.23786775877297722,0.0,0.396588958190952,0.10070813782837212,LOW-COMPLEXITY,Low
1107,5535.0,5540.0,0.0,0.0,0.0,100.91231536865234,101.37095336914062,1.3049444444444445,0.0,0.0,0.0,0.1,0.0,0.0,0.0,0.409012862940356,0.0022062241285403053,521.285374269697,0.2494963401407446,0.0,0.24181825196453008,0.0,0.409012862940356,0.10713134252286882,LOW-COMPLEXITY,Low
1108,5540.0,5545.0,0.0,0.0,0.0,101.10504913330078,101.38896942138672,1.3109826388888888,0.0,0.0,0.0,0.1,0.0,0.0,0.0,0.4053933231818093,0.0023511324891067535,528.0485960024428,0.24419945661808443,0.0,0.24077119851092113,0.0,0.4053933231818093,0.10502131699241228,LOW-COMPLEXITY,Low
1109,5545.0,5550.0,0.0,0.0,0.0,101.11448669433594,101.49743194580078,1.3035312500000003,0.0,0.0,0.0,0.1,0.0,0.0,0.0,0.3975537064541162,0.002121114651416122,529.0699276299781,0.23571074284729085,0.0,0.23843394649111155,0.0,0.3975537064541162,0.1019188260820054,LOW-COMPLEXITY,Low
1110,5550.0,5555.0,0.0,0.0,0.0,100.26806640625,100.66919250488282,2.863128472222223,0.0,0.0,0.0,0.1,0.0,0.0,0.0,0.40807437688698095,0.004247915032679739,495.4474620627463,0.24759662485226225,0.0,0.24123281926552395,0.0,0.40807437688698095,0.10621120494731928,LOW-COMPLEXITY,Low
1111,5555.0,5560.0,0.0,0.0,0.0,99.50696563720703,99.75630187988281,2.556170138888889,0.0,0.0,0.0,0.1,0.0,0.0,0.0,0.4341867121287719,0.003824754765795207,494.60575716493037,0.2762086720566677,0.0,0.24854132284603492,0.0,0.4341867121287719,0.11654712099225309,LOW-COMPLEXITY,Low
1112,5560.0,5565.0,0.0,0.0,0.0,100.09967041015625,100.96692962646485,3.1016527777777783,0.0,0.0,0.0,0.1,0.0,0.0,0.0,0.42795173316348273,0.004727846541394335,493.0228990040067,0.27124746126746796,0.0,0.24632152330101267,0.0,0.42795173316348273,0.11484833049821773,LOW-COMPLEXITY,Low
1113,5565.0,5570.0,0.0,0.0,0.0,99.91618347167969,101.3507293701172,3.9706840277777777,0.0,0.0,0.0,0.1,0.0,0.0,0.0,0.39928403126457557,0.00619480936819172,507.6712584503603,0.24036433507216814,0.0,0.23827977292355448,0.0,0.39928403126457557,0.10375908024318424,LOW-COMPLEXITY,Low
1114,5570.0,5575.0,0.0,0.0,0.0,100.94463348388672,101.48950805664063,4.0139375,0.0,0.0,0.0,0.1,0.0,0.0,0.0,0.431520543091436,0.005963738970588237,516.3558430508726,0.2813321602531365,0.0,0.2496102034828079,0.0,0.431520543091436,0.12014951557269203,LOW-COMPLEXITY,Low
1115,5575.0,5580.0,0.0,0.0,0.0,99.97278594970703,101.37518157958985,3.204736111111111,0.0,0.0,0.0,0.1,0.0,0.0,0.0,0.38943435906219814,0.004648032543572984,506.0752415157866,0.2268684423520082,0.0,0.23488591276256135,0.0,0.38943435906219814,0.09828570087735103,LOW-COMPLEXITY,Low
1116,5580.0,5585.0,0.0,0.0,0.0,99.34303283691406,100.52483215332032,3.819100694444445,0.0,0.0,0.0,0.1,0.0,0.0,0.0,0.4017193813805613,0.005489694035947712,484.412847045296,0.2430877298646828,0.0,0.23833447468789587,0.0,0.4017193813805613,0.10453108572796463,LOW-COMPLEXITY,Low
1117,5585.0,5590.0,0.0,0.0,0.0,100.13091278076172,101.42764129638672,3.0977256944444447,0.0,0.0,0.0,0.1,0.0,0.0,0.0,0.38604336062954225,0.004513485430283225,517.3194378183795,0.22256049206104053,0.0,0.23395463210537604,0.0,0.38604336062954225,0.0966535271100163,LOW-COMPLEXITY,Low
1118,5590.0,5595.0,0.0,0.0,0.0,99.9622802734375,100.58059539794922,2.821607638888889,0.0,0.0,0.0,0.1,0.0,0.0,0.0,0.39418560656760165,0.0040433760893246184,515.2886259157406,0.23096120773533446,0.0,0.23702244353981047,0.0,0.39418560656760165,0.09989205746470048,LOW-COMPLEXITY,Low
1119,5595.0,5600.0,0.0,0.0,0.0,100.57009887695312,101.22064056396485,2.4828993055555557,0.0,0.0,0.0,0.1,0.0,0.0,0.0,0.4580855898183242,0.003797369961873638,531.8573383637237,0.3160666393263088,0.0,0.2582667949392302,0.0,0.4580855898183242,0.13390530043730392,LOW-COMPLEXITY,Low
1120,5600.0,5605.0,0.0,0.0,0.0,99.70556640625,100.22447814941407,4.0844756944444445,0.0,0.0,0.0,0.1,0.0,0.0,0.0,0.4213448864643123,0.006651700027233115,528.296457244938,0.2663231609074131,0.0,0.24610259221388942,0.0,0.4213448864643123,0.11396126611248975,LOW-COMPLEXITY,Low
1121,5605.0,5610.0,0.0,0.0,0.0,99.30445861816406,99.56743774414062,1.91725,0.0,0.0,0.0,0.1,0.0,0.0,0.0,0.39764398193702155,0.0028240955882352947,523.9740157740207,0.23530512721350383,0.0,0.23856691524643783,0.0,0.39764398193702155,0.10173998845874976,LOW-COMPLEXITY,Low
1122,5610.0,5615.0,0.0,0.0,0.0,99.83318328857422,99.99292907714843,1.3974965277777778,0.0,0.0,0.0,0.1,0.0,0.0,0.0,0.42038637614564583,0.002262715005446622,547.5891730620104,0.26392489842265643,0.0,0.24584644992157517,0.0,0.42038637614564583,0.11291211264746805,LOW-COMPLEXITY,Low
1123,5615.0,5620.0,0.0,0.0,0.0,99.519287109375,99.72283325195312,1.121340277777778,0.0,0.0,0.0,0.1,0.0,0.0,0.0,0.40032066446290737,0.0019108933823529413,554.8418764818935,0.237979860962615,0.0,0.23928797809522276,0.0,0.40032066446290737,0.10266055669890863,LOW-COMPLEXITY,Low
1124,5620.0,5625.0,0.0,0.0,0.0,99.50439453125,101.59380950927735,2.774361111111111,0.0,0.0,0.0,0.1,0.0,0.0,0.0,0.4283982147425843,0.004223236655773422,533.7166333140593,0.2817370559104366,0.0,0.24775465329465896,0.0,0.4283982147425843,0.12048310292270283,LOW-COMPLEXITY,Low
1125,5625.0,5630.0,0.0,0.0,0.0,101.42469787597656,102.00096282958984,3.055440972222223,0.0,0.0,0.0,0.1,0.0,0.0,0.0,0.3930624808743935,0.004653115468409586,532.8209200843152,0.23052190513611537,0.0,0.23699998907502656,0.0,0.3930624808743935,0.09994532852571861,LOW-COMPLEXITY,Low
1126,5630.0,5635.0,0.0,0.0,0.0,101.54069519042969,102.00423278808594,2.778447916666666,0.0,0.0,0.0,0.1,0.0,0.0,0.0,0.4175880197700973,0.004204127314814815,543.8378715390689,0.2595527282589581,0.0,0.24442159329222157,0.0,0.4175880197700973,0.11092691683923227,LOW-COMPLEXITY,Low
1127,5635.0,5640.0,0.0,0.0,0.0,99.35371398925781,101.40694274902344,3.525145833333334,0.0,0.0,0.0,0.1,0.0,0.0,0.0,0.4055604702156498,0.005703984613289761,521.2241243234049,0.24914502997691798,0.0,0.2397298660347146,0.0,0.4055604702156498,0.10708785054669666,LOW-COMPLEXITY,Low
1128,5640.0,5645.0,0.0,0.0,0.0,98.83759307861328,99.94482727050782,3.301006944444445,0.0,0.0,0.0,0.1,0.0,0.0,0.0,0.43715367243325187,0.005159782271241831,525.606380151025,0.2866324934666249,0.0,0.2502878562619202,0.0,0.43715367243325187,0.12162857831667155,LOW-COMPLEXITY,Low
1129,5645.0,5650.0,0.0,0.0,0.0,100.07818603515625,101.39642181396485,4.585895833333335,0.0,0.0,0.0,0.1,0.0,0.0,0.0,0.41068424235108236,0.007351059776688452,532.2484212629568,0.25487538746924876,0.0,0.24204795600772702,0.0,0.41068424235108236,0.10948341774955825,LOW-COMPLEXITY,Low
1130,5650.0,5655.0,0.0,0.0,0.0,99.7299575805664,101.58455657958984,3.8742916666666662,0.0,0.0,0.0,0.1,0.0,0.0,0.0,0.4158676729996575,0.005976964188453159,520.9135317452311,0.2646786476333544,0.0,0.2438356463746957,0.0,0.4158676729996575,0.11371488179790631,LOW-COMPLEXITY,Low
1131,5655.0,5660.0,0.0,0.0,0.0,100.16581726074219,101.08197784423828,2.354072916666666,0.0,0.0,0.0,0.1,0.0,0.0,0.0,0.4157847281792746,0.003521751497821351,526.6076928692801,0.2607115783476663,0.0,0.24403572313498137,0.0,0.4157847281792746,0.11182211022625797,LOW-COMPLEXITY,Low
1132,5660.0,5665.0,0.0,0.0,0.0,99.25260925292969,100.07508239746093,2.360614583333334,0.0,0.0,0.0,0.1,0.0,0.0,0.0,0.40178469787688176,0.0036148163126361655,518.3471090966875,0.2424731030636606,0.0,0.2396006333282543,0.0,0.40178469787688176,0.10465059872749886,LOW-COMPLEXITY,Low
1133,5665.0,5670.0,0.0,0.0,0.0,99.48282623291016,99.73019714355469,1.4396909722222224,0.0,0.0,0.0,0.1,0.0,0.0,0.0,0.4058528803804487,0.002347108660130719,524.0113096912742,0.24390353030549927,0.0,0.24072207042944863,0.0,0.4058528803804487,0.10474126970794448,LOW-COMPLEXITY,Low
1134,5670.0,5675.0,0.0,0.0,0.0,99.94013977050781,100.18017120361328,1.9940868055555554,0.0,0.0,0.0,0.1,0.0,0.0,0.0,0.4012452526333705,0.002949405364923748,528.070773489709,0.24070748721579202,0.0,0.2399347888170429,0.0,0.4012452526333705,0.10401960653551838,LOW-COMPLEXITY,Low
1135,5675.0,5680.0,0.0,0.0,0.0,99.81947326660156,100.27625122070313,3.2383993055555553,0.0,0.0,0.0,0.1,0.0,0.0,0.0,0.4059127961458316,0.004688471269063181,514.8916728641289,0.24596663272520752,0.0,0.2410253888045151,0.0,0.4059127961458316,0.10586400340772614,LOW-COMPLEXITY,Low
1136,5680.0,5685.0,0.0,0.0,0.0,99.68914794921875,100.30290222167969,3.1374756944444444,0.0,0.0,0.0,0.1,0.0,0.0,0.0,0.42127099546308666,0.004901692946623093,524.2366244080873,0.26262220736467173,0.0,0.2449897476527232,0.0,0.42127099546308666,0.11173976649501732,LOW-COMPLEXITY,Low
1137,5685.0,5690.0,0.0,0.0,0.0,98.58641815185547,99.15371704101562,2.5790104166666663,0.0,0.0,0.0,0.1,0.0,0.0,0.0,0.4122396641085965,0.0038666763344226583,521.3431780468596,0.25206109147422817,0.0,0.24234619829176288,0.0,0.4122396641085965,0.10779179911208198,LOW-COMPLEXITY,Low
1138,5690.0,5695.0,0.0,0.0,0.0,97.8646469116211,98.36227874755859,3.0432048611111107,0.0,0.0,0.0,0.1,0.0,0.0,0.0,0.40430891756887644,0.004425088507625272,496.679970420688,0.24543440974353536,0.0,0.24052981017958133,0.0,0.40430891756887644,0.10582540904240204,LOW-COMPLEXITY,Low
1139,5695.0,5700.0,0.0,0.0,0.0,98.27033996582031,98.5534454345703,1.4205277777777774,0.0,0.0,0.0,0.1,0.0,0.0,0.0,0.4071022635910112,0.002211451933551198,516.7396642963158,0.24548435020129336,0.0,0.24104682148893677,0.0,0.4071022635910112,0.10533299672402174,LOW-COMPLEXITY,Low
1140,5700.0,5705.0,0.0,0.0,0.0,98.74461364746094,99.03197937011718,2.441385416666667,0.0,0.0,0.0,0.1,0.0,0.0,0.0,0.4299083226113585,0.003699066448801743,509.87081595550865,0.2747285314329094,0.0,0.24842594637761817,0.0,0.4299083226113585,0.11683626629578142,LOW-COMPLEXITY,Low
1141,5705.0,5710.0,0.0,0.0,0.0,98.55933380126953,99.11273956298828,0.8198645833333332,0.0,0.0,0.0,0.1,0.0,0.0,0.0,0.38706196167982393,0.0014993110021786493,549.1589350137863,0.2220522343129995,0.0,0.2347471371284275,0.0,0.38706196167982393,0.09642212473149339,LOW-COMPLEXITY,Low
1142,5710.0,5715.0,0.0,0.0,0.0,99.1933822631836,100.60036163330078,4.265395833333333,0.0,0.0,0.0,0.1,0.0,0.0,0.0,0.42503735490600225,0.006349928376906319,543.9462050129553,0.27607319084699106,0.0,0.24731449465486446,0.0,0.42503735490600225,0.11833732982619752,LOW-COMPLEXITY,Low
1143,5715.0,5720.0,0.0,0.0,1.0,100.69661712646484,101.18927001953125,2.582131944444444,0.0075,0.0,0.05,0.1,0.0,0.0,0.0,0.4226253748818807,0.0037931421568627452,558.9130253255815,0.2662517547665501,0.0,0.2460063197642878,0.0,0.4226253748818807,0.11357174558030561,LOW-COMPLEXITY,Low
1144,5720.0,5725.0,0.0,0.0,0.0,100.76209259033203,101.65479278564453,3.440861111111112,0.0,0.0,0.0,0.1,0.0,0.0,0.0,0.43484772609129807,0.004843487608932462,528.3123688009175,0.2844368337262417,0.0,0.2500365614393601,0.0,0.43484772609129807,0.12101928184407235,LOW-COMPLEXITY,Low
1145,5725.0,5730.0,0.0,0.0,0.0,100.94587707519531,101.67907104492187,2.1410416666666667,0.0,0.0,0.0,0.1,0.0,0.0,0.0,0.39614987785911504,0.00332080582788671,523.4635789760379,0.2333505522235766,0.0,0.23745108226437342,0.0,0.39614987785911504,0.10074568543954023,LOW-COMPLEXITY,Low
1146,5730.0,5735.0,0.0,0.0,0.0,100.6490707397461,101.04981994628906,2.0749062499999997,0.0,0.0,0.0,0.1,0.0,0.0,0.0,0.4011042016951879,0.0031499576525054478,509.91767382913935,0.24090451667219673,0.0,0.23976177460570391,0.0,0.4011042016951879,0.10409282902429776,LOW-COMPLEXITY,Low
1147,5735.0,5740.0,0.0,0.0,0.0,100.8377685546875,101.16400604248047,1.5995451388888888,0.0,0.0,0.0,0.1,0.0,0.0,0.0,0.41498381578298676,0.002529511165577342,533.7968231784919,0.2557406332504788,0.0,0.24357969587864284,0.0,0.41498381578298676,0.1093772562370177,LOW-COMPLEXITY,Low
1148,5740.0,5745.0,0.0,0.0,0.0,101.33550262451172,101.60462951660156,1.6022881944444443,0.0,0.0,0.0,0.1,0.0,0.0,0.0,0.4064750180273917,0.002539529003267974,540.6403572422935,0.24481963630809425,0.0,0.24092883081424094,0.0,0.4064750180273917,0.10511615443218351,LOW-COMPLEXITY,Low
1149,5745.0,5750.0,0.0,0.0,0.0,101.343505859375,101.71681060791016,1.9144305555555559,0.0,0.0,0.0,0.1,0.0,0.0,0.0,0.4129420253687063,0.0029132020697167755,537.8583603638833,0.25415003191709373,0.0,0.24314180770789545,0.0,0.4129420253687063,0.10893914231413371,LOW-COMPLEXITY,Low
1150,5750.0,5755.0,0.0,0.0,0.0,101.708984375,102.95956726074219,3.2155138888888883,0.0,0.0,0.0,0.1,0.0,0.0,0.0,0.4210360690451227,0.005188174019607844,558.6152527718962,0.2694014542144758,0.0,0.24584429623530357,0.0,0.4210360690451227,0.1154872135283135,LOW-COMPLEXITY,Low
1151,5755.0,5760.0,0.0,0.0,0.0,99.96583557128906,103.49500427246093,3.404152777777778,0.0,0.0,0.0,0.1,0.0,0.0,0.0,0.42770998788066666,0.005026042755991286,534.5189958259243,0.2850637540831902,0.0,0.24664191289897544,0.0,0.42770998788066666,0.1219290495860698,LOW-COMPLEXITY,Low
1152,5760.0,5765.0,0.0,0.0,0.0,100.53795623779297,102.54766998291015,2.659958333333333,0.0,0.0,0.0,0.1,0.0,0.0,0.0,0.4030711728979369,0.0038310543300653596,530.071066958128,0.24780093423036417,0.0,0.2392888506751497,0.0,0.4030711728979369,0.10688377162700025,LOW-COMPLEXITY,Low
1153,5765.0,5770.0,0.0,0.0,0.0,101.4878921508789,101.89374694824218,1.7779548611111113,0.0,0.0,0.0,0.1,0.0,0.0,0.0,0.4096786551346812,0.002608491149237473,523.1229312424517,0.2528095233869173,0.0,0.24261917012502984,0.0,0.4096786551346812,0.1089018074535488,LOW-COMPLEXITY,Low
1154,5770.0,5775.0,0.0,0.0,0.0,102.24083709716797,103.06668395996094,3.866079861111111,0.0,0.0,0.0,0.1,0.0,0.0,0.0,0.4159337334347805,0.005675062363834423,523.6562248070472,0.2612274301785975,0.0,0.24427316963581952,0.0,0.4159337334347805,0.11212589110314045,LOW-COMPLEXITY,Low
1155,5775.0,5780.0,0.0,0.0,0.0,102.5487289428711,103.3634048461914,2.3492361111111117,0.0,0.0,0.0,0.1,0.0,0.0,0.0,0.43109453984359974,0.0034786974400871453,548.4457013477185,0.27659550955203877,0.0,0.2481216207845641,0.0,0.43109453984359974,0.11736668708971687,LOW-COMPLEXITY,Low
1156,5780.0,5785.0,0.0,0.0,0.0,100.69813537597656,101.03254852294921,2.5699826388888893,0.0,0.0,0.0,0.1,0.0,0.0,0.0,0.43371438788644834,0.0039495171568627455,531.6431383185711,0.27811823691775506,0.0,0.24923287698797894,0.0,0.43371438788644834,0.11786202843305807,LOW-COMPLEXITY,Low
1157,5785.0,5790.0,0.0,0.0,0.0,100.33589935302734,101.38319396972656,3.2975625,0.0,0.0,0.0,0.1,0.0,0.0,0.0,0.3969866882768548,0.005398563997821351,526.7661331418873,0.23606177404889217,0.0,0.23768552061293016,0.0,0.3969866882768548,0.10197414716975794,LOW-COMPLEXITY,Low
1158,5790.0,5795.0,0.0,0.0,1.0,100.64081573486328,101.03968200683593,1.57271875,0.0075,0.0,0.05,0.2,0.0,0.0,0.027999999972000006,0.41073770755719013,0.0026087426470588235,531.785110468884,0.24921987059825645,0.012179999987820003,0.24746257382270886,0.008399999991600002,0.41073770755719013,0.11273740924357878,LOW-COMPLEXITY,Low
1159,5795.0,5800.0,0.0,0.0,0.0,102.18266296386719,104.57169036865234,3.9326423611111108,0.0,0.0,0.0,0.1,0.0,0.0,0.0,0.39129662265781423,0.00585125558278867,532.4516199002414,0.23186894586322132,0.0,0.23488015690551955,0.0,0.39129662265781423,0.10031837218408894,LOW-COMPLEXITY,Low
1160,5800.0,5805.0,0.0,0.0,0.0,102.10669708251953,103.88201293945312,2.994034722222222,0.0,0.0,0.0,0.1,0.0,0.0,0.0,0.3996880132368594,0.0046246149237472774,538.2837430995916,0.24274280751665983,0.0,0.23845497534058677,0.0,0.3996880132368594,0.10490864181832044,LOW-COMPLEXITY,Low
1161,5805.0,5810.0,0.0,0.0,0.0,103.44808959960938,103.83198699951171,2.4107465277777775,0.0,0.0,0.0,0.1,0.0,0.0,0.0,0.4138536427082856,0.003701775462962963,549.9957040767189,0.25601043441464694,0.0,0.24362147738194675,0.0,0.4138536427082856,0.10980932361393343,LOW-COMPLEXITY,Low
1162,5810.0,5815.0,0.0,0.0,0.0,102.0833511352539,103.05211791992187,2.5007881944444446,0.0,0.0,0.0,0.1,0.0,0.0,0.0,0.40277524624540945,0.003917718409586057,548.9805588215416,0.244737725551129,0.0,0.23981496360822738,0.0,0.40277524624540945,0.10561028847709171,LOW-COMPLEXITY,Low
1163,5815.0,5820.0,0.0,0.0,0.0,100.6788558959961,100.98005523681641,1.5143576388888889,0.0,0.0,0.0,0.1,0.0,0.0,0.0,0.39438506109693305,0.0023489745370370366,563.149289219393,0.23077090857081256,0.0,0.23735272438899013,0.0,0.39438506109693305,0.09986264254731955,LOW-COMPLEXITY,Low
1164,5820.0,5825.0,0.0,0.0,0.0,101.66036224365234,102.55541229248047,2.5396319444444444,0.0,0.0,0.0,0.1,0.0,0.0,0.0,0.4208393579067623,0.004111343545751634,547.1748514262879,0.2637881582381435,0.0,0.24483400420768653,0.0,0.4208393579067623,0.11237614111507147,LOW-COMPLEXITY,Low
1165,5825.0,5830.0,0.0,0.0,0.0,100.93526458740234,101.57783660888671,2.9932291666666666,0.0,0.0,0.0,0.1,0.0,0.0,0.0,0.43625912409266165,0.0052087049291938995,530.5730996290756,0.2829371311957824,0.0,0.2500734136864946,0.0,0.43625912409266165,0.1199294793649989,LOW-COMPLEXITY,Low
1166,5830.0,5835.0,0.0,0.0,0.0,101.4013900756836,101.54892272949219,1.3716458333333335,0.0,0.0,0.0,0.1,0.0,0.0,0.0,0.43606297833219054,0.002249650054466231,561.9687016373748,0.28035076101001793,0.0,0.24997704863198855,0.0,0.43606297833219054,0.11865160294315732,LOW-COMPLEXITY,Low
1167,5835.0,5840.0,0.0,0.0,0.0,101.48216247558594,101.6539077758789,0.8605416666666665,0.0,0.0,0.0,0.1,0.0,0.0,0.0,0.4025228673850153,0.0015626986655773419,568.0114185719849,0.2399054404833389,0.0,0.239797775468438,0.0,0.4025228673850153,0.10325122480936892,LOW-COMPLEXITY,Low
1168,5840.0,5845.0,0.0,0.0,0.0,101.43792724609375,102.3490493774414,2.083878472222222,0.0,0.0,0.0,0.1,0.0,0.0,0.0,0.3905655564910714,0.0033720153867102397,539.882431057764,0.2276430492041888,0.0,0.23569328506935142,0.0,0.3905655564910714,0.09867278525359954,LOW-COMPLEXITY,Low
1169,5845.0,5850.0,0.0,0.0,0.0,102.3512191772461,102.88651580810547,3.071305555555555,0.0,0.0,0.0,0.1,0.0,0.0,0.0,0.4143293479452419,0.004832256808278868,532.2511189629106,0.25599683609267054,0.0,0.24344905846193984,0.0,0.4143293479452419,0.10962325152170375,LOW-COMPLEXITY,Low
1170,5850.0,5855.0,0.0,0.0,0.0,103.44145202636719,103.85955352783203,1.8506145833333332,0.0,0.0,0.0,0.1,0.0,0.0,0.0,0.3936232529503919,0.0028690518790849676,543.4556303061876,0.22984562318971358,0.0,0.23700597630583084,0.0,0.3936232529503919,0.0994690900642996,LOW-COMPLEXITY,Low
1171,5855.0,5860.0,0.0,0.0,0.0,101.83305358886719,102.45934600830078,2.081809027777778,0.0,0.0,0.0,0.1,0.0,0.0,0.0,0.4094249165771649,0.003079401007625272,541.773850762111,0.2491876694696161,0.0,0.24150713558428505,0.0,0.4094249165771649,0.10676510304501659,LOW-COMPLEXITY,Low
1172,5860.0,5865.0,0.0,0.0,0.0,101.93270111083984,102.44910278320313,3.7270243055555556,0.0,0.0,0.0,0.1,0.0,0.0,0.0,0.42258603821366014,0.005868543436819171,541.9807627869249,0.2672368991045628,0.0,0.24629635765414848,0.0,0.42258603821366014,0.11417566517781831,LOW-COMPLEXITY,Low
1173,5865.0,5870.0,0.0,0.0,0.0,100.29948425292969,101.09356994628907,3.5440590277777773,0.0,0.0,0.0,0.1,0.0,0.0,0.0,0.4318311474300382,0.005861761437908496,543.8222457205519,0.27503697040455016,0.0,0.247866897813362,0.0,0.4318311474300382,0.11631411257944223,LOW-COMPLEXITY,Low
1174,5870.0,5875.0,0.0,0.0,0.0,100.19705963134766,103.76849822998047,2.5453263888888884,0.0,0.0,0.0,0.1,0.0,0.0,0.0,0.5020799876214852,0.003863358523965141,529.069030031954,0.3799861692299249,0.0,0.27008077210382153,0.0,0.5020799876214852,0.15900135794592868,LOW-COMPLEXITY,Low
1175,5875.0,5880.0,0.0,0.0,0.0,102.23809051513672,103.5947479248047,2.07115625,0.0,0.0,0.0,0.1,0.0,0.0,0.0,0.4248874949783152,0.0031438890250544663,559.3567840273525,0.2745351904650018,0.0,0.2468844882598594,0.0,0.4248874949783152,0.11745529237887288,LOW-COMPLEXITY,Low
1176,5880.0,5885.0,0.0,0.0,0.0,101.92334747314453,102.66126708984375,3.5230659722222217,0.0,0.0,0.0,0.1,0.0,0.0,0.0,0.4180060553496669,0.005106834014161221,549.2127857847933,0.2601327907464375,0.0,0.24419822232115737,0.0,0.4180060553496669,0.11103425934820713,LOW-COMPLEXITY,Low
1177,5885.0,5890.0,0.0,0.0,0.0,101.36400604248047,101.93612365722656,2.015666666666667,0.0,0.0,0.0,0.1,0.0,0.0,0.0,0.4059698655447725,0.0030538793572984745,551.9995016228053,0.24505516939527577,0.0,0.24057008305010988,0.0,0.4059698655447725,0.10523464737898322,LOW-COMPLEXITY,Low
1178,5890.0,5895.0,0.0,0.0,0.0,99.98452758789062,100.87454681396484,2.3300520833333334,0.0,0.0,0.0,0.1,0.0,0.0,0.0,0.3959611444194417,0.0035457581699346414,532.022737286456,0.23429304156630293,0.0,0.2374294493121593,0.0,0.3959611444194417,0.1012565419375468,LOW-COMPLEXITY,Low
1179,5895.0,5900.0,0.0,0.0,0.0,100.00830841064453,100.25986022949219,1.025625,0.0,0.0,0.0,0.1,0.0,0.0,0.0,0.4140365841158031,0.001809867374727669,522.9351424158746,0.2573392699606707,0.0,0.24399475327084671,0.0,0.4140365841158031,0.11055865259618093,LOW-COMPLEXITY,Low
1180,5900.0,5905.0,0.0,0.0,0.0,99.51459503173828,100.04274139404296,1.9541180555555555,0.0,0.0,0.0,0.1,0.0,0.0,0.0,0.39710986937109627,0.0030917425108932463,521.6936048791389,0.23375207579546067,0.0,0.23779851193472668,0.0,0.39710986937109627,0.1008280497321106,LOW-COMPLEXITY,Low
1181,5905.0,5910.0,0.0,0.0,0.0,101.19337463378906,102.30657958984375,2.2960451388888887,0.0,0.0,0.0,0.1,0.0,0.0,0.0,0.39341522680757957,0.0034598307461873637,523.0854572017887,0.2326085855458214,0.0,0.23660736647186908,0.0,0.39341522680757957,0.10076306433616998,LOW-COMPLEXITY,Low
1182,5910.0,5915.0,0.0,0.0,0.0,100.23228454589844,101.00964813232422,2.665427083333333,0.0,0.0,0.0,0.1,0.0,0.0,0.0,0.3907306520507482,0.003857653594771242,532.9694839360261,0.22782436208234236,0.0,0.23596912327590722,0.0,0.3907306520507482,0.09881871117505166,LOW-COMPLEXITY,Low
1183,5915.0,5920.0,0.0,0.0,0.0,99.91123962402344,101.00462341308594,2.939600694444444,0.0,0.0,0.0,0.1,0.0,0.0,0.0,0.38575609771007907,0.004452318355119825,511.0926074340621,0.22207939968467053,0.0,0.23413551300600158,0.0,0.38575609771007907,0.09654810496691604,LOW-COMPLEXITY,Low
1184,5920.0,5925.0,0.0,0.0,0.0,98.52587890625,99.7093734741211,3.943038194444444,0.0,0.0,0.0,0.1,0.0,0.0,0.0,0.40691480449224665,0.006042308959694989,520.9668155272935,0.24934016411910603,0.0,0.24090581525017732,0.0,0.40691480449224665,0.10725841627405341,LOW-COMPLEXITY,Low
1185,5925.0,5930.0,0.0,0.0,0.0,99.36103820800781,99.70207977294922,1.3459375,0.0,0.0,0.0,0.1,0.0,0.0,0.0,0.4188785399684579,0.0022408107298474947,537.0163048334824,0.2605637351306635,0.0,0.24474777555332985,0.0,0.4188785399684579,0.11122395401688272,LOW-COMPLEXITY,Low
1186,5930.0,5935.0,0.0,0.0,0.0,100.45337677001953,102.57724456787109,3.767829861111111,0.0,0.0,0.0,0.1,0.0,0.0,0.0,0.38854446376389373,0.0055119264705882345,529.0996936641945,0.22848973242631085,0.0,0.2344384682443298,0.0,0.38854446376389373,0.09916221415769741,LOW-COMPLEXITY,Low
1187,5935.0,5940.0,0.0,0.0,0.0,101.61358642578125,102.21855316162109,2.9142743055555553,0.0,0.0,0.0,0.1,0.0,0.0,0.0,0.41311137111574436,0.004436153594771243,541.5454904542808,0.25434960596125455,0.0,0.2429199682873532,0.0,0.41311137111574436,0.10891894910226481,LOW-COMPLEXITY,Low
1188,5940.0,5945.0,0.0,0.0,0.0,100.60930633544922,102.27876129150391,2.79346875,0.0,0.0,0.0,0.1,0.0,0.0,0.0,0.4186576894318235,0.004486575571895424,525.3666264888965,0.2665983086613407,0.0,0.24445385793882424,0.0,0.4186576894318235,0.11419358225130295,LOW-COMPLEXITY,Low
1189,5945.0,5950.0,0.0,0.0,0.0,99.37129211425781,99.78503875732422,0.9071666666666668,0.0,0.0,0.0,0.1,0.0,0.0,0.0,0.3916934251538635,0.0016021628540305013,541.565393317874,0.22713727374398726,0.0,0.23624878878244757,0.0,0.3916934251538635,0.09833235665738439,LOW-COMPLEXITY,Low
1190,5950.0,5955.0,0.0,0.0,0.0,99.40667724609375,101.08462371826172,2.4414652777777777,0.0,0.0,0.0,0.1,0.0,0.0,0.0,0.4568288600870891,0.003648821895424837,502.60024218322843,0.3141808161163836,0.0,0.2562711559012094,0.0,0.4568288600870891,0.1325780976018428,LOW-COMPLEXITY,Low
1191,5955.0,5960.0,0.0,0.0,0.0,101.89359283447266,102.91546783447265,4.404118055555555,0.0,0.0,0.0,0.1,0.0,0.0,0.0,0.392361568221058,0.006937265795206972,513.7901234351464,0.22987418840594798,0.0,0.2363349312215745,0.0,0.392361568221058,0.09956392807526057,LOW-COMPLEXITY,Low
1192,5960.0,5965.0,0.0,0.0,0.0,102.20126342773438,103.74292755126953,4.7194305555555545,0.0,0.0,0.0,0.1,0.0,0.0,0.0,0.3854809159622134,0.007442461737472766,540.2229164705977,0.22294786326148563,0.0,0.23386941225900026,0.0,0.3854809159622134,0.09695799693083955,LOW-COMPLEXITY,Low
1193,5965.0,5970.0,0.0,0.0,0.0,102.27359008789062,102.68239288330078,1.6694027777777776,0.0,0.0,0.0,0.1,0.0,0.0,0.0,0.40944262963677025,0.0027745979030501093,519.64061837903,0.24871660775392607,0.0,0.24169692113671273,0.0,0.40944262963677025,0.10659156886561992,LOW-COMPLEXITY,Low
1194,5970.0,5975.0,0.0,0.0,0.0,101.79061126708984,102.18076171875,1.3845381944444444,0.0,0.0,0.0,0.1,0.0,0.0,0.0,0.47437974420662393,0.0023286282679738563,516.2119144808831,0.32524909256555296,0.0,0.2608308802337299,0.0,0.47437974420662393,0.13532041831292593,LOW-COMPLEXITY,Low
1195,5975.0,5980.0,0.0,0.0,0.0,102.27272033691406,102.87875823974609,1.5637743055555557,0.0,0.0,0.0,0.1,0.0,0.0,0.0,0.3948750936271765,0.002713098583877995,528.6725932339568,0.23144641076161981,0.0,0.23712383861846908,0.0,0.3948750936271765,0.09999777549047995,LOW-COMPLEXITY,Low
1196,5980.0,5985.0,0.0,0.0,0.0,102.42561340332031,102.78282928466797,1.8793854166666668,0.0,0.0,0.0,0.1,0.0,0.0,0.0,0.39244839027628653,0.003066283769063181,523.1992687477913,0.2282272130712957,0.0,0.2366704510499893,0.0,0.39244839027628653,0.09883616683407247,LOW-COMPLEXITY,Low
1197,5985.0,5990.0,0.0,0.0,0.0,102.08187103271484,102.65923461914062,2.7087152777777774,0.0,0.0,0.0,0.1,0.0,0.0,0.0,0.4124667586366503,0.003928153594771242,525.0644652829922,0.2551436314231076,0.0,0.24305795075483846,0.0,0.4124667586366503,0.10952540881658468,LOW-COMPLEXITY,Low
1198,5990.0,5995.0,0.0,0.0,0.0,100.44099426269531,101.445947265625,3.427635416666667,0.0,0.0,0.0,0.1,0.0,0.0,0.0,0.38936448123343814,0.005171730664488018,503.6680862126783,0.22669544470173722,0.0,0.23544312833207634,0.0,0.38936448123343814,0.09841169695873579,LOW-COMPLEXITY,Low
1199,5995.0,6000.0,0.0,0.0,0.0,101.52998352050781,101.85080108642578,3.4454340277777784,0.0,0.0,0.0,0.1,0.0,0.0,0.0,0.42861917658064086,0.005159401007625273,512.3576913485713,0.2751047227762655,0.0,0.24850386803315697,0.0,0.42861917658064086,0.11737392105457749,LOW-COMPLEXITY,Low
1200,6000.0,6005.0,0.0,0.0,0.0,102.10071563720703,102.8577667236328,3.677892361111111,0.0,0.0,0.0,0.1,0.0,0.0,0.0,0.4379248545117901,0.005173309368191721,555.1485626894527,0.28318356761619357,0.0,0.24996867600954992,0.0,0.4379248545117901,0.11959960678349174,LOW-COMPLEXITY,Low
1201,6005.0,6010.0,0.0,0.0,0.0,101.71790313720703,102.35184326171876,3.9145937499999994,0.0,0.0,0.0,0.1,0.0,0.0,0.0,0.42099791398940917,0.005960471677559912,521.2676134625978,0.26541125388660125,0.0,0.24567826582213217,0.0,0.42099791398940917,0.1134435414836946,LOW-COMPLEXITY,Low
1202,6010.0,6015.0,0.0,0.0,2.0,94.98859405517578,100.76778564453124,4.4423923611111125,0.015,0.0,0.1,0.2,0.0,0.0,1.0,0.398862502392649,0.011119705746187364,786.3703368379483,0.2530517335094301,0.435,0.4355493865458482,0.3,0.398862502392649,0.3292525264475997,HEAVY-TAIL-RISK,Moderate
1203,6015.0,6019.633333333333,0.0,0.0,2.8499999999999943,108.84696578979492,109.71487808227539,2.270833333333333,0.021374999999999957,0.0,0.1424999999999997,0.10526315789473706,0.0,0.0,0.2291551318164279,0.43930361238542465,0.004366725740224251,1106.8721307861085,0.2951677524240224,0.09968248234014615,0.2968917888330941,0.06874653954492838,0.43930361238542465,0.17604336897970213,LOW-COMPLEXITY,Low
