segment,start,end,medad_p50,medad_p90,medad_p99,si_p50,si_p90,changed_pct,rtci,burst_score,tail_score,extreme_score,adim_sustained,adim_dynamic,adim_risk,spatial_adim,scene_activity,texture,spatial_score,temporal_score,v9_fusion,adci_temporal,adci_spatial,bdi,regime,class
0,0.0,5.0,0.0,0.0,0.0,42.59039115905762,44.03415641784668,0.83702709914611,0.0,0.0,0.0,0.0,0.0,0.0,0.0,0.4861206127076465,0.0012429625715192258,31.232599431487905,0.35769939792080097,0.0,0.23483822950649139,0.0,0.4861206127076465,0.13951292611076085,LOW-COMPLEXITY,Low
1,5.0,10.0,0.0,0.0,0.7600000000000051,78.17491912841797,79.37514038085938,2.0006658496732026,0.005700000000000038,0.0,0.038000000000000256,0.1,0.0,0.0,0.0088421052515233,0.5107335895006841,0.0026091232538767136,92.29618589445597,0.3821411423430537,0.003846315784412635,0.24973797164896763,0.0026526315754569897,0.5107335895006841,0.15212177966122295,LOW-COMPLEXITY,Low
2,10.0,15.0,0.0,0.0,0.0,12.247490882873535,12.248237609863281,9.80392156862745e-05,0.0,0.0,0.0,0.0,0.0,0.0,0.0,0.4910602703612417,3.92477252338844e-07,8.727579057132852,0.3481761062159563,0.0,0.23755368645697744,0.0,0.4910602703612417,0.13446677577760982,LOW-COMPLEXITY,Low
3,15.0,20.0,0.0,0.0,0.0,12.216025352478027,12.236055755615235,0.0004656862745098039,0.0,0.0,0.0,0.0,0.0,0.0,0.0,0.5414329785768713,7.171921056004101e-07,8.632841399342848,0.4168276143446669,0.0,0.254479752988284,0.0,0.5414329785768713,0.162123476074015,LOW-COMPLEXITY,Low
4,20.0,25.0,0.0,1.0,6.0400000000000205,12.213290214538574,56.72837524414063,2.4207720588235295,0.07030000000000015,0.1,0.30200000000000105,0.5794701986754947,0.0,0.15,0.5826482428167823,0.4243373126482133,0.004231604511085479,22.102731057957097,0.48980950314957833,0.3145769856253003,0.2914431975241594,0.22729447284503468,0.4243373126482133,0.365722778968709,SPARSE-EXTREME,Low
5,25.0,30.0,1.0,1.0,2.0,51.123905181884766,59.20953598022461,9.624207516339869,0.29000000000000004,0.1,0.1,0.1,0.99999999965,0.235,0.10666666666666667,0.4103862274976972,0.013516724977572728,59.05635892683336,0.2911651415822577,0.29966249994487504,0.4547898843639537,0.46424999987749993,0.4103862274976972,0.27691247344408837,LOW-COMPLEXITY,Moderate
6,30.0,35.0,1.0,2.0,2.0,54.14451217651367,59.9515594482422,10.562912581699347,0.315,0.2,0.1,0.15,0.4999999999125,0.18999999999999997,0.09846153846153848,0.40713264101033525,0.015078600378059722,74.00835111977788,0.2744362765929318,0.19900576921698795,0.35115278575762465,0.2710384615078365,0.40713264101033525,0.22060768382828144,BURST-DOMINATED,Moderate
7,35.0,40.0,0.0,1.0,1.0,56.06154251098633,57.35938949584961,3.350580065359477,0.1325,0.1,0.05,0.1,0.08749999991249999,0.42999999999999994,0.06857142857142857,0.3876043643848137,0.005482022138920928,87.8465764763471,0.22709058693896197,0.21883482141479016,0.2924658764488779,0.20169642854080352,0.3876043643848137,0.23679297341609912,LOW-COMPLEXITY,Low
8,40.0,45.0,0.0,1.0,1.0,72.2819595336914,75.62801208496094,3.313492647058824,0.0325,0.1,0.05,0.1,0.0,0.15,0.04571428571428573,0.39358171099020545,0.005424318851723697,118.79516249950295,0.24457888140603584,0.08101071428571428,0.23832192879725594,0.06621428571428571,0.39358171099020545,0.151663830891649,LOW-COMPLEXITY,Low
9,45.0,50.0,0.0,0.0,14.680000000000092,65.7054214477539,71.76851654052734,3.289391339869281,0.1101000000000007,0.0,0.7340000000000046,0.1634877384196175,0.0,0.0,0.017776566756281968,0.38424648336213474,0.006471715365884916,104.17217382646444,0.2456892035594932,0.0077328065389826554,0.2069544622188588,0.00533297002688459,0.38424648336213474,0.10188352772925577,SPARSE-EXTREME,Low
10,50.0,55.0,0.0,0.0,1.0,59.03612518310547,72.31929779052734,1.5079044117647056,0.0075,0.0,0.05,0.1,0.0,0.0,0.0,0.44402982252321593,0.0030768283032167115,104.81640212756147,0.34877055122828515,0.0,0.2181678004028252,0.0,0.44402982252321593,0.1397365501243274,LOW-COMPLEXITY,Low
11,55.0,60.0,0.0,0.0,1.0,64.79972839355469,71.15040893554688,2.327336601307189,0.0075,0.0,0.05,1.0,0.0,0.0,0.28,0.3794359611404065,0.00439969979495066,101.33298110305007,0.23475625790518184,0.1218,0.25870165869114053,0.084,0.3794359611404065,0.15506471920938847,LOW-COMPLEXITY,Low
12,60.0,65.0,0.0,0.0,0.0,86.0322265625,87.69076232910156,2.301858660130719,0.0,0.0,0.0,0.1,0.0,0.0,0.0,0.46750564846553166,0.004007549179802641,140.8317659457867,0.3215773496157018,0.0,0.23618838666739755,0.0,0.46750564846553166,0.1265781980250571,LOW-COMPLEXITY,Low
13,65.0,70.0,0.0,0.0,0.7600000000000051,64.16663360595703,89.08896331787109,2.5066911764705884,0.005700000000000038,0.0,0.038000000000000256,0.1,0.0,0.0,0.0088421052515233,0.41930989732385215,0.004355823401255927,103.65059152733954,0.3417120967877639,0.003846315784412635,0.20474837790754988,0.0026526315754569897,0.41930989732385215,0.13901682211828983,LOW-COMPLEXITY,Low
14,70.0,75.0,0.0,0.0,1.0,86.657958984375,87.27790679931641,2.8169403594771247,0.0075,0.0,0.05,0.2,0.0,0.0,0.027999999972000006,0.5097948695713229,0.004622654107394593,141.6821067552521,0.3749448085916608,0.012179999987820003,0.2569787738352741,0.008399999991600002,0.5097948695713229,0.15416625774114562,LOW-COMPLEXITY,Low
15,75.0,80.0,0.0,0.0,2.0,64.7655029296875,88.81561889648438,2.992642973856209,0.015,0.0,0.1,0.1,0.0,0.0,0.0,0.4216198601107366,0.005199657343329489,114.31250588492044,0.34202444908708785,0.0,0.2050843730017282,0.0,0.4216198601107366,0.13738679006646462,LOW-COMPLEXITY,Low
16,80.0,85.0,0.0,0.0,1.0,85.87916564941406,86.62785491943359,2.1757434640522875,0.0075,0.0,0.05,1.0,0.0,0.0,0.4080323714686401,0.42782547197908205,0.004257634403434577,126.5393843278197,0.28400992800612074,0.17749408158885843,0.3064930796450556,0.12240971144059201,0.42782547197908205,0.20352602960435534,LOW-COMPLEXITY,Moderate
17,85.0,90.0,0.0,0.0,1.0,66.63072967529297,80.27728881835938,1.4385498366013074,0.0075,0.0,0.05,0.1,0.0,0.0,0.0,0.5191748498223938,0.0025811732666922976,107.77653855027651,0.43689894643089366,0.0,0.240333727942012,0.0,0.5191748498223938,0.17277256553955256,LOW-COMPLEXITY,Low
18,90.0,95.0,0.0,0.0,0.0,79.056884765625,82.25949249267579,1.6554207516339872,0.0,0.0,0.0,1.0,0.0,0.0,0.0,0.4764866667260875,0.0027868004293220556,120.45493618568347,0.3399030804151788,0.0,0.2364791819901685,0.0,0.4764866667260875,0.1335975872226265,LOW-COMPLEXITY,Low
19,95.0,100.0,0.0,0.0,0.0,76.24431610107422,78.25996551513673,0.5819975490196079,0.0,0.0,0.0,0.0,0.0,0.0,0.0,0.4224455483381005,0.0008670522555427397,73.51364025353975,0.2976853717589433,0.0,0.2143454799619039,0.0,0.4224455483381005,0.11825221678161284,LOW-COMPLEXITY,Low
20,100.0,105.0,0.0,0.0,3.0,12.39942455291748,68.72438964843751,1.6282189542483658,0.0225,0.0,0.15,1.0,0.0,0.0,1.0,0.32980502755746516,0.003264880975265924,51.87708620643953,0.3663490053890031,0.435,0.33239545216200284,0.3,0.32980502755746516,0.3670616540618362,HEAVY-TAIL-RISK,Moderate
21,105.0,110.0,0.0,0.0,1.0,85.83087921142578,87.44873046875,2.066049836601307,0.0075,0.0,0.05,0.1,0.0,0.0,0.0,0.5017099634211755,0.0033763514033064205,178.25484064485482,0.3674192059739711,0.0,0.24994773577063972,0.0,0.5017099634211755,0.14576381965141558,LOW-COMPLEXITY,Low
22,110.0,115.0,0.0,0.0,0.7600000000000051,73.80256652832031,76.54673309326172,1.8838112745098037,0.005700000000000038,0.0,0.038000000000000256,0.1,0.0,0.0,0.0088421052515233,0.40277836848697157,0.003497663238498014,134.16208474207846,0.2553638727595671,0.003846315784412635,0.21702288696202335,0.0026526315754569897,0.40277836848697157,0.10427167048247732,LOW-COMPLEXITY,Low
23,115.0,120.0,0.0,0.0,1.0,77.02362823486328,79.0697509765625,3.0710702614379084,0.0075,0.0,0.05,1.0,0.0,0.0,0.4139495071468407,0.41659292376845425,0.005689827950788159,122.95356215894216,0.27398715524912637,0.1800680356088757,0.30229056527839576,0.1241848521440522,0.41659292376845425,0.20073947060191424,LOW-COMPLEXITY,Moderate
24,120.0,125.0,0.0,1.0,1.7600000000000051,75.66001892089844,78.6292510986328,6.53890114379085,0.03820000000000004,0.1,0.08800000000000026,0.11363636363636331,0.0,0.15,0.07494539163649995,0.4142556266015808,0.009708969947456106,102.30806661718024,0.2764181766077771,0.09372624536187749,0.24953360631397997,0.07498361749094998,0.4142556266015808,0.1707237526088613,LOW-COMPLEXITY,Low
25,125.0,130.0,0.0,0.0,1.7600000000000051,83.18359375,88.8520492553711,4.099738562091503,0.013200000000000038,0.0,0.08800000000000026,1.0,0.0,0.0,0.44293164169501725,0.39357873788471215,0.006963577149814174,140.16473438299263,0.2521363474458803,0.1926752641373325,0.29898326968988326,0.13287949250850517,0.39357873788471215,0.19875737989747386,LOW-COMPLEXITY,Low
26,130.0,135.0,0.0,1.0,1.0,82.7873306274414,89.70202178955078,5.3886601307189546,0.0325,0.1,0.05,0.2,0.0,0.15,0.04571428571428573,0.3806756393985051,0.008550630526720492,147.20250185314785,0.2379479590209092,0.08101071428571428,0.2329837488558249,0.06621428571428571,0.3806756393985051,0.1497065246175099,LOW-COMPLEXITY,Low
27,135.0,140.0,0.0,0.0,1.7600000000000051,85.96395874023438,87.71886291503907,2.9571650326797383,0.013200000000000038,0.0,0.08800000000000026,0.11363636363636331,0.0,0.0,0.09367111043526971,0.4188679775260276,0.004951294534153531,155.66984344907823,0.27281206118452267,0.04074693303934233,0.24165650723367837,0.028101333130580913,0.4188679775260276,0.1303194803078323,LOW-COMPLEXITY,Low
28,140.0,145.0,0.0,1.0,22.520000000000138,79.9529800415039,91.0442626953125,4.187651143790849,0.175,0.1,1.0,0.186500888099466,0.0,0.15,0.16935851467407065,0.36156576419528824,0.008073171376393695,149.03109476961717,0.2266329509509861,0.13479595388322074,0.24772090394707552,0.1033075544022212,0.36156576419528824,0.172531128009258,SPARSE-EXTREME,Low
29,145.0,150.0,1.0,2.0,33.12000000000019,66.86773681640625,81.88208465576173,9.434407679738564,0.2650966183574878,0.2,1.0,0.15096618357487837,0.456249999934375,0.23666666666666666,0.5110513658875189,0.35027627252271104,0.014910111014994233,144.0930224869475,0.22260878935220557,0.3906083858174014,0.40933332552922713,0.39583624307662024,0.35027627252271104,0.30282636203044905,SPARSE-EXTREME,Moderate
30,150.0,155.0,2.0,3.0,5.0,64.05845642089844,70.73577270507813,17.186086601307185,0.28958333333333336,0.15,0.125,0.1,0.6374999999319444,0.20249999999999999,0.17217368421052634,0.3841278145212926,0.020912778578751758,140.7445967076125,0.2434850279280462,0.2578205526208602,0.39127971883979173,0.3456521052393384,0.3841278145212926,0.23910951455920598,LOW-COMPLEXITY,Moderate
31,155.0,160.0,1.0,2.6000000000000085,5.760000000000005,60.810523986816406,69.03551025390625,8.243357843137256,0.2719286324786324,0.26000000000000084,0.28800000000000026,0.15624999999999986,0.3846153845636082,0.2876153846153859,0.2296075696701952,0.36796400707139054,0.011303721645520952,129.27229743766398,0.23404652458395248,0.27765948510607297,0.3539889101247216,0.30416304011370643,0.36796400707139054,0.2552733606721569,SPARSE-EXTREME,Moderate
32,160.0,165.0,0.0,1.0,1.0,55.10739517211914,60.37338562011719,2.0888194444444452,0.1325,0.1,0.05,0.1,0.08749999991249999,0.42999999999999994,0.06857142857142857,0.3812717344205844,0.004285726483403819,117.17326028126517,0.2414954488018726,0.21883482141479016,0.28663677932658027,0.20169642854080352,0.3812717344205844,0.24353837784580756,LOW-COMPLEXITY,Low
33,165.0,170.0,0.0,0.0,1.0,56.08142852783203,67.7132064819336,3.4371282679738564,0.0075,0.0,0.05,0.1,0.0,0.0,0.0,0.3644343225160165,0.0059153171856978085,125.34833974878077,0.240780288619385,0.0,0.19165502173969412,0.0,0.3644343225160165,0.09636082128958132,LOW-COMPLEXITY,Low
34,170.0,175.0,0.0,1.0,1.0,60.73618698120117,63.28335952758789,2.717798202614379,0.0325,0.1,0.05,0.2,0.0,0.15,0.04571428571428573,0.4800630744193432,0.005044524702037679,130.1984720295792,0.34473656195227087,0.08101071428571428,0.26584261388275887,0.06621428571428571,0.4800630744193432,0.1897545700874081,LOW-COMPLEXITY,Low
35,175.0,180.0,1.0,1.0,1.0,66.24018096923828,69.49688110351562,5.617389705882353,0.6325,0.1,0.05,0.2,0.9124999997375001,0.2583333333333333,0.08000000000000002,0.40050511326212496,0.008432083653722928,137.99606543220656,0.2571743525323468,0.2837895832919896,0.441392657844393,0.4337916665747917,0.40050511326212496,0.259531661529513,LOW-COMPLEXITY,Moderate
36,180.0,185.0,1.0,1.0,2.0,63.26283264160156,79.86013946533203,6.058537581699347,0.39,0.1,0.1,0.1,0.9124999997375001,0.2583333333333333,0.13184357667366997,0.33303837683080717,0.008735732410611303,152.23124336122538,0.20875628131843837,0.30634153914503603,0.41890394445486445,0.44934473957689264,0.33303837683080717,0.2520947968451038,LOW-COMPLEXITY,Moderate
37,185.0,190.0,1.0,2.0,3.760000000000005,76.00342559814453,77.62411651611328,7.835861928104576,0.2611787234042552,0.2,0.18800000000000025,0.10638297872340412,0.456249999934375,0.23666666666666666,0.263554637017242,0.4226137730605107,0.01065699234268871,154.39696058627348,0.2820151644939503,0.282947308758831,0.39516100416091743,0.32158722441553717,0.4226137730605107,0.27236035265742153,BURST-DOMINATED,Moderate
38,190.0,195.0,0.0,1.0,1.7600000000000051,55.65498733520508,62.197119140625,2.536609477124183,0.13820000000000005,0.1,0.08800000000000026,0.11363636363636331,0.08749999991249999,0.42999999999999994,0.09987658801014411,0.37816709349940847,0.005058773548635141,116.9728645992483,0.23700287648141566,0.2324525657706314,0.29093641570216533,0.2110879763724182,0.37816709349940847,0.24826889856313517,LOW-COMPLEXITY,Low
39,195.0,200.0,0.0,1.0,1.0,60.22909927368164,62.50210266113282,1.6910825163398695,0.1325,0.1,0.05,0.1,0.08749999991249999,0.42999999999999994,0.06857142857142857,0.40891006245700184,0.003889647411252082,125.50249009615379,0.26560745395730617,0.21883482141479016,0.2998033852680758,0.20169642854080352,0.40891006245700184,0.25329311049394343,LOW-COMPLEXITY,Low
40,200.0,205.0,0.0,1.0,2.0,82.54386901855469,86.0315673828125,4.331196895424837,0.14,0.1,0.1,1.0,0.08749999991249999,0.42999999999999994,0.376,0.4155460231998075,0.00852302928360887,258.6527762550132,0.27761380933805246,0.3525662499862187,0.3713896775253764,0.29392499996937493,0.4155460231998075,0.32880678600295604,LOW-COMPLEXITY,Moderate
41,205.0,210.0,0.0,1.0,2.0,87.7997817993164,89.83574523925782,7.2578186274509795,0.14,0.1,0.1,0.1,0.08749999991249999,0.42999999999999994,0.096,0.3847463738427092,0.011707412213251313,366.85397855718065,0.2236172409460781,0.2307662499862187,0.314151873548565,0.20992499996937494,0.3847463738427092,0.24747518275435945,LOW-COMPLEXITY,Moderate
42,210.0,215.0,1.0,3.0,6.760000000000005,76.78015899658203,80.50900573730469,12.69677696078431,0.26633116370808674,0.3,0.33800000000000024,0.9319526627218927,0.3333333332944444,0.34500000000000003,0.5259244450506697,0.41078041919933034,0.01904128412149174,214.31423444029858,0.27598006217926085,0.4218646335909163,0.4343258119242592,0.39519400016825645,0.41078041919933034,0.352447627220889,SPARSE-EXTREME,Moderate
43,215.0,220.0,2.0,3.0,6.52000000000001,64.8425521850586,67.45529022216797,15.583737745098038,0.24865756646216747,0.15,0.16300000000000026,0.8282208588957042,0.6374999999319444,0.20249999999999999,0.6543609877435661,0.4687217507488215,0.02178575163398693,112.55420786777493,0.3335937450096291,0.4675720296577325,0.5166891616989269,0.4903082962992503,0.4687217507488215,0.37923678957376844,HEAVY-TAIL-RISK,High
44,220.0,225.0,1.0,3.0,6.760000000000005,68.87799072265625,69.98587646484376,14.924591503267973,0.2329978303747534,0.3,0.33800000000000024,0.1035502958579881,0.36249999995138893,0.303,0.21797470175135636,0.41584159809013554,0.020498247468922207,118.5373369515193,0.26190046499423913,0.27538524525418373,0.3733563930995568,0.298317410508393,0.41584159809013554,0.266110775822134,SPARSE-EXTREME,Moderate
45,225.0,230.0,2.0,4.0,6.760000000000005,66.38690948486328,68.7377685546875,19.07237745098039,0.2732789940828402,0.2,0.16900000000000012,0.1035502958579881,0.49999999995625,0.18999999999999997,0.19664863719566364,0.40051866516789497,0.02693688933743432,108.58691867876817,0.24555889330999875,0.24171715717322304,0.3754677120018774,0.30049459114338656,0.40051866516789497,0.23106077514303222,BURST-DOMINATED,Moderate
46,230.0,235.0,1.0,3.0,4.0,68.00621032714844,69.01325988769531,14.102013888888889,0.26333333333333336,0.3,0.2,0.1,0.36249999995138893,0.303,0.2345876393739057,0.3971821077537572,0.018337986671792896,112.9183643572457,0.23756838544223177,0.2826118731199927,0.3704458688920394,0.3033012917951578,0.3971821077537572,0.2600828658009762,SPARSE-EXTREME,Moderate
47,235.0,240.0,1.0,3.0,5.0,69.14351654052734,71.25890502929687,16.307949346405227,0.24583333333333332,0.3,0.25,0.13999999999999999,0.36249999995138893,0.303,0.30046230416440095,0.3961006798964809,0.021959435153146228,111.48589544467426,0.2399764069989766,0.31126735230385816,0.38211533919836366,0.3230636912323064,0.3961006798964809,0.27552274786945546,SPARSE-EXTREME,Moderate
48,240.0,245.0,1.0,2.6000000000000085,19.200000000000102,43.50311279296875,68.44402923583985,14.481335784313726,0.27350320512820586,0.26000000000000084,0.9600000000000051,0.18229166666666569,0.4182692307045105,0.2512153846153858,0.4665094466845233,0.46278767278814775,0.02035602572728437,70.49897088087675,0.4178571022650521,0.3711792823744977,0.41180880246264817,0.3742724493673207,0.46278767278814775,0.37014497695394094,SPARSE-EXTREME,Moderate
49,245.0,250.0,1.0,3.0,20.960000000000107,42.13577651977539,48.07735595703125,15.727026143790848,0.2821882951653943,0.3,1.0,0.21946564885496073,0.36249999995138893,0.303,0.4917748224580716,0.3991183937389875,0.021438152313212867,69.46295052177135,0.2694386499519352,0.3944882977616049,0.4112734016184101,0.3804574467204076,0.3991183937389875,0.328401640476375,SPARSE-EXTREME,Moderate
50,250.0,255.0,1.0,3.0,4.760000000000005,42.13142395019531,49.313907623291016,15.789644607843137,0.24907535014005594,0.3,0.23800000000000027,1.0,0.36249999995138893,0.303,0.4589562653786568,0.3751398138974213,0.0204907887991798,78.29326587261546,0.24527998905428655,0.38021222543205946,0.39675612489129425,0.37061187959658315,0.3751398138974213,0.3123131245715395,SPARSE-EXTREME,Moderate
51,255.0,260.0,1.0,2.0,3.760000000000005,98.82087707519531,105.18086853027344,14.108623366013074,0.3111787234042552,0.2,0.18800000000000025,1.0,0.4999999999125,0.18999999999999997,0.6074937060581957,0.38379689765178504,0.02205950708061002,402.1562889190539,0.23449617001710138,0.42043476212153386,0.4682153833254613,0.4237481117868337,0.38379689765178504,0.3237983006682453,HEAVY-TAIL-RISK,Moderate
52,260.0,265.0,0.0,0.0,1.7600000000000051,70.4581298828125,71.12911987304688,2.4709558823529405,0.013200000000000038,0.0,0.08800000000000026,1.0,0.0,0.0,0.28,0.4172142443474788,0.005200068883762655,198.540979441043,0.25894015597867814,0.1218,0.2816383296107005,0.084,0.4172142443474788,0.16573993226621458,LOW-COMPLEXITY,Low
53,265.0,270.0,0.0,1.0,1.0,71.0116958618164,78.71920318603516,4.169052287581699,0.0325,0.1,0.05,1.0,0.0,0.15,0.04571428571428573,0.4430152694057248,0.008298872709214405,198.4030838211901,0.3240425798047485,0.08101071428571428,0.257070218251966,0.06621428571428571,0.4430152694057248,0.18559919179627402,LOW-COMPLEXITY,Low
54,270.0,275.0,0.0,0.0,35.960000000000235,76.90355682373047,78.97962951660156,3.8085375816993468,0.15,0.0,1.0,0.13070077864293575,0.0,0.0,0.00859621801978296,0.4549862629614845,0.007991667147251058,190.70344692629763,0.31282135592518856,0.003739354838605587,0.23799157038102617,0.0025788654059348878,0.4549862629614845,0.12725059455854976,SPARSE-EXTREME,Low
55,275.0,280.0,0.0,1.0,27.840000000000174,76.03495025634766,105.13368225097656,7.086915849673202,0.275,0.1,1.0,0.1724137931034472,0.08749999991249999,0.42999999999999994,0.17371868231189855,0.3357520083235775,0.012385364603357684,270.7317121084516,0.22739551952764808,0.2645738767918946,0.28993522434489205,0.23324060466294452,0.3357520083235775,0.2647948885504267,SPARSE-EXTREME,Low
56,280.0,285.0,1.0,2.0,17.280000000000015,95.56782531738281,98.65201873779297,11.768084150326796,0.25853518518518526,0.2,0.8640000000000008,0.2372685185185183,0.456249999934375,0.23666666666666666,0.7074328293526645,0.4179133592822024,0.01859792115212098,275.91634509952917,0.2806936989119429,0.47603432242473975,0.4890342124962205,0.4547506821161639,0.4179133592822024,0.3723120750786643,HEAVY-TAIL-RISK,Moderate
57,285.0,290.0,1.0,7.0,31.480000000000118,72.95043182373047,76.38692016601563,21.09375816993464,0.39802595752405145,0.7,1.0,0.22554002541295975,0.16785714284642855,0.6588095238095237,0.3478677751975565,0.38171843215019613,0.036920778066128424,215.54236607446904,0.22566871818516065,0.4462248631616305,0.39792870554937554,0.39369366588885024,0.38171843215019613,0.3735623452293271,SPARSE-EXTREME,Moderate
58,290.0,295.0,4.0,10.0,15.0,52.5782585144043,60.810255432128905,32.34339460784314,0.2839583333333333,0.25,0.1875,0.82,0.41749999998425,0.25305555555555553,0.49759855814329906,0.3975670642804265,0.04762836889657824,116.2975690499485,0.2707635823588329,0.38533176167874333,0.4185587118394825,0.38397401188192165,0.3975670642804265,0.32038924686351244,BURST-DOMINATED,Moderate
59,295.0,300.0,0.0,1.0,1.7600000000000051,90.8419189453125,92.09783020019532,8.671384803921567,0.13820000000000005,0.1,0.08800000000000026,0.17045454545454497,0.08749999991249999,0.42999999999999994,0.1367186932248253,0.411627837505996,0.011932594995514549,374.22482728308734,0.2553084614832689,0.2484788815390177,0.33210579549350633,0.22214060793682255,0.411627837505996,0.26899210377158644,LOW-COMPLEXITY,Moderate
60,300.0,305.0,2.0,21.0,29.52000000000001,80.989013671875,86.09556427001954,30.960379901960785,0.4279086720867209,1.0,0.7380000000000002,0.11517615176151756,0.1160714285688492,0.8189285714285715,0.2530664074563077,0.4072100431196905,0.05337658753043702,293.8608929516448,0.263687784522655,0.4620785301002304,0.40089546767211387,0.4031699222359895,0.4072100431196905,0.4130468991422337,SPARSE-EXTREME,Moderate
61,305.0,310.0,0.0,1.0,1.7600000000000051,86.31796264648438,86.97231597900391,7.513733660130718,0.13820000000000005,0.1,0.08800000000000026,0.11363636363636331,0.08749999991249999,0.42999999999999994,0.09987658801014411,0.4057207326788844,0.010464639561707035,281.57826481049943,0.24792694320418066,0.2324525657706314,0.31802858963536584,0.2110879763724182,0.4057207326788844,0.2563247830062689,LOW-COMPLEXITY,Moderate
62,310.0,315.0,1.0,1.0,2.0,85.14179992675781,86.65988311767578,13.131319444444442,0.39,0.1,0.1,0.15,0.9124999997375001,0.2583333333333333,0.13736666663866667,0.39586987835080234,0.018893342945021138,272.07234977342256,0.2368420930189561,0.3087440832798096,0.4628966272493779,0.4510016665663917,0.39586987835080234,0.266655729788193,LOW-COMPLEXITY,Moderate
63,315.0,320.0,0.0,1.0,9.52000000000001,86.4609146118164,87.47098388671876,8.811993464052286,0.19640000000000007,0.1,0.47600000000000053,0.5777310924369742,0.08749999991249999,0.42999999999999994,0.852753263336957,0.49711448754136617,0.012913880558759448,269.4906307269374,0.35982747116174857,0.559953919537795,0.4957540353579419,0.4369509789704621,0.49711448754136617,0.4645620155713559,HEAVY-TAIL-RISK,Moderate
64,320.0,325.0,0.0,0.0,1.0,72.81571197509766,73.9960693359375,6.509599673202614,0.0075,0.0,0.05,0.1,0.0,0.0,0.0,0.3907774380709939,0.010013716679482252,256.6529441217898,0.22971780118915752,0.0,0.220911224233572,0.0,0.3907774380709939,0.0944834695585805,LOW-COMPLEXITY,Low
65,325.0,330.0,0.0,1.0,44.400000000000205,70.2616195678711,74.5845703125,9.013709150326799,0.175,0.1,1.0,0.12162162162162107,0.0,0.15,0.42083291077503704,0.4009104317453017,0.0139473668781238,206.8162553029724,0.26307933580234,0.2441873161871411,0.3197008186300538,0.1787498732325111,0.4009104317453017,0.24383228310161895,SPARSE-EXTREME,Moderate
66,330.0,335.0,0.0,0.0,1.0,71.90403747558594,72.69888305664062,6.76828431372549,0.0075,0.0,0.05,0.1,0.0,0.0,0.0,0.4136551632189235,0.009379730712546455,257.21601290466083,0.25719795776368387,0.0,0.2284821771758646,0.0,0.4136551632189235,0.10515395008866366,LOW-COMPLEXITY,Low
67,335.0,340.0,0.0,1.0,38.400000000000205,48.233394622802734,87.62895050048829,7.483721405228759,0.175,0.1,1.0,0.127604166666666,0.0,0.15,0.5675006929109108,0.39399508437449593,0.012793137415096759,177.08303668463748,0.3574703170365586,0.30798780141624615,0.3165522698440378,0.2227502078732732,0.39399508437449593,0.31365478580670514,SPARSE-EXTREME,Moderate
68,340.0,345.0,0.0,1.0,2.0,86.29363250732422,87.51283111572266,11.380020424836603,0.14,0.1,0.1,0.2,0.08749999991249999,0.42999999999999994,0.15469999994400002,0.42794503718147436,0.016559358099448928,280.09315905680876,0.27387739245118004,0.2563007499618587,0.3348204667026845,0.22753499995257495,0.42794503718147436,0.27784460026776103,LOW-COMPLEXITY,Moderate
69,345.0,350.0,2.0,3.0,6.52000000000001,86.35383605957031,91.20337524414063,20.48172794117647,0.2819908997955008,0.15,0.16300000000000026,0.16871165644171754,0.6666666665888888,0.1875,0.2624931954621649,0.40117992376894634,0.03326537293348712,281.4204671552452,0.25405110367660594,0.29559079001379174,0.4309900008504943,0.3777062919447606,0.40117992376894634,0.2638260505130641,LOW-COMPLEXITY,Moderate
70,350.0,355.0,0.0,1.0,1.0,92.101318359375,93.22497253417968,5.740996732026143,0.0325,0.1,0.05,1.0,0.0,0.15,0.04571428571428573,0.42442374109130565,0.009291282038959375,268.7259123486441,0.28211409616284144,0.08101071428571428,0.2591810486382269,0.06621428571428571,0.42442374109130565,0.17002162268911658,LOW-COMPLEXITY,Low
71,355.0,360.0,0.0,0.0,1.0,77.47630310058594,79.01771545410156,5.840514705882353,0.0075,0.0,0.05,1.0,0.0,0.0,0.45751420148543415,0.43952906582825607,0.01075108499935922,258.29083687523405,0.2872931997859711,0.19901867764616385,0.3266754742831514,0.13725426044563024,0.43952906582825607,0.21672787965783968,LOW-COMPLEXITY,Moderate
72,360.0,365.0,0.0,1.0,1.0,77.44493865966797,80.18572845458985,8.274677287581701,0.0325,0.1,0.05,1.0,0.0,0.15,0.04571428571428573,0.40598687719310306,0.01474702710495963,244.57459122080135,0.26018179053529933,0.08101071428571428,0.2509585238262996,0.06621428571428571,0.40598687719310306,0.16078680216572164,LOW-COMPLEXITY,Low
73,365.0,370.0,0.0,0.0,0.7600000000000051,64.55384826660156,65.53277130126953,3.537050653594771,0.005700000000000038,0.0,0.038000000000000256,1.0,0.0,0.0,0.28,0.48495578502073844,0.0074470963091118805,204.16823487850144,0.34383039225176626,0.1218,0.30254117281747533,0.084,0.48495578502073844,0.1985656603568149,LOW-COMPLEXITY,Moderate
74,370.0,375.0,0.0,1.0,43.20000000000023,64.84254455566406,77.49962615966797,7.073664215686273,0.175,0.1,1.0,0.15972222222222138,0.0,0.15,0.3689353536193086,0.4269112435481218,0.011976091887735487,220.6230990917602,0.31987999772346426,0.22161187882439923,0.3134314868686725,0.16318060608579257,0.4269112435481218,0.25575351142163333,SPARSE-EXTREME,Moderate
75,375.0,380.0,0.0,0.0,9.800000000000026,64.60680389404297,69.244775390625,2.164387254901961,0.07350000000000019,0.0,0.49000000000000127,0.47959183673469263,0.0,0.0,0.4961322178859704,0.4732557622381807,0.004567933487120339,330.31197361063926,0.35623913630026,0.2158175147803971,0.3492799862790715,0.1488396653657911,0.4732557622381807,0.25647345547115535,SPARSE-EXTREME,Moderate
76,380.0,385.0,0.0,0.0,1.0,69.67748260498047,70.08184509277343,0.9430392156862744,0.0075,0.0,0.05,0.1,0.0,0.0,0.0,0.4024279822308529,0.0024539119569396387,349.77954206325137,0.24169081819594582,0.0,0.23067949882801536,0.0,0.4024279822308529,0.10097623813006505,LOW-COMPLEXITY,Low
77,385.0,390.0,1.0,1.6000000000000085,4.760000000000005,70.48097229003906,71.24754180908204,9.306217320261437,0.2432420168067225,0.16000000000000086,0.23800000000000027,0.16806722689075612,0.5703124998974579,0.22283333333333344,0.2944139216344858,0.4149381017996023,0.014361461937716261,318.0432115072895,0.26247893339220907,0.3086988579781843,0.4321366831535616,0.3659252181211227,0.4149381017996023,0.2786232019284567,SPARSE-EXTREME,Moderate
78,390.0,395.0,0.0,1.0,10.760000000000005,78.89166259765625,81.07701721191407,4.060457516339869,0.10570000000000004,0.1,0.5380000000000003,0.4089219330855016,0.0,0.15,0.4165762548366706,0.487908777504704,0.0068893564975009616,343.82634713142494,0.35059605710120434,0.2423356708539517,0.3564298789447277,0.17747287645100118,0.487908777504704,0.27805773003058143,SPARSE-EXTREME,Moderate
79,395.0,400.0,0.0,1.0,1.0,72.42835235595703,77.51040496826172,4.716785130718954,0.0325,0.1,0.05,0.1,0.0,0.15,0.04571428571428573,0.38194293769593285,0.008372479334871202,306.94778789364307,0.232837466891322,0.08101071428571428,0.24483086306158452,0.06621428571428571,0.38194293769593285,0.15098094395037526,LOW-COMPLEXITY,Low
80,400.0,405.0,0.0,0.0,1.0,69.38194274902344,70.7022491455078,1.9699918300653594,0.0075,0.0,0.05,0.1,0.0,0.0,0.0,0.3957972177753314,0.0037761482763039853,286.7690518999762,0.23612714888220954,0.0,0.22363331287980512,0.0,0.3957972177753314,0.09738592950520371,LOW-COMPLEXITY,Low
81,405.0,410.0,1.0,3.0,4.0,48.33512878417969,68.32898559570313,13.506633986928104,0.2966666666666667,0.3,0.2,0.1,0.3333333332944444,0.34500000000000003,0.11051546391752579,0.3685112929369294,0.01656781093810073,249.01156298266835,0.2768275191278493,0.24116172679799874,0.32389077391215465,0.2705713058283133,0.3685112929369294,0.2624750267865753,SPARSE-EXTREME,Moderate
82,410.0,415.0,4.0,7.0,8.0,43.883174896240234,48.38469543457031,29.097361111111113,0.3373214285714286,0.175,0.1,0.1,0.5714285714,0.18517857142857141,0.14413586833144154,0.3819318814141088,0.03189520953479431,211.54540471437934,0.2400884249150022,0.22815937057681993,0.37526518311598267,0.3080532604894325,0.3819318814141088,0.22381907930142694,LOW-COMPLEXITY,Moderate
83,415.0,420.0,4.0,6.6000000000000085,7.0,47.13100814819336,50.44560775756836,23.38606617647059,0.4006953463203463,0.1650000000000002,0.0875,0.1,0.5795454545173317,0.20156818181818179,0.091965338401572,0.3938187808039232,0.027191971517365115,209.23868299549795,0.24836749190759544,0.21342236538207265,0.37385290924599984,0.30097937423790133,0.3938187808039232,0.22076441520369813,LOW-COMPLEXITY,Moderate
84,420.0,425.0,0.0,0.0,2.0,67.10340881347656,68.31450042724609,4.126008986928104,0.015,0.0,0.1,1.0,0.0,0.0,0.28,0.4156400886651276,0.007846724817377934,113.45254733715406,0.25972612114046617,0.1218,0.2756294908283446,0.084,0.4156400886651276,0.1644233601938718,LOW-COMPLEXITY,Low
85,425.0,430.0,0.0,0.0,0.0,66.49958801269531,67.13267822265625,3.5162091503267976,0.0,0.0,0.0,0.1,0.0,0.0,0.0,0.39993615495064416,0.0055074684416250175,112.44938651133133,0.23930763619527867,0.0,0.2154346911836474,0.0,0.39993615495064416,0.09507192127425487,LOW-COMPLEXITY,Low
86,430.0,435.0,0.0,0.0,0.0,66.3117446899414,66.71567230224609,2.0662295751633986,0.0,0.0,0.0,0.1,0.0,0.0,0.0,0.4040943018044151,0.003520041810841984,109.59234005816137,0.24209962068949498,0.0,0.21637372800971758,0.0,0.4040943018044151,0.09575703969704487,LOW-COMPLEXITY,Low
87,435.0,440.0,0.0,0.0,1.0,65.08966827392578,66.30288696289062,3.81593137254902,0.0075,0.0,0.05,0.1,0.0,0.0,1.0,0.3904255649373594,0.005839430667691913,107.33025695548433,0.23072201049733465,0.435,0.41212136950762746,0.3,0.3904255649373594,0.31199709334199704,HEAVY-TAIL-RISK,Moderate
88,440.0,445.0,0.0,0.0,2.5200000000000102,64.9232406616211,68.44080657958985,2.28672385620915,0.018900000000000073,0.0,0.1260000000000005,1.0,0.0,0.0,1.0,0.43295151344216737,0.005509972286300142,132.40432151837385,0.296691018805641,0.435,0.42574083148201936,0.3,0.43295151344216737,0.3391169220609854,HEAVY-TAIL-RISK,Moderate
89,445.0,450.0,0.0,0.0,49.08000000000004,73.916015625,75.7467025756836,3.45233660130719,0.15,0.0,1.0,0.10594947025264864,0.0,0.0,0.46914755375388656,0.40299802612739366,0.008843386037421505,190.88951126943448,0.2482004728220586,0.20407918588294066,0.31423673598744817,0.14074426612616597,0.40299802612739366,0.20370572053787073,SPARSE-EXTREME,Moderate
90,450.0,455.0,0.0,1.0,1.0,81.57525634765625,82.0462158203125,3.078508986928105,0.1325,0.1,0.05,0.2,0.08749999991249999,0.42999999999999994,0.06857142857142857,0.4295025941521723,0.005256325932333719,233.21965317843686,0.27581437069637654,0.21883482141479016,0.3158897631611372,0.20169642854080352,0.4295025941521723,0.25887866820225747,LOW-COMPLEXITY,Moderate
91,455.0,460.0,2.0,4.0,6.760000000000005,78.79816436767578,80.97140197753906,18.671805555555558,0.2732789940828402,0.2,0.16900000000000012,0.1035502958579881,0.49999999995625,0.18999999999999997,0.19664863719566364,0.400778230457641,0.023634214404716133,206.7952312903737,0.2478745011904079,0.24171715717322304,0.3823998459153811,0.30049459114338656,0.400778230457641,0.2345799346305266,BURST-DOMINATED,Moderate
92,460.0,465.0,2.0,5.0,8.760000000000005,74.44922637939453,84.979345703125,23.68938725490196,0.26950525114155244,0.25,0.21900000000000014,0.1027397260273972,0.4174999999685,0.25305555555555553,0.20429808688797801,0.3611987860520609,0.029922378251954377,180.15429702395758,0.22254551570030973,0.257746056680198,0.35323407374862204,0.2959838704998128,0.3611987860520609,0.23851358907124295,SPARSE-EXTREME,Moderate
93,465.0,470.0,3.0,6.0,8.0,81.4617691040039,86.02701568603516,24.050036764705876,0.3075,0.2,0.13333333333333333,0.1125,0.48541666663993055,0.20272727272727273,0.17503969281446707,0.38359464408272115,0.0311971057606049,207.2126723203426,0.22980441292492032,0.23520675500644586,0.36894543813703873,0.29336228662286123,0.38359464408272115,0.22507222089373166,BURST-DOMINATED,Moderate
94,470.0,475.0,1.0,8.0,34.68000000000009,58.69157028198242,66.04714660644531,19.49654003267974,0.4144175317185697,0.8,1.0,0.2854671280276809,0.14687499999179687,0.7224999999999999,0.45694694748545533,0.4200630656432357,0.03849439686658978,222.91684850092923,0.2896748749313476,0.516323484654881,0.4300880948686836,0.4413653342427655,0.4200630656432357,0.43951954638172236,SPARSE-EXTREME,Moderate
95,475.0,480.0,0.0,1.0,11.280000000000015,69.08868408203125,72.83513488769532,7.42546568627451,0.10960000000000011,0.1,0.5640000000000007,0.45212765957446743,0.0,0.15,0.36879633375479304,0.4049572090231304,0.015759186050237087,267.7215051546512,0.25841579261133485,0.221551405183335,0.315738014769716,0.16313890012643792,0.4049572090231304,0.23129634928250437,SPARSE-EXTREME,Moderate
96,480.0,485.0,0.0,0.0,1.7600000000000051,68.68721008300781,69.12521057128906,2.730187908496732,0.013200000000000038,0.0,0.08800000000000026,1.0,0.0,0.0,1.0,0.4512545637755969,0.005949245322311931,234.65338364233222,0.30101932608007703,0.435,0.43916419627271525,0.3,0.4512545637755969,0.34140349079158955,HEAVY-TAIL-RISK,Moderate
97,485.0,490.0,0.0,4.0,7.760000000000005,67.12579345703125,73.04646606445313,8.771719771241829,0.15820000000000004,0.4,0.38800000000000023,0.6185567010309274,0.0,0.15,0.470638471130748,0.4830337332566622,0.012607430956042548,240.54209634593272,0.37046535275600134,0.2658527349418754,0.3583560587113569,0.1936915413392244,0.4830337332566622,0.2979946342824223,SPARSE-EXTREME,Moderate
98,490.0,495.0,0.0,3.0,6.760000000000005,76.49494934082031,80.19452514648438,9.116793300653594,0.15903333333333336,0.3,0.33800000000000024,0.6656804733727806,0.02916666665694444,0.5,0.6192449103205567,0.389418558424916,0.01254726803793413,318.54997009097065,0.23545403236078244,0.4777152859879109,0.4129607546237614,0.37098180642609757,0.389418558424916,0.3827953772405622,HEAVY-TAIL-RISK,Moderate
99,495.0,500.0,0.0,1.0,1.0,78.7464370727539,79.61102752685547,3.9621650326797386,0.0325,0.1,0.05,0.1,0.0,0.15,0.04571428571428573,0.39714111496977145,0.007245275855440216,286.8336644651225,0.23619679691171702,0.08101071428571428,0.25243913329681744,0.06621428571428571,0.39714111496977145,0.15152395922444462,LOW-COMPLEXITY,Low
100,500.0,505.0,0.0,1.0,1.0,76.42118072509766,76.79928894042969,1.7827982026143787,0.0325,0.1,0.05,0.2,0.0,0.15,0.04571428571428573,0.4176494266272194,0.0036794378764577725,281.73753643668704,0.258735858031516,0.08101071428571428,0.25853070225175967,0.06621428571428571,0.4176494266272194,0.1597984610042119,LOW-COMPLEXITY,Low
101,505.0,510.0,0.0,0.0,1.0,76.5821533203125,76.94900207519531,1.1443382352941176,0.0075,0.0,0.05,0.1,0.0,0.0,1.0,0.3919929360318884,0.002949269351531463,284.1430440984086,0.2282286110628018,0.435,0.42402979536711527,0.3,0.3919929360318884,0.31452649990191905,HEAVY-TAIL-RISK,Moderate
102,510.0,515.0,0.0,1.0,1.0,75.16960144042969,76.18096923828125,3.6458333333333335,0.0325,0.1,0.05,0.2,0.0,0.15,0.04571428571428573,0.39040152246984916,0.007018103133410228,275.25766800329285,0.22830251660309786,0.08101071428571428,0.24944278191663666,0.06621428571428571,0.39040152246984916,0.14821299421205236,LOW-COMPLEXITY,Low
103,515.0,520.0,0.0,1.0,7.760000000000005,75.26322937011719,78.3546630859375,5.9477328431372545,0.18320000000000003,0.1,0.38800000000000023,0.56701030927835,0.08749999991249999,0.42999999999999994,0.7518665600467349,0.376982805030717,0.010829322215814433,250.91298628665646,0.21909095673581125,0.5160682036065484,0.4348237057615487,0.4066849679833954,0.376982805030717,0.3877680581337786,HEAVY-TAIL-RISK,Moderate
104,520.0,525.0,0.0,1.0,6.52000000000001,74.04724884033203,75.5092056274414,5.451507352941175,0.07390000000000008,0.1,0.3260000000000005,1.0,0.0,0.15,0.6448910782682902,0.4145458680506445,0.009636948289119571,229.9426142767532,0.265935939608749,0.3416526190467062,0.3742070875597576,0.24596732348048703,0.4145458680506445,0.2945376451778721,HEAVY-TAIL-RISK,Moderate
105,525.0,530.0,0.0,3.0,6.0,67.74532318115234,81.7256362915039,10.338174019607841,0.15333333333333332,0.3,0.3,0.8833333333333334,0.02916666665694444,0.5,0.6361848806664901,0.4140803363215801,0.017109438036652574,318.43890065840776,0.3047925545650713,0.4850841730883919,0.41678094779998004,0.37606379752987756,0.4140803363215801,0.4151772570321071,HEAVY-TAIL-RISK,Moderate
106,530.0,535.0,1.0,9.200000000000017,34.760000000000005,80.56668090820312,83.7693115234375,16.742883986928106,0.40525391504477953,0.9200000000000017,1.0,0.12082853855005753,0.0991847826055941,0.7693913043478268,0.45159893936487905,0.5007854121570857,0.03066330033320518,281.0089507532853,0.37034478816847055,0.5255940984058428,0.4593337798947611,0.439481312243161,0.5007854121570857,0.48083053099981876,SPARSE-EXTREME,Moderate
107,535.0,540.0,2.0,9.600000000000009,29.60000000000005,63.04475402832031,70.4739486694336,23.422843137254898,0.327283783783784,0.4800000000000004,0.7400000000000013,0.19256756756756724,0.22656249999050543,0.5043000000000004,0.3297700731608063,0.3892507605996256,0.04407433567217736,219.04394730695589,0.2501308195277059,0.38463582557345555,0.3838065185250602,0.35473289694491894,0.3892507605996256,0.3376255120718386,SPARSE-EXTREME,Moderate
108,540.0,545.0,0.0,0.0,34.320000000000164,50.787349700927734,65.74600830078126,2.9485784313725487,0.15,0.0,1.0,0.1544289044289037,0.0,0.0,0.4635902723816112,0.4353032150214705,0.006989135268486479,205.86443899192022,0.34821832727181284,0.20166176848600087,0.3113883283484577,0.13907708171448335,0.4353032150214705,0.24380781565974066,SPARSE-EXTREME,Moderate
109,545.0,550.0,0.0,1.0,40.440000000000225,60.39280319213867,64.35734558105469,5.978047385620916,0.175,0.1,1.0,0.14836795252225438,0.0,0.15,0.40709150582651743,0.38919569515145896,0.011538487440727926,233.68063138968049,0.24374862249416246,0.23820980503453507,0.31522911632354045,0.17462745174795521,0.38919569515145896,0.2334693040464332,SPARSE-EXTREME,Moderate
110,550.0,555.0,0.0,0.0,26.840000000000174,65.28303527832031,66.06402893066407,3.9625980392156865,0.15,0.0,1.0,0.14157973174366525,0.0,0.0,0.011642324887792503,0.3936089169715692,0.00812382849545047,241.65572241150196,0.23220959157233229,0.005064411326189739,0.22353133257321098,0.003492697466337751,0.3936089169715692,0.09768488167706657,SPARSE-EXTREME,Low
111,555.0,560.0,0.0,1.0,1.0,64.17401885986328,65.45282440185547,6.832924836601307,0.1325,0.1,0.05,0.1,0.08749999991249999,0.42999999999999994,0.06857142857142857,0.38618598150819244,0.010462064910931691,248.48241759751588,0.22521250044438296,0.21883482141479016,0.3023741109545832,0.20169642854080352,0.38618598150819244,0.23967640796496176,LOW-COMPLEXITY,Moderate
112,560.0,565.0,0.0,0.0,1.0,67.48111724853516,69.38213500976562,4.5917279411764715,0.0075,0.0,0.05,1.0,0.0,0.0,1.0,0.4090176657573201,0.008285976066897347,245.9590869839133,0.25466914249734673,0.435,0.4253541627689357,0.3,0.4090176657573201,0.3239541117784708,HEAVY-TAIL-RISK,Moderate
113,565.0,570.0,0.0,0.0,1.0,66.88375091552734,78.81578979492187,2.2715767973856216,0.0075,0.0,0.05,1.0,0.0,0.0,0.28,0.5223502807776368,0.005158334454696913,242.56295610171824,0.43561411270921563,0.1218,0.30712936405513924,0.084,0.5223502807776368,0.23671476357949736,LOW-COMPLEXITY,Moderate
114,570.0,575.0,0.0,0.0,6.760000000000005,78.14010620117188,78.83552856445313,4.739325980392158,0.05070000000000004,0.0,0.33800000000000024,0.8579881656804726,0.0,0.0,1.0,0.428541309111563,0.007623267493271817,219.95289671229486,0.28735449376490013,0.435,0.4304560999261804,0.3,0.428541309111563,0.3372015545787224,HEAVY-TAIL-RISK,Moderate
115,575.0,580.0,0.0,0.0,46.000000000000256,76.43357849121094,77.0941177368164,4.30672385620915,0.15,0.0,1.0,0.1478260869565209,0.0,0.0,0.2935379267753191,0.5120346794392493,0.008567387863642188,221.3946514631978,0.37826618413523044,0.1276889981472638,0.3157546956049751,0.08806137803259573,0.5120346794392493,0.21566925468584203,SPARSE-EXTREME,Moderate
116,580.0,585.0,0.0,0.0,10.800000000000026,52.70806121826172,54.995695495605474,3.6253594771241833,0.08100000000000018,0.0,0.5400000000000013,0.7222222222222205,0.0,0.0,0.17422222220609004,0.5050402505121486,0.006912246251441753,188.29390902949424,0.37802195489675794,0.07578666665964917,0.2848434858999858,0.05226666666182701,0.5050402505121486,0.18857946821625035,SPARSE-EXTREME,Low
117,585.0,590.0,0.0,0.0,0.0,62.94878005981445,64.00471496582031,0.8898202614379086,0.0,0.0,0.0,0.0,0.0,0.0,0.0,0.4385469990828051,0.00215706250800974,235.9299226162013,0.2937612046674775,0.0,0.23537466943533583,0.0,0.4385469990828051,0.11962498686540501,LOW-COMPLEXITY,Low
118,590.0,595.0,0.0,0.0,0.0,62.803104400634766,63.14574127197265,2.340702614379085,0.0,0.0,0.0,0.1,0.0,0.0,0.0,0.43126385211261387,0.0042114742727156216,237.12196108207417,0.27755152120988646,0.0,0.2330218429572568,0.0,0.43126385211261387,0.11251744261182965,LOW-COMPLEXITY,Low
119,595.0,600.0,0.0,0.0,1.0,65.40995788574219,65.73971099853516,2.4553962418300648,0.0075,0.0,0.05,1.0,0.0,0.0,0.28,0.4103093633601685,0.0050731039343842104,277.23296316774514,0.25004386952270274,0.1218,0.28477947220104727,0.084,0.4103093633601685,0.1641174091916758,LOW-COMPLEXITY,Low
120,600.0,605.0,0.0,1.0,1.0,64.06747436523438,65.35465545654297,4.9851511437908504,0.0325,0.1,0.05,0.2,0.0,0.15,0.04571428571428573,0.392966616132544,0.0074560992566961425,270.19032014678584,0.23220081194552308,0.08101071428571428,0.24931720734299417,0.06621428571428571,0.392966616132544,0.14947691736681634,LOW-COMPLEXITY,Low
121,605.0,610.0,0.0,8.0,18.0,66.33102416992188,68.52353515625,18.575714869281047,0.385,0.8,0.9,0.65,0.04374999999453125,0.5,0.5890060941066554,0.4243316310489415,0.029719899077277973,238.36984638730178,0.2766103133856049,0.46685827593553375,0.41798429745558063,0.3670143282300825,0.4243316310489415,0.3918676671560186,SPARSE-EXTREME,Moderate
122,610.0,615.0,1.0,15.600000000000009,22.0,63.111263275146484,63.95166091918945,19.495106209150325,0.44195804195804195,1.0,1.0,0.11363636363636365,0.06971153845974068,0.9147692307692309,0.34315761253337557,0.4457316191869906,0.029791292131231578,131.8669235482219,0.30093466234689353,0.5330215902978892,0.42659272904214435,0.4475155529901527,0.4457316191869906,0.46850783111376376,SPARSE-EXTREME,Moderate
123,615.0,620.0,0.0,1.0,5.760000000000005,63.75239181518555,71.35523376464843,3.825024509803921,0.06820000000000004,0.1,0.28800000000000026,0.9548611111111102,0.0,0.15,0.3915738498789347,0.5135642410400073,0.007504823465333847,141.26387055971495,0.41405693952878564,0.23145962469733655,0.34331644617375684,0.1699721549636804,0.5135642410400073,0.295034243147046,SPARSE-EXTREME,Moderate
124,620.0,625.0,0.0,6.0,34.28000000000014,63.04170608520508,71.48848571777344,9.334080882352943,0.31666666666666665,0.6,1.0,0.15460910151691884,0.014583333330902776,0.5,0.6015051722803414,0.457460631036868,0.016839061739074714,159.3191413026434,0.3416525235684199,0.46770162494156575,0.4129760232617262,0.3605557183499184,0.457460631036868,0.4162284880086483,HEAVY-TAIL-RISK,Moderate
125,625.0,630.0,10.0,18.0,23.760000000000005,60.69050216674805,63.21771926879883,44.70951388888889,0.328813265993266,0.18,0.11880000000000002,0.3703703703703703,0.545833333323071,0.19229824561403505,0.4811909711872154,0.4047662217606399,0.06970225185825965,152.59715784708348,0.2549969793275366,0.37364835755254167,0.4476518285458438,0.4027033439841517,0.4047662217606399,0.3032382812962447,LOW-COMPLEXITY,Moderate
126,630.0,635.0,4.0,11.0,49.68000000000022,58.125770568847656,62.5762451171875,28.196368464052284,0.265794012589665,0.275,0.6210000000000028,0.2294685990338154,0.3556818181709711,0.3224924242424242,0.31412929553290425,0.38758854025234163,0.04306643582596437,198.65832887775034,0.23968938887723162,0.32408179279752913,0.3859139194556225,0.3315997735045596,0.38758854025234163,0.2857599315755399,SPARSE-EXTREME,Moderate
127,635.0,640.0,0.0,3.0,13.0,61.1700553894043,66.52483215332032,10.73390114379085,0.2058333333333333,0.3,0.65,0.5769230769230769,0.02916666665694444,0.5,0.6504942922889327,0.3741935414290442,0.019152598679994873,237.7879411909939,0.2255418656908173,0.4913087671441545,0.4068584884404748,0.3803566210166104,0.3741935414290442,0.3841971622856537,HEAVY-TAIL-RISK,Moderate
128,640.0,645.0,2.0,9.600000000000009,53.360000000000184,59.41300964355469,65.97234954833985,27.073639705882353,0.3512406296851574,0.4800000000000004,1.0,0.19115442278860503,0.22656249999050543,0.5043000000000004,0.36416606764344495,0.3638416248571964,0.04384621363578112,212.55945771679546,0.21807950461778064,0.39959808317340334,0.3841420946615017,0.36505169528971054,0.3638416248571964,0.3332289893726336,SPARSE-EXTREME,Moderate
129,645.0,650.0,2.0,7.0,13.760000000000005,60.326255798339844,63.78905334472656,24.477724673202616,0.26891727574750834,0.35,0.34400000000000014,0.37790697674418594,0.2857142857,0.41178571428571425,0.4519365610945387,0.3905976803093703,0.035689454376521844,251.0553405378701,0.24264659086457208,0.4093950826453029,0.41595495346864375,0.37970596832336156,0.3905976803093703,0.3399950218045781,SPARSE-EXTREME,Moderate
130,650.0,655.0,4.0,11.600000000000009,22.60000000000005,62.29107666015625,68.97557830810547,33.48373366013072,0.24647402349710096,0.2900000000000002,0.28250000000000064,0.5132743362831846,0.3523706896441176,0.31911054766734304,0.4822123740412538,0.3759853301053314,0.047935796328335264,193.59591772836652,0.23388809805288893,0.3952983145013362,0.41328395071181684,0.37968214527138733,0.3759853301053314,0.31970659227227133,SPARSE-EXTREME,Moderate
131,655.0,660.0,7.0,19.0,71.52000000000027,57.057899475097656,67.08070373535158,40.352516339869275,0.2407914955173169,0.27142857142857146,0.5108571428571447,0.16498881431767276,0.3730263157824446,0.29792196007259525,0.330022953105213,0.36919671812736415,0.06348213475586312,200.27181186178413,0.23931741708977478,0.3237148280660853,0.3788766926700425,0.3338387824808279,0.36919671812736415,0.28395030443149205,SPARSE-EXTREME,Moderate
132,660.0,665.0,2.0,8.600000000000009,61.88000000000032,58.72676086425781,67.45185699462891,23.26977532679738,0.3317998451616782,0.43000000000000044,1.0,0.15675500969618533,0.242732558128887,0.4782881136950909,0.3795691448054209,0.3723468382343158,0.032805687075483786,236.6115919974489,0.23728230557442828,0.3982453622264074,0.38898722386494045,0.36622797858001854,0.3723468382343158,0.3382073717259502,SPARSE-EXTREME,Moderate
133,665.0,670.0,4.0,8.0,10.52000000000001,63.03915786743164,65.90523223876953,27.12065359477124,0.2973390684410645,0.2,0.13150000000000012,0.10456273764258546,0.4890624999794922,0.19933333333333333,0.18263389992277668,0.4050628851393845,0.037612337722670766,228.9297899761291,0.2542831448740275,0.23770142354651122,0.3800793573196021,0.2957287116363219,0.4050628851393845,0.23613204453577818,BURST-DOMINATED,Moderate
134,670.0,675.0,4.0,8.600000000000009,14.0,59.87113952636719,65.2583511352539,31.140236928104574,0.2809966777408638,0.21500000000000022,0.175,0.6,0.45494186044736973,0.22624844961240345,0.5284863413819816,0.3748388902235723,0.041530299404075356,231.1789065912593,0.2284648131022286,0.39374114473867705,0.43355965625759085,0.39696251093551504,0.3748388902235723,0.3081036272957761,BURST-DOMINATED,Moderate
135,675.0,680.0,1.0,7.0,14.04000000000002,63.86543273925781,67.60637512207032,23.94796977124182,0.37305539275539285,0.7,0.7020000000000011,0.569800569800569,0.16785714284642855,0.6588095238095237,0.5207570446827006,0.3853693586989882,0.03383174660387031,253.73760925898557,0.23576219094443104,0.5214316953876681,0.4350398988785542,0.44556044673439343,0.3853693586989882,0.4166186580597484,SPARSE-EXTREME,Moderate
136,680.0,685.0,2.0,8.0,14.760000000000005,64.881591796875,67.93170623779297,27.09993464052288,0.2856006775067751,0.4,0.3690000000000001,0.779132791327913,0.26093749998769533,0.44388888888888883,0.5321600737694716,0.42171265704915817,0.040607619024734073,215.87352464788535,0.27503069878643904,0.4534720105600043,0.4394544691182307,0.4063372582376459,0.42171265704915817,0.3766924826099537,SPARSE-EXTREME,Moderate
137,685.0,690.0,3.0,10.0,119.64000000000007,59.65776062011719,66.74522552490234,29.740069444444444,0.2958709461718489,0.33333333333333337,1.0,0.10698762955533261,0.308749999988625,0.3720512820512821,0.4311804729847576,0.3603402381347084,0.046578353678072525,194.471515108644,0.2154054690793038,0.3878025281824754,0.39507164424895946,0.36763459060939474,0.3603402381347084,0.3135826419536447,SPARSE-EXTREME,Moderate
138,690.0,695.0,3.0,9.0,49.320000000000036,59.26401138305664,66.53372344970703,27.824264705882353,0.27315806974858076,0.3,0.8220000000000006,0.1622060016220599,0.33333333332037035,0.34500000000000003,0.549762650691048,0.36322167716002185,0.04637097446494939,234.8366387430768,0.21928778194741155,0.4322342530485642,0.4232671809510484,0.40234546186944403,0.36322167716002185,0.33569638262022444,SPARSE-EXTREME,Moderate
139,695.0,700.0,6.0,35.000000000000085,117.64000000000007,56.473793029785156,78.99669799804687,39.98616830065359,0.3526705777108535,0.5833333333333347,0.980333333333334,0.14280856851411078,0.17142857142685675,0.6327380952380959,0.42070557514541107,0.3260762762047831,0.09449085511982569,184.26132857475523,0.22143262555473853,0.4678476989975078,0.37398357872182375,0.4076700058763567,0.3260762762047831,0.38138185636014743,SPARSE-EXTREME,Moderate
140,700.0,705.0,0.0,3.0,32.800000000000026,63.826873779296875,84.55736236572265,13.088210784313727,0.2583333333333333,0.3,1.0,0.442073170731707,0.02916666665694444,0.5,0.7516442146504424,0.3553090183133311,0.027602450499807762,277.3145156012862,0.24608681507617086,0.5353089833714112,0.4124774712941423,0.4107015977250632,0.3553090183133311,0.4163299001102688,HEAVY-TAIL-RISK,Moderate
141,705.0,710.0,0.0,1.0,24.0,88.41016387939453,90.58624572753907,7.946584967320263,0.275,0.1,1.0,0.20833333333333334,0.08749999991249999,0.42999999999999994,0.48666141449473654,0.4197122004949131,0.014086756375752916,341.2495015301087,0.2792308986992997,0.40070396529142904,0.4010296143201838,0.3271234243177959,0.4197122004949131,0.35554697641219635,SPARSE-EXTREME,Moderate
142,710.0,715.0,0.0,1.0,1.0,81.83836364746094,82.73692932128907,5.449142156862746,0.0325,0.1,0.05,0.1,0.0,0.15,0.04571428571428573,0.389002594607732,0.008572548218633857,353.77118720442246,0.22610015973010325,0.08101071428571428,0.254056367881393,0.06621428571428571,0.389002594607732,0.14907630282874904,LOW-COMPLEXITY,Low
143,715.0,720.0,0.0,1.0,2.0,80.68143463134766,89.61172027587891,8.415012254901962,0.14,0.1,0.1,1.0,0.08749999991249999,0.42999999999999994,0.3787,0.4538563004797653,0.013286948609509162,345.29653242150346,0.33815858766390827,0.3537407499862187,0.38711246642942554,0.2947349999693749,0.4538563004797653,0.3554095819623117,LOW-COMPLEXITY,Moderate
144,720.0,725.0,1.0,2.0,2.0,78.15519714355469,89.7816146850586,12.237140522875817,0.365,0.2,0.1,1.0,0.456249999934375,0.23666666666666666,0.10116153846153847,0.36904159769930406,0.020847796840958607,280.789305549761,0.23301801040330797,0.21230631088709997,0.34664267843537466,0.2728692948488261,0.36904159769930406,0.21991444066510654,BURST-DOMINATED,Moderate
145,725.0,730.0,1.0,1.6000000000000085,3.0,78.40584564208984,81.6433837890625,12.19266339869281,0.2916666666666665,0.16000000000000086,0.15,1.0,0.5703124998974579,0.22283333333333344,0.6485238065387972,0.399919866487025,0.02124532327310009,247.87049248430344,0.2506196571218453,0.46273665791155977,0.49177768948433265,0.4721581835924161,0.399919866487025,0.3504389575728358,HEAVY-TAIL-RISK,Moderate
146,730.0,735.0,1.0,6.0,16.800000000000026,54.13939666748047,81.16549224853516,16.532446895424837,0.3557619047619049,0.6,0.8400000000000013,0.39880952380952317,0.18124999998784724,0.6259999999999999,0.4627308157073753,0.35443201711049616,0.023688972830962444,221.5946507427025,0.2683028532459047,0.4849297798307941,0.39031915986971893,0.42135674470795903,0.35443201711049616,0.4080647506558362,SPARSE-EXTREME,Moderate
147,735.0,740.0,2.0,6.6000000000000085,14.04000000000002,54.022857666015625,62.797708129882814,21.76215277777778,0.25182961667961673,0.3300000000000004,0.35100000000000053,0.32763532763532716,0.3162878787697999,0.3599242424242429,0.2798834878130665,0.4236919193745571,0.031087111527617582,160.33467386969616,0.30975104933503017,0.3182337868928064,0.3808252558893865,0.32063928876183495,0.4236919193745571,0.31420496816318183,SPARSE-EXTREME,Moderate
148,740.0,745.0,3.0,13.0,64.04000000000028,63.608402252197266,69.11218566894532,29.69246323529412,0.34329465558384975,0.4333333333333333,1.0,0.13272954403497755,0.2576923076840237,0.4399358974358974,0.32767541659128996,0.38345158813363295,0.04953545335127514,178.13292261507013,0.24401722751237628,0.362399222882573,0.38031365683044704,0.3424724967693593,0.38345158813363295,0.31839078346110417,SPARSE-EXTREME,Moderate
149,745.0,750.0,5.0,10.600000000000009,23.840000000000046,56.593994140625,61.88996810913086,31.97731209150327,0.24079558313283514,0.2120000000000002,0.23840000000000047,0.23909395973154318,0.46344339621161856,0.2189010923535256,0.3431695263633088,0.3996731482240894,0.04950866685890044,145.64896003458517,0.25776377371924974,0.3114732740054309,0.39954563783960856,0.3417714289067931,0.3996731482240894,0.2750052750903432,SPARSE-EXTREME,Moderate
150,750.0,755.0,5.0,17.0,35.800000000000026,62.4517707824707,67.20364990234376,35.83096813725491,0.2438265198816957,0.33999999999999997,0.35800000000000026,0.18994413407821215,0.29411764705276816,0.39876470588235285,0.34314468270026155,0.4101120191045601,0.06421527489427144,211.9923343375547,0.2651733180174084,0.35808808403248354,0.3976030241446028,0.3454522283373708,0.4101120191045601,0.3203825915588026,SPARSE-EXTREME,Moderate
151,755.0,760.0,0.0,0.0,4.0400000000000205,54.430233001708984,55.298719787597655,1.7448692810457518,0.03030000000000015,0.0,0.202000000000001,1.0,0.0,0.0,1.0,0.569679852510374,0.004372323305139049,164.64007025600486,0.45306362969490743,0.435,0.47158497218376827,0.3,0.569679852510374,0.39916659198417914,HEAVY-TAIL-RISK,Moderate
152,760.0,765.0,2.0,4.6000000000000085,16.52000000000001,63.92893981933594,68.94821319580079,19.68057598039216,0.22346094852089696,0.23000000000000043,0.41300000000000026,0.1150121065375302,0.3967391304099709,0.2947318840579718,0.3084952522014666,0.3807094722033321,0.03725545158913238,230.58934884150563,0.23625049185837804,0.3167850905008319,0.38861953850234293,0.3345634307242199,0.3807094722033321,0.2789219751988889,SPARSE-EXTREME,Moderate
153,765.0,770.0,4.0,16.60000000000001,27.0,64.86190795898438,67.28005981445312,30.11678921568627,0.28869003792949577,0.4150000000000002,0.3375,0.21481481481481485,0.2515060240906698,0.4611830655957164,0.27624015048056405,0.41610255559818493,0.05456989555299243,206.8470289279756,0.2693623266475503,0.34770876348358026,0.38805557804838775,0.33231322653440437,0.41610255559818493,0.3232067657121783,SPARSE-EXTREME,Moderate
154,770.0,775.0,0.0,5.0,25.960000000000107,65.56124877929688,65.97427215576172,8.125473856209151,0.275,0.5,1.0,0.19645608628659395,0.0,0.15,0.26844598948106213,0.5037299826937335,0.013630408977316417,252.96158832913363,0.36546172063246957,0.177899005424262,0.3284364861719162,0.13303379684431862,0.5037299826937335,0.24951803322513139,SPARSE-EXTREME,Moderate
155,775.0,780.0,0.0,2.0,4.52000000000001,66.31993103027344,72.04652862548828,9.565428921568628,0.13390000000000007,0.2,0.2260000000000005,0.7743362831858389,0.043749999978124995,0.5,0.6399172987609547,0.36520560583622147,0.017576440792003076,270.3265181142244,0.21512692146092566,0.48900464995757,0.406820234276664,0.38228768962063014,0.36520560583622147,0.3796367360823831,HEAVY-TAIL-RISK,Moderate
156,780.0,785.0,2.0,16.200000000000017,59.16000000000008,55.56828308105469,68.40050201416015,26.186813725490197,0.4126131895925677,0.8100000000000008,1.0,0.12339418526031085,0.13966049382349283,0.7264629629629633,0.33798946250761086,0.3506079046350991,0.04531426630783033,178.3559542344556,0.22649325785121902,0.46505560137541835,0.3755476465405888,0.4045400486275429,0.3506079046350991,0.38935048917292325,SPARSE-EXTREME,Moderate
157,785.0,790.0,1.0,7.0,17.760000000000005,68.63404083251953,70.92750549316406,18.232377450980387,0.35063886743886746,0.7,0.8880000000000002,0.5180180180180178,0.1303571428517857,0.6821428571428572,0.6509751048723962,0.4122530848293944,0.03271187315775983,274.4584662930727,0.26136373236866006,0.5816786349043629,0.4682625045790622,0.47966753145984387,0.4122530848293944,0.4596924515962269,HEAVY-TAIL-RISK,Moderate
158,790.0,795.0,0.0,1.0,1.0,69.25621032714844,69.87504425048829,4.2147426470588245,0.0325,0.1,0.05,0.2,0.0,0.15,0.04571428571428573,0.4013684416268575,0.007517772331154685,293.7004258292277,0.240325609290828,0.08101071428571428,0.25425178518951846,0.06621428571428571,0.4013684416268575,0.15316596191217394,LOW-COMPLEXITY,Low
159,795.0,800.0,0.0,8.0,23.52000000000001,69.3801040649414,73.94229125976562,19.206989379084966,0.39999999999999997,0.8,1.0,0.24234693877551008,0.04374999999453125,0.5,0.41967759616667194,0.43846066866451355,0.03477353806228374,253.9870543052687,0.29868224011236694,0.3932003793316409,0.38662856858235944,0.3162157788480875,0.43846066866451355,0.36299759131888165,SPARSE-EXTREME,Moderate
160,800.0,805.0,0.0,1.6000000000000085,24.360000000000056,71.06549072265625,71.37086486816406,5.229857026143791,0.19000000000000022,0.16000000000000086,1.0,0.32019704433497465,0.0,0.15,0.509186302372407,0.5123351859061087,0.011319724945533769,292.5778707667498,0.3766564227374848,0.2826210415319971,0.3820661907450016,0.2052558907117221,0.5123351859061087,0.30784552700882684,SPARSE-EXTREME,Moderate
161,805.0,810.0,0.0,0.0,17.160000000000082,70.95272064208984,71.58605041503907,1.8712949346405228,0.12870000000000062,0.0,0.8580000000000041,0.12820512820512758,0.0,0.0,0.3886409463234367,0.42476585599034655,0.004593357843137255,282.132669716932,0.27744526210345466,0.16905881165069497,0.31143481552661983,0.11659228389703101,0.42476585599034655,0.19982949443697312,SPARSE-EXTREME,Moderate
162,810.0,815.0,0.0,1.0,5.0400000000000205,65.19161987304688,70.43015594482422,2.029375,0.06280000000000015,0.1,0.252000000000001,0.3968253968253952,0.0,0.15,0.21063277041318296,0.3670465236769457,0.004684199506600027,266.1100418961215,0.21538269734030804,0.1527502551297346,0.2696419225243561,0.1156898311239549,0.3670465236769457,0.17939930619641967,SPARSE-EXTREME,Low
163,815.0,820.0,0.0,1.0,2.0,78.02354431152344,78.90324096679687,5.031486928104574,0.04,0.1,0.1,1.0,0.0,0.15,0.35111111111111115,0.48622591745267435,0.008725640618992695,266.9069282667624,0.34434065384461554,0.21385833333333337,0.3395914299540487,0.15783333333333335,0.48622591745267435,0.25963751470972285,LOW-COMPLEXITY,Moderate
164,820.0,825.0,0.0,1.0,1.0,75.5193862915039,79.3338851928711,2.553986928104576,0.0325,0.1,0.05,0.1,0.0,0.15,0.04571428571428573,0.4237238830198941,0.0045393257400999625,269.4083792539958,0.2825568426336131,0.08101071428571428,0.25733333047151263,0.06621428571428571,0.4237238830198941,0.16977125908400528,LOW-COMPLEXITY,Low
165,825.0,830.0,0.0,1.0,1.0,77.27790069580078,79.13189392089843,3.2555228758169927,0.0325,0.1,0.05,0.1,0.0,0.15,0.04571428571428573,0.3808354592164181,0.0053014206074586704,272.0764826419123,0.219013192733394,0.08101071428571428,0.24535343206510546,0.06621428571428571,0.3808354592164181,0.14452857564252225,LOW-COMPLEXITY,Low
166,830.0,835.0,0.0,1.0,1.0,78.91265106201172,79.9936309814453,3.4625081699346407,0.0325,0.1,0.05,0.1,0.0,0.15,0.04571428571428573,0.4539352096835107,0.0056527795399205424,270.19148457814345,0.3032619388803796,0.08101071428571428,0.26777247416048067,0.06621428571428571,0.4539352096835107,0.17622467583262322,LOW-COMPLEXITY,Low
167,835.0,840.0,0.0,1.0,1.0,78.96541595458984,80.04176330566406,3.5330596405228762,0.0325,0.1,0.05,0.1,0.0,0.15,0.04571428571428573,0.4857954377054317,0.005395925605536332,269.3504921073018,0.34481701893570904,0.08101071428571428,0.27810140753008733,0.06621428571428571,0.4857954377054317,0.19265228553416996,LOW-COMPLEXITY,Low
168,840.0,845.0,0.0,1.0,1.0,78.96321105957031,79.39364776611328,2.8145547385620917,0.0325,0.1,0.05,0.1,0.0,0.15,0.04571428571428573,0.4306034891323416,0.004761171184159939,279.33265233699234,0.27613600478461403,0.08101071428571428,0.262713296602642,0.06621428571428571,0.4306034891323416,0.16672392677728917,LOW-COMPLEXITY,Low
169,845.0,850.0,0.0,1.0,1.7600000000000051,74.2681655883789,75.15732116699219,7.022087418300655,0.13820000000000005,0.1,0.08800000000000026,0.11363636363636331,0.08749999991249999,0.42999999999999994,0.09987658801014411,0.4231809161939138,0.009965061835191595,257.00929167205095,0.27065565327858165,0.2324525657706314,0.3214640789374981,0.2110879763724182,0.4231809161939138,0.2645265134204583,LOW-COMPLEXITY,Moderate
170,850.0,855.0,0.0,0.0,1.0,74.10771942138672,75.07425689697266,2.066907679738562,0.0075,0.0,0.05,0.1,0.0,0.0,1.0,0.4396628631356414,0.003910195277457389,259.9196007333109,0.29419073412557817,0.435,0.4379473958502088,0.3,0.4396628631356414,0.34046123982645177,HEAVY-TAIL-RISK,Moderate
171,855.0,860.0,0.0,0.0,4.800000000000026,53.971675872802734,54.704308319091794,6.002900326797386,0.03600000000000019,0.0,0.24000000000000127,1.0,0.0,0.0,0.4851001853578129,0.4297424976541556,0.009442233435858004,251.15755524602147,0.2767679129373061,0.2110185806306486,0.33001216657741744,0.14553005560734386,0.4297424976541556,0.21921761816088217,SPARSE-EXTREME,Moderate
172,860.0,865.0,0.0,1.0,3.5200000000000102,68.79168701171875,71.35868377685547,6.8467810457516345,0.1514000000000001,0.1,0.17600000000000052,1.0,0.08749999991249999,0.42999999999999994,0.39604395604395615,0.4763346799116416,0.011620860406254005,240.18527821094182,0.3388456744749531,0.36128537086533963,0.3935115737823729,0.2999381867825618,0.4763346799116416,0.3549748114899901,LOW-COMPLEXITY,Moderate
173,865.0,870.0,0.0,1.0,1.0,69.79358673095703,71.597998046875,4.891744281045752,0.1325,0.1,0.05,0.1,0.08749999991249999,0.42999999999999994,0.06857142857142857,0.3870720462886837,0.007237153338459567,242.3086756471893,0.22801767971970557,0.21883482141479016,0.3017353918542919,0.20169642854080352,0.3870720462886837,0.24063392972239828,LOW-COMPLEXITY,Moderate
174,870.0,875.0,0.0,1.0,49.12000000000032,53.74643325805664,68.20716857910156,5.926066176470589,0.175,0.1,1.0,0.15879478827361462,0.0,0.15,0.1690557205072412,0.4330279097910523,0.012803490804818659,237.87249646307166,0.3414683219964781,0.1346642384206499,0.27312387687293577,0.10321671615217234,0.4330279097910523,0.22092889853208966,SPARSE-EXTREME,Low
175,875.0,880.0,0.0,1.0,1.0,68.28882598876953,69.00249786376953,1.7628799019607846,0.0325,0.1,0.05,0.1,0.0,0.15,0.04571428571428573,0.41785290516968426,0.0038766993464052287,179.7623441589039,0.26145207812243404,0.08101071428571428,0.2523077878801869,0.06621428571428571,0.41785290516968426,0.15892768138400423,LOW-COMPLEXITY,Low
176,880.0,885.0,0.0,0.0,2.0,68.48789978027344,69.18238983154296,1.1146936274509807,0.015,0.0,0.1,0.2,0.0,0.0,0.027999999986000005,0.414886256049813,0.0030404874727668844,179.5649516716544,0.25682630990292965,0.012179999993910003,0.229224127942112,0.008399999995800001,0.414886256049813,0.10912003571665076,LOW-COMPLEXITY,Low
177,885.0,890.0,0.0,0.0,2.760000000000005,68.93424224853516,75.01668395996094,3.0732516339869274,0.020700000000000038,0.0,0.13800000000000026,1.0,0.0,0.0,0.28,0.4669041564087213,0.006357263232090221,207.8527089261269,0.35077812567989425,0.1218,0.2953147149204579,0.084,0.4669041564087213,0.20402317395992706,LOW-COMPLEXITY,Low
178,890.0,895.0,0.0,1.0,8.320000000000036,52.840145111083984,54.58222198486328,4.660024509803923,0.08740000000000027,0.1,0.4160000000000018,0.5288461538461516,0.0,0.15,0.25951229758849764,0.502680989533525,0.008463446591054722,167.92877823012824,0.3727390209747974,0.17401284945099646,0.31927137654510074,0.13035368927654928,0.502680989533525,0.24887108953307732,SPARSE-EXTREME,Moderate
179,895.0,900.0,0.0,1.0,2.760000000000005,53.963783264160156,56.6141242980957,7.2581372549019605,0.14570000000000005,0.1,0.13800000000000026,0.14492753623188379,0.08749999991249999,0.42999999999999994,0.13031000887241576,0.4086185691893809,0.010619313405100602,165.9340048114349,0.2578586172334504,0.24569110384571957,0.3138412198339579,0.22021800263109967,0.4086185691893809,0.2636655945921276,LOW-COMPLEXITY,Moderate
180,900.0,905.0,0.0,1.0,2.760000000000005,63.19748306274414,76.93353576660157,6.215302287581698,0.04570000000000004,0.1,0.13800000000000026,1.0,0.0,0.15,0.6546305007697809,0.43026281864928273,0.011740862488786362,216.50282396466085,0.32245893835488426,0.34588926783485463,0.3666435871142694,0.24888915023093425,0.43026281864928273,0.31768359512058286,HEAVY-TAIL-RISK,Moderate
181,905.0,910.0,0.0,1.0,1.0,77.26493835449219,79.2199935913086,5.942308006535947,0.0325,0.1,0.05,0.1,0.0,0.15,0.04571428571428573,0.3950854168239302,0.012253010701012429,242.12608241190705,0.23786835942708234,0.08101071428571428,0.24843774268934235,0.06621428571428571,0.3950854168239302,0.15147317830597132,LOW-COMPLEXITY,Low
182,910.0,915.0,0.0,0.0,1.0,77.42239379882812,77.8757568359375,2.7143913398692807,0.0075,0.0,0.05,0.1,0.0,0.0,0.0,0.42188860791744404,0.005962651864667436,243.1771827729457,0.2645547842679078,0.0,0.2301265042420065,0.0,0.42188860791744404,0.10734951663929518,LOW-COMPLEXITY,Low
183,915.0,920.0,0.0,3.0,39.6400000000002,64.4267578125,77.5150375366211,9.644897875816993,0.2583333333333333,0.3,1.0,0.17911200807265298,0.02916666665694444,0.5,0.6661823245197472,0.39818021345189536,0.016207470203767785,250.65592704048058,0.2803581235565399,0.4981330611645588,0.41289787589154214,0.3850630306858547,0.39818021345189536,0.41007561365529793,HEAVY-TAIL-RISK,Moderate
184,920.0,925.0,0.0,0.0,1.0,76.72052001953125,77.57453155517578,2.7235702614379083,0.0075,0.0,0.05,0.1,0.0,0.0,0.0,0.4120677371816285,0.006412501762142767,214.9509551468294,0.25396888387631356,0.0,0.22501693522870292,0.0,0.4120677371816285,0.10272343497279568,LOW-COMPLEXITY,Low
185,925.0,930.0,0.0,0.0,1.0,76.11125946044922,77.37754821777344,2.907087418300653,0.0075,0.0,0.05,0.1,0.0,0.0,0.0,0.40851277435469846,0.006459217768806869,214.74631016613912,0.25165399931538657,0.0,0.22370287898600474,0.0,0.40851277435469846,0.10199481371412032,LOW-COMPLEXITY,Low
186,930.0,935.0,0.0,0.0,10.280000000000015,75.47612762451172,76.28281860351562,3.1257107843137257,0.07710000000000011,0.0,0.5140000000000008,0.5544747081712054,0.0,0.0,1.0,0.4975646031932814,0.005572305843906191,226.8512209814743,0.359922308022124,0.435,0.4528139721486029,0.3,0.4975646031932814,0.3640548934647526,HEAVY-TAIL-RISK,Moderate
187,935.0,940.0,0.0,1.0,1.0,66.0959243774414,67.58722534179688,2.9784272875816997,0.0325,0.1,0.05,0.1,0.0,0.15,0.04571428571428573,0.40449605145463285,0.00580520649109317,289.06388294901603,0.24772640890124964,0.08101071428571428,0.2537447673422607,0.06621428571428571,0.40449605145463285,0.1559070030139007,LOW-COMPLEXITY,Low
188,940.0,945.0,0.0,0.0,4.760000000000005,67.43305206298828,69.95288391113282,3.8724918300653592,0.03570000000000004,0.0,0.23800000000000027,1.0,0.0,0.0,0.5822942262388696,0.38014356573949426,0.007889456298859414,208.63688571453116,0.22139288409014454,0.25329798841390827,0.3295874132270173,0.1746882678716609,0.38014356573949426,0.2183602791754852,SPARSE-EXTREME,Moderate
189,945.0,950.0,0.0,0.0,1.0,69.9793472290039,70.38754425048828,1.7313684640522875,0.0075,0.0,0.05,0.1,0.0,0.0,0.0,0.40732280945854893,0.003216315679866718,169.58511751102296,0.24705603155009526,0.0,0.2211918880309549,0.0,0.40732280945854893,0.09911447422124461,LOW-COMPLEXITY,Low
190,950.0,955.0,0.0,0.0,1.0,70.37692260742188,71.00164337158203,2.786801470588235,0.0075,0.0,0.05,1.0,0.0,0.0,0.28,0.39171752901111884,0.005411393694732795,170.43420843430658,0.2289160870372476,0.1218,0.2725574757158986,0.084,0.39171752901111884,0.15392377776640861,LOW-COMPLEXITY,Low
191,955.0,960.0,0.0,1.0,10.840000000000046,54.474788665771484,67.2109878540039,7.952258986928107,0.20630000000000034,0.1,0.5420000000000023,1.0,0.08749999991249999,0.42999999999999994,0.7749584705715864,0.45600830855815566,0.01582826893502499,190.13970732562524,0.3658885757652507,0.5261131846848588,0.4511017225114694,0.4136125411408509,0.45600830855815566,0.45057158420783866,HEAVY-TAIL-RISK,Moderate
192,960.0,965.0,0.0,1.0,62.68000000000035,58.64093017578125,67.1737045288086,5.912549019607844,0.175,0.1,1.0,0.13401403956604901,0.0,0.15,0.16354148802323143,0.47234232304140544,0.012178291842880941,251.52593876968,0.3568705407831906,0.13226554729010567,0.2869807408881761,0.10156244640696943,0.47234232304140544,0.22282417214559028,SPARSE-EXTREME,Low
193,965.0,970.0,0.0,0.0,3.760000000000005,80.51605987548828,82.26958923339843,2.0727083333333334,0.028200000000000038,0.0,0.18800000000000025,1.0,0.0,0.0,1.0,0.4210780624523902,0.005328915160835576,269.12153795234843,0.2803907813016255,0.435,0.4299741287382165,0.3,0.4210780624523902,0.3354168200960909,HEAVY-TAIL-RISK,Moderate
194,970.0,975.0,0.0,0.0,0.0,80.15921020507812,80.79087677001954,1.4990849673202618,0.0,0.0,0.0,0.0,0.0,0.0,0.0,0.393592766744417,0.0029863842432397807,303.2552308147381,0.23055891371137974,0.0,0.22481862574429853,0.0,0.393592766744417,0.0955677841800901,LOW-COMPLEXITY,Low
195,975.0,980.0,0.0,0.0,1.0,78.34822845458984,79.55696258544921,2.8155228758169932,0.0075,0.0,0.05,1.0,0.0,0.0,0.28,0.41323464636450735,0.006300987120338332,295.21255709655486,0.25789863652966954,0.1218,0.286372564573321,0.084,0.41323464636450735,0.16787105427437027,LOW-COMPLEXITY,Low
196,980.0,985.0,0.0,1.0,9.800000000000026,70.23431396484375,72.10992431640625,5.466919934640523,0.0985000000000002,0.1,0.49000000000000127,0.6836734693877533,0.0,0.15,0.5858174256296921,0.41520582222784214,0.01013417932205562,234.9482670573593,0.26845740502872684,0.31595558014891606,0.362097119919492,0.22824522768890762,0.41520582222784214,0.2825338527736789,SPARSE-EXTREME,Moderate
197,985.0,990.0,0.0,0.0,0.0,68.68431091308594,69.54635314941406,1.5441789215686277,0.0,0.0,0.0,0.1,0.0,0.0,0.0,0.4012043837244837,0.0031477952390106365,208.8974818086211,0.24077709438405362,0.0,0.22101130121721407,0.0,0.4012043837244837,0.09744140668693081,LOW-COMPLEXITY,Low
198,990.0,995.0,0.0,0.0,0.0,68.33021545410156,69.12226257324218,0.889624183006536,0.0,0.0,0.0,0.1,0.0,0.0,0.0,0.40123443528414715,0.0022358318915801606,207.37717964765346,0.24155815216920723,0.0,0.22126222156997497,0.0,0.40123443528414715,0.09791224481305806,LOW-COMPLEXITY,Low
199,995.0,1000.0,0.0,1.0,1.0,68.181396484375,69.1502471923828,6.013692810457515,0.0325,0.1,0.05,0.1,0.0,0.15,0.04571428571428573,0.42583646456573554,0.008997257785467127,194.478122643021,0.2752088069976899,0.08101071428571428,0.2562135894341998,0.06621428571428571,0.42583646456573554,0.16517718651652386,LOW-COMPLEXITY,Low
200,1000.0,1005.0,0.0,1.0,4.760000000000005,55.58408737182617,68.22754516601563,7.906205065359476,0.16070000000000004,0.1,0.23800000000000027,1.0,0.08749999991249999,0.42999999999999994,0.40498905908096283,0.35607859905194467,0.01623292163270537,188.9153894675949,0.2324966871418709,0.36517649068643754,0.3441694503409287,0.3026217176936638,0.35607859905194467,0.31593636028941874,SPARSE-EXTREME,Moderate
201,1005.0,1010.0,0.0,0.0,1.0,54.168949127197266,55.35958633422852,5.228843954248366,0.0075,0.0,0.05,0.1,0.0,0.0,0.04760395761369884,0.40328664999994357,0.008490394239395105,174.202412056377,0.2457923527411664,0.02070772156195899,0.22864899511777395,0.01428118728410965,0.40328664999994357,0.109242255803873,LOW-COMPLEXITY,Low
202,1010.0,1015.0,0.0,0.0,0.7600000000000051,54.73584747314453,55.79845199584961,3.460731209150327,0.005700000000000038,0.0,0.038000000000000256,0.1,0.0,0.0,0.0088421052515233,0.4149851408760497,0.005745509739843649,173.05707090713688,0.2617857071800221,0.003846315784412635,0.22508611412822696,0.0026526315754569897,0.4149851408760497,0.10725302410360656,LOW-COMPLEXITY,Low
203,1015.0,1020.0,0.0,0.0,1.0,55.34330749511719,56.50133590698242,4.180024509803922,0.0075,0.0,0.05,0.1,0.0,0.0,0.0,0.4397604624047703,0.007274138312187621,174.20610109384475,0.28813585852767015,0.0,0.22977827813378268,0.0,0.4397604624047703,0.11455021100946644,LOW-COMPLEXITY,Low
204,1020.0,1025.0,0.0,1.0,4.52000000000001,60.05097579956055,67.17959289550781,9.329084967320263,0.1589000000000001,0.1,0.2260000000000005,1.0,0.08749999991249999,0.42999999999999994,0.4035535307517085,0.3733062290578878,0.018625817794438032,176.98611475884115,0.23561697386386646,0.36455203586321194,0.35418051788386723,0.30219105919488753,0.3733062290578878,0.3164781405395711,SPARSE-EXTREME,Moderate
205,1025.0,1030.0,0.0,0.0,0.7600000000000051,75.94530487060547,76.6948486328125,1.7721609477124185,0.005700000000000038,0.0,0.038000000000000256,0.1,0.0,0.0,0.0088421052515233,0.47395706882816163,0.004488066608996539,236.81299360620346,0.3301707167354742,0.003846315784412635,0.24713795688425316,0.0026526315754569897,0.47395706882816163,0.1344206918579138,LOW-COMPLEXITY,Low
206,1030.0,1035.0,0.0,0.0,5.560000000000031,75.80693817138672,76.4655548095703,1.9240931372549022,0.04170000000000023,0.0,0.2780000000000015,0.7913669064748158,0.0,0.0,0.4158183038253106,0.4258206349661384,0.004402950948353197,226.3650575833061,0.28233809742592203,0.18088096216401012,0.3131761471864248,0.12474549114759317,0.4258206349661384,0.20669828706047166,SPARSE-EXTREME,Moderate
207,1035.0,1040.0,0.0,0.0,0.0,56.269596099853516,56.69623794555664,0.437389705882353,0.0,0.0,0.0,0.1,0.0,0.0,0.0,0.3915935267284543,0.0018577407727797,197.09586027201658,0.2284115337324834,0.0,0.21790322438476964,0.0,0.3915935267284543,0.09257351371879749,LOW-COMPLEXITY,Low
208,1040.0,1045.0,0.0,0.0,1.0,58.239627838134766,59.39772186279297,5.27438316993464,0.0075,0.0,0.05,0.1,0.0,0.0,0.04760395761369884,0.40585372428557287,0.00761174484172754,203.36880244444845,0.24945835992897508,0.02070772156195899,0.23159276322018052,0.01428118728410965,0.40585372428557287,0.11146380966221234,LOW-COMPLEXITY,Low
209,1045.0,1050.0,0.0,0.0,13.360000000000056,55.95222473144531,68.4857162475586,2.9266217320261445,0.10020000000000041,0.0,0.6680000000000028,0.35179640718562727,0.0,0.0,0.07050299400669846,0.4425680879144895,0.005905482186338587,199.86364944536015,0.346562882091217,0.030668802392913832,0.23762482345121833,0.02115089820200954,0.4425680879144895,0.1563835563759173,SPARSE-EXTREME,Low
210,1050.0,1055.0,0.0,1.0,41.520000000000266,73.53173828125,74.08643951416016,5.420996732026145,0.275,0.1,1.0,0.17341040462427634,0.08749999991249999,0.42999999999999994,0.17608397122359754,0.4314335478017737,0.010313605183903628,214.46531083768966,0.28258563997464686,0.26560277746848365,0.33723291720783066,0.2339501913364542,0.4314335478017737,0.28537854974316035,SPARSE-EXTREME,Moderate
211,1055.0,1060.0,0.0,0.6000000000000085,1.0,115.57698059082031,116.0355438232422,3.9733782679738563,0.022500000000000214,0.06000000000000085,0.05,0.8,0.0,0.15,0.3439999999999995,0.4462977207097015,0.0060320394399589914,589.1083642331515,0.29558646383473997,0.21076499999999976,0.3408782991599466,0.15569999999999984,0.4462977207097015,0.24462620644592584,LOW-COMPLEXITY,Moderate
212,1060.0,1065.0,0.0,2.0,40.20000000000023,76.07474517822266,112.50353088378907,9.97515931372549,0.25,0.2,1.0,0.1417910447761186,0.043749999978124995,0.5,0.5793789161266873,0.47273005258416256,0.015497255542739969,288.39486894225956,0.4194393068577224,0.46267045351166364,0.4103197303995328,0.3641261748303499,0.47273005258416256,0.44705588334166013,SPARSE-EXTREME,Moderate
213,1065.0,1070.0,0.0,1.0,43.72000000000024,114.25907135009766,116.38365020751954,7.4538480392156865,0.275,0.1,1.0,0.12580054894784926,0.08749999991249999,0.42999999999999994,0.5960504158660761,0.4219622271053128,0.012659434992951425,459.01047794800866,0.2816654496900515,0.44828818088796185,0.43101344078988996,0.3599401247291978,0.4219622271053128,0.38310443472507044,SPARSE-EXTREME,Moderate
214,1070.0,1075.0,0.0,1.0,4.52000000000001,115.60399627685547,116.1983871459961,4.796911764705883,0.05890000000000008,0.1,0.2260000000000005,1.0,0.0,0.15,0.720936796516685,0.5180623209871411,0.008438428328847879,525.767723515406,0.3847367580058843,0.374732506484758,0.4387221564847952,0.2687810389550055,0.5180623209871411,0.3620460730033379,HEAVY-TAIL-RISK,Moderate
215,1075.0,1080.0,0.0,1.0,6.280000000000015,114.14527130126953,114.99304809570313,4.683700980392158,0.07210000000000011,0.1,0.3140000000000008,0.8439490445859852,0.0,0.15,0.3621994891502868,0.5121694924453601,0.008105580545943868,515.1669445661228,0.37844175075723796,0.2186817777803748,0.3647829593534738,0.16115984674508604,0.5121694924453601,0.2806824614135378,SPARSE-EXTREME,Moderate
216,1080.0,1085.0,0.0,0.0,1.0,115.1731948852539,115.56832275390624,3.4501552287581694,0.0075,0.0,0.05,0.1,0.0,0.0,0.0,0.40651565947480295,0.0054338935345379985,585.7119739696747,0.24560952749101864,0.0,0.2411486631139488,0.0,0.40651565947480295,0.10557788096669067,LOW-COMPLEXITY,Low
217,1085.0,1090.0,0.0,1.0,1.0,86.4141616821289,115.96786956787109,7.1839910130718945,0.0325,0.1,0.05,1.0,0.0,0.15,0.04571428571428573,0.3336214653740334,0.014696322408048185,363.864808984121,0.2212355512146218,0.08101071428571428,0.21869790969808228,0.06621428571428571,0.3336214653740334,0.1481138205152742,LOW-COMPLEXITY,Low
218,1090.0,1095.0,0.0,2.0,3.0,77.2215576171875,85.21573333740234,8.178770424836602,0.12250000000000001,0.2,0.15,1.0,0.043749999978124995,0.5,0.38232264150943396,0.3866842518435836,0.012583651800589518,208.30045545138512,0.24612541100072252,0.37695097405315847,0.3566807406499392,0.30500929244517394,0.3866842518435836,0.33357829799335914,BURST-DOMINATED,Moderate
219,1095.0,1100.0,0.0,1.0,2.0,76.62023162841797,77.19290313720703,6.030543300653594,0.14,0.1,0.1,0.1,0.08749999991249999,0.42999999999999994,0.0987,0.41053656027549146,0.008611676598744072,208.44907120029643,0.2545047683900747,0.2319407499862187,0.31486160321760137,0.21073499996937495,0.41053656027549146,0.25712480525232495,LOW-COMPLEXITY,Moderate
220,1100.0,1105.0,0.0,1.0,2.760000000000005,76.17021942138672,76.68108673095703,5.091017156862747,0.14570000000000005,0.1,0.13800000000000026,0.10869565217391283,0.08749999991249999,0.42999999999999994,0.29687200571704925,0.4091265576182733,0.007584302031270024,206.62485398477358,0.25270731618257425,0.31814557247313513,0.3541187004342566,0.2701866016844897,0.4091265576182733,0.30004436469626594,LOW-COMPLEXITY,Moderate
221,1105.0,1110.0,17.0,26.0,34.0,64.51985931396484,76.72111663818359,46.574227941176474,0.3840045248868778,0.15294117647058822,0.1,0.1088235294117647,0.6168269230695451,0.20740255616416606,0.13495815871757513,0.34475258219511007,0.08150316865308216,158.952484356714,0.21121200409296592,0.24037358106249618,0.3663063801514942,0.3289677653470714,0.34475258219511007,0.21971945239940616,LOW-COMPLEXITY,Moderate
222,1110.0,1115.0,2.0,21.0,32.0,82.79629516601562,96.83173980712891,32.600334967320265,0.46791666666666665,1.0,0.8,0.10625,0.1369047619011905,0.795595238095238,0.1686081443262257,0.3637855085748848,0.057634586697424064,223.39920831048119,0.23219671086673643,0.41911210230515517,0.3606508335528505,0.3769574432966177,0.3637855085748848,0.375569801205888,SPARSE-EXTREME,Moderate
223,1115.0,1120.0,0.0,1.0,1.0,95.30448913574219,96.17636413574219,8.107896241830064,0.0325,0.1,0.05,0.1,0.0,0.15,0.04571428571428573,0.3962552587691187,0.011118663975394082,292.7512620041524,0.23371271413471997,0.08101071428571428,0.25270727670428095,0.06621428571428571,0.3962552587691187,0.1505972320787215,LOW-COMPLEXITY,Low
224,1120.0,1125.0,0.0,1.0,1.0,78.92195892333984,95.64072723388672,7.646642156862745,0.1325,0.1,0.05,0.2,0.08749999991249999,0.42999999999999994,0.06857142857142857,0.42526791583881485,0.010293087274125336,221.95993466705286,0.3200506701258763,0.21883482141479016,0.30132787718972465,0.20169642854080352,0.42526791583881485,0.27695882740535227,LOW-COMPLEXITY,Moderate
225,1125.0,1130.0,0.0,1.0,1.0,80.60598754882812,82.42143402099609,6.519566993464052,0.1325,0.1,0.05,0.1,0.08749999991249999,0.42999999999999994,0.06857142857142857,0.39771183822846357,0.008966580001281558,209.15290265222052,0.2390189684617597,0.21883482141479016,0.30306652435800885,0.20169642854080352,0.39771183822846357,0.24394052248478132,LOW-COMPLEXITY,Moderate
226,1130.0,1135.0,0.0,1.0,1.0,85.0964126586914,87.0981689453125,6.9585825163398685,0.1325,0.1,0.05,0.2,0.08749999991249999,0.42999999999999994,0.06857142857142857,0.39029012310189937,0.009716670991926179,232.94519269334702,0.23232812404890607,0.21883482141479016,0.302427769669624,0.20169642854080352,0.39029012310189937,0.24222696491906084,LOW-COMPLEXITY,Moderate
227,1135.0,1140.0,0.0,1.0,1.0,87.04373168945312,88.5404052734375,8.021511437908497,0.1325,0.1,0.05,0.2,0.08749999991249999,0.42999999999999994,0.06857142857142857,0.3938137940855499,0.010332131071382802,246.83441535687123,0.23439170670287107,0.21883482141479016,0.3048791226799021,0.20169642854080352,0.3938137940855499,0.24323581205372805,LOW-COMPLEXITY,Moderate
228,1140.0,1145.0,0.0,1.0,2.760000000000005,84.42972564697266,90.44642028808593,5.81390931372549,0.04570000000000004,0.1,0.13800000000000026,1.0,0.0,0.15,0.500880629537481,0.42869438957133843,0.010074259900038447,259.3716459311844,0.2955286261326164,0.2790080738488042,0.34941440578577343,0.20276418886124428,0.42869438957133843,0.2755178521291164,LOW-COMPLEXITY,Moderate
229,1145.0,1150.0,0.0,1.0,2.0,80.82147979736328,85.5014862060547,7.801307189542483,0.14,0.1,0.1,0.1,0.08749999991249999,0.42999999999999994,0.246571398519455,0.38007294910844625,0.012829057253620402,244.74546520974295,0.22651108687130525,0.2962648083421816,0.33331260702640947,0.25509641952521145,0.38007294910844625,0.2793824283957026,LOW-COMPLEXITY,Moderate
230,1150.0,1155.0,1.0,1.0,2.0,65.84140014648438,67.52608032226563,9.299358660130718,0.39,0.1,0.1,1.0,0.9124999997375001,0.2583333333333333,0.3866666666666667,0.4662594042595682,0.014796281398180186,202.75253304371282,0.32203438965454506,0.41718958329198963,0.5288406682550347,0.5257916665747917,0.4662594042595682,0.3521299109849759,LOW-COMPLEXITY,High
231,1155.0,1160.0,2.0,3.0,4.0,58.183326721191406,65.49401245117187,19.233104575163402,0.3358333333333333,0.15,0.1,0.1,0.6374999999319444,0.20249999999999999,0.17510598410349063,0.37491016736718413,0.027932392989875692,148.48820904633052,0.23748812126303773,0.25909610307429964,0.38824837787709426,0.3465317952072277,0.37491016736718413,0.2377943486622294,LOW-COMPLEXITY,Moderate
232,1160.0,1165.0,0.0,3.6000000000000085,8.760000000000005,60.44749450683594,71.4912826538086,13.323427287581701,0.2112555555555557,0.3600000000000009,0.4380000000000003,0.5251141552511412,0.048611111097607906,0.5,0.4577769488995159,0.3730392122900077,0.02227836857618865,207.21484866964147,0.24573234055757243,0.4105392227691627,0.3652426752947121,0.32934697355401754,0.3730392122900077,0.35110784589436095,SPARSE-EXTREME,Moderate
233,1165.0,1170.0,0.0,0.0,4.0,69.22264862060547,71.24823760986328,5.1467687908496735,0.03,0.0,0.2,1.0,0.0,0.0,0.6263897712972267,0.506497700518621,0.011685333365372294,294.4618887121607,0.3772299903099683,0.2724795505142936,0.38393102606452983,0.187916931389168,0.506497700518621,0.29032489484249835,HEAVY-TAIL-RISK,Moderate
234,1170.0,1175.0,0.0,1.0,49.480000000000246,69.69840240478516,70.54148864746094,4.815931372549019,0.175,0.1,1.0,0.12934518997574712,0.0,0.15,0.5200279330666335,0.4740974770175182,0.010853633698577472,265.73905311233085,0.3282223449960613,0.2873371508839856,0.36930962792900823,0.20850837991999005,0.4740974770175182,0.290349362978799,SPARSE-EXTREME,Moderate
235,1175.0,1180.0,0.0,0.0,2.0,63.77234649658203,69.56305084228515,4.290584150326796,0.015,0.0,0.1,1.0,0.0,0.0,0.28,0.3870009946799041,0.007918561771113672,264.84310392838,0.24357345538116262,0.1218,0.27125894518198274,0.084,0.3870009946799041,0.16197710983429922,LOW-COMPLEXITY,Low
236,1180.0,1185.0,0.0,0.0,1.0,76.26455688476562,76.68648223876953,2.9588071895424837,0.0075,0.0,0.05,1.0,0.0,0.0,0.28,0.4480101060487515,0.006329956587210048,301.3886136833141,0.301616947110301,0.1218,0.2985770276590696,0.084,0.4480101060487515,0.185307906723637,LOW-COMPLEXITY,Low
237,1185.0,1190.0,0.0,0.0,28.840000000000174,65.31586456298828,76.96402740478516,2.6516176470588233,0.15,0.0,1.0,0.13869625520110873,0.0,0.0,0.010834951455934754,0.3798937957304887,0.006231266500064079,274.273596871282,0.25217865372821713,0.004713203883331618,0.21113441196984933,0.003250485436780426,0.3798937957304887,0.10663816483932387,SPARSE-EXTREME,Low
238,1190.0,1195.0,0.0,0.0,1.0,66.97797393798828,67.21618957519532,2.738733660130718,0.0075,0.0,0.05,0.1,0.0,0.0,0.0,0.42612442461181793,0.004831781526336025,264.112457870581,0.27345131948281576,0.0,0.23379352075858856,0.0,0.42612442461181793,0.11202228585395939,LOW-COMPLEXITY,Low
239,1195.0,1200.0,0.0,0.0,26.320000000000164,76.28114318847656,77.04380493164062,2.1001919934640525,0.15,0.0,1.0,0.22416413373860045,0.0,0.0,0.36896299305312935,0.41219447040505525,0.006101387767525311,293.6706984911697,0.25763899177780875,0.16049890197811129,0.30451436785378533,0.1106888979159388,0.41219447040505525,0.1876953559944348,SPARSE-EXTREME,Moderate
240,1200.0,1205.0,0.0,0.0,1.0,77.18254089355469,77.48782348632812,2.430191993464052,0.0075,0.0,0.05,1.0,0.0,0.0,1.0,0.43711169136135236,0.005547052736127129,300.26361031739077,0.28810282564447304,0.435,0.4397117076985268,0.3,0.43711169136135236,0.33867258767638275,HEAVY-TAIL-RISK,Moderate
241,1205.0,1210.0,0.0,0.0,1.7600000000000051,74.50650787353516,77.38897399902343,1.4971486928104574,0.013200000000000038,0.0,0.08800000000000026,1.0,0.0,0.0,0.28,0.4765108147296792,0.004302791714725105,298.5867386088635,0.35181878520466214,0.1218,0.3070750448500733,0.084,0.4765108147296792,0.2062579546174369,LOW-COMPLEXITY,Moderate
242,1210.0,1215.0,0.0,0.0,0.0,73.98758697509766,74.38485107421874,2.6444281045751636,0.0,0.0,0.0,0.1,0.0,0.0,0.0,0.40628189026007294,0.004356678681276433,286.5682338315674,0.24597981472938632,0.0,0.22811123355131685,0.0,0.40628189026007294,0.10125836654263581,LOW-COMPLEXITY,Low
243,1215.0,1220.0,0.0,0.0,0.0,74.161865234375,74.49325408935547,1.9323366013071896,0.0,0.0,0.0,0.1,0.0,0.0,0.0,0.39391846466509345,0.0032934012559272074,285.5978490579725,0.23005586257530683,0.0,0.22415144524845335,0.0,0.39391846466509345,0.09500132095833871,LOW-COMPLEXITY,Low
244,1220.0,1225.0,0.0,0.0,1.7600000000000051,74.50385284423828,77.05953674316406,2.656527777777777,0.013200000000000038,0.0,0.08800000000000026,1.0,0.0,0.0,0.28,0.44785487214777453,0.006366936274509804,299.0869691664147,0.311634154270521,0.1218,0.29767130111908535,0.084,0.44785487214777453,0.19003831448999675,LOW-COMPLEXITY,Low
245,1225.0,1230.0,0.0,2.0,47.32000000000029,71.35346984863281,73.6962890625,5.775849673202615,0.2,0.2,1.0,0.12890955198647427,0.0,0.15,0.15316137773908367,0.40934101479093526,0.011333812475970779,258.68895452996924,0.26193830130761214,0.1277501993165014,0.27473176222976714,0.0984484133217251,0.40934101479093526,0.18526422039735332,SPARSE-EXTREME,Low
246,1230.0,1235.0,3.0,11.0,21.760000000000005,58.81528091430664,62.01370010375977,29.5494362745098,0.2513641265597148,0.36666666666666664,0.36266666666666675,0.10110294117647056,0.2886363636262397,0.3965151515151515,0.29308895105472527,0.3905735343025732,0.048619608644111245,173.54406578687687,0.23736112689860875,0.33453384522236246,0.3786882304841524,0.32772971561590447,0.3905735343025732,0.2966701910801111,SPARSE-EXTREME,Moderate
247,1235.0,1240.0,0.0,3.0,41.20000000000023,64.47599792480469,67.01507568359375,10.222532679738562,0.2583333333333333,0.3,1.0,0.21116504854368814,0.02916666665694444,0.5,0.5984610670246784,0.41358702101471784,0.019468530052543894,128.5625639615729,0.2787989016981225,0.46867431415420385,0.4041085633468543,0.36474665343733403,0.41358702101471784,0.39220985282048254,SPARSE-EXTREME,Moderate
248,1240.0,1245.0,3.0,10.0,16.0,44.088558197021484,47.254051971435544,26.940032679738568,0.28708333333333336,0.33333333333333337,0.26666666666666666,0.4375,0.326249999986875,0.3433333333333333,0.4750684590144827,0.38827017027145166,0.03738001650006409,114.81109761994814,0.2393429307613466,0.3979474880025661,0.4100195881542498,0.3768747043664177,0.38827017027145166,0.3232043808523036,SPARSE-EXTREME,Moderate
249,1245.0,1250.0,0.0,0.0,1.0,41.52409362792969,42.91610870361328,4.69141339869281,0.0075,0.0,0.05,0.1,0.0,0.0,0.0,0.44706966637661816,0.00782359316929386,73.75112862206278,0.30058449489850986,0.0,0.2251352282534026,0.0,0.44706966637661816,0.11732216074379129,LOW-COMPLEXITY,Low
250,1250.0,1255.0,0.0,0.0,1.0,44.019248962402344,45.496445465087895,3.7302696078431374,0.0075,0.0,0.05,0.1,0.0,0.0,1.0,0.3963611327938484,0.005985200724080483,83.21552973235204,0.24127661643736276,0.435,0.4111388534384204,0.3,0.3963611327938484,0.3154466237236664,HEAVY-TAIL-RISK,Moderate
251,1255.0,1260.0,0.0,0.0,0.0,44.344200134277344,45.41673736572265,2.015044934640523,0.0,0.0,0.0,0.1,0.0,0.0,0.0,0.4008051196899477,0.003685813148788927,85.03957435073924,0.24280916157497506,0.0,0.21248592834984625,0.0,0.4008051196899477,0.09557337578744679,LOW-COMPLEXITY,Low
252,1260.0,1265.0,0.0,0.0,1.0,43.9661865234375,44.70691757202148,3.1769076797385623,0.0075,0.0,0.05,0.1,0.0,0.0,0.0,0.3996093634944051,0.004897957195950277,84.16283997829215,0.23975674872433142,0.0,0.21275828064481675,0.0,0.3996093634944051,0.09444143171425029,LOW-COMPLEXITY,Low
253,1265.0,1270.0,0.0,0.0,1.0,44.766048431396484,45.33306350708008,2.4861723856209155,0.0075,0.0,0.05,0.1,0.0,0.0,0.0,0.39135394194246337,0.004147676694860951,81.95171957899659,0.22869203490100523,0.0,0.21042351412708185,0.0,0.39135394194246337,0.09015576190936542,LOW-COMPLEXITY,Low
254,1270.0,1275.0,0.0,0.0,0.0,44.393272399902344,45.12704162597656,2.198770424836601,0.0,0.0,0.0,0.1,0.0,0.0,0.0,0.3936459694561618,0.0038595375176214276,84.82412704269392,0.23408407489347383,0.0,0.2112720167043316,0.0,0.3936459694561618,0.0925757509292125,LOW-COMPLEXITY,Low
255,1275.0,1280.0,0.0,0.0,1.0,44.424652099609375,45.398641967773436,3.66968137254902,0.0075,0.0,0.05,0.1,0.0,0.0,0.0,0.39650807603974914,0.005532127707292067,83.55882123926152,0.2381794739285188,0.0,0.2116307436093851,0.0,0.39650807603974914,0.0940334782176069,LOW-COMPLEXITY,Low
256,1280.0,1285.0,0.0,0.0,1.0,44.24763488769531,45.212660217285155,4.122365196078431,0.0075,0.0,0.05,0.1,0.0,0.0,0.0,0.39268344742084144,0.006139175637575293,83.12587751381014,0.23346731554557618,0.0,0.21043396156766214,0.0,0.39268344742084144,0.09221468246625947,LOW-COMPLEXITY,Low
257,1285.0,1290.0,0.0,1.0,2.0,44.751861572265625,46.92045516967774,7.323982843137254,0.14,0.1,0.1,0.15,0.08749999991249999,0.42999999999999994,0.2889879356686342,0.3978385125748859,0.010634883057798281,84.35096345481564,0.24821384890309756,0.3147160020020746,0.33815809482814085,0.2678213806699652,0.3978385125748859,0.29385081984797173,LOW-COMPLEXITY,Moderate
258,1290.0,1295.0,0.0,1.0,43.920000000000215,50.839508056640625,51.15473327636719,4.602209967320261,0.175,0.1,1.0,0.23224043715846882,0.0,0.15,0.5585318646341111,0.4468523971714472,0.009928955529924387,136.10662942213105,0.3053959091717033,0.3040863611158383,0.36213128329140004,0.2200595593902333,0.4468523971714472,0.2890105841400965,SPARSE-EXTREME,Moderate
259,1295.0,1300.0,0.0,0.0,4.0,41.75910568237305,50.941767883300784,1.7136968954248364,0.03,0.0,0.2,1.0,0.0,0.0,1.0,0.4455823455949893,0.004269593745995129,142.2840360453956,0.34968157984247666,0.435,0.4218199273221835,0.3,0.4455823455949893,0.36108217808525517,HEAVY-TAIL-RISK,Moderate
260,1300.0,1305.0,0.0,0.0,41.480000000000246,41.782188415527344,51.85654067993164,2.801821895424837,0.15,0.0,1.0,0.13018322082931458,0.0,0.0,0.39630953566174876,0.44159957374826403,0.0069126815007048556,141.88346965895778,0.34813174918168843,0.1723946480128607,0.29853584841898007,0.11889286069852462,0.44159957374826403,0.22759995844968353,SPARSE-EXTREME,Low
261,1305.0,1310.0,0.0,0.0,43.72000000000024,44.921749114990234,51.959521484375,2.962312091503268,0.15,0.0,1.0,0.1349496797804201,0.0,0.0,0.45942689028907374,0.3753515753545488,0.006995056708958091,149.62985639461917,0.2433155470030576,0.19985069727574709,0.29292807265270543,0.13782806708672213,0.3753515753545488,0.19925873863469956,SPARSE-EXTREME,Low
262,1310.0,1315.0,0.0,0.0,2.0,51.90373229980469,52.04593200683594,1.4090482026143794,0.015,0.0,0.1,1.0,0.0,0.0,1.0,0.43145797015378945,0.004148599737280533,157.59817417627212,0.2861523677844389,0.435,0.4288940895897508,0.3,0.43145797015378945,0.33532462271018487,HEAVY-TAIL-RISK,Moderate
263,1315.0,1320.0,0.0,0.0,1.0,60.74119186401367,61.384613800048825,3.015498366013072,0.0075,0.0,0.05,1.0,0.0,0.0,0.4497322070684027,0.4084597041830926,0.005882058022555428,223.67712015191705,0.24871029592831256,0.19563351007475518,0.31448474871262416,0.1349196621205208,0.4084597041830926,0.19976971502806198,LOW-COMPLEXITY,Moderate
264,1320.0,1325.0,0.0,1.0,50.32000000000029,61.21931838989258,75.3367691040039,3.288035130718954,0.175,0.1,1.0,0.13712241653418045,0.0,0.15,0.4446568676946334,0.4477577372953054,0.008421802511854416,255.75136566237043,0.3561993215079881,0.2545507374471655,0.3351550534626498,0.18589706030839,0.4477577372953054,0.2876630252962902,SPARSE-EXTREME,Moderate
265,1325.0,1330.0,0.0,0.0,10.04000000000002,61.47869110107422,77.98799743652344,2.3713439542483665,0.07530000000000014,0.0,0.502000000000001,0.5876494023904371,0.0,0.0,1.0,0.4399325642807883,0.004864933679354095,263.87527905063325,0.35051455203683785,0.435,0.4250368190395964,0.3,0.4399325642807883,0.36403702161208057,HEAVY-TAIL-RISK,Moderate
266,1330.0,1335.0,0.0,1.0,50.12000000000032,59.124267578125,72.85393524169922,6.703835784313726,0.175,0.1,1.0,0.18954509177972745,0.0,0.15,0.5969992778217201,0.47966728640085476,0.013795237729078563,248.35360137234795,0.3892242681544157,0.32081968585244824,0.3726234235805171,0.231599783346516,0.47966728640085476,0.3321634024034332,SPARSE-EXTREME,Moderate
267,1335.0,1340.0,0.0,0.0,1.0,71.76211547851562,72.71097564697266,2.4589338235294114,0.0075,0.0,0.05,0.1,0.0,0.0,0.0,0.3909618338047727,0.0047346068819684745,214.1113907891479,0.22859664668301538,0.0,0.21829097090676627,0.0,0.3909618338047727,0.09295970470768272,LOW-COMPLEXITY,Low
268,1340.0,1345.0,0.0,0.6000000000000085,4.0,70.69007873535156,72.03706970214844,2.573133169934641,0.04500000000000021,0.06000000000000085,0.2,1.0,0.0,0.15,0.3963636363636359,0.4956720345542987,0.006404438036652569,217.80885334909107,0.35953604276824597,0.23354318181818162,0.34827426453782706,0.17140909090909076,0.4956720345542987,0.27470055078833316,SPARSE-EXTREME,Moderate
269,1345.0,1350.0,0.0,1.0,2.760000000000005,58.413028717041016,61.886376190185544,6.386319444444443,0.04570000000000004,0.1,0.13800000000000026,0.14492753623188379,0.0,0.15,0.29842716817559917,0.4358797085392069,0.009905309496347558,227.26218087891874,0.29899442815432503,0.19094081815638564,0.3088180588478654,0.14202815045267975,0.4358797085392069,0.23087768276545356,LOW-COMPLEXITY,Moderate
270,1350.0,1355.0,0.0,0.0,1.7600000000000051,60.82786560058594,70.07381591796874,4.971666666666666,0.013200000000000038,0.0,0.08800000000000026,1.0,0.0,0.0,0.28,0.40796391401199616,0.008724762591311034,222.7400197280128,0.2854658845283982,0.1218,0.2729638074931037,0.084,0.40796391401199616,0.17827929638378634,LOW-COMPLEXITY,Low
271,1355.0,1360.0,0.0,0.0,1.0,68.65986633300781,69.07191925048828,4.139133986928105,0.0075,0.0,0.05,0.1,0.0,0.0,0.0,0.41219150000039184,0.005332128508266051,177.37435123311695,0.25193392739611536,0.0,0.22300102746758227,0.0,0.41219150000039184,0.10096944831161352,LOW-COMPLEXITY,Low
272,1360.0,1365.0,0.0,0.0,7.280000000000015,69.19074249267578,89.23373260498047,4.380057189542484,0.054600000000000114,0.0,0.36400000000000077,0.9752747252747233,0.0,0.0,1.0,0.43827342133388975,0.007318810233243624,276.6065703454939,0.3514049660079964,0.435,0.42440701020343086,0.3,0.43827342133388975,0.3646765812417266,HEAVY-TAIL-RISK,Moderate
273,1365.0,1370.0,0.0,0.0,1.0,62.488834381103516,88.90124206542968,3.5638888888888887,0.0075,0.0,0.05,1.0,0.0,0.0,0.28,0.3910710336322993,0.008046579360502371,242.63286688174816,0.3076612032024513,0.1218,0.2569170883677965,0.084,0.3910710336322993,0.18798382412187958,LOW-COMPLEXITY,Low
274,1370.0,1375.0,0.0,8.600000000000009,24.760000000000005,64.05587768554688,66.7982162475586,18.29914215686275,0.41151162790697693,0.8600000000000009,1.0,0.3311793214862681,0.04069767441387232,0.5,0.4412831727406765,0.4178182959384837,0.033370238369857745,105.21266768734134,0.28347150758596446,0.4021180638623792,0.37581650439284786,0.32162913786705827,0.4178182959384837,0.36000943225695947,SPARSE-EXTREME,Moderate
275,1375.0,1380.0,0.0,2.0,5.52000000000001,55.259151458740234,55.88310165405274,9.131397058823527,0.14140000000000008,0.2,0.2760000000000005,0.16304347826086926,0.043749999978124995,0.5,0.3153603940617723,0.4879264739009411,0.012927472286300142,109.35537746338089,0.3504492504974254,0.3478223964134256,0.37574491081227696,0.28492061821087544,0.4879264739009411,0.3570577846670402,SPARSE-EXTREME,Moderate
276,1380.0,1385.0,0.0,0.0,0.0,56.603511810302734,57.26361923217773,2.59047385620915,0.0,0.0,0.0,0.1,0.0,0.0,0.0,0.4063383165579688,0.004225560841983852,124.94146731600125,0.24908764301285713,0.0,0.21830022910719735,0.0,0.4063383165579688,0.09936432255445543,LOW-COMPLEXITY,Low
277,1385.0,1390.0,0.0,0.0,0.7600000000000051,56.40583419799805,58.27058715820313,4.984264705882353,0.005700000000000038,0.0,0.038000000000000256,0.1,0.0,0.0,0.0088421052515233,0.3966571538958646,0.006763742150454953,124.84043414777433,0.24036251867377506,0.003846315784412635,0.2149470403778682,0.0026526315754569897,0.3966571538958646,0.09757475078290373,LOW-COMPLEXITY,Low
278,1390.0,1395.0,0.0,0.0,1.0,53.349117279052734,55.12761459350586,6.355326797385622,0.0075,0.0,0.05,0.1,0.0,0.0,0.0,0.3887503693928511,0.0084905275214661,119.78657144397691,0.23185638851425744,0.0,0.2107305092382278,0.0,0.3887503693928511,0.09249628014229566,LOW-COMPLEXITY,Low
279,1395.0,1400.0,0.0,0.0,0.7600000000000051,53.53921127319336,54.03675231933594,3.943182189542484,0.005700000000000038,0.0,0.038000000000000256,0.1,0.0,0.0,0.0088421052515233,0.40683848776511033,0.006346274830193515,117.92743866079987,0.2489896056921664,0.003846315784412635,0.21995425004783686,0.0026526315754569897,0.40683848776511033,0.10109548420927701,LOW-COMPLEXITY,Low
280,1400.0,1405.0,0.0,1.0,5.280000000000015,68.1023941040039,70.44437408447266,10.785886437908497,0.16460000000000014,0.1,0.2640000000000008,0.9090909090909065,0.08749999991249999,0.42999999999999994,0.762395891345747,0.41141599998528156,0.016890061354607203,146.39797197164668,0.2691010759206174,0.5206484627216187,0.44185638545503836,0.409843767373099,0.41141599998528156,0.40820565657511376,HEAVY-TAIL-RISK,Moderate
281,1405.0,1410.0,0.0,1.0,1.0,69.28453063964844,70.90362701416015,8.017124183006535,0.0325,0.1,0.05,0.1,0.0,0.15,0.04571428571428573,0.3936828309323713,0.011425645585031398,182.94465645655993,0.23493591423402674,0.08101071428571428,0.2443113587086523,0.06621428571428571,0.3936828309323713,0.14891336778909176,LOW-COMPLEXITY,Low
282,1410.0,1415.0,0.0,1.0,1.0,68.31307220458984,69.58416595458985,8.844244281045754,0.0325,0.1,0.05,0.1,0.0,0.15,0.04571428571428573,0.39714381730206516,0.013260143694732798,181.50184752747927,0.2381856830973553,0.08101071428571428,0.24580644492814555,0.06621428571428571,0.39714381730206516,0.15019628580515515,LOW-COMPLEXITY,Low
283,1415.0,1420.0,0.0,1.0,1.0,69.8677749633789,71.57190551757813,10.732075163398695,0.0325,0.1,0.05,0.1,0.0,0.15,0.04571428571428573,0.4166792541484455,0.016072700884275277,187.2176938456482,0.2632590295985525,0.08101071428571428,0.25173754080942284,0.06621428571428571,0.4166792541484455,0.15992498340260575,LOW-COMPLEXITY,Low
284,1420.0,1425.0,0.0,1.0,1.0,70.21974182128906,75.0150650024414,11.84063725490196,0.1325,0.1,0.05,0.2,0.08749999991249999,0.42999999999999994,0.06857142857142857,0.40069778296805836,0.01872049772523389,193.3252294892934,0.256168104996093,0.21883482141479016,0.3007185172308267,0.20169642854080352,0.40069778296805836,0.25094680207253556,LOW-COMPLEXITY,Moderate
285,1425.0,1430.0,0.0,1.0,1.0,70.69375610351562,72.04756469726563,9.694636437908493,0.0325,0.1,0.05,0.1,0.0,0.15,0.04571428571428573,0.3950066522093813,0.014434807766243753,191.12024062562097,0.23544507137231369,0.08101071428571428,0.24570216800824582,0.06621428571428571,0.3950066522093813,0.1493237742938404,LOW-COMPLEXITY,Low
286,1430.0,1435.0,0.0,1.0,1.0,70.78182220458984,72.1681137084961,11.322144607843136,0.0325,0.1,0.05,0.1,0.0,0.15,0.04571428571428573,0.40997210226140973,0.01763222078046905,195.33974440467003,0.2552271850026747,0.08101071428571428,0.25089076315326153,0.06621428571428571,0.40997210226140973,0.1572894768967693,LOW-COMPLEXITY,Low
287,1435.0,1440.0,0.0,1.0,1.0,69.04813385009766,70.0907974243164,12.377083333333331,0.1325,0.1,0.05,0.1,0.08749999991249999,0.42999999999999994,0.06857142857142857,0.3968676715110883,0.018018904267589387,187.52225788158674,0.23591686706486398,0.21883482141479016,0.30245046902013323,0.20169642854080352,0.3968676715110883,0.24238489409742078,LOW-COMPLEXITY,Moderate
288,1440.0,1445.0,0.0,1.0,1.7600000000000051,71.31211853027344,74.08302154541016,10.307618464052288,0.13820000000000005,0.1,0.08800000000000026,0.11363636363636331,0.08749999991249999,0.42999999999999994,0.09987658801014411,0.38469287568059407,0.015413059400230682,201.14043880340657,0.22681261083498916,0.2324525657706314,0.3039051567584262,0.2110879763724182,0.38469287568059407,0.24608137956431683,LOW-COMPLEXITY,Moderate
289,1445.0,1450.0,0.0,4.0,9.760000000000005,66.5235595703125,68.5123062133789,13.791756535947714,0.19820000000000004,0.4,0.48800000000000027,0.5122950819672129,0.021874999994531248,0.5,0.7249693750784887,0.4204309557479452,0.020736089484813532,163.00079483397766,0.27770062873354484,0.5225569906582812,0.43478080060072766,0.4001470625216325,0.4204309557479452,0.4196612619018141,HEAVY-TAIL-RISK,Moderate
290,1450.0,1455.0,1.0,4.0,8.0,51.53432846069336,54.01295623779297,14.083819444444446,0.2975,0.4,0.4,0.1125,0.27187499997265624,0.419,0.13319718309684156,0.3930415191429248,0.018581373349993595,107.89219211446222,0.23918235309672986,0.2715035871428194,0.34191203126134917,0.2817654049194821,0.3930415191429248,0.26572958516863215,SPARSE-EXTREME,Moderate
291,1455.0,1460.0,0.0,0.0,6.760000000000005,52.60542678833008,61.00587692260742,3.297888071895425,0.05070000000000004,0.0,0.33800000000000024,0.7396449704142006,0.0,0.0,0.4598380387877223,0.531058433829083,0.006460143374343203,129.84799297511105,0.4426403490147925,0.2000295468726592,0.3404067120752916,0.1379514116363167,0.531058433829083,0.2766736210946359,SPARSE-EXTREME,Moderate
292,1460.0,1465.0,0.0,1.0,1.0,65.3011245727539,69.05734558105469,13.025273692810458,0.0325,0.1,0.05,0.1,0.0,0.15,0.04571428571428573,0.38351536521078866,0.019284159297706008,213.34964892405083,0.22976868048998889,0.08101071428571428,0.24078850647500408,0.06621428571428571,0.38351536521078866,0.14763861906569156,LOW-COMPLEXITY,Low
293,1465.0,1470.0,0.0,1.0,2.0,64.07207489013672,66.8139419555664,10.441899509803921,0.04,0.1,0.1,1.0,0.0,0.15,0.35111111111111115,0.39475071206671447,0.01674756712161989,193.6185569974151,0.24384765796115726,0.21385833333333337,0.30539810491387537,0.15783333333333335,0.39475071206671447,0.22029215435042307,LOW-COMPLEXITY,Moderate
294,1470.0,1475.0,0.0,1.0,1.7600000000000051,64.07260131835938,65.32557373046875,10.797679738562092,0.03820000000000004,0.1,0.08800000000000026,1.0,0.0,0.15,0.34610328638497667,0.4084248765151966,0.017119559143919,193.61905977177207,0.2565559909510845,0.21167992957746484,0.3107503189578748,0.156330985915493,0.4084248765151966,0.22434988093974578,LOW-COMPLEXITY,Moderate
295,1475.0,1480.0,0.0,1.0,3.5200000000000102,63.31007766723633,65.31690979003906,7.200833333333332,0.05140000000000008,0.1,0.17600000000000052,1.0,0.0,0.15,0.3735548172757477,0.3893044227504327,0.011199332948865822,192.2945978031109,0.23241279910071264,0.22362134551495028,0.3088578587484218,0.1645664451827243,0.3893044227504327,0.2205137670160579,LOW-COMPLEXITY,Moderate
296,1480.0,1485.0,0.0,0.0,1.0,60.65998840332031,60.961631774902344,1.554264705882353,0.0075,0.0,0.05,0.1,0.0,0.0,0.0,0.4078769819915469,0.0030060045815711906,160.37377946543037,0.25015808415494334,0.0,0.22149579690024893,0.0,0.4078769819915469,0.10063332549467208,LOW-COMPLEXITY,Low
297,1485.0,1490.0,0.0,1.0,2.0,60.39768981933594,66.348779296875,7.505318627450981,0.04,0.1,0.1,1.0,0.0,0.15,0.35111111111111115,0.4167074115983459,0.013221411476355251,177.86315796324584,0.28540012428632494,0.21385833333333337,0.3086578769968803,0.15783333333333335,0.4167074115983459,0.23672013285915075,LOW-COMPLEXITY,Moderate
298,1490.0,1495.0,0.0,0.0,1.0,66.75873565673828,67.73150787353515,6.676895424836601,0.0075,0.0,0.05,0.1,0.0,0.0,1.0,0.41024578911602605,0.009595737857234398,196.05195846796124,0.25364890028550063,0.435,0.4239165838771852,0.3,0.41024578911602605,0.3226338072207586,HEAVY-TAIL-RISK,Moderate
299,1495.0,1500.0,0.0,1.0,45.480000000000246,61.31951141357422,75.5836166381836,6.998124999999999,0.175,0.1,1.0,0.15831134564643715,0.0,0.15,0.5926906774795736,0.4194045927658653,0.013694908849160579,199.87709523628334,0.31635919833313586,0.3189454447036145,0.3526972443650161,0.23030720324387208,0.4194045927658653,0.3031760881247933,SPARSE-EXTREME,Moderate
300,1500.0,1505.0,0.0,1.0,1.0,75.60121154785156,76.78906860351563,7.624979575163398,0.0325,0.1,0.05,0.1,0.0,0.15,0.04571428571428573,0.41672892694454194,0.013825436530821479,255.42616288656046,0.26158066555907267,0.08101071428571428,0.2566312152492554,0.06621428571428571,0.41672892694454194,0.16078616923778308,LOW-COMPLEXITY,Low
301,1505.0,1510.0,0.0,1.0,2.760000000000005,74.04763793945312,76.82285919189454,7.572883986928103,0.04570000000000004,0.1,0.13800000000000026,1.0,0.0,0.15,0.3639543726235743,0.3970917055207246,0.016974641804434188,232.69070171686437,0.24648882423714708,0.21944515209125479,0.3115056841706823,0.16168631178707227,0.3970917055207246,0.22509163109166733,LOW-COMPLEXITY,Moderate
302,1510.0,1515.0,0.0,1.0,1.0,67.01878356933594,67.45894927978516,2.58031862745098,0.0325,0.1,0.05,0.1,0.0,0.15,0.04571428571428573,0.4281933667999997,0.004386217160066639,184.66237722827773,0.28419758408679824,0.08101071428571428,0.2558524925975342,0.06621428571428571,0.4281933667999997,0.16895596560967902,LOW-COMPLEXITY,Low
303,1515.0,1520.0,0.0,0.0,1.0,50.01866149902344,50.34541244506836,2.78031454248366,0.0075,0.0,0.05,0.1,0.0,0.0,0.04760395761369884,0.4141784916213999,0.00430690263360246,148.87095201966076,0.2561259385043495,0.02070772156195899,0.2317512886165237,0.01428118728410965,0.4141784916213999,0.11277189100466288,LOW-COMPLEXITY,Low
304,1520.0,1525.0,0.0,1.6000000000000085,33.28000000000014,51.80897521972656,80.12481079101562,6.857459150326798,0.19000000000000022,0.16000000000000086,1.0,0.15024038461538397,0.0,0.15,0.3717472304185474,0.4012040943887361,0.010612815904139431,184.742556047068,0.3366476268050821,0.2228350452320681,0.28985830265385476,0.16402416912556422,0.4012040943887361,0.2627352802969883,SPARSE-EXTREME,Low
305,1525.0,1530.0,0.0,0.0,7.0,77.2640380859375,78.41638488769532,3.282888071895424,0.0525,0.0,0.35,0.5857142857142856,0.0,0.0,0.5327461623020305,0.4748340113759245,0.00580681196334743,218.67276250623425,0.33452297434967315,0.23174458060138325,0.351607475397485,0.15982384869060914,0.4748340113759245,0.25152752506527976,SPARSE-EXTREME,Moderate
306,1530.0,1535.0,0.0,7.0,15.760000000000005,63.77263259887695,78.25094604492188,13.60237336601307,0.3360571428571429,0.7,0.7880000000000003,0.31725888324873086,0.03749999999464285,0.5,0.4077823136452465,0.374700856917562,0.01802647235037806,199.37803551157438,0.25303953597007944,0.38704155643483845,0.3481591230649694,0.31045969409169893,0.374700856917562,0.34086759387517546,SPARSE-EXTREME,Moderate
307,1535.0,1540.0,14.0,25.60000000000001,32.760000000000005,59.76796340942383,69.69624176025391,50.94720179738562,0.33162699938949936,0.1828571428571429,0.11700000000000002,0.10683760683760682,0.546874999992523,0.1860625,0.14048730089768371,0.3634604699120511,0.08827277809816737,144.49061264388772,0.22899652920378968,0.22306525713931477,0.3574177664842641,0.29867431526668814,0.3634604699120511,0.21631808552802706,LOW-COMPLEXITY,Moderate
308,1540.0,1545.0,1.0,4.0,9.280000000000015,80.49100494384766,84.02924346923828,19.08698529411765,0.2984793103448276,0.4,0.46400000000000075,0.107758620689655,0.27187499997265624,0.419,0.20982491455962707,0.43181958903403506,0.024444672722029985,273.9486451145763,0.2864052494994397,0.3048366503291311,0.37990194440961955,0.30475372435831777,0.43181958903403506,0.30443714521852194,SPARSE-EXTREME,Moderate
309,1545.0,1550.0,1.0,2.0,3.760000000000005,78.2581558227539,81.52828521728516,11.401511437908496,0.2611787234042552,0.2,0.18800000000000025,0.10638297872340412,0.456249999934375,0.23666666666666666,0.263554637017242,0.3787587400501934,0.015350976387286943,257.7742687590349,0.22091553253298854,0.282947308758831,0.38720463430763474,0.32158722441553717,0.3787587400501934,0.24998956548087106,BURST-DOMINATED,Moderate
310,1550.0,1555.0,0.0,1.0,10.52000000000001,68.87112426757812,74.93562774658203,4.798239379084968,0.10390000000000008,0.1,0.5260000000000005,0.598859315589353,0.0,0.15,0.28363097495441975,0.5057066759433837,0.007809856305267205,247.51504085111145,0.3939063434168117,0.18450447410517257,0.3268667818221398,0.13758929248632593,0.5057066759433837,0.26497452260347176,SPARSE-EXTREME,Moderate
311,1555.0,1560.0,0.0,0.0,1.0,70.23918914794922,70.64600982666016,0.9529616013071897,0.0075,0.0,0.05,0.1,0.0,0.0,0.0,0.42810602289656213,0.002434894111239267,251.82505946691472,0.2741015159706354,0.0,0.23289333782722066,0.0,0.42810602289656213,0.11153692050070442,LOW-COMPLEXITY,Low
312,1560.0,1565.0,0.0,1.0,1.0,67.27066040039062,69.64846801757812,4.391605392156863,0.0325,0.1,0.05,0.1,0.0,0.15,0.04571428571428573,0.44316775577188816,0.006863391644239396,233.1805023643281,0.2984593373040791,0.08101071428571428,0.26114185527812456,0.06621428571428571,0.44316775577188816,0.17419452191355395,LOW-COMPLEXITY,Low
313,1565.0,1570.0,0.0,1.0,43.480000000000246,85.88695526123047,86.9976089477539,4.324750816993465,0.175,0.1,1.0,0.24609015639374285,0.0,0.15,0.6721798777482875,0.47886812289308056,0.010094775246699987,279.3167944144083,0.34099600760349724,0.35352324682050507,0.40313147873557664,0.25415396332448625,0.47886812289308056,0.3302039722981734,HEAVY-TAIL-RISK,Moderate
314,1570.0,1575.0,0.0,0.0,1.7600000000000051,72.12532806396484,72.43266296386719,2.0552083333333333,0.013200000000000038,0.0,0.08800000000000026,1.0,0.0,0.0,1.0,0.4017780350542915,0.004053980199923105,351.4712285916504,0.23964252291201485,0.435,0.4310572171767139,0.3,0.4017780350542915,0.3202467787042844,HEAVY-TAIL-RISK,Moderate
315,1575.0,1580.0,0.0,0.0,1.0,71.55602264404297,71.98228454589844,3.84546977124183,0.0075,0.0,0.05,0.1,0.0,0.0,1.0,0.4168457038868896,0.005187849224657183,351.70654179482284,0.26281117551029387,0.435,0.4363993098148125,0.3,0.4168457038868896,0.3299339202186089,HEAVY-TAIL-RISK,Moderate
316,1580.0,1585.0,0.0,0.0,0.7600000000000051,70.23278045654297,70.96095428466796,4.048892973856209,0.005700000000000038,0.0,0.038000000000000256,1.0,0.0,0.0,0.28,0.40653279333639786,0.0062916645841343075,345.97695461802346,0.24850550141120645,0.1218,0.2877574000383796,0.084,0.40653279333639786,0.16533464238493661,LOW-COMPLEXITY,Low
317,1585.0,1590.0,0.0,0.0,0.7600000000000051,70.31536102294922,71.23312225341797,4.965171568627451,0.005700000000000038,0.0,0.038000000000000256,1.0,0.0,0.0,0.28,0.4021123499365308,0.007060525919518134,346.828213050758,0.24286652208625226,0.1218,0.2860938830136942,0.084,0.4021123499365308,0.1630380326137864,LOW-COMPLEXITY,Low
318,1590.0,1595.0,0.0,0.0,5.560000000000031,69.88602447509766,85.77250213623047,2.0056004901960787,0.04170000000000023,0.0,0.2780000000000015,1.0,0.0,0.0,1.0,0.484458581162043,0.005710455113417916,328.564067605581,0.39959455173253466,0.435,0.4429192935434063,0.3,0.484458581162043,0.38370438331594875,HEAVY-TAIL-RISK,Moderate
319,1595.0,1600.0,0.0,1.0,3.760000000000005,86.72639465332031,87.317578125,5.354677287581699,0.05320000000000004,0.1,0.18800000000000025,1.0,0.0,0.15,0.37610223642172536,0.42704211404315195,0.008774229142637445,325.164897298705,0.28227796980454267,0.22472947284345052,0.3305315663691244,0.1653306709265176,0.42704211404315195,0.24397984008393567,LOW-COMPLEXITY,Moderate
320,1600.0,1605.0,0.0,1.0,2.0,67.02949523925781,68.3934097290039,6.740449346405229,0.14,0.1,0.1,0.15,0.08749999991249999,0.42999999999999994,0.12399999997200001,0.4213947532818005,0.008519010797129307,358.6407496782915,0.2699441334699726,0.24294624997403874,0.3311593979370037,0.21832499996097496,0.4213947532818005,0.2716291676882875,LOW-COMPLEXITY,Moderate
321,1605.0,1610.0,0.0,1.0,3.0,66.47213745117188,67.97909545898438,8.592634803921568,0.14750000000000002,0.1,0.15,0.13333333333333333,0.08749999991249999,0.42999999999999994,0.12476923076223079,0.4173309249313641,0.01044871683967705,342.2523004702054,0.26593395291699373,0.2432808653677891,0.32911096884466,0.21855576919804418,0.4173309249313641,0.2700384689356214,LOW-COMPLEXITY,Moderate
322,1610.0,1615.0,0.0,1.0,1.0,66.29219818115234,67.91293487548828,7.553476307189542,0.0325,0.1,0.05,0.1,0.0,0.15,0.04571428571428573,0.3899346221958427,0.009117015570934257,349.07930943017135,0.23029623716615213,0.08101071428571428,0.2529161100425742,0.06621428571428571,0.3899346221958427,0.1505422444061592,LOW-COMPLEXITY,Low
323,1615.0,1620.0,0.0,1.0,1.0,64.93864440917969,66.43316497802735,7.037606209150327,0.0325,0.1,0.05,0.2,0.0,0.15,0.04571428571428573,0.4221646908279712,0.008889041874919902,337.7222759508517,0.2713596156735776,0.08101071428571428,0.26273395211239736,0.06621428571428571,0.4221646908279712,0.16645266122627791,LOW-COMPLEXITY,Low
324,1620.0,1625.0,0.0,1.0,2.0,67.78826141357422,69.38218994140625,11.135767973856211,0.14,0.1,0.1,0.1,0.08749999991249999,0.42999999999999994,0.096,0.3891442312943927,0.013020641099577086,350.99313190414784,0.229265296686561,0.2307662499862187,0.3146787472320273,0.20992499996937494,0.3891442312943927,0.2493841520508919,LOW-COMPLEXITY,Moderate
325,1625.0,1630.0,0.0,0.0,17.720000000000113,65.33673095703125,66.55543670654298,5.992524509803921,0.13290000000000085,0.0,0.8860000000000057,0.2934537246049643,0.0,0.0,0.05416704288633317,0.4167479110901042,0.009421689894912214,328.6924265794383,0.26142500979452693,0.023562663655554927,0.2436975974799281,0.01625011286589995,0.4167479110901042,0.11994474267566223,SPARSE-EXTREME,Low
326,1630.0,1635.0,0.0,1.0,1.0,65.39018249511719,65.95724639892578,5.041899509803921,0.0325,0.1,0.05,0.2,0.0,0.15,0.04571428571428573,0.4160709242660611,0.006780576541073947,321.262649546793,0.2585356603772966,0.08101071428571428,0.26042827901117316,0.06621428571428571,0.4160709242660611,0.1607571396331865,LOW-COMPLEXITY,Low
327,1635.0,1640.0,0.0,3.0,6.280000000000015,68.02057647705078,71.61212921142578,10.388705065359478,0.15543333333333345,0.3,0.3140000000000008,0.6050955414012724,0.02916666665694444,0.5,0.45083072727295753,0.37642586810985323,0.013971921696783289,313.07218793725167,0.2210566436655723,0.4044551163622053,0.37442344942836986,0.32045755151181776,0.37642586810985323,0.3400946711961959,SPARSE-EXTREME,Moderate
328,1640.0,1645.0,0.0,0.0,1.7600000000000051,68.64518737792969,69.1140380859375,2.645269607843137,0.013200000000000038,0.0,0.08800000000000026,1.0,0.0,0.0,0.28,0.4262281141336567,0.0053245370370370365,255.97768338542582,0.27963975108568545,0.1218,0.2887503605018014,0.084,0.4262281141336567,0.17632547318505903,LOW-COMPLEXITY,Low
329,1645.0,1650.0,0.0,1.0,7.0400000000000205,59.28626251220703,66.90650939941406,3.090494281045752,0.07780000000000015,0.1,0.35200000000000103,0.5965909090909074,0.0,0.15,0.4711303480673156,0.463387232246853,0.0060164556901191844,237.93770657932916,0.35592738149812003,0.2660667014092823,0.3502958238338718,0.19383910442019467,0.463387232246853,0.2928899732392992,SPARSE-EXTREME,Moderate
330,1650.0,1655.0,0.0,1.0,31.08000000000017,64.78895568847656,65.47398834228515,5.469603758169934,0.175,0.1,1.0,0.18339768339768242,0.0,0.15,0.489000600361737,0.42557599426419956,0.009408648276303985,245.04073762067299,0.2761775761172595,0.2738402611573556,0.3482952334239472,0.19920018010852109,0.42557599426419956,0.26444821124522194,SPARSE-EXTREME,Moderate
331,1655.0,1660.0,0.0,1.6000000000000085,4.52000000000001,57.95716094970703,61.32667617797851,9.323459967320261,0.13639999999999997,0.16000000000000086,0.2260000000000005,0.9292035398230067,0.05468749996582002,0.5,0.4265965517241377,0.4094192947611546,0.012428615756760221,240.66275791017463,0.26512087327084133,0.3979327812446165,0.38052410503993034,0.3221195905052783,0.4094192947611546,0.35237853246772827,SPARSE-EXTREME,Moderate
332,1660.0,1665.0,0.0,1.0,1.0,59.37828826904297,60.42926559448242,9.154669117647058,0.0325,0.1,0.05,0.1,0.0,0.15,0.04571428571428573,0.39749445620209095,0.011539599192618221,261.6126516950101,0.23841749532649859,0.08101071428571428,0.2508164846873999,0.06621428571428571,0.39749445620209095,0.1519780461104594,LOW-COMPLEXITY,Low
333,1665.0,1670.0,0.0,1.0,7.0,57.8967399597168,59.603047943115236,7.729232026143791,0.0775,0.1,0.35,0.8,0.0,0.15,0.34656140347066083,0.3879113456947873,0.010536200339612972,246.0051953400917,0.22956878687855742,0.21187921050973746,0.30608691435995267,0.15646842104119824,0.3879113456947873,0.21442118756216444,SPARSE-EXTREME,Moderate
334,1670.0,1675.0,0.0,1.0,1.7600000000000051,57.144073486328125,61.80574188232422,4.1440849673202615,0.13820000000000005,0.1,0.08800000000000026,0.11363636363636331,0.08749999991249999,0.42999999999999994,0.09987658801014411,0.4478633262213578,0.006767099513007817,244.09488290890846,0.32054062282574725,0.2324525657706314,0.32372386401330805,0.2110879763724182,0.4478633262213578,0.28408932046371355,LOW-COMPLEXITY,Moderate
335,1675.0,1680.0,0.0,1.0,8.080000000000041,53.572471618652344,59.33290405273438,6.718296568627451,0.18560000000000032,0.1,0.404000000000002,0.8415841584158373,0.08749999991249999,0.42999999999999994,0.37430886186054374,0.45662211618607784,0.010850039407920033,212.25859133300506,0.3418735459195544,0.3518306048955553,0.37997714797654036,0.2934176585275381,0.45662211618607784,0.3534195749841284,SPARSE-EXTREME,Moderate
336,1680.0,1685.0,0.0,3.0,9.04000000000002,63.971500396728516,66.00101470947266,9.67297794117647,0.17613333333333347,0.3,0.452000000000001,0.14380530973451294,0.02916666665694444,0.5,0.3539642333900248,0.4136042194172051,0.012814016724336795,225.31176948002812,0.2694712164740803,0.36231819152312955,0.36286442089199034,0.291397603346938,0.4136042194172051,0.3364317357034392,SPARSE-EXTREME,Moderate
337,1685.0,1690.0,0.0,0.0,3.5200000000000102,67.67577362060547,68.68733520507813,1.7009150326797384,0.026400000000000076,0.0,0.17600000000000052,1.0,0.0,0.0,0.28,0.4032701461559999,0.005370972542611816,260.0421358600531,0.24335680791579112,0.1218,0.28057904594411515,0.084,0.4032701461559999,0.16106353349933591,LOW-COMPLEXITY,Low
338,1690.0,1695.0,0.0,0.0,1.0,67.58003997802734,77.98417510986329,4.130821078431373,0.0075,0.0,0.05,1.0,0.0,0.0,0.28,0.44306290057679376,0.008091282519543766,243.7015574901347,0.32917735827203204,0.1218,0.28318941999923586,0.084,0.44306290057679376,0.1949392509915501,LOW-COMPLEXITY,Low
339,1695.0,1700.0,0.0,0.6000000000000085,54.96000000000036,78.6328125,81.85811004638671,5.884460784313727,0.1650000000000002,0.06000000000000085,1.0,0.13282387190684047,0.0,0.15,0.16504132953903647,0.40261585484072737,0.011842635524798154,212.6159315511255,0.25747855769964756,0.13291797834948085,0.271176103930215,0.10201239886171093,0.40261585484072737,0.18525315094607264,SPARSE-EXTREME,Low
340,1700.0,1705.0,0.0,1.0,1.0,79.1875,79.86273345947265,7.717908496732026,0.0325,0.1,0.05,0.2,0.0,0.15,0.04571428571428573,0.426452729477764,0.011513345988722288,192.3349531554468,0.26908252235699665,0.08101071428571428,0.25561356282480685,0.06621428571428571,0.426452729477764,0.1617499686548826,LOW-COMPLEXITY,Low
341,1705.0,1710.0,0.0,1.0,2.760000000000005,79.01432800292969,80.4883041381836,7.275412581699346,0.04570000000000004,0.1,0.13800000000000026,1.0,0.0,0.15,0.3639543726235743,0.43774495149388953,0.013909206555171087,196.2797593335723,0.2927173621443607,0.21944515209125479,0.32358103546611205,0.16168631178707227,0.43774495149388953,0.2422689615053833,LOW-COMPLEXITY,Moderate
342,1710.0,1715.0,0.0,0.0,0.0,66.02557373046875,66.21916046142579,0.4610539215686274,0.0,0.0,0.0,0.0,0.0,0.0,0.0,0.46787299345257083,0.0016201409714212483,288.32179930442413,0.31870712977551674,0.0,0.2466044523466681,0.0,0.46787299345257083,0.12869687484594947,LOW-COMPLEXITY,Low
343,1715.0,1720.0,0.0,0.0,1.0,51.838706970214844,55.1052848815918,5.555049019607843,0.0075,0.0,0.05,0.1,0.0,0.0,1.0,0.40535637490094434,0.007687200916314238,193.97705434042774,0.25783762285678496,0.435,0.41828541874851993,0.3,0.40535637490094434,0.3239796142651383,HEAVY-TAIL-RISK,Moderate
344,1720.0,1725.0,0.0,1.0,1.0,51.63168716430664,52.12638854980469,1.7541789215686276,0.0325,0.1,0.05,0.1,0.0,0.15,0.04571428571428573,0.4016533594576501,0.00357593185313341,195.41046847388026,0.24341591043862754,0.08101071428571428,0.24873111303078493,0.06621428571428571,0.4016533594576501,0.1527076477728188,LOW-COMPLEXITY,Low
345,1725.0,1730.0,1.0,2.0,3.0,52.72245407104492,55.3558952331543,8.676593137254901,0.2891666666666667,0.2,0.15,0.1,0.456249999934375,0.23666666666666666,0.23214039953366336,0.4104402105442109,0.012531570069204152,214.02856153344882,0.2658611687026416,0.2692821154534743,0.3885450184338353,0.31216295317046355,0.4104402105442109,0.2602990147638266,BURST-DOMINATED,Moderate
346,1730.0,1735.0,0.0,0.0,1.0,54.412315368652344,55.362509155273436,2.6768423202614375,0.0075,0.0,0.05,0.1,0.0,0.0,0.0,0.39945074715418605,0.004467665801614764,232.22459303624393,0.241710838981827,0.0,0.22208282041081795,0.0,0.39945074715418605,0.09872171984615327,LOW-COMPLEXITY,Low
347,1735.0,1740.0,1.0,3.0,5.52000000000001,58.634849548339844,63.75205535888672,12.448529411764707,0.2736463768115941,0.3,0.2760000000000005,0.14492753623188379,0.3333333332944444,0.34500000000000003,0.15105908322712921,0.3648481354387429,0.018163151992823274,235.94533291655586,0.2147570927062813,0.25879820119767616,0.34478567935480536,0.2827343916211943,0.3648481354387429,0.24575036275170617,SPARSE-EXTREME,Moderate
348,1740.0,1745.0,0.0,1.0,1.0,62.64085388183594,64.0949951171875,5.040743464052288,0.1325,0.1,0.05,0.2,0.08749999991249999,0.42999999999999994,0.06857142857142857,0.40151465476607345,0.007288083269255416,242.50329016057339,0.24632980723904552,0.21883482141479016,0.3066644010785677,0.20169642854080352,0.40151465476607345,0.24790449459121733,LOW-COMPLEXITY,Moderate
349,1745.0,1750.0,0.0,0.0,1.0,61.74317932128906,62.22217483520508,3.9033905228758172,0.0075,0.0,0.05,0.1,0.0,0.0,0.0,0.39913832675237293,0.006120577822632319,238.85174858262837,0.23856421692697166,0.0,0.22307354612651797,0.0,0.39913832675237293,0.09757326791967388,LOW-COMPLEXITY,Low
350,1750.0,1755.0,0.0,0.0,1.0,62.02240753173828,62.51235122680664,1.6109763071895422,0.0075,0.0,0.05,0.1,0.0,0.0,0.0,0.4055861276696105,0.0033285686594899393,237.44628500659866,0.24485379528875467,0.0,0.22446556186420227,0.0,0.4055861276696105,0.09959331237944552,LOW-COMPLEXITY,Low
351,1755.0,1760.0,0.0,0.0,1.0,62.76227569580078,63.36003952026367,1.3266544117647057,0.0075,0.0,0.05,0.1,0.0,0.0,0.0,0.39962474662826963,0.002827087178008459,243.14700519892395,0.23826165207656386,0.0,0.22285976868433918,0.0,0.39962474662826963,0.09722555842073323,LOW-COMPLEXITY,Low
352,1760.0,1765.0,0.0,0.0,1.0,64.66506958007812,64.94314727783203,1.8268259803921572,0.0075,0.0,0.05,1.0,0.0,0.0,0.28,0.4219444172652471,0.003841209951300782,268.82550644712455,0.2649602051298618,0.1218,0.2880382663592347,0.084,0.4219444172652471,0.16980739147435128,LOW-COMPLEXITY,Low
353,1765.0,1770.0,0.0,0.0,3.760000000000005,64.31531524658203,64.5970474243164,2.241082516339869,0.028200000000000038,0.0,0.18800000000000025,1.0,0.0,0.0,1.0,0.4716205224393289,0.005717416218121236,266.8361854620792,0.32312388040215306,0.435,0.44687619812309787,0.3,0.4716205224393289,0.35006347893432854,HEAVY-TAIL-RISK,Moderate
354,1770.0,1775.0,0.0,0.0,1.0,53.690643310546875,53.99822158813477,1.689967320261438,0.0075,0.0,0.05,0.1,0.0,0.0,0.0,0.4120405248443805,0.003354595187748302,203.45105739124313,0.25390919750113994,0.0,0.2250043062044651,0.0,0.4120405248443805,0.10269597471103763,LOW-COMPLEXITY,Low
355,1775.0,1780.0,0.0,1.0,11.880000000000067,54.79521560668945,64.44334106445312,5.8574183006535945,0.1141000000000005,0.1,0.5940000000000033,0.9090909090909041,0.0,0.15,0.37955123535319313,0.4346784217071406,0.011030045655517108,222.26104301816946,0.3261373992265713,0.22622978737863902,0.31764547503748125,0.16636537060595794,0.4346784217071406,0.2600076957525979,SPARSE-EXTREME,Moderate
356,1780.0,1785.0,0.0,0.0,3.760000000000005,64.37743377685547,65.04932556152343,1.556911764705882,0.028200000000000038,0.0,0.18800000000000025,0.5319148936170206,0.0,0.0,0.1209361701806019,0.47659610967456156,0.004070366846084838,267.54117811692396,0.331191777681332,0.05260723402856183,0.27176334610075076,0.03628085105418057,0.47659610967456156,0.15970445808437866,LOW-COMPLEXITY,Low
357,1785.0,1790.0,0.0,0.0,0.0,57.640586853027344,59.998284912109376,3.9729616013071896,0.0,0.0,0.0,0.1,0.0,0.0,0.0,0.4000273116792423,0.005834741445597846,220.9995147155944,0.24920042694635947,0.0,0.22011006495190769,0.0,0.4000273116792423,0.10163190828653684,LOW-COMPLEXITY,Low
358,1790.0,1795.0,0.0,0.0,1.7600000000000051,53.337158203125,57.24789199829104,3.4499754901960786,0.013200000000000038,0.0,0.08800000000000026,1.0,0.0,0.0,0.28,0.4002885292481899,0.007802099673202614,191.5452624527244,0.2571609953785061,0.1218,0.272092744595932,0.084,0.4002885292481899,0.1657408259857818,LOW-COMPLEXITY,Low
359,1795.0,1800.0,0.0,0.0,1.7600000000000051,57.94593811035156,58.25999526977539,2.4322385620915035,0.013200000000000038,0.0,0.08800000000000026,1.0,0.0,0.0,1.0,0.42482958981647345,0.006183440343457645,186.04531801942744,0.2756559631539332,0.435,0.42901951629774265,0.3,0.42482958981647345,0.3317774148270582,HEAVY-TAIL-RISK,Moderate
360,1800.0,1805.0,0.0,0.0,1.0,53.794063568115234,67.57014770507813,2.544027777777778,0.0075,0.0,0.05,1.0,0.0,0.0,0.28,0.4477076951491238,0.005332854991669872,227.02069722400086,0.3578459217164996,0.1218,0.2815210462175593,0.084,0.4477076951491238,0.2075284032471146,LOW-COMPLEXITY,Low
361,1805.0,1810.0,0.0,0.0,1.0,67.4591064453125,67.7507537841797,2.4919852941176472,0.0075,0.0,0.05,0.1,0.0,0.0,1.0,0.410131530336998,0.0042448258682557995,270.2143841016803,0.24989677091530083,0.435,0.42875488827273783,0.3,0.410131530336998,0.32247971376885914,HEAVY-TAIL-RISK,Moderate
362,1810.0,1815.0,0.0,0.0,0.7600000000000051,68.02869415283203,68.59971160888672,1.4272058823529414,0.005700000000000038,0.0,0.038000000000000256,0.1,0.0,0.0,0.0088421052515233,0.3996115454006095,0.0028946515763168005,271.63926789820437,0.24004480276557177,0.003846315784412635,0.22700776480356658,0.0026526315754569897,0.3996115454006095,0.1008985485016103,LOW-COMPLEXITY,Low
363,1815.0,1820.0,0.0,0.0,0.0,68.07736206054688,68.66493682861328,1.7274795751633985,0.0,0.0,0.0,0.1,0.0,0.0,0.0,0.41959655349532865,0.003257063949762912,272.48372006056513,0.2646314092963137,0.0,0.2313948538087391,0.0,0.41959655349532865,0.10840476510738334,LOW-COMPLEXITY,Low
364,1820.0,1825.0,0.0,0.0,0.0,68.42278289794922,68.72919158935547,1.555326797385621,0.0,0.0,0.0,0.1,0.0,0.0,0.0,0.40567982267038566,0.002948965782391388,272.03535556452647,0.24565424237190142,0.0,0.22720679296076415,0.0,0.40567982267038566,0.10092954305462175,LOW-COMPLEXITY,Low
365,1825.0,1830.0,0.0,0.0,0.0,67.7221450805664,68.16656646728515,1.4298570261437908,0.0,0.0,0.0,0.0,0.0,0.0,0.0,0.41260785060054844,0.0028473987568883754,268.00040596609693,0.25620292047132087,0.0,0.22932242390639504,0.0,0.41260785060054844,0.10521234595276159,LOW-COMPLEXITY,Low
366,1830.0,1835.0,0.0,0.0,1.0,67.82251739501953,68.03964691162109,1.6771977124183006,0.0075,0.0,0.05,0.1,0.0,0.0,0.0,0.41591114492031384,0.0035448969947456115,265.9633967233746,0.2569129792809609,0.0,0.22987858661668523,0.0,0.41591114492031384,0.10493620872624183,LOW-COMPLEXITY,Low
367,1835.0,1840.0,0.0,1.0,3.0,67.1118392944336,67.71558227539063,4.386825980392157,0.14750000000000002,0.1,0.15,0.1,0.08749999991249999,0.42999999999999994,0.11346923076923078,0.4331021885431952,0.006889842208125081,261.75379032571294,0.28041747945132883,0.2383653653708341,0.32731956144387786,0.21516576920014419,0.4331021885431952,0.27101542371060744,LOW-COMPLEXITY,Moderate
368,1840.0,1845.0,2.0,3.0,4.0,65.29742431640625,69.42420349121093,15.522446895424839,0.3358333333333333,0.15,0.1,0.1,0.6374999999319444,0.20249999999999999,0.16116341463414607,0.39565575347759946,0.02096705594002307,257.8015390499917,0.2475688773795114,0.2530310853551348,0.4022198977076792,0.34234902436642434,0.39565575347759946,0.24044697671316542,LOW-COMPLEXITY,Moderate
369,1845.0,1850.0,3.0,8.0,17.56000000000003,60.260414123535156,67.63934478759766,27.69108660130719,0.25848807896734993,0.26666666666666666,0.2926666666666672,0.2733485193621863,0.3859374999822266,0.2831410256410256,0.3192946055739007,0.3739184066953437,0.04258056596821735,192.52972092829378,0.23749833503472137,0.3150582776205655,0.38035082324676817,0.3299658656403085,0.3739184066953437,0.2770718012262351,SPARSE-EXTREME,Moderate
370,1850.0,1855.0,2.0,5.0,6.760000000000005,59.24016189575195,62.45595474243164,20.47252450980392,0.25577899408284016,0.25,0.16900000000000012,0.1035502958579881,0.4174999999685,0.25305555555555553,0.2527441965078638,0.3862926872793301,0.031474036428296805,180.36880609371684,0.2357548431547642,0.2788201143648484,0.3769619122334523,0.31051770338577855,0.3862926872793301,0.25441643740432635,BURST-DOMINATED,Moderate
371,1855.0,1860.0,2.0,3.0,5.0,51.52690505981445,54.214679718017585,15.53544526143791,0.28958333333333336,0.15,0.125,0.1,0.6374999999319444,0.20249999999999999,0.2497776418242244,0.3792310819365155,0.019286523612713057,94.06223917658644,0.22448371925755567,0.29157827418281884,0.40558557190247163,0.36893329252344786,0.3792310819365155,0.2474806855841477,LOW-COMPLEXITY,Moderate
372,1860.0,1865.0,1.0,2.0,5.760000000000005,56.94647979736328,60.3724723815918,7.130220588235295,0.23000555555555552,0.2,0.28800000000000026,0.8680555555555548,0.456249999934375,0.23666666666666666,0.6476957202293796,0.4170073025677676,0.011135886037421503,124.18937220336886,0.270778210048513,0.45004867995611075,0.4659926439421743,0.4368295493791784,0.4170073025677676,0.35055572946314917,HEAVY-TAIL-RISK,Moderate
373,1865.0,1870.0,0.0,1.0,1.7600000000000051,60.70005798339844,61.11736907958984,3.605379901960784,0.13820000000000005,0.1,0.08800000000000026,0.11363636363636331,0.08749999991249999,0.42999999999999994,0.09987658801014411,0.4489420862984229,0.006078595091631423,172.5428924988317,0.29843673822659,0.2324525657706314,0.3240694036623537,0.2110879763724182,0.4489420862984229,0.2728886270220347,LOW-COMPLEXITY,Moderate
374,1870.0,1875.0,0.0,1.0,1.0,58.513973236083984,58.9505012512207,2.5579452614379083,0.0325,0.1,0.05,0.1,0.0,0.15,0.04571428571428573,0.38842047509532945,0.004793691368704342,166.66475208338215,0.22403280883479856,0.08101071428571428,0.242652222092752,0.06621428571428571,0.38842047509532945,0.144196706233173,LOW-COMPLEXITY,Low
375,1875.0,1880.0,0.0,1.0,1.0,61.230648040771484,62.0554702758789,3.087651143790849,0.0325,0.1,0.05,0.1,0.0,0.15,0.04571428571428573,0.41724659613374876,0.005331975682429834,175.6509052773698,0.2637074028680407,0.08101071428571428,0.25217678808636157,0.06621428571428571,0.41724659613374876,0.16016107108795255,LOW-COMPLEXITY,Low
376,1880.0,1885.0,0.0,1.0,1.0,59.265625,60.705107879638675,2.655853758169934,0.0325,0.1,0.05,0.1,0.0,0.15,0.04571428571428573,0.39628435553949676,0.004671105824682814,167.29357437969549,0.23947125394221064,0.08101071428571428,0.24402952998738695,0.06621428571428571,0.39628435553949676,0.1504320164389594,LOW-COMPLEXITY,Low
377,1885.0,1890.0,0.0,1.0,1.0,60.2495231628418,62.203305053710935,3.8668586601307195,0.1325,0.1,0.05,0.1,0.08749999991249999,0.42999999999999994,0.06857142857142857,0.38127532354079263,0.006581382481097014,163.2784729432569,0.22209106315929322,0.21883482141479016,0.2944421187907882,0.20169642854080352,0.38127532354079263,0.23656715655693858,LOW-COMPLEXITY,Low
378,1890.0,1895.0,0.0,1.0,2.0,55.59758758544922,61.32483062744141,5.156331699346405,0.14,0.1,0.1,0.25,0.08749999991249999,0.42999999999999994,0.36966646966208555,0.42143171654086337,0.009249040593361528,140.56585657149262,0.29306850707918636,0.34981116428922593,0.3630894210192085,0.2920249408680006,0.42143171654086337,0.3312075922104131,LOW-COMPLEXITY,Moderate
379,1895.0,1900.0,0.0,2.0,4.0,55.229034423828125,55.79374389648437,5.625669934640524,0.13,0.2,0.2,0.1,0.043749999978124995,0.5,0.2660225283369031,0.4260522736741613,0.008842014129181086,132.69206967607613,0.27256094182272494,0.32636042482310756,0.3480376805869194,0.27011925849341467,0.4260522736741613,0.31648396994877936,SPARSE-EXTREME,Moderate
380,1900.0,1905.0,0.0,1.0,41.000000000000256,62.12263870239258,62.42799606323242,8.56909722222222,0.175,0.1,1.0,0.21951219512194986,0.0,0.15,0.390996471436058,0.5079076019840051,0.015446255606817888,233.25257526841912,0.37118417025828837,0.23120846507468523,0.35352909591544424,0.1697989414308174,0.5079076019840051,0.2784998389189571,SPARSE-EXTREME,Moderate
381,1905.0,1910.0,1.0,2.0,7.52000000000001,46.034324645996094,60.85291595458985,15.183333333333332,0.22288936170212764,0.2,0.3760000000000005,1.0,0.456249999934375,0.23666666666666666,0.7159591930074268,0.3858171838439776,0.021363666538510826,174.2622282749361,0.2856707401589621,0.4797432906145614,0.46164463140940604,0.4573085912125926,0.3858171838439776,0.3745172407295595,HEAVY-TAIL-RISK,Moderate
382,1910.0,1915.0,1.0,2.0,6.52000000000001,58.14139938354492,61.61073303222656,14.102079248366014,0.22558711656441716,0.2,0.3260000000000005,1.0,0.456249999934375,0.23666666666666666,0.7376393129052841,0.3979102595048078,0.02000049035627323,219.72353544394255,0.2552204264559218,0.48917414277012927,0.48461604837781186,0.46381262718194977,0.3979102595048078,0.36756082888645236,HEAVY-TAIL-RISK,Moderate
383,1915.0,1920.0,1.0,3.0,5.760000000000005,47.03645706176758,61.953165435791014,15.232814542483661,0.2716722222222222,0.3,0.28800000000000026,1.0,0.3333333332944444,0.34500000000000003,0.6055946773116654,0.39531314745560137,0.021434295303088557,142.7054473967745,0.29829295556251256,0.45652118462444946,0.43023284035153914,0.4190950698465552,0.39531314745560137,0.37798888663714447,HEAVY-TAIL-RISK,Moderate
384,1920.0,1925.0,1.0,2.0,48.76000000000026,57.03628921508789,62.16741714477539,11.838280228758169,0.26025430680885964,0.2,1.0,0.14356029532403533,0.456249999934375,0.23666666666666666,0.4881639441547615,0.37712082874556113,0.018970967576573114,135.75862993134902,0.23472369549508584,0.380652357363652,0.4206064916893951,0.388970016556793,0.37712082874556113,0.30268517094232184,SPARSE-EXTREME,Moderate
385,1925.0,1930.0,0.0,0.0,8.800000000000026,57.55310821533203,59.10933990478516,7.388553921568628,0.06600000000000018,0.0,0.4400000000000013,1.0,0.0,0.0,0.6504594268672486,0.4084479595051269,0.01243115724721261,238.2138120181032,0.25317772167759167,0.28294985068725315,0.3547590651355526,0.19513782806017457,0.4084479595051269,0.2462114577900448,HEAVY-TAIL-RISK,Moderate
386,1930.0,1935.0,0.0,0.0,0.0,60.062835693359375,61.15260391235351,4.203774509803921,0.0,0.0,0.0,0.0,0.0,0.0,0.0,0.41047169436934455,0.006523213988209663,243.83424144573866,0.2534226273368061,0.0,0.22565951538117854,0.0,0.41047169436934455,0.1030742204594794,LOW-COMPLEXITY,Low
387,1935.0,1940.0,0.0,1.0,64.72000000000037,70.33296203613281,70.78131103515625,4.0387377450980395,0.175,0.1,1.0,0.13442521631643928,0.0,0.15,0.6182044665417095,0.4284794818918485,0.009660005446623092,224.02987891464664,0.28135984121869156,0.3300439429456436,0.37399306545045985,0.2379613399625128,0.4284794818918485,0.29468829302530103,HEAVY-TAIL-RISK,Moderate
388,1940.0,1945.0,1.0,7.0,9.52000000000001,65.69273376464844,69.3154510498047,17.247116013071896,0.3560638655462185,0.7,0.47600000000000053,0.12605042016806708,0.16785714284642855,0.6588095238095237,0.15662091186162716,0.38999252506839704,0.025943585800333204,195.61221343369056,0.24103433890340759,0.3630324776105013,0.36010804062899154,0.33631960688807144,0.38999252506839704,0.33725237013637654,SPARSE-EXTREME,Moderate
389,1945.0,1950.0,2.0,5.0,7.760000000000005,63.34197998046875,64.3869613647461,19.44314133986928,0.2604659793814432,0.25,0.19400000000000012,0.11597938144329889,0.399999999972,0.27249999999999996,0.15801486516878183,0.4147367199575944,0.023560525599128544,202.66895085925466,0.260288066098655,0.24278021634401006,0.3698104388812662,0.2827794595408345,0.4147367199575944,0.24772073644368933,BURST-DOMINATED,Moderate
390,1950.0,1955.0,1.0,3.0,5.760000000000005,61.61946487426758,64.49375762939454,14.270028594771242,0.23833888888888885,0.3,0.28800000000000026,0.12152777777777768,0.36249999995138893,0.303,0.19732904600374723,0.3839781466174229,0.01819670014737921,178.81613849339192,0.2304515327772106,0.2664043850039738,0.36031946463803327,0.2921237137841103,0.3839781466174229,0.2506923992581233,SPARSE-EXTREME,Moderate
391,1955.0,1960.0,3.0,7.0,12.760000000000005,55.12096405029297,59.63419189453125,26.655674019607844,0.25064533512464543,0.23333333333333334,0.21266666666666673,0.10188087774294667,0.4410714285482143,0.23386446886446885,0.22194881873752786,0.3911434437681043,0.038949303473023195,202.90349223587486,0.24420966765957783,0.26131625720943946,0.3739910371948554,0.30281220971569744,0.3911434437681043,0.24697427593270865,SPARSE-EXTREME,Moderate
392,1960.0,1965.0,0.0,1.0,4.0,64.2613296508789,66.33141174316407,6.3071037581699345,0.155,0.1,0.2,0.225,0.08749999991249999,0.42999999999999994,0.3453850517967345,0.38387013043414603,0.010224428585159552,239.83053654659741,0.2258387029461308,0.3392487475177982,0.3555680209720492,0.2847405155083953,0.38387013043414603,0.30070838397425625,SPARSE-EXTREME,Moderate
393,1965.0,1970.0,0.0,8.600000000000009,19.56000000000003,61.74846267700195,62.424363708496095,14.823545751633986,0.3849558139534888,0.8600000000000009,0.9780000000000015,0.11247443762781169,0.02034883720693616,0.5,0.36355455996470665,0.4264102250724843,0.0245201329616814,213.52948231259361,0.2801035945140945,0.3651011754447398,0.36882260305779024,0.29118846101183965,0.4264102250724843,0.3420703360538587,SPARSE-EXTREME,Moderate
394,1970.0,1975.0,1.0,4.6000000000000085,7.0,57.60130310058594,61.10062255859375,15.581421568627452,0.30414596273291933,0.46000000000000085,0.35,0.17142857142857143,0.23641304345758463,0.483382608695653,0.1827133055408919,0.374817757803157,0.02124728165449186,158.9398170618804,0.22019022837925858,0.3136937552983362,0.3495596442543204,0.30674246991590076,0.374817757803157,0.2869891982328992,SPARSE-EXTREME,Moderate
395,1975.0,1980.0,0.0,2.0,3.760000000000005,58.38665771484375,61.41590576171875,8.248267973856207,0.12820000000000004,0.2,0.18800000000000025,0.10638297872340412,0.043749999978124995,0.5,0.25541503646972286,0.39623854600216285,0.011037261469947456,140.1289394181742,0.24714400117392524,0.3217461658608841,0.33461083717817675,0.2669370109332606,0.39623854600216285,0.30493841256924215,BURST-DOMINATED,Moderate
396,1980.0,1985.0,0.0,0.0,2.760000000000005,61.69011688232422,69.48793029785156,2.8295629084967318,0.020700000000000038,0.0,0.13800000000000026,1.0,0.0,0.0,0.28,0.47031485209694834,0.005905795367166475,154.8242589849576,0.3638757555265357,0.1218,0.29123434786832525,0.084,0.47031485209694834,0.20829118649294462,LOW-COMPLEXITY,Low
397,1985.0,1990.0,0.0,0.0,1.0,68.55950927734375,69.03488616943359,2.520098039215686,0.0075,0.0,0.05,1.0,0.0,0.0,1.0,0.422163444428918,0.005785933455081378,162.1987135530153,0.27191250135036554,0.435,0.42665978857710496,0.3,0.422163444428918,0.32974631556994,HEAVY-TAIL-RISK,Moderate
398,1990.0,1995.0,0.0,0.0,1.0,65.59553527832031,66.70247497558594,3.1403186274509807,0.0075,0.0,0.05,0.1,0.0,0.0,1.0,0.39103335755416957,0.004963939670639498,183.9764110941883,0.23069519188112053,0.435,0.41704103752047356,0.3,0.39103335755416957,0.3135536196841836,HEAVY-TAIL-RISK,Moderate
399,1995.0,2000.0,0.0,0.0,1.0,65.26664733886719,65.60058288574218,2.65359068627451,0.0075,0.0,0.05,0.1,0.0,0.0,0.04760395761369884,0.4010945886309644,0.004403175381263616,185.61004827181875,0.23897048863632633,0.02070772156195899,0.22988761833079313,0.01428118728410965,0.4010945886309644,0.10681285721825448,LOW-COMPLEXITY,Low
400,2000.0,2005.0,0.0,0.0,0.0,65.07694244384766,65.41238708496094,1.0045996732026143,0.0,0.0,0.0,0.0,0.0,0.0,0.0,0.40459233376396336,0.00233963475586313,182.52658337138692,0.24417622760104576,0.0,0.22134792074157192,0.0,0.40459233376396336,0.09841180261908221,LOW-COMPLEXITY,Low
401,2005.0,2010.0,0.0,0.0,1.0,64.62895202636719,64.8723388671875,2.358982843137255,0.0075,0.0,0.05,0.1,0.0,0.0,0.04760395761369884,0.4267157809245004,0.004185401448160964,182.7470813984651,0.27134171189295886,0.02070772156195899,0.23797251595593372,0.01428118728410965,0.4267157809245004,0.11942288494198597,LOW-COMPLEXITY,Low
402,2010.0,2015.0,0.0,1.0,1.0,66.79222869873047,67.27181701660156,3.9541339869281056,0.0325,0.1,0.05,0.1,0.0,0.15,0.04571428571428573,0.42395429566581405,0.0060240364282968095,190.7456986964489,0.2692246964170141,0.08101071428571428,0.2554204240740402,0.06621428571428571,0.42395429566581405,0.16237806557511048,LOW-COMPLEXITY,Low
403,2015.0,2020.0,0.0,0.0,2.760000000000005,42.746246337890625,43.206842041015626,1.4030065359477126,0.020700000000000038,0.0,0.13800000000000026,1.0,0.0,0.0,0.28,0.4996112212779008,0.004229864635396643,147.60484708687326,0.35766927201512605,0.1218,0.3029207405826433,0.084,0.4996112212779008,0.20195408989201297,LOW-COMPLEXITY,Moderate
404,2020.0,2025.0,0.0,0.0,1.0,41.882930755615234,43.741800689697264,0.5210498366013072,0.0075,0.0,0.05,0.1,0.0,0.0,0.0,0.48842270074657385,0.0021066641035499163,147.96621050032132,0.36910005842693633,0.0,0.2452931119190266,0.0,0.48842270074657385,0.148296943198484,LOW-COMPLEXITY,Low
405,2025.0,2030.0,0.0,0.0,5.760000000000005,65.72325897216797,66.15928649902344,1.415841503267974,0.04320000000000004,0.0,0.28800000000000026,1.0,0.0,0.0,0.28,0.4278872901401087,0.00499553889529668,251.8065781504776,0.2864480608301809,0.1218,0.2878485600256448,0.084,0.4278872901401087,0.17899920388903892,SPARSE-EXTREME,Low
406,2030.0,2035.0,0.0,0.0,16.880000000000067,60.64476013183594,66.30581512451172,2.024591503267974,0.1266000000000005,0.0,0.8440000000000033,0.30213270142179977,0.0,0.0,0.40949682084734496,0.4787081859116284,0.004476026848647958,262.8256997770228,0.36770904756950995,0.17813111706859505,0.3283104350600786,0.12284904625420348,0.4787081859116284,0.24051065270497715,SPARSE-EXTREME,Moderate
407,2035.0,2040.0,0.0,0.0,11.280000000000015,60.44794845581055,65.4802749633789,2.964566993464053,0.0846000000000001,0.0,0.5640000000000007,0.4166666666666661,0.0,0.0,1.0,0.5479194044418099,0.004730958285274895,246.2426971529357,0.4478342217421424,0.435,0.4659455505976194,0.3,0.5479194044418099,0.4000182024697855,HEAVY-TAIL-RISK,Moderate
408,2040.0,2045.0,0.0,0.0,0.0,65.72798919677734,65.93217163085937,0.5109027777777777,0.0,0.0,0.0,0.1,0.0,0.0,0.0,0.4134902718657265,0.001982426310393438,310.6432691343862,0.2550645402529492,0.0,0.2320388730677809,0.0,0.4134902718657265,0.1053733077337663,LOW-COMPLEXITY,Low
409,2045.0,2050.0,0.0,0.0,15.080000000000041,60.535400390625,60.648068237304685,2.3733741830065354,0.1131000000000003,0.0,0.754000000000002,0.3713527851458876,0.0,0.0,0.46144903250300456,0.47091712276183234,0.004792094707163911,236.52829793908143,0.3195538445505741,0.20073032913880698,0.33655956203966475,0.13843470975090136,0.47091712276183234,0.22906084317416228,SPARSE-EXTREME,Moderate
410,2050.0,2055.0,0.0,0.0,13.280000000000015,65.961669921875,66.10816040039063,2.5724714052287583,0.09960000000000012,0.0,0.6640000000000008,0.3388554216867466,0.0,0.0,1.0,0.42899346609077127,0.004320872901448161,289.8961381874063,0.28026009520096073,0.435,0.43678013403465415,0.3,0.42899346609077127,0.33575472798991646,HEAVY-TAIL-RISK,Moderate
411,2055.0,2060.0,0.0,0.0,0.7600000000000051,66.0957260131836,66.23954772949219,0.5573978758169935,0.005700000000000038,0.0,0.038000000000000256,0.1,0.0,0.0,0.0088421052515233,0.43058730402723705,0.0019816378316032295,317.24992587407894,0.27774155199105427,0.003846315784412635,0.2400259085960866,0.0026526315754569897,0.43058730402723705,0.11655933378507667,LOW-COMPLEXITY,Low
412,2060.0,2065.0,0.0,0.0,16.64000000000007,60.548587799072266,66.06427917480468,2.048643790849673,0.12480000000000054,0.0,0.8320000000000036,0.3064903846153833,0.0,0.0,0.4717347068488439,0.48018301638868394,0.004744280084582854,268.11391834648873,0.3691172477245738,0.20520459747924708,0.34172619651051733,0.14152041205465316,0.48018301638868394,0.25487724457112354,SPARSE-EXTREME,Moderate
413,2065.0,2070.0,0.0,0.0,0.0,60.4544792175293,60.565110778808595,0.838157679738562,0.0,0.0,0.0,0.0,0.0,0.0,0.0,0.39968190512519247,0.002140724721261054,233.79610722951503,0.23640864342653556,0.0,0.2229644185800291,0.0,0.39968190512519247,0.09632139193497985,LOW-COMPLEXITY,Low
414,2070.0,2075.0,0.0,0.0,9.280000000000015,61.5224723815918,63.24513244628906,1.9990686274509801,0.0696000000000001,0.0,0.46400000000000075,0.517241379310344,0.0,0.0,0.11682758619430712,0.40547869646720985,0.004226683807509932,256.81325227791996,0.2519592310667837,0.05081999999452359,0.24813071392211997,0.035048275858292136,0.40547869646720985,0.12897982921847742,SPARSE-EXTREME,Low
415,2075.0,2080.0,0.0,0.0,0.0,63.4371452331543,63.6476318359375,0.3770833333333333,0.0,0.0,0.0,0.1,0.0,0.0,0.0,0.3910378429893964,0.001702816384723824,280.84608185589514,0.22613954675157708,0.0,0.2229747238237246,0.0,0.3910378429893964,0.09335146596674306,LOW-COMPLEXITY,Low
416,2080.0,2085.0,0.0,0.0,8.760000000000005,63.61183166503906,63.774983978271486,2.498423202614379,0.06570000000000004,0.0,0.4380000000000003,0.468036529680365,0.0,0.0,0.4629886184443248,0.4361338149430937,0.004740829809047802,277.3099745448226,0.28704282315537455,0.2014000490232813,0.3306200223547853,0.13889658553329745,0.4361338149430937,0.21965325843273742,SPARSE-EXTREME,Moderate
417,2085.0,2090.0,0.0,0.0,0.7600000000000051,60.77975082397461,61.055223083496095,1.1478513071895424,0.005700000000000038,0.0,0.038000000000000256,0.1,0.0,0.0,0.0088421052515233,0.40370390517019306,0.0025574388055875953,260.54331856623384,0.24348054750428963,0.003846315784412635,0.22774046011628468,0.0026526315754569897,0.40370390517019306,0.10184977428802468,LOW-COMPLEXITY,Low
418,2090.0,2095.0,0.0,0.0,1.0,60.742488861083984,61.175123596191405,0.25390522875816995,0.0075,0.0,0.05,0.1,0.0,0.0,0.0,0.41624134185183626,0.001557488786364219,263.1981923879773,0.26219602030057826,0.0,0.2303909157385262,0.0,0.41624134185183626,0.1076744951958142,LOW-COMPLEXITY,Low
419,2095.0,2100.0,0.0,1.0,42.12000000000019,61.004913330078125,64.0575164794922,7.703231209150326,0.175,0.1,1.0,0.14719848053181323,0.0,0.15,0.5223060939409725,0.4381427006058294,0.016154037229270796,247.22373185410376,0.29378838677309926,0.28832815086432306,0.35467277798920627,0.20919182818229173,0.4381427006058294,0.27733990462246033,SPARSE-EXTREME,Moderate
420,2100.0,2105.0,0.0,0.0,20.920000000000087,55.48704147338867,55.754312896728514,3.7050571895424835,0.15,0.0,1.0,0.2007648183556397,0.0,0.0,0.43695405457981606,0.48229045703711004,0.007337783224400872,218.6154879515937,0.3373632378737814,0.19007501374222,0.3346821266857757,0.13108621637394482,0.48229045703711004,0.23079085720460707,SPARSE-EXTREME,Moderate
421,2105.0,2110.0,0.0,0.0,54.8400000000003,68.96704864501953,70.14085235595704,3.000698529411765,0.15,0.0,1.0,0.13858497447118817,0.0,0.0,0.3314695544399545,0.4195760836447812,0.007462633442265795,181.28049639043388,0.2742247305836858,0.14418925618138023,0.291450579316181,0.09944086633198636,0.4195760836447812,0.18394648030730412,SPARSE-EXTREME,Low
422,2110.0,2115.0,0.0,0.0,57.16000000000034,55.6874885559082,69.91124572753907,5.685016339869282,0.15,0.0,1.0,0.1522043386983896,0.0,0.0,0.48627546439919445,0.39517040189125496,0.012389332308086634,187.06662672350058,0.28851870624762427,0.21152982701364959,0.30286595747828204,0.14588263931975834,0.39517040189125496,0.2244111574282763,SPARSE-EXTREME,Moderate
423,2115.0,2120.0,0.0,0.0,57.8400000000003,56.68867874145508,64.61336059570313,4.883120915032681,0.15,0.0,1.0,0.12448132780082924,0.0,0.0,0.22853619941283765,0.4835355848666075,0.009167042483660131,185.3236708113199,0.3824988470544234,0.09941324674458438,0.284920828854663,0.0685608598238513,0.4835355848666075,0.2043682473216175,SPARSE-EXTREME,Low
424,2120.0,2125.0,0.0,0.0,6.0,54.609981536865234,64.71014251708985,2.9957965686274517,0.045,0.0,0.3,1.0,0.0,0.0,0.28,0.39614155990881084,0.006564388376265539,167.4861462378882,0.2752464523456378,0.1218,0.26379589593682434,0.084,0.39614155990881084,0.17291639977350473,SPARSE-EXTREME,Low
425,2125.0,2130.0,0.0,0.0,0.0,64.72074127197266,64.89039611816406,1.2343218954248363,0.0,0.0,0.0,0.0,0.0,0.0,0.0,0.40405678632603803,0.0025317595796488525,139.2110933990689,0.24136668021835092,0.0,0.2184295613219239,0.0,0.40405678632603803,0.09611948999033931,LOW-COMPLEXITY,Low
426,2130.0,2135.0,0.0,0.0,1.0,64.87734985351562,65.42287902832031,1.699799836601307,0.0075,0.0,0.05,1.0,0.0,0.0,1.0,0.42511320528800484,0.004721784890426759,146.32737498757575,0.27919950620561057,0.435,0.4258070635444949,0.3,0.42511320528800484,0.33235392402137726,HEAVY-TAIL-RISK,Moderate
427,2135.0,2140.0,0.0,1.0,1.0,55.468772888183594,55.886731719970705,3.0603022875816994,0.0325,0.1,0.05,0.1,0.0,0.15,0.04571428571428573,0.4109445643508451,0.004852572408048186,152.6467907956404,0.25544175444232464,0.08101071428571428,0.24941482050717384,0.06621428571428571,0.4109445643508451,0.15663706616810477,LOW-COMPLEXITY,Low
428,2140.0,2145.0,0.0,0.6000000000000085,7.52000000000001,70.1146011352539,70.5403076171875,2.9001021241830065,0.07140000000000028,0.06000000000000085,0.3760000000000005,0.6382978723404247,0.0,0.15,0.2971843686881204,0.4858547713008077,0.005758201172625913,258.70930014726866,0.3419427466533585,0.19040020037933236,0.3283194003886119,0.14165531060643613,0.4858547713008077,0.24649712594070955,SPARSE-EXTREME,Moderate
429,2145.0,2150.0,0.0,1.0,1.0,69.45099639892578,70.12739715576171,1.5465114379084965,0.0325,0.1,0.05,0.1,0.0,0.15,0.04571428571428573,0.40263411711925257,0.0035756766628219916,257.5236105541215,0.24387798605189112,0.08101071428571428,0.25268511651850417,0.06621428571428571,0.40263411711925257,0.15407739738475176,LOW-COMPLEXITY,Low
430,2150.0,2155.0,0.0,1.0,1.0,68.98284149169922,69.236328125,1.6012663398692812,0.0325,0.1,0.05,0.1,0.0,0.15,0.04571428571428573,0.44195555344808457,0.0037490284185569653,250.95784445941263,0.2884931028352684,0.08101071428571428,0.2643202233504152,0.06621428571428571,0.44195555344808457,0.17062688408540122,LOW-COMPLEXITY,Low
431,2155.0,2160.0,0.0,1.0,40.000000000000256,63.88410186767578,67.95677642822265,5.8509681372549025,0.175,0.1,1.0,0.157499999999999,0.0,0.15,0.16710105580651455,0.3872375866619667,0.012463051710880428,162.7792752591236,0.23491156223101511,0.13381395927583384,0.2625058115445671,0.10263031674195436,0.3872375866619667,0.17508857686159152,SPARSE-EXTREME,Low
432,2160.0,2165.0,0.0,0.0,1.0,57.69387435913086,58.16840362548828,1.8515196078431373,0.0075,0.0,0.05,1.0,0.0,0.0,0.28,0.4640985945611801,0.005064065263360246,143.93464555188774,0.31350077163531903,0.1218,0.2921950319315373,0.084,0.4640985945611801,0.18499399835340252,LOW-COMPLEXITY,Low
433,2165.0,2170.0,0.0,1.0,40.76000000000026,64.78319549560547,65.42989654541016,3.798243464052287,0.175,0.1,1.0,0.13248282630029357,0.0,0.15,0.16007752664832986,0.47032894820625093,0.008730653434576444,131.3062862376458,0.3281292752956392,0.1307587240920235,0.28911747708935814,0.10052325799449896,0.47032894820625093,0.2091851465747817,SPARSE-EXTREME,Low
434,2170.0,2175.0,1.0,4.0,13.04000000000002,62.998565673828125,65.6736343383789,13.483427287581701,0.28614355828220867,0.4,0.652000000000001,0.130368098159509,0.249999999978125,0.475,0.30878650155400034,0.4206905963881036,0.02131862472766884,139.93363184036122,0.27717750974842614,0.3672596281725448,0.39118320659220596,0.3463859504585438,0.4206905963881036,0.33539820331755926,SPARSE-EXTREME,Moderate
435,2175.0,2180.0,1.0,3.0,26.56000000000003,58.784664154052734,60.154544067382815,13.02142565359477,0.2771586345381526,0.3,1.0,0.1844879518072287,0.3041666666375,0.415,0.6504272094026894,0.48376083699053213,0.022330627483019352,203.94147096115668,0.34429052523042275,0.4999545860855761,0.48714612938232793,0.4468364961439318,0.48376083699053213,0.42302028006179654,HEAVY-TAIL-RISK,Moderate
436,2180.0,2185.0,0.0,1.0,1.0,58.830169677734375,59.29469680786133,1.470747549019608,0.0325,0.1,0.05,1.0,0.0,0.15,0.04571428571428573,0.43195993152088524,0.004407276688453159,151.42479641379464,0.2885528628461248,0.08101071428571428,0.25485520511597526,0.06621428571428571,0.43195993152088524,0.16984291319057532,LOW-COMPLEXITY,Low
437,2185.0,2190.0,1.0,2.0,3.760000000000005,49.46605682373047,53.32319946289063,12.334758986928106,0.21117872340425517,0.2,0.18800000000000025,1.0,0.4999999999125,0.18999999999999997,0.5914775486971825,0.3751628122910741,0.016385313501217483,73.15743424308165,0.2246741950471949,0.4134677336694931,0.4411502330236012,0.4189432645785297,0.3751628122910741,0.3091706083136667,BURST-DOMINATED,Moderate
438,2190.0,2195.0,1.0,2.0,2.760000000000005,44.14374542236328,45.08919219970703,10.309456699346404,0.3018594202898548,0.2,0.13800000000000026,0.10869565217391283,0.456249999934375,0.23666666666666666,0.12166679353082513,0.4291522099480494,0.01264457388184032,61.644395387262996,0.279048674915844,0.22122609684223965,0.3643690131511987,0.27902087136961207,0.4291522099480494,0.23718212527011961,BURST-DOMINATED,Moderate
439,2195.0,2200.0,1.0,2.0,2.760000000000005,44.29963302612305,45.46386489868164,10.160857843137256,0.2518594202898548,0.2,0.13800000000000026,0.10869565217391283,0.4999999999125,0.18999999999999997,0.11896679353082514,0.41301503000001544,0.012448888888888888,62.39637573746801,0.2594082909278044,0.20792555517212766,0.36106581520353115,0.2771900380286225,0.41301503000001544,0.21816844231475796,BURST-DOMINATED,Moderate
440,2200.0,2205.0,0.0,2.0,6.52000000000001,83.99540710449219,85.51224517822266,7.27562908496732,0.1489000000000001,0.2,0.3260000000000005,0.8895705521472379,0.043749999978124995,0.5,0.46181120802442166,0.4300431224190618,0.011928185313341022,220.8266914862754,0.29381436169126746,0.41152850048717804,0.39160468930286163,0.32885586239967024,0.4300431224190618,0.37072972270053306,SPARSE-EXTREME,Moderate
441,2205.0,2210.0,0.0,1.0,10.280000000000015,86.3805923461914,103.98377075195313,6.33717320261438,0.2021000000000001,0.1,0.5140000000000008,0.4571984435797659,0.08749999991249999,0.42999999999999994,0.577608276302986,0.4593859712318539,0.009968248109701396,287.7960365110305,0.36322668711401734,0.44026585017801756,0.42074017157339383,0.35440748286027074,0.4593859712318539,0.4081671522451809,SPARSE-EXTREME,Moderate
442,2210.0,2215.0,0.0,1.0,12.080000000000041,78.72314453125,79.29042968750001,3.7009272875816994,0.21560000000000032,0.1,0.6040000000000021,0.5380794701986737,0.08749999991249999,0.42999999999999994,0.6739751842650311,0.4960548247233223,0.00743090269768038,336.97409263270043,0.35507931241198226,0.48218545514150724,0.463255598851696,0.3833175552488843,0.4960548247233223,0.4242616872630088,HEAVY-TAIL-RISK,Moderate
443,2215.0,2220.0,0.0,1.0,6.760000000000005,48.95872497558594,79.16550750732422,1.9611315359477122,0.07570000000000005,0.1,0.33800000000000024,0.6065088757396445,0.0,0.15,0.6557648932594414,0.3970770854367858,0.004712667723952326,220.6222384983283,0.3385198433889903,0.346382728567857,0.3455273597112524,0.2492294679778324,0.3970770854367858,0.32678996022315326,HEAVY-TAIL-RISK,Moderate
444,2220.0,2225.0,0.0,1.0,36.320000000000164,48.687217712402344,79.31367797851563,3.5334027777777783,0.175,0.1,1.0,0.13491189427312716,0.0,0.15,0.5305009515724975,0.39886289618018095,0.007315002723311545,208.1131731861439,0.3414861277865724,0.2918929139340364,0.3199883124954914,0.21165028547174924,0.39886289618018095,0.3000983919575376,SPARSE-EXTREME,Moderate
445,2225.0,2230.0,0.0,1.0,9.56000000000003,79.56481170654297,80.64548797607422,5.933402777777777,0.19670000000000024,0.1,0.47800000000000153,0.5334728033472786,0.08749999991249999,0.42999999999999994,0.5932818515371165,0.42840963156405876,0.009478632417019094,245.66878479429963,0.2897989796603574,0.44708385540486445,0.41949010095804884,0.35910955543050993,0.42840963156405876,0.38111089500504863,SPARSE-EXTREME,Moderate
446,2230.0,2235.0,0.0,0.0,5.52000000000001,48.079368591308594,48.62015838623047,1.5385089869281046,0.041400000000000076,0.0,0.2760000000000005,0.8152173913043462,0.0,0.0,0.543487821028622,0.4881292398835103,0.004264948417275405,159.13704142106093,0.34157657312217216,0.2364172021474506,0.3524766689598426,0.1630463463085866,0.4881292398835103,0.2536459838804467,SPARSE-EXTREME,Moderate
447,2235.0,2240.0,0.0,1.0,4.800000000000026,48.694881439208984,90.09786834716797,2.720371732026144,0.06100000000000019,0.1,0.24000000000000127,1.0,0.0,0.15,0.385205479452055,0.37964013834690663,0.0060090359477124175,257.78251826750136,0.3357914113541684,0.22868938356164392,0.2822684340284426,0.1680616438356165,0.37964013834690663,0.2670604449181207,SPARSE-EXTREME,Low
448,2240.0,2245.0,0.0,1.0,48.8400000000003,48.56328582763672,90.18655090332031,2.9442973856209145,0.175,0.1,1.0,0.1351351351351343,0.0,0.15,0.596879625544553,0.3794127707480606,0.007539897154940409,239.83343444572682,0.33610683195355956,0.32076763711188055,0.3235545654227569,0.23156388766336589,0.3794127707480606,0.3134762650194125,SPARSE-EXTREME,Moderate
449,2245.0,2250.0,0.0,1.0,1.0,91.0994873046875,91.55136413574219,3.8426879084967323,0.0325,0.1,0.05,0.2,0.0,0.15,0.04571428571428573,0.40187483811511066,0.005867782263232089,407.7211189103698,0.24020198102037824,0.08101071428571428,0.2615533449266933,0.06621428571428571,0.40187483811511066,0.15553309456289696,LOW-COMPLEXITY,Low
450,2250.0,2255.0,0.0,1.0,48.60000000000031,91.19959259033203,92.04813079833984,2.7053349673202614,0.175,0.1,1.0,0.1378600823045259,0.0,0.15,0.16299574076183068,0.42761281541259116,0.0075394764834038185,290.14528310953744,0.29029806159138527,0.13202814723139636,0.2839460897466266,0.1013987222285492,0.42761281541259116,0.19957631946813872,SPARSE-EXTREME,Low
451,2255.0,2260.0,0.0,1.0,49.32000000000029,89.44367980957031,91.76568756103515,4.511315359477125,0.275,0.1,1.0,0.13179237631792298,0.08749999991249999,0.42999999999999994,0.6902105920240668,0.4051620675869189,0.009602492310649751,361.7642272370275,0.2549416756121293,0.48924785751668776,0.4392127981439334,0.38818817757659496,0.4051620675869189,0.39093638906332157,HEAVY-TAIL-RISK,Moderate
452,2260.0,2265.0,0.0,1.0,1.0,89.90868377685547,90.31621398925782,3.49874183006536,0.0325,0.1,0.05,0.1,0.0,0.15,0.04571428571428573,0.4214140536960018,0.005444641163655003,398.1932874618968,0.26526208811795426,0.08101071428571428,0.2672656063595465,0.06621428571428571,0.4214140536960018,0.16517763571796082,LOW-COMPLEXITY,Low
453,2265.0,2270.0,0.0,1.0,2.760000000000005,89.38823699951172,90.33304290771484,3.442569444444445,0.04570000000000004,0.1,0.13800000000000026,1.0,0.0,0.15,0.3639543726235743,0.428815110653865,0.0068267685505574785,288.9609430681596,0.2914880508784299,0.21944515209125479,0.32447869573850663,0.16168631178707227,0.428815110653865,0.24420094717776214,LOW-COMPLEXITY,Moderate
454,2270.0,2275.0,0.0,1.0,3.760000000000005,90.88059997558594,91.30255889892578,5.301437908496731,0.15320000000000006,0.1,0.18800000000000025,1.0,0.08749999991249999,0.42999999999999994,0.39811518324607337,0.4756523917202118,0.00958474529027297,393.4360126441217,0.32722006555574024,0.36218635469826066,0.4048277681489851,0.30055955494319697,0.4756523917202118,0.35360393118687294,LOW-COMPLEXITY,Moderate
455,2275.0,2280.0,0.0,1.0,37.16000000000021,72.881591796875,90.5396484375,3.8158986928104577,0.275,0.1,1.0,0.15877287405812612,0.08749999991249999,0.42999999999999994,0.4958904613622841,0.3368887352712234,0.008246623253876715,257.69131830912136,0.21548598347803766,0.4047186006788123,0.3573624970158732,0.3298921383780602,0.3368887352712234,0.3304812510811112,SPARSE-EXTREME,Moderate
456,2280.0,2285.0,0.0,1.0,7.320000000000036,72.31144714355469,73.11187591552735,5.593741830065359,0.17990000000000028,0.1,0.36600000000000177,0.5601092896174836,0.08749999991249999,0.42999999999999994,0.2872618770609008,0.42757933476858206,0.008354121651928744,210.10329122004504,0.28702723883161574,0.31396516650771056,0.35623209371192943,0.2673035630876452,0.42757933476858206,0.3118893000819728,SPARSE-EXTREME,Moderate
457,2285.0,2290.0,0.0,1.0,38.360000000000184,48.10552978515625,81.08882446289063,4.487667483660131,0.275,0.1,1.0,0.13816475495307545,0.08749999991249999,0.42999999999999994,0.5378794082485483,0.3951667108454932,0.00855663831218762,218.82311771520503,0.34200431940754933,0.4229837925743372,0.3709750472539254,0.3424888224439394,0.3951667108454932,0.39023365976855745,SPARSE-EXTREME,Moderate
458,2290.0,2295.0,0.0,1.0,47.0800000000003,47.81436538696289,91.0175277709961,2.647275326797385,0.175,0.1,1.0,0.13806287170773066,0.0,0.15,0.49923077555414797,0.44010957099431464,0.007484344162501603,208.11299506404262,0.4200430691229646,0.2782903873660544,0.3151211700135168,0.2022692326662444,0.44010957099431464,0.3226711676507567,SPARSE-EXTREME,Moderate
459,2295.0,2300.0,0.0,0.0,1.0,47.74478530883789,48.09708786010742,0.4528308823529413,0.0075,0.0,0.05,0.1,0.0,0.0,0.0,0.43124753434891105,0.0019349641163655005,148.2279082853195,0.27966918793817097,0.0,0.2278223408291252,0.0,0.43124753434891105,0.11176052967205155,LOW-COMPLEXITY,Low
460,2300.0,2305.0,0.0,1.0,49.0800000000003,47.92697525024414,90.89471130371093,5.316107026143791,0.275,0.1,1.0,0.13447432762836103,0.08749999991249999,0.42999999999999994,0.5842925093737648,0.3781061813835486,0.010367558471100859,265.1006790020533,0.3368959135039468,0.44317349156380637,0.3727125845979201,0.35641275278150436,0.3781061813835486,0.399514692421423,SPARSE-EXTREME,Moderate
461,2305.0,2310.0,1.0,2.0,4.760000000000005,62.53644561767578,68.82509918212891,5.989513888888888,0.24074201680672264,0.2,0.23800000000000027,1.0,0.456249999934375,0.23666666666666666,0.6995466652741474,0.3923037935132772,0.010341827982827118,241.65547139191065,0.253973303024747,0.47260384105058484,0.4736295037514607,0.4523848328926088,0.3923037935132772,0.3587796959048542,HEAVY-TAIL-RISK,Moderate
462,2310.0,2315.0,1.0,2.0,5.280000000000015,58.575775146484375,69.5523452758789,7.550649509803922,0.23429696969696956,0.2,0.2640000000000008,1.0,0.456249999934375,0.23666666666666666,0.5772094640729485,0.3594407448100788,0.012227192425990003,250.42037002706462,0.22656484248849432,0.41938715852806335,0.4349624284177384,0.41568367253224914,0.3594407448100788,0.32140717126554486,SPARSE-EXTREME,Moderate
463,2315.0,2320.0,4.0,7.0,9.760000000000005,53.240875244140625,58.64043426513672,24.90261846405229,0.29553946135831377,0.175,0.12200000000000007,0.12295081967213109,0.5464285714035715,0.20267857142857143,0.2474996305037701,0.37355024824145694,0.028185850634371398,141.49321626390193,0.22941038954686227,0.2763163571223453,0.38577689825989336,0.336437389142381,0.37355024824145694,0.24413413453673796,LOW-COMPLEXITY,Moderate
464,2320.0,2325.0,2.0,5.0,7.0,61.45108413696289,64.83901672363281,20.30113562091503,0.2716071428571428,0.25,0.175,0.11428571428571428,0.399999999972,0.27249999999999996,0.1559944643702423,0.3863964941868975,0.024622386101499423,160.46363161313573,0.23612832194366618,0.24190134199664537,0.3550183234180381,0.28217333930127264,0.3863964941868975,0.23724562027695836,BURST-DOMINATED,Moderate
465,2325.0,2330.0,2.0,7.0,11.760000000000005,66.07091522216797,71.66485748291015,22.795653594771245,0.259491156462585,0.35,0.29400000000000015,0.10204081632653057,0.2982142856982143,0.384563492063492,0.22121720836949435,0.37804533072516366,0.02981100137767525,175.00649389634543,0.23174931034659266,0.29990785865407177,0.3583953611943445,0.3053373847274455,0.37804533072516366,0.27612515318132314,SPARSE-EXTREME,Moderate
466,2330.0,2335.0,0.0,1.0,1.0,53.4605827331543,55.011773681640626,1.8426756535947713,0.0325,0.1,0.05,0.1,0.0,0.15,0.04571428571428573,0.4413225213163965,0.003534148724849417,118.36065496588516,0.2996015470820016,0.08101071428571428,0.2555124310992319,0.06621428571428571,0.4413225213163965,0.1732566369537757,LOW-COMPLEXITY,Low
467,2335.0,2340.0,0.0,0.0,6.52000000000001,53.63798904418945,61.46887130737305,1.3991339869281048,0.048900000000000075,0.0,0.3260000000000005,0.7055214723926369,0.0,0.0,1.0,0.46353555131610225,0.003860869857747021,131.5293874245257,0.3593163683106603,0.435,0.4309061831892694,0.3,0.46353555131610225,0.36459146044254886,HEAVY-TAIL-RISK,Moderate
468,2340.0,2345.0,0.0,0.0,1.0,61.5103759765625,62.060994720458986,0.5408537581699348,0.0075,0.0,0.05,0.1,0.0,0.0,1.0,0.4347239075733712,0.0019537642573369215,158.1918162863774,0.2854083496938385,0.435,0.43014426922245125,0.3,0.4347239075733712,0.3345736921814344,HEAVY-TAIL-RISK,Moderate
469,2345.0,2350.0,0.0,0.0,1.0,61.545867919921875,61.8385986328125,0.6942647058823528,0.0075,0.0,0.05,0.1,0.0,0.0,0.0,0.4086737094278265,0.0021240080738177624,157.05531383871286,0.24837730374267103,0.0,0.22091434235816007,0.0,0.4086737094278265,0.09934024433973493,LOW-COMPLEXITY,Low
470,2350.0,2355.0,0.0,0.0,1.0,59.762821197509766,60.6081787109375,1.0231740196078432,0.0075,0.0,0.05,0.1,0.0,0.0,0.04760395761369884,0.3922448430723488,0.002627578815840061,145.8387812449239,0.23096065685125364,0.02070772156195899,0.22394177172501156,0.01428118728410965,0.3922448430723488,0.10293933140334849,LOW-COMPLEXITY,Low
471,2355.0,2360.0,0.0,0.0,4.0,60.08740997314453,65.29551696777344,1.9298897058823528,0.03,0.0,0.2,1.0,0.0,0.0,0.28,0.4165095916549022,0.004707502883506344,159.8186380980966,0.2814204940281571,0.1218,0.2750909692789094,0.084,0.4165095916549022,0.1748646883479713,SPARSE-EXTREME,Low
472,2360.0,2365.0,0.0,0.0,39.20000000000023,54.86427688598633,65.15712432861328,2.636703431372549,0.15,0.0,1.0,0.1377551020408155,0.0,0.0,0.4279413391341456,0.45312303784194924,0.006476710720235807,147.89324010121473,0.35350030317291936,0.18615448252335334,0.31166443836449015,0.12838240174024368,0.45312303784194924,0.23674314642366573,SPARSE-EXTREME,Moderate
473,2365.0,2370.0,0.0,1.0,1.7600000000000051,61.65904998779297,67.69580383300782,7.78484477124183,0.03820000000000004,0.1,0.08800000000000026,1.0,0.0,0.15,0.34610328638497667,0.39710421684523156,0.013393575387671408,142.03373972467685,0.2592488365609391,0.21167992957746484,0.29878923061804347,0.156330985915493,0.39710421684523156,0.22434008774322337,LOW-COMPLEXITY,Low
474,2370.0,2375.0,1.0,2.0,3.0,63.81964874267578,65.74550933837891,10.536172385620915,0.2891666666666667,0.2,0.15,0.1,0.456249999934375,0.23666666666666666,0.23214039953366336,0.4443053368569215,0.012780728245546585,149.5284400154746,0.3020534935439321,0.2692821154534743,0.3957461254493449,0.31216295317046355,0.4443053368569215,0.27244928306172256,BURST-DOMINATED,Moderate
475,2375.0,2380.0,1.0,1.0,2.0,41.7347526550293,44.22745590209961,6.702593954248366,0.39,0.1,0.1,0.15,0.9124999997375001,0.2583333333333333,0.13736666663866667,0.3728210063318886,0.00926459743047546,65.37091596356733,0.2178102802035058,0.3087440832798096,0.43957922765847446,0.4510016665663917,0.3728210063318886,0.2547409515283801,LOW-COMPLEXITY,Moderate
476,2380.0,2385.0,0.0,1.0,2.0,47.12983322143555,48.89588394165039,4.0046405228758175,0.14,0.1,0.1,0.2,0.08749999991249999,0.42999999999999994,0.15469999994400002,0.3984137936839475,0.006796688453159039,78.50243982943843,0.2464996537810604,0.2563007499618587,0.3115581434901036,0.22753499995257495,0.3984137936839475,0.26339672868267955,LOW-COMPLEXITY,Moderate
477,2385.0,2390.0,0.0,1.0,1.0,46.931640625,47.49710311889648,3.15422385620915,0.1325,0.1,0.05,0.2,0.08749999991249999,0.42999999999999994,0.06857142857142857,0.4053829260852515,0.005305248942714341,80.08142671437507,0.24619077615501914,0.21883482141479016,0.2983649735433225,0.20169642854080352,0.4053829260852515,0.24396311158207384,LOW-COMPLEXITY,Low
478,2390.0,2395.0,0.0,1.0,1.0,46.79096221923828,47.339491271972655,1.4610702614379087,0.0325,0.1,0.05,0.1,0.0,0.15,0.04571428571428573,0.41299139759379666,0.0034151275150583107,74.55741952060748,0.25962944179640396,0.08101071428571428,0.24493478353967837,0.06621428571428571,0.41299139759379666,0.15665118859578311,LOW-COMPLEXITY,Low
479,2395.0,2400.0,0.0,1.0,1.0,43.58783721923828,44.181539154052736,1.691470588235294,0.0325,0.1,0.05,0.1,0.0,0.15,0.04571428571428573,0.4055504354933606,0.0038620258234012563,69.8990035389834,0.24685456878324694,0.08101071428571428,0.24157041047538727,0.06621428571428571,0.4055504354933606,0.15094646204181172,LOW-COMPLEXITY,Low
480,2400.0,2405.0,1.0,14.600000000000009,27.56000000000003,62.39075469970703,67.25813293457031,23.11261029411765,0.47978607073980545,1.0,1.0,0.21407837445573272,0.1104452054749366,0.8984520547945207,0.2854859574030745,0.4214072747506634,0.040793516275791364,141.91805259585405,0.28475539633803854,0.5077007236614071,0.4095976050663958,0.4387598283152324,0.4214072747506634,0.4478209485636832,SPARSE-EXTREME,Moderate
481,2405.0,2410.0,4.0,16.60000000000001,21.760000000000005,64.57115173339844,69.00653381347657,33.341331699346405,0.29067863217576184,0.4150000000000002,0.2720000000000001,0.1378676470588235,0.25677710842770163,0.4475924223208626,0.1953953257479033,0.3843993985166874,0.054381674676406505,144.93053488417996,0.23788969654070588,0.30783327337345245,0.3549483927596986,0.30514793348636843,0.3843993985166874,0.2882843405494767,SPARSE-EXTREME,Moderate
482,2410.0,2415.0,0.0,1.0,47.56000000000029,67.52320098876953,69.89687042236328,9.149125816993466,0.275,0.1,1.0,0.14087468460891422,0.08749999991249999,0.42999999999999994,0.6795582341684697,0.3808654874006186,0.01700870017941817,174.62525954607324,0.22181569613209282,0.48461408184950305,0.4176876612238966,0.3849924702199159,0.3808654874006186,0.37131589276952603,HEAVY-TAIL-RISK,Moderate
483,2415.0,2420.0,4.0,16.0,29.760000000000005,67.32464599609375,71.48732452392578,30.841572712418298,0.2730043010752688,0.4,0.37200000000000005,0.10416666666666666,0.24999999999453126,0.475,0.22102862016329114,0.3904696589087742,0.05048629421376394,154.065155770897,0.24253384814011786,0.32908494977017033,0.36486658138687045,0.32005858604707327,0.3904696589087742,0.30325710585276366,SPARSE-EXTREME,Moderate
484,2420.0,2425.0,1.0,14.200000000000017,26.04000000000002,63.26583480834961,67.02653350830079,24.9318545751634,0.4614547500054087,1.0,1.0,0.13056835637480788,0.09507042253173963,0.89187323943662,0.25867736642012085,0.4010510971481767,0.04064513328207099,118.5001267882126,0.253693012491484,0.49093659101192416,0.3938819802782395,0.42303349161496206,0.4010510971481767,0.4262123398782547,SPARSE-EXTREME,Moderate
485,2425.0,2430.0,1.0,7.0,47.400000000000205,68.26304626464844,72.6498504638672,17.524403594771247,0.37840566606389386,0.7,1.0,0.1244725738396619,0.15535714284821428,0.6821428571428572,0.4252348442243614,0.3740132030125555,0.029267468441625016,174.20024988963854,0.2210462796630755,0.48741912152190525,0.407242655506342,0.4206954532641834,0.3740132030125555,0.39387570942498706,SPARSE-EXTREME,Moderate
486,2430.0,2435.0,0.0,1.0,2.0,71.75048828125,77.05338287353516,9.572455065359478,0.14,0.1,0.1,0.1,0.08749999991249999,0.42999999999999994,0.096,0.3939773812052064,0.01745274894271434,216.73451723682246,0.2491159285526837,0.2307662499862187,0.3051932851326348,0.20992499996937494,0.3939773812052064,0.25478126877146234,LOW-COMPLEXITY,Moderate
487,2435.0,2440.0,0.0,0.0,5.760000000000005,62.95713806152344,77.27179718017578,3.514321895424836,0.04320000000000004,0.0,0.28800000000000026,1.0,0.0,0.0,0.28,0.44307728988073236,0.006779321575035242,158.74078596775155,0.349256654478572,0.1218,0.2766008079487978,0.084,0.44307728988073236,0.20266928755118216,SPARSE-EXTREME,Low
488,2440.0,2445.0,0.0,1.0,4.280000000000015,69.6154556274414,72.46993560791016,9.400200163398694,0.15710000000000013,0.1,0.21400000000000077,1.0,0.08749999991249999,0.42999999999999994,0.5577195593936936,0.4227514328256539,0.016835792323465337,189.79355448171208,0.27598943751183685,0.43161425832247535,0.40690783420696097,0.348440867787483,0.4227514328256539,0.3658825364309953,SPARSE-EXTREME,Moderate
489,2445.0,2450.0,0.0,1.0,5.52000000000001,63.712833404541016,72.74151153564453,8.8831862745098,0.16640000000000008,0.1,0.2760000000000005,1.0,0.08749999991249999,0.42999999999999994,0.4115715953307394,0.457648326346494,0.014385664648212223,164.0755707032295,0.35067243520872793,0.3680398939550903,0.38316588059954076,0.30459647856859673,0.457648326346494,0.3642679335271906,SPARSE-EXTREME,Moderate
490,2450.0,2455.0,0.0,8.600000000000009,24.52000000000001,83.93976593017578,93.58767700195312,16.3118341503268,0.3998837209302327,0.8600000000000009,1.0,0.19575856443719403,0.03052325581040424,0.5,0.3950586193352581,0.37444664149461065,0.0264734425861848,275.8256235798477,0.23723690295849723,0.3804079122009759,0.3565094961522436,0.3042007253342189,0.37444664149461065,0.33404390765916986,SPARSE-EXTREME,Moderate
491,2455.0,2460.0,11.0,44.60000000000001,88.60000000000005,73.23333740234375,75.30383911132813,46.19100490196078,0.279903288367586,0.40545454545454557,0.402727272727273,0.128668171557562,0.26036995515470723,0.4427808046169957,0.22886748412586164,0.4512201971988336,0.10469201781366141,161.45000118867293,0.3122351181579346,0.32099880141304193,0.38892500996518314,0.3147630111578545,0.4512201971988336,0.3244615870402011,SPARSE-EXTREME,Moderate
492,2460.0,2465.0,0.0,1.0,2.0,74.4255599975586,75.32367248535157,7.531687091503268,0.14,0.1,0.1,0.15,0.08749999991249999,0.42999999999999994,0.126699999972,0.404809500777325,0.010818199570677948,184.4977002829157,0.24848877729957283,0.2441207499740387,0.31693093546131956,0.21913499996097494,0.404809500777325,0.260472840862717,LOW-COMPLEXITY,Moderate
493,2465.0,2470.0,0.0,1.0,2.0,74.3814926147461,74.77535095214844,4.2055187908496725,0.04,0.1,0.1,0.15,0.0,0.15,0.09911111108311114,0.41419657402204707,0.006203507785467128,186.97666895641785,0.25660782986366687,0.10423833332115334,0.26307629546407846,0.08223333332493334,0.41419657402204707,0.16919814150121576,LOW-COMPLEXITY,Low
494,2470.0,2475.0,0.0,1.0,1.7600000000000051,74.52983856201172,75.62258911132812,4.403672385620915,0.13820000000000005,0.1,0.08800000000000026,0.17045454545454497,0.08749999991249999,0.42999999999999994,0.1367186932248253,0.40961361721454276,0.006342638408304497,185.97754432549857,0.2537927092929304,0.2484788815390177,0.3199929160794019,0.22214060793682255,0.40961361721454276,0.26449827495434397,LOW-COMPLEXITY,Moderate
495,2475.0,2480.0,0.0,1.0,2.0,74.65731048583984,75.14674530029296,3.9098570261437917,0.04,0.1,0.1,0.15,0.0,0.15,0.26428235421518115,0.39425167459458144,0.005789328623606305,188.88087306018994,0.23203333801555662,0.1760878240836038,0.28992554233342316,0.13178470626455435,0.39425167459458144,0.19607004330810823,LOW-COMPLEXITY,Low
496,2480.0,2485.0,0.0,1.0,58.360000000000056,54.11676788330078,74.03363342285157,6.852753267973857,0.275,0.1,1.0,0.10452364633310476,0.08749999991249999,0.42999999999999994,0.5082022110762069,0.422448313544972,0.013601575035242853,179.34058949016756,0.34474455287834915,0.4100742118043687,0.3810176151451694,0.33358566329223704,0.422448313544972,0.38384669501517193,SPARSE-EXTREME,Moderate
497,2485.0,2490.0,0.0,1.0,6.52000000000001,47.076866149902344,53.89908218383789,3.924926470588235,0.07390000000000008,0.1,0.3260000000000005,0.6288343558282199,0.0,0.15,0.29055265268851826,0.42178464779370173,0.007004898116109189,107.62577239013619,0.30300704272265666,0.18751540391950544,0.2913671169127458,0.13966579580655547,0.42178464779370173,0.22911874823564166,SPARSE-EXTREME,Low
498,2490.0,2495.0,0.0,1.0,2.760000000000005,64.87179565429688,67.07606658935546,4.705751633986929,0.04570000000000004,0.1,0.13800000000000026,1.0,0.0,0.15,0.3639543726235743,0.44689491613049254,0.007942011405869538,125.6296570001864,0.2988990886633639,0.21944515209125479,0.3191152490769993,0.16168631178707227,0.44689491613049254,0.2415093083695447,LOW-COMPLEXITY,Moderate
499,2495.0,2500.0,0.0,1.0,2.0,68.82921600341797,69.96543884277344,4.167422385620916,0.14,0.1,0.1,1.0,0.08749999991249999,0.42999999999999994,0.376,0.4563189605010775,0.00732174788542868,155.24293803252942,0.3113340093220903,0.3525662499862187,0.3802901496402845,0.29392499996937493,0.4563189605010775,0.3385888169098753,LOW-COMPLEXITY,Moderate
500,2500.0,2505.0,1.0,2.0,4.760000000000005,69.20459747314453,72.87848510742188,8.774930555555557,0.24074201680672264,0.2,0.23800000000000027,0.12605042016806708,0.456249999934375,0.23666666666666666,0.29019465151579804,0.4488188757920287,0.011234247244649493,162.5832316816901,0.3137322003118446,0.29453571506570286,0.40831707286335156,0.329579228765104,0.4488188757920287,0.29026822110412454,SPARSE-EXTREME,Moderate
501,2505.0,2510.0,5.0,27.400000000000034,89.28000000000002,69.10449981689453,75.06265716552734,36.771580882352936,0.346367047589148,0.5480000000000007,0.8928,0.10752688172043008,0.1984489051065751,0.5739354744525553,0.3356325566309245,0.4219740740126222,0.07813847110085863,152.44141641014681,0.28747264045323306,0.41113457052815405,0.39925465956608186,0.371024299834973,0.4219740740126222,0.3718106846793672,SPARSE-EXTREME,Moderate
502,2510.0,2515.0,2.0,8.600000000000009,38.00000000000013,62.62435531616211,86.20047760009766,21.13208333333333,0.33445532435740555,0.43000000000000044,0.9500000000000032,0.16578947368421,0.242732558128887,0.4782881136950909,0.3284501025379902,0.34998719082506974,0.03103463876073305,231.26901767980343,0.24772177194426226,0.376008578840075,0.3606050067370952,0.3508922658997893,0.34998719082506974,0.33141538442831825,SPARSE-EXTREME,Moderate
503,2515.0,2520.0,2.0,16.60000000000001,29.760000000000005,57.60805130004883,88.04156188964843,26.593872549019608,0.40691901800751407,0.8300000000000004,0.7440000000000001,0.14784946236559138,0.14683734939346232,0.7343554216867472,0.24470021070479503,0.32918084990056756,0.045361390971421243,205.00769029634037,0.23766012900247188,0.4288213085234056,0.3437671828191983,0.3818275330895118,0.32918084990056756,0.37714725304021945,SPARSE-EXTREME,Moderate
504,2520.0,2525.0,11.0,44.0,78.08000000000004,70.73146057128906,87.99602355957032,45.7760906862745,0.28731330104321906,0.4,0.3549090909090911,0.1434426229508196,0.2659090909067407,0.4319230769230769,0.23415419024318213,0.3465563631139802,0.10479581186723055,210.29218746260594,0.22139054322861296,0.3197464084197497,0.34702444517396147,0.3144875158133908,0.3465563631139802,0.2886186344139445,SPARSE-EXTREME,Moderate
505,2525.0,2530.0,1.0,4.0,13.760000000000005,74.32199096679688,75.9724334716797,15.03531454248366,0.2895372093023256,0.4,0.6880000000000003,0.11627906976744182,0.249999999978125,0.475,0.3664112530060273,0.4081694031930857,0.01996799372036396,180.93273209474137,0.2550723581269832,0.3923263950541765,0.4028316925193826,0.3636733758941519,0.4081694031930857,0.3401966085979082,SPARSE-EXTREME,Moderate
506,2530.0,2535.0,0.0,1.0,2.0,70.04935455322266,70.58336944580078,5.7667320261437895,0.14,0.1,0.1,0.1,0.08749999991249999,0.42999999999999994,0.0987,0.393388240853507,0.007811550525438934,166.4781168080519,0.23071203029834225,0.2319407499862187,0.3065230004326056,0.21073499996937495,0.393388240853507,0.2465970050872063,LOW-COMPLEXITY,Moderate
507,2535.0,2540.0,0.0,1.0,2.0,69.87045288085938,70.37745513916016,4.633231209150328,0.14,0.1,0.1,0.1,0.08749999991249999,0.42999999999999994,0.0987,0.39220227788529816,0.0065458749839805205,167.1177600720858,0.22879062105432832,0.2319407499862187,0.30609018847190206,0.21073499996937495,0.39220227788529816,0.2457813070210053,LOW-COMPLEXITY,Moderate
508,2540.0,2545.0,0.0,1.0,2.0,69.77763366699219,70.25869903564453,3.9879330065359473,0.04,0.1,0.1,0.15,0.0,0.15,0.26428235421518115,0.3955943815612206,0.0059507034153530695,169.9997712332778,0.23262631495241926,0.1760878240836038,0.28895414693729293,0.13178470626455435,0.3955943815612206,0.19569086664623417,LOW-COMPLEXITY,Low
509,2545.0,2550.0,0.0,1.0,34.08000000000017,68.21464538574219,70.05775909423828,4.829656862745098,0.175,0.1,1.0,0.1525821596244124,0.0,0.15,0.16423314026357974,0.4309299820130309,0.00918953735742663,163.20363355642107,0.2863438363313045,0.13256641601465718,0.2787697203923711,0.10176994207907392,0.4309299820130309,0.19514379583926136,SPARSE-EXTREME,Low
510,2550.0,2555.0,0.0,1.0,55.08000000000004,69.00281524658203,70.36067352294921,5.265077614379086,0.275,0.1,1.0,0.11074800290486557,0.08749999991249999,0.42999999999999994,0.6447194301668234,0.4194331101314573,0.0116245492118416,171.0400241521991,0.2756384776231427,0.4694592021087869,0.42317621760776947,0.374540829019422,0.4194331101314573,0.38528055196644984,HEAVY-TAIL-RISK,Moderate
511,2555.0,2560.0,0.0,1.0,1.0,75.12812042236328,75.9398208618164,5.305085784313725,0.0325,0.1,0.05,1.0,0.0,0.15,0.04571428571428573,0.42681628591333975,0.00852106353325644,169.7791065737339,0.2808107266489504,0.08101071428571428,0.25478641594139123,0.06621428571428571,0.42681628591333975,0.16723368028277005,LOW-COMPLEXITY,Low
512,2560.0,2565.0,0.0,1.0,48.0800000000003,73.52055358886719,75.50673370361328,5.564448529411765,0.175,0.1,1.0,0.1518302828618959,0.0,0.15,0.6146136621908975,0.41964030180265877,0.011577350698449318,158.82261805828054,0.28191180319906844,0.32848194305304046,0.3634216690297717,0.23688409865726925,0.41964030180265877,0.2929354596379242,HEAVY-TAIL-RISK,Moderate
513,2565.0,2570.0,0.0,0.6000000000000085,1.0,76.998779296875,77.65918731689453,3.9754289215686276,0.022500000000000214,0.06000000000000085,0.05,0.2,0.0,0.15,0.13399999982500096,0.4075181675309486,0.005559046520569012,214.54646628303038,0.2483338356747784,0.11941499992387541,0.2691416206331113,0.09269999994750028,0.4075181675309486,0.17408694314999115,LOW-COMPLEXITY,Low
514,2570.0,2575.0,0.0,1.0,1.0,76.90157318115234,77.58991851806641,4.81906045751634,0.0325,0.1,0.05,0.2,0.0,0.15,0.04571428571428573,0.4077113882463086,0.007022751826220685,201.1884817044668,0.24970321112364627,0.08101071428571428,0.25098361567947713,0.06621428571428571,0.4077113882463086,0.15512516684520583,LOW-COMPLEXITY,Low
515,2575.0,2580.0,0.0,0.6000000000000085,1.0,75.30127716064453,76.1177764892578,3.1499142156862745,0.022500000000000214,0.06000000000000085,0.05,0.1,0.0,0.15,0.06399999999999946,0.4354169192605581,0.004667655709342561,195.3035673484539,0.2836755320472036,0.08896499999999977,0.2624406333184325,0.07169999999999983,0.4354169192605581,0.17193775786991355,LOW-COMPLEXITY,Low
516,2580.0,2585.0,1.0,3.0,4.0,36.891700744628906,37.86938171386719,13.290306372549018,0.26333333333333336,0.3,0.2,0.9,0.36249999995138893,0.303,0.5927111799014156,0.4980827150293759,0.016869085768294243,56.69001088818858,0.35653141219871953,0.4383956132494595,0.46688335802012587,0.4107383539534108,0.4980827150293759,0.3818108796342722,SPARSE-EXTREME,Moderate
517,2585.0,2590.0,1.0,3.0,4.760000000000005,38.5665283203125,39.4396354675293,12.871825980392158,0.24907535014005594,0.3,0.23800000000000027,0.12605042016806708,0.36249999995138893,0.303,0.2824062436638961,0.394506571377483,0.015605761726259132,59.24812166877173,0.23707143827382,0.3034129659861386,0.37528899170358043,0.31764687308215495,0.394506571377483,0.26937115993837685,SPARSE-EXTREME,Moderate
518,2590.0,2595.0,2.0,3.0,5.0,38.18796920776367,39.34434585571289,15.663982843137253,0.28958333333333336,0.15,0.125,0.13999999999999999,0.6374999999319444,0.20249999999999999,0.2271736841965261,0.39652468252442996,0.01856819892989876,51.50254031312701,0.23906734373057084,0.2817455526147701,0.4055062873338698,0.36215210523513836,0.39652468252442996,0.24703075443051126,LOW-COMPLEXITY,Moderate
519,2595.0,2600.0,2.0,5.0,36.48000000000012,37.435054779052734,58.73474807739259,17.716049836601304,0.26671228070175473,0.25,0.9120000000000029,0.3536184210526304,0.399999999972,0.27249999999999996,0.5837221238910192,0.3721147396521939,0.025649543925413302,117.03242169392232,0.3023349197918769,0.4279628738881833,0.4117551649842635,0.4104916371575057,0.3721147396521939,0.3579364013110351,SPARSE-EXTREME,Moderate
520,2600.0,2605.0,0.0,3.6000000000000085,47.24000000000025,57.36351776123047,60.49785461425781,10.282577614379084,0.26777777777777795,0.3600000000000009,1.0,0.13124470787468176,0.024305555548803953,0.5,0.6206860927350272,0.39316329492634067,0.017980872420863773,226.05411756893423,0.24378317817416864,0.4775765753386734,0.4074170121380595,0.36971277226258953,0.39316329492634067,0.38429963351407403,HEAVY-TAIL-RISK,Moderate
521,2605.0,2610.0,0.0,1.0,4.52000000000001,73.799560546875,75.00506896972657,4.022982026143791,0.1589000000000001,0.1,0.2260000000000005,1.0,0.08749999991249999,0.42999999999999994,0.4035535307517085,0.4573594689195286,0.007892144527745738,250.94447118989362,0.3153146526622102,0.36455203586321194,0.3922968637922809,0.30219105919488753,0.4573594689195286,0.3486543910412775,SPARSE-EXTREME,Moderate
522,2610.0,2615.0,0.0,1.0,3.0,81.77294921875,83.95584716796876,6.592647058823529,0.14750000000000002,0.1,0.15,1.0,0.08749999991249999,0.42999999999999994,0.5341627701507086,0.4191247473873743,0.012315835576060488,243.4762746896912,0.26933463005985564,0.42136705500177696,0.4055659335708577,0.3413738310145875,0.4191247473873743,0.35945862045549065,LOW-COMPLEXITY,Moderate
523,2615.0,2620.0,0.0,1.0,2.760000000000005,76.46173858642578,78.72353057861328,7.606760620915033,0.14570000000000005,0.1,0.13800000000000026,1.0,0.08749999991249999,0.42999999999999994,0.39058273615635186,0.4083191855609619,0.015163344867358706,206.89709495848598,0.2590611874009012,0.3589097402142318,0.37102879902290015,0.2982998208162805,0.4083191855609619,0.3233982873916779,LOW-COMPLEXITY,Moderate
524,2620.0,2625.0,0.0,1.0,3.0,68.66168975830078,78.05965270996094,2.6677491830065363,0.14750000000000002,0.1,0.15,0.1,0.08749999991249999,0.42999999999999994,0.1730172363746948,0.4965192307620172,0.005345278738946559,183.7286418860662,0.3977310381083336,0.26426874780921095,0.3474513691818338,0.23303017088178338,0.4965192307620172,0.32979627603350853,LOW-COMPLEXITY,Moderate
525,2625.0,2630.0,0.0,1.0,1.0,68.63501739501953,75.46501007080079,3.1247303921568625,0.1325,0.1,0.05,0.2,0.08749999991249999,0.42999999999999994,0.06857142857142857,0.4693092277932378,0.005741035659361783,182.93362727351837,0.35738026378152515,0.21883482141479016,0.3215655117547915,0.20169642854080352,0.4693092277932378,0.2916964683423444,LOW-COMPLEXITY,Moderate
526,2630.0,2635.0,0.0,1.0,2.760000000000005,71.10382080078125,76.11536560058593,6.901270424836601,0.14570000000000005,0.1,0.13800000000000026,1.0,0.08749999991249999,0.42999999999999994,0.7178673676358861,0.36882714511519094,0.014172500000000001,218.84165918682223,0.21572301456396548,0.5012785549078291,0.42154696225377103,0.3964852102601408,0.36882714511519094,0.37837626293738774,HEAVY-TAIL-RISK,Moderate
527,2635.0,2640.0,0.0,8.0,26.04000000000002,57.99915313720703,63.19656600952148,17.176282679738563,0.38749999999999996,0.8,1.0,0.2956989247311826,0.032812499995898435,0.5,0.4490148835385385,0.3884696695197346,0.030721879405356912,170.19766632593485,0.25152992839982957,0.40423944308861826,0.36764160050757977,0.321188840060126,0.3884696695197346,0.34967433952841476,SPARSE-EXTREME,Moderate
528,2640.0,2645.0,1.0,9.0,16.0,74.1394271850586,77.18776245117188,21.992054738562096,0.43180555555555555,0.9,0.8,0.1125,0.14027777777021605,0.7616666666666667,0.22635162290812683,0.41453203703017727,0.03371190936178393,212.77231610977614,0.27124066003397607,0.43093587263051086,0.39127385186717223,0.383586042425347,0.41453203703017727,0.3933025790158397,SPARSE-EXTREME,Moderate
529,2645.0,2650.0,1.0,2.0,2.760000000000005,77.10498046875,79.40012817382812,11.253039215686277,0.3018594202898548,0.2,0.13800000000000026,0.10869565217391283,0.456249999934375,0.23666666666666666,0.12166679353082513,0.42397041934882795,0.015984117967448416,241.4443578332897,0.2767899785292371,0.22122609684223965,0.3735898369652263,0.27902087136961207,0.42397041934882795,0.24057551306153116,BURST-DOMINATED,Moderate
530,2650.0,2655.0,0.0,1.0,2.0,74.79115295410156,79.35755920410156,9.32463235294118,0.14,0.1,0.1,1.0,0.08749999991249999,0.42999999999999994,0.3787,0.4053823500306567,0.015330334166346278,179.63547282245833,0.2718449646520305,0.3537407499862187,0.36190826182448027,0.2947349999693749,0.4053823500306567,0.32554978645691923,LOW-COMPLEXITY,Moderate
531,2655.0,2660.0,0.0,1.0,4.280000000000015,55.81656265258789,58.500807189941405,10.933892973856212,0.15710000000000013,0.1,0.21400000000000077,1.0,0.08749999991249999,0.42999999999999994,0.5730766696693939,0.40402662992480076,0.017197474529027288,156.8209207868328,0.2626134703797413,0.43829460129240505,0.40109455706378544,0.3530480008701931,0.40402662992480076,0.3641446731314045,SPARSE-EXTREME,Moderate
532,2660.0,2665.0,0.0,1.0,1.0,57.5059928894043,59.43809509277344,9.981143790849671,0.1325,0.1,0.05,0.2,0.08749999991249999,0.42999999999999994,0.06857142857142857,0.3811620064179345,0.014542508169934642,219.49691130101078,0.22170834036778575,0.21883482141479016,0.2981143289519979,0.20169642854080352,0.3811620064179345,0.23768939799832278,LOW-COMPLEXITY,Low
533,2665.0,2670.0,0.0,1.0,2.760000000000005,43.437137603759766,57.346614074707034,10.143149509803921,0.14570000000000005,0.1,0.13800000000000026,1.0,0.08749999991249999,0.42999999999999994,0.6732045478830581,0.3913545525623445,0.01673344675124952,131.03858348811804,0.2961410166106999,0.48185022831534896,0.4020802185722744,0.38308636433429233,0.3913545525623445,0.3994406288475185,HEAVY-TAIL-RISK,Moderate
534,2670.0,2675.0,1.0,3.0,6.52000000000001,74.60430145263672,78.79785919189453,17.20841911764706,0.2672537832310838,0.3,0.3260000000000005,1.0,0.3333333332944444,0.34500000000000003,0.532753093774963,0.4089605516289924,0.027940531366141226,199.97225010339173,0.2636324523225374,0.42483509578598394,0.43535684663304197,0.39724259478554447,0.4089605516289924,0.34811394864182976,SPARSE-EXTREME,Moderate
535,2675.0,2680.0,1.0,2.0,3.0,68.56854248046875,69.56631927490234,10.383562091503268,0.2891666666666667,0.2,0.15,0.13333333333333333,0.456249999934375,0.23666666666666666,0.17364117644258825,0.40182036014223965,0.014690479943611433,204.91422026500058,0.2422873830082316,0.2438349534088566,0.3751256076178256,0.29461318624314103,0.40182036014223965,0.23719540726784974,BURST-DOMINATED,Moderate
536,2680.0,2685.0,0.0,1.0,1.0,68.65296936035156,69.25944519042969,4.76154820261438,0.0325,0.1,0.05,0.2,0.0,0.15,0.04571428571428573,0.3985507263907487,0.00785578127002435,207.24916933668132,0.2376377173279522,0.08101071428571428,0.24836261389958847,0.06621428571428571,0.3985507263907487,0.15046523478828774,LOW-COMPLEXITY,Low
537,2685.0,2690.0,0.0,0.0,1.0,68.27720642089844,69.11810760498047,3.620404411764706,0.0075,0.0,0.05,0.1,0.0,0.0,0.0,0.4017648221710578,0.006093358323721646,209.85801293800282,0.24290619849296954,0.0,0.22185018066967835,0.0,0.4017648221710578,0.09865945693810774,LOW-COMPLEXITY,Low
538,2690.0,2695.0,0.0,1.0,1.0,68.6645736694336,69.33315887451172,3.6926919934640523,0.0325,0.1,0.05,0.1,0.0,0.15,0.04571428571428573,0.40702107771090057,0.0062703022875817,211.6513672085648,0.24832817305423224,0.08101071428571428,0.25115736040315945,0.06621428571428571,0.40702107771090057,0.15467103609763966,LOW-COMPLEXITY,Low
539,2695.0,2700.0,0.0,0.0,1.0,68.8132095336914,69.49651184082032,2.8439787581699343,0.0075,0.0,0.05,0.1,0.0,0.0,0.04760395761369884,0.41432575300102964,0.0051927540689478404,210.50524887402332,0.2570852973350774,0.02070772156195899,0.23528658180514792,0.01428118728410965,0.41432575300102964,0.1144521076911379,LOW-COMPLEXITY,Low
540,2700.0,2705.0,0.0,1.0,1.0,68.07487487792969,69.70043640136718,3.555996732026144,0.0325,0.1,0.05,0.1,0.0,0.15,0.04571428571428573,0.4388794234873557,0.006001633025759323,208.48838178771993,0.2970082717178728,0.08101071428571428,0.2611963515666769,0.06621428571428571,0.4388794234873557,0.17456014589257723,LOW-COMPLEXITY,Low
541,2705.0,2710.0,0.0,0.0,1.7600000000000051,64.38386535644531,68.126708984375,4.372593954248366,0.013200000000000038,0.0,0.08800000000000026,1.0,0.0,0.0,0.28,0.4778153400876045,0.008496981930026912,205.55844331610467,0.35893326236627493,0.1218,0.30099681329194694,0.084,0.4778153400876045,0.2073616808134178,LOW-COMPLEXITY,Moderate
542,2710.0,2715.0,0.0,1.0,1.0,68.34723663330078,71.2241424560547,6.151809640522877,0.1325,0.1,0.05,0.1,0.08749999991249999,0.42999999999999994,0.06857142857142857,0.38809129768495787,0.008883242502883509,209.83024933475792,0.2328835587015456,0.21883482141479016,0.29871135736602716,0.20169642854080352,0.38809129768495787,0.2417536442933571,LOW-COMPLEXITY,Low
543,2715.0,2720.0,0.0,0.0,0.7600000000000051,68.66806030273438,69.36464080810546,0.7894362745098039,0.005700000000000038,0.0,0.038000000000000256,0.1,0.0,0.0,0.0088421052515233,0.3890869771232378,0.0023225563885684994,207.80230733378835,0.22576189885732628,0.003846315784412635,0.21927570628568047,0.0026526315754569897,0.3890869771232378,0.09368201813557034,LOW-COMPLEXITY,Low
544,2720.0,2725.0,0.0,1.0,3.0,63.679443359375,69.42380218505859,5.991491013071896,0.14750000000000002,0.1,0.15,0.1,0.08749999991249999,0.42999999999999994,0.11346923076923078,0.3699371476445338,0.009879679610406254,192.0524500625757,0.22031227656431682,0.2383653653708341,0.29795761254673764,0.21516576920014419,0.3699371476445338,0.24647740037776772,LOW-COMPLEXITY,Low
545,2725.0,2730.0,0.0,3.0,25.360000000000056,64.27265167236328,69.98398284912109,10.078578431372549,0.2583333333333333,0.3,1.0,0.20899053627760206,0.02916666665694444,0.5,0.5749250514083343,0.40531394957654265,0.019312798282711773,184.33440837405539,0.2664615917133646,0.4584361473610941,0.39927532334979593,0.3576858487524308,0.40531394957654265,0.3828874293462253,SPARSE-EXTREME,Moderate
546,2730.0,2735.0,0.0,0.0,1.0,76.31938171386719,77.34862823486328,3.905093954248366,0.0075,0.0,0.05,0.1,0.0,0.0,0.0,0.4065950886560295,0.006626882929642444,220.3612274606768,0.24941546996371053,0.0,0.22381704960985635,0.0,0.4065950886560295,0.10139493018129761,LOW-COMPLEXITY,Low
547,2735.0,2740.0,0.0,0.0,1.0,72.00333404541016,77.89993896484376,6.324673202614379,0.0075,0.0,0.05,0.1,0.0,0.0,0.04760395761369884,0.4259673257994023,0.010136817409970522,211.3613362367086,0.29481105319394146,0.02070772156195899,0.23567661799957057,0.01428118728410965,0.4259673257994023,0.13054110508902467,LOW-COMPLEXITY,Low
548,2740.0,2745.0,0.0,0.0,4.800000000000026,71.63565063476562,73.33846740722656,4.394064542483661,0.03600000000000019,0.0,0.24000000000000127,1.0,0.0,0.0,0.28,0.4233417428402215,0.007958290240932975,195.57858782397753,0.2757515331157597,0.1218,0.2838395386819388,0.084,0.4233417428402215,0.173384169386503,SPARSE-EXTREME,Low
549,2745.0,2750.0,0.0,0.0,1.0,72.75769805908203,73.50274505615235,2.8785130718954246,0.0075,0.0,0.05,0.1,0.0,0.0,1.0,0.40442182353525735,0.004597483980520313,187.6478989632145,0.2461848087371883,0.435,0.422021500013346,0.3,0.40442182353525735,0.31969447348945085,HEAVY-TAIL-RISK,Moderate
550,2750.0,2755.0,0.0,1.0,1.0,73.78905487060547,74.41767272949218,4.440208333333332,0.0325,0.1,0.05,0.1,0.0,0.15,0.04571428571428573,0.41725971433250664,0.006840692522106881,194.58548633880275,0.2645651687376493,0.08101071428571428,0.25403945855461235,0.06621428571428571,0.41725971433250664,0.16123860913695517,LOW-COMPLEXITY,Low
551,2755.0,2760.0,2.0,5.0,9.52000000000001,73.90245056152344,76.65288391113282,19.129040032679743,0.26324201680672266,0.25,0.23800000000000027,0.13655462184873934,0.3824999999755,0.2975,0.2409437473247816,0.3890676074676586,0.029471113994617458,198.42091598422405,0.23235958732246725,0.28628553008242125,0.37610369436330393,0.31028312418885945,0.3890676074676586,0.2610657469201926,SPARSE-EXTREME,Moderate
552,2760.0,2765.0,1.0,5.0,9.0,67.70954895019531,69.59718017578125,19.787879901960782,0.3080555555555555,0.5,0.45,0.11111111111111112,0.2174999999825,0.525,0.20470749265630414,0.42151273658840965,0.03127013456362937,175.69718873673727,0.27122394816405215,0.33724150930273605,0.3736501983507936,0.32128724779076623,0.42151273658840965,0.32296748325614705,SPARSE-EXTREME,Moderate
553,2765.0,2770.0,0.0,1.0,1.0,66.82003021240234,67.66493225097656,6.229481209150325,0.0325,0.1,0.05,0.1,0.0,0.15,0.04571428571428573,0.41218786350023734,0.009620072087658594,186.85848426930147,0.25481777710672443,0.08101071428571428,0.2510251099129642,0.06621428571428571,0.41218786350023734,0.1565778540049832,LOW-COMPLEXITY,Low
554,2770.0,2775.0,0.0,1.0,1.0,66.24391174316406,67.37547912597657,5.220347222222221,0.0325,0.1,0.05,0.1,0.0,0.15,0.04571428571428573,0.3946688281386324,0.008493246667948226,184.8049835208109,0.2353899727285454,0.08101071428571428,0.24541589434945446,0.06621428571428571,0.3946688281386324,0.14928048520906653,LOW-COMPLEXITY,Low
555,2775.0,2780.0,0.0,1.0,1.0,65.75575256347656,66.97868347167969,5.788084150326798,0.0325,0.1,0.05,0.1,0.0,0.15,0.04571428571428573,0.4213654376125526,0.009686253524285529,181.6001181983786,0.2701835804675704,0.08101071428571428,0.2536852317757093,0.06621428571428571,0.4213654376125526,0.16289740480928816,LOW-COMPLEXITY,Low
556,2780.0,2785.0,0.0,0.0,1.0,67.35908508300781,67.64437408447266,2.62891748366013,0.0075,0.0,0.05,0.1,0.0,0.0,0.0,0.4202307872622473,0.004604788703062924,186.2208376568912,0.2620049542724157,0.0,0.2262648211137685,0.0,0.4202307872622473,0.10513746771046502,LOW-COMPLEXITY,Low
557,2785.0,2790.0,0.0,0.0,1.0,67.49652099609375,68.01014251708985,3.3820915032679735,0.0075,0.0,0.05,0.1,0.0,0.0,0.0,0.394303885545739,0.0053676672433679365,189.05101043961434,0.23170065747536972,0.0,0.21837918544133417,0.0,0.394303885545739,0.09370707225571707,LOW-COMPLEXITY,Low
558,2790.0,2795.0,0.0,0.0,1.0,67.7554702758789,68.78593292236329,1.744857026143791,0.0075,0.0,0.05,0.1,0.0,0.0,1.0,0.4187926396710185,0.003607462354222735,188.6856564520065,0.26717828838018215,0.435,0.4266553871622438,0.3,0.4187926396710185,0.32822036977912183,HEAVY-TAIL-RISK,Moderate
559,2795.0,2800.0,0.0,0.0,0.7600000000000051,67.78236389160156,68.32456512451172,1.5298529411764705,0.005700000000000038,0.0,0.038000000000000256,0.1,0.0,0.0,0.0088421052515233,0.41940723173447236,0.003225116301422529,187.49105253530047,0.2641529477087278,0.003846315784412635,0.2280369697713985,0.0026526315754569897,0.41940723173447236,0.10836392112846378,LOW-COMPLEXITY,Low
560,2800.0,2805.0,0.0,0.0,1.0,67.7744369506836,68.6559326171875,2.7412418300653596,0.0075,0.0,0.05,0.1,0.0,0.0,0.0,0.41994990193205906,0.004920704696911446,187.63383047478024,0.26769099016741627,0.0,0.22656551044866227,0.0,0.41994990193205906,0.10815594825772515,LOW-COMPLEXITY,Low
561,2805.0,2810.0,1.0,1.0,10.080000000000041,63.99590301513672,68.5496810913086,11.476225490196079,0.25020317460317465,0.1,0.504000000000002,0.6150793650793626,0.9124999997375001,0.2583333333333333,0.3353652936416165,0.43846534619542066,0.017819329905164678,167.0657543513258,0.29916535058693605,0.39487348602609273,0.5045787043234329,0.5104012546672766,0.43846534619542066,0.3314570126373902,SPARSE-EXTREME,High
562,2810.0,2815.0,1.0,2.0,7.0400000000000205,42.765262603759766,44.769126892089844,11.962822712418301,0.22382272727272723,0.2,0.35200000000000103,0.9801136363636335,0.456249999934375,0.23666666666666666,0.6450452459092507,0.4672433358034575,0.01981108868383955,89.00026014146995,0.3274254941604944,0.4488957236268548,0.4797384055739751,0.4360344070831398,0.4672433358034575,0.37073380863332833,HEAVY-TAIL-RISK,Moderate
563,2815.0,2820.0,0.0,1.0,4.0,63.96808624267578,67.8550537109375,10.184942810457516,0.155,0.1,0.2,1.0,0.08749999991249999,0.42999999999999994,0.7813207398537826,0.3727668721038197,0.01720876682045367,180.61940892761592,0.2182520325460114,0.5288807718226142,0.43413861389632513,0.4155212219255097,0.3727668721038197,0.39258092408883194,HEAVY-TAIL-RISK,Moderate
564,2820.0,2825.0,0.0,1.0,31.880000000000194,60.93621063232422,71.07264709472656,5.859534313725491,0.175,0.1,1.0,0.21016311166875656,0.0,0.15,0.1802098882639255,0.3989481398255803,0.01135359781494297,206.94675451684498,0.2778581491124081,0.1395163013948076,0.26578051536076197,0.10656296647917765,0.3989481398255803,0.19674670321566445,SPARSE-EXTREME,Low
565,2825.0,2830.0,0.0,1.0,41.24000000000025,58.84971237182617,59.41231689453125,2.629015522875817,0.175,0.1,1.0,0.13336566440349093,0.0,0.15,0.5779143767106405,0.416205643839827,0.0071535958926054076,177.19043809764028,0.260293732678163,0.3125177538691286,0.3587668902158957,0.22587431301319214,0.416205643839827,0.2758510234612843,SPARSE-EXTREME,Moderate
566,2830.0,2835.0,0.0,1.0,2.0,72.2520751953125,73.37369079589844,5.300351307189541,0.04,0.1,0.1,1.0,0.0,0.15,0.35111111111111115,0.4206849385762664,0.011567523228245547,226.56358981987657,0.2754862569721366,0.21385833333333337,0.3170962201756721,0.15783333333333335,0.4206849385762664,0.23372223757015362,LOW-COMPLEXITY,Moderate
567,2835.0,2840.0,0.0,1.0,1.0,73.15328979492188,73.93267211914062,4.737144607843139,0.0325,0.1,0.05,0.1,0.0,0.15,0.04571428571428573,0.41031174674971505,0.00707977925156991,237.37482905046832,0.2519064258885779,0.08101071428571428,0.253500724354857,0.06621428571428571,0.41031174674971505,0.15645767263820298,LOW-COMPLEXITY,Low
568,2840.0,2845.0,0.0,1.0,60.76000000000039,73.19221496582031,74.22631378173828,5.575580065359477,0.175,0.1,1.0,0.16787360105332347,0.0,0.15,0.5991149079387745,0.4237012508305733,0.01189329712930924,231.05962506208317,0.2766334080208929,0.32173998495336686,0.3686059459799084,0.23223447238163233,0.4237012508305733,0.2887707085865872,SPARSE-EXTREME,Moderate
569,2845.0,2850.0,5.0,13.0,23.280000000000015,57.84455871582031,70.16870422363282,33.94332924836601,0.26884677768966425,0.26,0.23280000000000017,0.13745704467353942,0.38461538460502953,0.2876153846153846,0.2277395388400148,0.3973657910811231,0.06290756600025631,144.70532250647744,0.2790609770178789,0.2768468917014678,0.3618262070283266,0.30360263087914935,0.3973657910811231,0.2728929901784214,SPARSE-EXTREME,Moderate
570,2850.0,2855.0,1.0,9.0,16.52000000000001,56.08119583129883,57.11764831542969,14.380061274509803,0.390277454936777,0.9,0.8260000000000005,0.10895883777239704,0.10138888888564813,0.7616666666666667,0.4105207570214539,0.4351194277264633,0.02461462642573369,141.16747275836437,0.2896364892151726,0.5049244459704887,0.42426252927984887,0.42522567154974633,0.4351194277264633,0.43652505314380236,SPARSE-EXTREME,Moderate
571,2855.0,2860.0,0.0,0.0,1.0,55.813350677490234,57.091392517089844,4.221062091503267,0.0075,0.0,0.05,0.1,0.0,0.0,1.0,0.4063659237508084,0.006813684960912469,152.44118574498114,0.2517457900049903,0.435,0.419563090546444,0.3,0.4063659237508084,0.3211284957560484,HEAVY-TAIL-RISK,Moderate
572,2860.0,2865.0,0.0,0.0,1.0,57.16632843017578,58.10335464477539,2.759089052287582,0.0075,0.0,0.05,0.1,0.0,0.0,0.0,0.3934267543496734,0.005039628508266052,154.3714966604735,0.23269677667451538,0.0,0.21524651709625187,0.0,0.3934267543496734,0.0933279807335275,LOW-COMPLEXITY,Low
573,2865.0,2870.0,0.0,0.0,1.0,59.196102142333984,59.7165771484375,2.929808006535948,0.0075,0.0,0.05,0.1,0.0,0.0,0.0,0.4214426475876718,0.0053120384787902096,153.2317071499262,0.2681992104714611,0.0,0.2250083522332451,0.0,0.4214426475876718,0.10749186662044838,LOW-COMPLEXITY,Low
574,2870.0,2875.0,0.0,1.0,48.8400000000003,57.160850524902344,80.08639068603516,6.897283496732026,0.275,0.1,1.0,0.13923013923013836,0.08749999991249999,0.42999999999999994,0.5156048961800538,0.3990806495964163,0.014547026464180442,200.24935035893333,0.3149943745848607,0.4132943798245421,0.3750395225110269,0.33580646882339105,0.3990806495964163,0.37383159219919376,SPARSE-EXTREME,Moderate
575,2875.0,2880.0,1.0,1.0,2.760000000000005,55.25388717651367,56.594174194335935,8.19812908496732,0.3268594202898548,0.1,0.13800000000000026,0.10869565217391283,0.9124999997375001,0.2583333333333333,0.12396499032665068,0.4038379266883966,0.013636098455722159,159.4777502618224,0.24798042892628627,0.30291435408408257,0.45500962758661817,0.44698116367278684,0.4038379266883966,0.26546218432869123,LOW-COMPLEXITY,Moderate
576,2880.0,2885.0,2.0,8.0,14.760000000000005,50.38933563232422,55.17511749267578,23.941209150326795,0.2856006775067751,0.4,0.3690000000000001,0.12195121951219508,0.28281249998496094,0.3986363636363636,0.2067563511851188,0.37530198241248663,0.03805606449442523,108.33709191054218,0.22749657192131792,0.2969262996949762,0.3486452947296389,0.3005340076229992,0.37530198241248663,0.27262118709976957,SPARSE-EXTREME,Moderate
577,2885.0,2890.0,1.0,5.0,12.0,69.11543273925781,70.69373321533203,14.85873774509804,0.29666666666666663,0.5,0.6,0.125,0.199999999986,0.595,0.3384649244564277,0.4545619842573959,0.022967652986031015,155.94529120601717,0.3116604211027167,0.42119474213634106,0.41481131813583627,0.3797894773320283,0.4545619842573959,0.3868934145030162,SPARSE-EXTREME,Moderate
578,2890.0,2895.0,0.0,1.0,1.0,69.1333236694336,69.82735443115234,4.709718137254902,0.1325,0.1,0.05,0.1,0.08749999991249999,0.42999999999999994,0.06857142857142857,0.4075473642512233,0.007014477764962192,149.2132377600479,0.24856864706532403,0.21883482141479016,0.30349804753490056,0.20169642854080352,0.4075473642512233,0.2464075133927857,LOW-COMPLEXITY,Moderate
579,2895.0,2900.0,0.0,0.0,1.0,69.73161315917969,70.12070770263672,3.161021241830066,0.0075,0.0,0.05,0.1,0.0,0.0,0.04760395761369884,0.4182367330241037,0.0050542935409457895,152.9535826681436,0.25964886152649375,0.02070772156195899,0.23305050120561388,0.01428118728410965,0.4182367330241037,0.11397351657124064,LOW-COMPLEXITY,Low
580,2900.0,2905.0,0.0,0.0,1.0,70.36370849609375,71.2291473388672,3.2422222222222223,0.0075,0.0,0.05,0.1,0.0,0.0,0.0,0.39509918420209555,0.005370760604895552,154.6943655562779,0.2340370822844074,0.0,0.2162223217624058,0.0,0.39509918420209555,0.09392155770852184,LOW-COMPLEXITY,Low
581,2905.0,2910.0,0.0,0.0,1.0,70.76889038085938,71.42836303710938,2.344248366013072,0.0075,0.0,0.05,0.1,0.0,0.0,1.0,0.4200312547123962,0.00425837354222735,156.63187362006053,0.2648385491854695,0.435,0.42494095648981256,0.3,0.4200312547123962,0.3261407956860701,HEAVY-TAIL-RISK,Moderate
582,2910.0,2915.0,0.0,0.6000000000000085,1.0,69.9100341796875,71.18178253173828,3.3540155228758173,0.022500000000000214,0.06000000000000085,0.05,0.1,0.0,0.15,0.06399999999999946,0.4158227693644521,0.005775405773420479,152.92155718139406,0.2609696123522273,0.08896499999999977,0.2531978957261191,0.07169999999999983,0.4158227693644521,0.1622483773391422,LOW-COMPLEXITY,Low
583,2915.0,2920.0,1.0,3.0,4.0,69.92826843261719,71.67739410400391,13.638104575163398,0.2966666666666667,0.3,0.2,0.1,0.3333333332944444,0.34500000000000003,0.11171546391752565,0.4150993051657357,0.01942321655132641,170.07017056232797,0.2615563404073099,0.24168372679799865,0.35324491440985284,0.27093130582831326,0.4150993051657357,0.2536463835432984,SPARSE-EXTREME,Moderate
584,2920.0,2925.0,0.0,3.0,6.760000000000005,69.28961944580078,71.58940277099609,10.290249183006534,0.19236666666666669,0.3,0.33800000000000024,0.6360946745562125,0.05833333331388888,0.5,0.538254332525781,0.4033571480245837,0.016963449955145458,177.8293797625984,0.2500158049083876,0.4470781346456522,0.3998831468935515,0.3568929664175954,0.4033571480245837,0.36986586673965804,SPARSE-EXTREME,Moderate
585,2925.0,2930.0,0.0,0.0,1.0,69.38404083251953,70.08977813720703,1.8479411764705882,0.0075,0.0,0.05,0.1,0.0,0.0,0.0,0.3948569344434029,0.003560148660771498,177.23811148513673,0.2323505374220847,0.0,0.21736053487866772,0.0,0.3948569344434029,0.09353722230772532,LOW-COMPLEXITY,Low
586,2930.0,2935.0,0.0,0.0,1.7600000000000051,69.62913513183594,78.72785797119141,3.377058823529412,0.013200000000000038,0.0,0.08800000000000026,1.0,0.0,0.0,0.28,0.4639186801479519,0.006122678617198513,183.64592599019429,0.35670818722780884,0.1218,0.29053952003758254,0.084,0.4639186801479519,0.20606325559007033,LOW-COMPLEXITY,Low
587,2935.0,2940.0,0.0,1.0,13.840000000000046,78.68050384521484,79.7203857421875,9.357352941176472,0.22880000000000034,0.1,0.6920000000000023,0.42630057803468063,0.08749999991249999,0.42999999999999994,0.6389785176341595,0.4823576809874553,0.01750407375368448,226.43615044639034,0.341485921333573,0.4669619051570781,0.4456820808117298,0.3728185552596228,0.4823576809874553,0.409489046349152,HEAVY-TAIL-RISK,Moderate
588,2940.0,2945.0,0.0,1.0,1.0,76.95799255371094,77.4692169189453,5.514436274509803,0.0325,0.1,0.05,0.1,0.0,0.15,0.04571428571428573,0.4247064035608765,0.00884367422786108,239.24763377488276,0.27110623459141026,0.08101071428571428,0.25898667727657276,0.06621428571428571,0.4247064035608765,0.16437899630942934,LOW-COMPLEXITY,Low
589,2945.0,2950.0,0.0,0.6000000000000085,1.0,76.25594329833984,76.74558715820312,3.497177287581699,0.022500000000000214,0.06000000000000085,0.05,0.1,0.0,0.15,0.06399999999999946,0.40634302640759046,0.005571811803152633,237.21804022738507,0.24492353021417768,0.08896499999999977,0.2559506356194529,0.07169999999999983,0.40634302640759046,0.15755873097199966,LOW-COMPLEXITY,Low
590,2950.0,2955.0,0.0,0.0,0.0,55.759620666503906,76.66555938720703,2.684178921568628,0.0,0.0,0.0,1.0,0.0,0.0,0.0,0.41949163542582407,0.005565204568755607,126.50033256055092,0.33844975938797817,0.0,0.20491710448214936,0.0,0.41949163542582407,0.13607295740628533,LOW-COMPLEXITY,Low
591,2955.0,2960.0,0.0,1.0,6.320000000000036,59.94096374511719,63.92211074829102,7.6934395424836595,0.07240000000000027,0.1,0.3160000000000018,0.7911392405063247,0.0,0.15,0.34454326287598797,0.3722226782772098,0.012338574586697426,131.7518308773074,0.2194171037033485,0.21100131935105476,0.29124620171635374,0.15586297886279638,0.3722226782772098,0.2077705423144938,SPARSE-EXTREME,Low
592,2960.0,2965.0,0.0,0.0,1.0,57.32768249511719,61.567850494384764,4.513100490196079,0.0075,0.0,0.05,1.0,0.0,0.0,0.28,0.4009373277999882,0.008140174131744199,94.52292342835784,0.25783681860378066,0.1218,0.26681430564518405,0.084,0.4009373277999882,0.16406908432770767,LOW-COMPLEXITY,Low
593,2965.0,2970.0,0.0,0.0,3.2800000000000153,57.2525749206543,62.58877944946289,4.956147875816995,0.02460000000000011,0.0,0.16400000000000076,1.0,0.0,0.0,0.28,0.4318805405631584,0.008745242534922464,95.93458699370517,0.30487904692986983,0.1218,0.2762541820825308,0.084,0.4318805405631584,0.18315835205303108,LOW-COMPLEXITY,Low
594,2970.0,2975.0,0.0,0.0,1.7600000000000051,62.96839904785156,63.81498489379883,4.200277777777777,0.013200000000000038,0.0,0.08800000000000026,1.0,0.0,0.0,0.28,0.41841815809223737,0.007770024349609126,130.20781268451876,0.26902472048234827,0.1218,0.2785304524306914,0.084,0.41841815809223737,0.1693934790688568,LOW-COMPLEXITY,Low
595,2975.0,2980.0,0.0,0.0,0.0,57.049442291259766,57.86865158081055,3.6442687908496727,0.0,0.0,0.0,0.0,0.0,0.0,0.0,0.4103905427582697,0.005298415032679738,71.57515263322597,0.25248083637803154,0.0,0.21560241304124142,0.0,0.4103905427582697,0.09910362706388284,LOW-COMPLEXITY,Low
596,2980.0,2985.0,0.0,0.0,4.0400000000000205,54.09796905517578,57.72317886352539,4.677479575163399,0.03030000000000015,0.0,0.202000000000001,0.7673267326732635,0.0,0.0,0.1868514851022634,0.4240074362124585,0.007375700852236319,66.32802118144016,0.2827463970537881,0.08128039601948457,0.25345487564141433,0.05605544553067902,0.4240074362124585,0.15210826871361394,SPARSE-EXTREME,Low
597,2985.0,2990.0,0.0,0.0,4.0,75.657958984375,76.7263916015625,3.982794117647059,0.03,0.0,0.2,1.0,0.0,0.0,0.28,0.42597439776961904,0.007354104671280277,190.96947839947234,0.28617423592142205,0.1218,0.28292169337279816,0.084,0.42597439776961904,0.1776161111987856,SPARSE-EXTREME,Low
598,2990.0,2995.0,0.0,0.0,1.0,75.83051300048828,76.22816162109375,2.0285702614379084,0.0075,0.0,0.05,0.1,0.0,0.0,0.0,0.40247533319649564,0.003753393726771754,226.67990705720254,0.24058702108222993,0.0,0.22315807823496245,0.0,0.40247533319649564,0.09778000462422791,LOW-COMPLEXITY,Low
599,2995.0,3000.0,0.0,0.0,1.0,76.48346710205078,76.72193145751953,1.7933782679738564,0.0075,0.0,0.05,0.1,0.0,0.0,0.0,0.40667320916282157,0.003388543989491221,232.9040345807354,0.24738334798417644,0.0,0.2254859352768794,0.0,0.40667320916282157,0.10094344904829061,LOW-COMPLEXITY,Low
600,3000.0,3005.0,0.0,0.0,1.0,75.90592956542969,76.2191879272461,2.3057393790849674,0.0075,0.0,0.05,1.0,0.0,0.0,0.28,0.43196601110591026,0.005283802383698578,179.623812329213,0.289877132912436,0.1218,0.2852095457727634,0.084,0.43196601110591026,0.17877040470020764,LOW-COMPLEXITY,Low
601,3005.0,3010.0,0.0,1.0,26.800000000000153,75.8232650756836,76.79609832763671,5.341307189542483,0.175,0.1,1.0,0.20149253731343167,0.0,0.15,0.5810247934181345,0.4280199746204512,0.009729662950147381,172.42725698686752,0.2885193537770167,0.3138707851368885,0.3612873833289583,0.22680743802544034,0.4280199746204512,0.28835898641125113,SPARSE-EXTREME,Moderate
602,3010.0,3015.0,0.0,0.0,1.0,54.70343780517578,75.67759857177734,4.718762254901961,0.0075,0.0,0.05,1.0,0.0,0.0,1.0,0.48664340269152095,0.007971711361014995,91.94544066989627,0.42432122270467976,0.435,0.42095902606811697,0.3,0.48664340269152095,0.38783541980330055,HEAVY-TAIL-RISK,Moderate
603,3015.0,3020.0,0.0,0.0,0.0,54.639225006103516,55.52718734741211,5.248656045751634,0.0,0.0,0.0,0.0,0.0,0.0,0.0,0.4362375136832713,0.008106750288350634,69.73957014512523,0.285346260786607,0.0,0.22348535319116952,0.0,0.4362375136832713,0.111833625589395,LOW-COMPLEXITY,Low
604,3020.0,3025.0,0.0,1.0,3.5200000000000102,62.346683502197266,64.33138732910156,3.6721977124183014,0.05140000000000008,0.1,0.17600000000000052,1.0,0.0,0.15,0.3735548172757477,0.4589644674421675,0.00766913318595412,162.57337450922947,0.3167625433864259,0.22362134551495028,0.3279551572100102,0.1645664451827243,0.4589644674421675,0.25195768244753675,LOW-COMPLEXITY,Moderate
605,3025.0,3030.0,0.0,0.0,1.0,55.43964385986328,64.10662841796875,6.490984477124183,0.0075,0.0,0.05,1.0,0.0,0.0,0.28,0.422514173792005,0.011395303889529668,96.28301064396409,0.30354422045817836,0.1218,0.26822161122066923,0.084,0.422514173792005,0.18202113070832218,LOW-COMPLEXITY,Low
606,3030.0,3035.0,0.0,0.0,0.0,55.93632507324219,58.046014404296876,6.042728758169935,0.0,0.0,0.0,0.0,0.0,0.0,0.0,0.40312692116463034,0.00924894159297706,73.17980239827921,0.2519331940396494,0.0,0.2124872718854572,0.0,0.40312692116463034,0.09955541188857715,LOW-COMPLEXITY,Low
607,3035.0,3040.0,0.0,0.0,47.8400000000003,56.566959381103516,63.96320266723633,3.0143423202614374,0.15,0.0,1.0,0.13586956521739044,0.0,0.0,0.4176815663867589,0.45186200109427566,0.007745013456362937,105.67477523753548,0.3404011498804471,0.18169148137824012,0.3095412438894305,0.12530446991602767,0.45186200109427566,0.22822674498596915,SPARSE-EXTREME,Moderate
608,3040.0,3045.0,0.0,0.0,2.5200000000000102,56.898685455322266,75.82173004150391,3.9224918300653595,0.018900000000000073,0.0,0.1260000000000005,1.0,0.0,0.0,1.0,0.49545123268564684,0.0075961064654620014,91.24127572492861,0.4283730355256627,0.435,0.4260501630766096,0.3,0.49545123268564684,0.3894412666682329,HEAVY-TAIL-RISK,Moderate
609,3045.0,3050.0,0.0,0.0,1.0,76.5930404663086,77.02581634521485,1.686311274509804,0.0075,0.0,0.05,0.1,0.0,0.0,1.0,0.3947113269955323,0.0032813118351915933,232.42452540514975,0.23151251811168716,0.435,0.4216546113346166,0.3,0.3947113269955323,0.31465754127407625,HEAVY-TAIL-RISK,Moderate
610,3050.0,3055.0,0.0,0.0,1.0,76.77725219726562,77.10805206298828,1.3555678104575164,0.0075,0.0,0.05,0.1,0.0,0.0,0.0,0.3968604027063278,0.0028946115276175834,231.2952561510013,0.23419712566227108,0.0,0.22191852588864674,0.0,0.3968604027063278,0.09555494621557994,LOW-COMPLEXITY,Low
611,3055.0,3060.0,0.0,0.0,12.400000000000077,17.20449447631836,76.98115234375,2.249366830065359,0.09300000000000058,0.0,0.6200000000000039,0.34677419354838496,0.0,0.0,0.06909677418797547,0.3254736942967153,0.003876800589516853,99.47465059954176,0.348278401316865,0.030057096771769327,0.15071448384236374,0.02072903225639264,0.3254736942967153,0.15588536255727733,SPARSE-EXTREME,Low
612,3060.0,3065.0,0.0,0.0,0.0,17.285907745361328,17.39143486022949,0.028831699346405226,0.0,0.0,0.0,0.0,0.0,0.0,0.0,0.41069466786554865,3.8775470972702814e-05,10.604759758488823,0.2516667441990146,0.0,0.21262924452626672,0.0,0.41069466786554865,0.09757994071731346,LOW-COMPLEXITY,Low
613,3065.0,3070.0,0.0,0.0,0.0,17.459884643554688,44.39626541137695,0.6038888888888889,0.0,0.0,0.0,0.0,0.0,0.0,0.0,0.3470173343850838,0.000899475201845444,26.531127508370595,0.33304276893055723,0.0,0.15108909243526708,0.0,0.3470173343850838,0.13264823322135114,LOW-COMPLEXITY,Low
614,3070.0,3075.0,0.0,0.0,0.0,44.15230941772461,44.500162506103514,0.9358251633986927,0.0,0.0,0.0,0.0,0.0,0.0,0.0,0.40935000805520305,0.0015721602268358324,70.1148316990767,0.2500198602885974,0.0,0.215585850547349,0.0,0.40935000805520305,0.09812747582207011,LOW-COMPLEXITY,Low
615,3075.0,3080.0,0.0,0.0,0.0,43.44822692871094,44.10532836914062,1.1148692810457517,0.0,0.0,0.0,0.0,0.0,0.0,0.0,0.39894442272772307,0.0018162250096116876,67.70897773612359,0.2382481412287337,0.0,0.21149120764008636,0.0,0.39894442272772307,0.0934098876064663,LOW-COMPLEXITY,Low
616,3080.0,3085.0,0.0,0.0,0.0,42.28096008300781,42.936632537841795,1.4871936274509803,0.0,0.0,0.0,0.0,0.0,0.0,0.0,0.4173597081295292,0.0024923082468281434,63.15409859857816,0.26404282791036493,0.0,0.2174944979158298,0.0,0.4173597081295292,0.1038045611933406,LOW-COMPLEXITY,Low
617,3085.0,3090.0,0.0,0.0,0.0,38.30303192138672,40.97082290649414,1.1084436274509801,0.0,0.0,0.0,0.2,0.0,0.0,0.0,0.40576767722576046,0.0019877452582340127,38.30490401504689,0.2692753760069814,0.0,0.20770644213037506,0.0,0.40576767722576046,0.10589302344268187,LOW-COMPLEXITY,Low
618,3090.0,3095.0,0.0,0.0,0.0,28.610919952392578,35.67473526000977,1.4006495098039218,0.0,0.0,0.0,0.0,0.0,0.0,0.0,0.3430175161722831,0.0017969835319748815,19.08947693644764,0.21848457995082055,0.0,0.17674719114901075,0.0,0.3430175161722831,0.08534942783449326,LOW-COMPLEXITY,Low
619,3095.0,3100.0,0.0,1.0,4.52000000000001,57.144737243652344,60.23798751831055,4.845077614379084,0.1589000000000001,0.1,0.2260000000000005,1.0,0.08749999991249999,0.42999999999999994,0.6379971876426438,0.42188041991470604,0.010046779443803664,98.7607716347295,0.2925285883075938,0.46653502661076873,0.41380835793106574,0.37252415626216806,0.42188041991470604,0.38882669259738994,HEAVY-TAIL-RISK,Moderate
620,3100.0,3105.0,0.0,1.0,1.0,57.977909088134766,63.19995803833008,2.144297385620915,0.0325,0.1,0.05,0.1,0.0,0.15,0.04571428571428573,0.4063430559002711,0.00435689446366782,133.59524666076743,0.2702136479521104,0.08101071428571428,0.24099247304121774,0.06621428571428571,0.4063430559002711,0.16222556842255653,LOW-COMPLEXITY,Low
621,3105.0,3110.0,0.0,1.0,2.0,56.02492904663086,63.40794830322266,4.258901143790849,0.04,0.1,0.1,1.0,0.0,0.15,0.35111111111111115,0.3964236619400078,0.008915325195437654,129.20426842780904,0.26434889346769347,0.21385833333333337,0.29545250274012236,0.15783333333333335,0.3964236619400078,0.22664357387455428,LOW-COMPLEXITY,Low
622,3110.0,3115.0,0.0,2.0,8.0,53.24852752685547,84.07699737548828,5.863558006535947,0.11,0.2,0.4,0.5625,0.0,0.15,0.41168447643235234,0.3953507926989248,0.011131753171856978,150.47038836366127,0.33610051402442104,0.24020774724807326,0.2918808567107627,0.17600534292970568,0.3953507926989248,0.27062353015109913,SPARSE-EXTREME,Low
623,3115.0,3120.0,0.0,1.0,3.5200000000000102,87.1971664428711,88.12980499267579,8.30468137254902,0.1514000000000001,0.1,0.17600000000000052,0.14204545454545414,0.08749999991249999,0.42999999999999994,0.20671484686782213,0.43049735340230166,0.013360466807638086,253.97493134497842,0.28017622889941923,0.2789272083737213,0.3452798286206021,0.2431394540297216,0.43049735340230166,0.29181894314651824,LOW-COMPLEXITY,Moderate
624,3120.0,3125.0,0.0,0.6000000000000085,1.0,86.64958953857422,87.21881256103515,3.528852124183006,0.022500000000000214,0.06000000000000085,0.05,0.2,0.0,0.15,0.13399999982500096,0.40041234123407715,0.005457884627707292,255.61865805254544,0.2402045940717676,0.11941499992387541,0.2698189422740373,0.09269999994750028,0.40041234123407715,0.17203584149702775,LOW-COMPLEXITY,Low
625,3125.0,3130.0,0.0,1.0,1.0,87.34895324707031,88.18322296142578,3.5826062091503266,0.0325,0.1,0.05,0.1,0.0,0.15,0.04571428571428573,0.40289635882244956,0.0055218084390619,259.58551420277644,0.24402843410863145,0.08101071428571428,0.25295979692633547,0.06621428571428571,0.40289635882244956,0.15418319913006362,LOW-COMPLEXITY,Low
626,3130.0,3135.0,0.0,2.0,6.52000000000001,85.71236419677734,88.44518280029297,9.678782679738562,0.1489000000000001,0.2,0.3260000000000005,0.7361963190184038,0.043749999978124995,0.5,0.6775099040491378,0.41114552740546695,0.017287544373958734,233.0024497654389,0.261424927238324,0.5053574332579296,0.43071809868899147,0.39356547120708507,0.41114552740546695,0.40530390191631294,HEAVY-TAIL-RISK,Moderate
627,3135.0,3140.0,0.0,1.6000000000000085,6.0400000000000205,87.22633361816406,89.72398681640625,9.27548611111111,0.14780000000000004,0.16000000000000086,0.30200000000000105,0.7781456953642357,0.05468749996582002,0.5,0.65645366858628,0.40483424881804747,0.016283165929770603,219.34687128133623,0.248292462737635,0.49792062707964846,0.4255831028421096,0.391076725563921,0.40483424881804747,0.39535980544698596,HEAVY-TAIL-RISK,Moderate
628,3140.0,3145.0,0.0,1.0,1.7600000000000051,88.00083923339844,90.90597686767578,3.819791666666667,0.03820000000000004,0.1,0.08800000000000026,1.0,0.0,0.15,0.34610328638497667,0.43619433886540787,0.0068167256183519175,243.54342738317294,0.29589247755713616,0.21167992957746484,0.32217549996249223,0.156330985915493,0.43619433886540787,0.24107457200683488,LOW-COMPLEXITY,Moderate
629,3145.0,3150.0,0.0,1.0,2.0,89.89187622070312,90.2189437866211,3.978165849673202,0.04,0.1,0.1,1.0,0.0,0.15,0.35111111111111115,0.49567151694284584,0.0068882338523644756,224.24932273572853,0.35527831090732565,0.21385833333333337,0.34080354090046466,0.15783333333333335,0.49567151694284584,0.2631691821997807,LOW-COMPLEXITY,Moderate
630,3150.0,3155.0,0.0,1.6000000000000085,11.280000000000015,76.63655090332031,86.46497650146485,9.352618464052286,0.1871,0.16000000000000086,0.5640000000000007,0.39007092198581506,0.05468749996582002,0.5,0.5643519537244556,0.40932558589578827,0.01657250432525952,198.67246436912805,0.28092972850770503,0.4578563811147548,0.40209069694332916,0.3634462111053737,0.40932558589578827,0.388518004768739,SPARSE-EXTREME,Moderate
631,3155.0,3160.0,0.0,1.0,1.7600000000000051,78.22407531738281,79.14230041503906,6.472197712418302,0.13820000000000005,0.1,0.08800000000000026,0.11363636363636331,0.08749999991249999,0.42999999999999994,0.09987658801014411,0.4183264614901175,0.010137967128027682,192.72516508107734,0.26449270975929096,0.2324525657706314,0.3161968973233543,0.2110879763724182,0.4183264614901175,0.2608151417718117,LOW-COMPLEXITY,Moderate
632,3160.0,3165.0,0.0,1.0,1.0,78.83967590332031,79.13218536376954,3.741817810457517,0.0325,0.1,0.05,0.2,0.0,0.15,0.04571428571428573,0.4173655353902601,0.0059687528835063435,203.51371953071288,0.2591847875227111,0.08101071428571428,0.25424722447866166,0.06621428571428571,0.4173655353902601,0.15859468133846497,LOW-COMPLEXITY,Low
633,3165.0,3170.0,0.0,1.0,1.0,78.25495147705078,78.84004669189453,4.10671568627451,0.0325,0.1,0.05,0.1,0.0,0.15,0.04571428571428573,0.3926428335625813,0.006642480616429578,203.71256117515105,0.22981403905451953,0.08101071428571428,0.24641172088520305,0.06621428571428571,0.3926428335625813,0.14734755630357838,LOW-COMPLEXITY,Low
634,3170.0,3175.0,0.0,1.0,1.0,78.95755767822266,79.31746673583984,3.354611928104575,0.0325,0.1,0.05,0.2,0.0,0.15,0.04571428571428573,0.4092192371755295,0.005338447872613098,201.15641590333655,0.2500134401584099,0.08101071428571428,0.2516290347304187,0.06621428571428571,0.4092192371755295,0.155129215798112,LOW-COMPLEXITY,Low
635,3175.0,3180.0,0.0,1.0,1.0,78.91009521484375,79.6347442626953,3.880012254901961,0.0325,0.1,0.05,0.2,0.0,0.15,0.04571428571428573,0.4100553196484459,0.0060618512110726655,199.19027698238932,0.2533657938123444,0.08101071428571428,0.2517765534240047,0.06621428571428571,0.4100553196484459,0.15664800354960523,LOW-COMPLEXITY,Low
636,3180.0,3185.0,0.0,1.0,1.0,79.22492980957031,79.70827178955078,2.569276960784314,0.0325,0.1,0.05,0.1,0.0,0.15,0.04571428571428573,0.39407826654339007,0.0047978343265410745,200.330323364375,0.2304236810297875,0.08101071428571428,0.2464660225957332,0.06621428571428571,0.39407826654339007,0.14731252464469569,LOW-COMPLEXITY,Low
637,3185.0,3190.0,0.0,14.0,20.0,64.32186889648438,78.94670867919922,19.957736928104577,0.4642857142857143,1.0,1.0,0.25,0.05624999999598214,0.5,0.2946288763834236,0.36290834551379597,0.03008311771113674,160.88866890128872,0.24022910700846037,0.3407729362261564,0.32611984566677077,0.2830761629136208,0.36290834551379597,0.31272374456666446,SPARSE-EXTREME,Moderate
638,3190.0,3195.0,1.0,7.6000000000000085,12.0,72.99337768554688,74.43326416015626,18.770584150326794,0.36114035087719315,0.7600000000000009,0.6,0.10833333333333332,0.1430921052555833,0.7065263157894739,0.2654656001475114,0.4221636701074981,0.025034995033961296,207.67301534905675,0.27480940128007236,0.42592401632613247,0.3964032535679757,0.37700612741002343,0.4221636701074981,0.3870563408314483,SPARSE-EXTREME,Moderate
639,3195.0,3200.0,0.0,1.0,1.7600000000000051,75.78833770751953,76.54277648925782,4.642773692810458,0.03820000000000004,0.1,0.08800000000000026,0.11363636363636331,0.0,0.15,0.07494539163649995,0.4302408483990885,0.006981197456106627,259.2611550484395,0.2762970183803335,0.09372624536187749,0.26683051646650685,0.07498361749094998,0.4302408483990885,0.17272078659914702,LOW-COMPLEXITY,Low
640,3200.0,3205.0,0.0,8.0,14.760000000000005,75.04252624511719,75.9905288696289,13.129832516339873,0.32320000000000004,0.8,0.7380000000000002,0.3590785907859077,0.010937499998632812,0.5,0.6265145767360325,0.5026010544993578,0.02124018742791234,228.85871512325588,0.3663785032126732,0.4780064971299588,0.4433014150859437,0.36678249802033125,0.5026010544993578,0.4316716697719823,HEAVY-TAIL-RISK,Moderate
641,3205.0,3210.0,0.0,3.0,9.760000000000005,77.5924072265625,84.15811614990234,7.531311274509805,0.18153333333333338,0.3,0.48800000000000027,0.4200819672131145,0.02916666665694444,0.5,0.5810553145409909,0.39007369996233615,0.01241824186210432,237.84085562592472,0.2456473309877299,0.46110281182379975,0.3988622596585819,0.35952492769222777,0.39007369996233615,0.3770653285649332,SPARSE-EXTREME,Moderate
642,3210.0,3215.0,0.0,1.0,1.0,75.78935241699219,77.6690170288086,3.910739379084967,0.0325,0.1,0.05,0.2,0.0,0.15,0.04571428571428573,0.41016543804852884,0.0061188107138280155,260.47185296843315,0.2590033316670113,0.08101071428571428,0.25470569077127503,0.06621428571428571,0.41016543804852884,0.16046444094846254,LOW-COMPLEXITY,Low
643,3215.0,3220.0,0.0,2.6000000000000085,16.52000000000001,76.3230209350586,92.06427917480468,7.88359477124183,0.22736153846153861,0.26000000000000084,0.8260000000000005,0.3450363196125906,0.033653846140902256,0.5,0.6356930611344862,0.5213094062105768,0.014035245418428809,268.09417150179974,0.439711921527285,0.4855769623606936,0.44632774956285337,0.3774867644896617,0.5213094062105768,0.46609728072816986,HEAVY-TAIL-RISK,Moderate
644,3220.0,3225.0,4.0,15.0,25.280000000000015,70.92073822021484,79.96391143798829,29.611094771241827,0.2802639240506329,0.375,0.31600000000000017,0.276898734177215,0.2724999999933889,0.42830882352941174,0.3251064330776407,0.3767641997811324,0.04665273164167628,173.49228187459494,0.23770000343188252,0.35887589397596775,0.3761087084197049,0.34281501815627247,0.3767641997811324,0.31214017056155385,SPARSE-EXTREME,Moderate
645,3225.0,3230.0,2.0,12.0,18.0,71.90743255615234,74.04892578125,23.68249591503268,0.3397222222222222,0.6,0.45,0.2611111111111111,0.19583333332604166,0.57,0.3422501690729771,0.4468927461121669,0.031441369665513266,198.42341011431796,0.30244892215476243,0.4119975735455966,0.41179725935047934,0.3707167173860077,0.4468927461121669,0.37746784068295375,SPARSE-EXTREME,Moderate
646,3230.0,3235.0,0.0,1.0,3.0,64.26150512695312,71.69641876220703,7.3299223856209155,0.0475,0.1,0.15,1.0,0.0,0.15,0.3672727272727273,0.3977490691955269,0.012012212930924004,138.78735448534002,0.2636822860189126,0.22088863636363637,0.30229497302937747,0.16268181818181818,0.3977490691955269,0.23079802536176575,LOW-COMPLEXITY,Moderate
647,3235.0,3240.0,0.0,1.0,4.760000000000005,64.0844955444336,66.63428039550782,9.278888888888888,0.06070000000000004,0.1,0.23800000000000027,0.1470588235294116,0.0,0.15,0.3915764017657233,0.3832408155297007,0.013412423266692298,112.43666372240645,0.22644955979031645,0.23146073476808962,0.30520935138653343,0.16997292052971696,0.3832408155297007,0.22047430926287823,SPARSE-EXTREME,Moderate
648,3240.0,3245.0,1.0,10.600000000000009,27.52000000000001,52.775543212890625,54.92948913574219,20.087250816993468,0.4370365291794647,1.0,1.0,0.10537790697674414,0.09433962263839438,0.8226981132075475,0.42692767011693394,0.40518564416973163,0.03400512687427912,93.78425660408706,0.2551356167333485,0.535821508198489,0.419634789228214,0.4490415085811598,0.40518564416973163,0.4428572523735431,SPARSE-EXTREME,Moderate
649,3245.0,3250.0,0.0,1.0,43.480000000000246,61.82999038696289,62.592811584472656,4.740367647058823,0.175,0.1,1.0,0.2621895124195017,0.0,0.15,0.19778267469002225,0.4227627893660668,0.011430343297449696,181.3975408279328,0.2748497691235031,0.14716046349015965,0.28494578976418805,0.11183480240700666,0.4227627893660668,0.198632614841204,SPARSE-EXTREME,Low
650,3250.0,3255.0,0.0,1.0,32.920000000000215,57.95994186401367,63.02598190307617,4.009219771241831,0.175,0.1,1.0,0.13669501822600155,0.0,0.15,0.1593034364564224,0.4552872460011762,0.007925608900422916,214.95671042017136,0.3354977532296888,0.13042199485854372,0.2862702388070118,0.1002910309369267,0.4552872460011762,0.21551716416546784,SPARSE-EXTREME,Low
651,3255.0,3260.0,0.0,0.0,1.0,57.468929290771484,63.01248016357422,2.145036764705882,0.0075,0.0,0.05,1.0,0.0,0.0,0.28,0.46256938044666573,0.004907058983724209,207.95346864796542,0.3471784746878606,0.1218,0.29351283498939534,0.084,0.46256938044666573,0.20267638447855224,LOW-COMPLEXITY,Low
652,3260.0,3265.0,0.0,1.0,1.0,59.28855895996094,63.03428115844727,3.9856740196078433,0.0325,0.1,0.05,1.0,0.0,0.15,0.04571428571428573,0.4082613683883368,0.007093858772267078,219.37380175102632,0.26617240758028055,0.08101071428571428,0.2489407273571619,0.06621428571428571,0.4082613683883368,0.1625072591252056,LOW-COMPLEXITY,Low
653,3265.0,3270.0,0.0,0.0,1.0,58.66481018066406,63.59537124633789,1.9955678104575163,0.0075,0.0,0.05,1.0,0.0,0.0,0.4422310087586455,0.4743897258918893,0.004678645873382034,216.11781531395448,0.36001243916725933,0.19237048881001081,0.33112524405934873,0.13266930262759366,0.4743897258918893,0.24363727484522618,LOW-COMPLEXITY,Moderate
654,3270.0,3275.0,0.0,1.0,1.0,56.83258056640625,59.127298736572264,3.1126307189542484,0.1325,0.1,0.05,0.1,0.08749999991249999,0.42999999999999994,0.06857142857142857,0.3808023822918398,0.005148431692938612,217.41567703996748,0.2232555383595854,0.21883482141479016,0.2969828260097926,0.20169642854080352,0.3808023822918398,0.2381568769959744,LOW-COMPLEXITY,Low
655,3275.0,3280.0,1.0,2.0,3.5200000000000102,60.105255126953125,63.8185546875,8.551074346405228,0.2684454545454542,0.2,0.17600000000000052,0.9659090909090882,0.456249999934375,0.23666666666666666,0.4007712788259959,0.4018102875518746,0.011763146386005383,228.97108005784702,0.25710560984824904,0.3426365479456389,0.41915547472016446,0.3627522169581633,0.4018102875518746,0.2940870076787795,BURST-DOMINATED,Moderate
656,3280.0,3285.0,0.0,1.0,1.0,58.07423400878906,58.669638061523436,2.6599795751633986,0.0325,0.1,0.05,0.1,0.0,0.15,0.04571428571428573,0.39226315154441255,0.004486163174420094,202.17863663455157,0.23083751369496192,0.08101071428571428,0.24596559786380037,0.06621428571428571,0.39226315154441255,0.14779807107085083,LOW-COMPLEXITY,Low
657,3285.0,3290.0,0.0,1.0,1.0,56.89348220825195,57.35688171386719,2.1022753267973853,0.0325,0.1,0.05,0.1,0.0,0.15,0.04571428571428573,0.4295069810140214,0.003926219723183391,188.98193425989191,0.275002313763462,0.08101071428571428,0.2565582975062112,0.06621428571428571,0.4295069810140214,0.16427695861254243,LOW-COMPLEXITY,Low
658,3290.0,3295.0,0.0,0.0,1.0,56.16558837890625,56.753475189208984,1.7226960784313725,0.0075,0.0,0.05,0.1,0.0,0.0,0.04760395761369884,0.41083078424965264,0.0034950525438933746,175.45122199219853,0.25664817151742264,0.02070772156195899,0.2324543946700318,0.01428118728410965,0.41083078424965264,0.11411602147286411,LOW-COMPLEXITY,Low
659,3295.0,3300.0,1.0,5.0,49.28000000000027,54.2253532409668,61.50094757080078,14.286760620915032,0.3251461038961039,0.5,1.0,0.1278409090909084,0.199999999986,0.595,0.38468498711446963,0.3890193857532315,0.025269115724721264,176.3020370168675,0.2521559108606383,0.4413004693925892,0.3969403351290482,0.39365549612944084,0.3890193857532315,0.3742049743543486,SPARSE-EXTREME,Moderate
660,3300.0,3305.0,0.0,0.0,42.040000000000276,60.12020492553711,60.5130973815918,3.2494975490196074,0.15,0.0,1.0,0.1379638439581342,0.0,0.0,0.30410891798355644,0.4040208085295562,0.007815986639753941,195.9199180926179,0.24324477716289086,0.13228737932284704,0.28293545722272007,0.09123267539506692,0.4040208085295562,0.16526093417454185,SPARSE-EXTREME,Low
661,3305.0,3310.0,0.0,1.0,46.60000000000031,61.361209869384766,63.80499343872071,6.0756781045751636,0.175,0.1,1.0,0.16523605150214485,0.0,0.15,0.17052002715505543,0.41685743493436855,0.012526714885300529,209.79687147472535,0.2710505021003137,0.1353012118124491,0.27781068342663284,0.10365600814651663,0.41685743493436855,0.19162263558914447,SPARSE-EXTREME,Low
662,3310.0,3315.0,0.0,0.6000000000000085,61.040000000000404,61.94436264038086,62.54979248046875,5.628790849673203,0.1650000000000002,0.06000000000000085,1.0,0.13597640891218782,0.0,0.15,0.16633585113055446,0.40455082712536056,0.011549998878636421,224.00922932202064,0.24714320126263487,0.1334810952417912,0.27595478316346395,0.10240075533916634,0.40455082712536056,0.18146844562677286,SPARSE-EXTREME,Low
663,3315.0,3320.0,1.0,8.0,17.800000000000026,61.05812454223633,62.404544830322266,19.244922385620917,0.41158988764044957,0.8,0.8900000000000012,0.10674157303370771,0.14687499999179687,0.7224999999999999,0.23006565202570342,0.41555520872642937,0.030753492086377034,246.39183723718853,0.26232905382561406,0.41763012112988895,0.3918875689717859,0.3733009456048399,0.41555520872642937,0.37957122167518026,SPARSE-EXTREME,Moderate
664,3320.0,3325.0,1.0,3.6000000000000085,10.280000000000015,72.94271850585938,76.76590270996094,16.614901960784316,0.2712936878512755,0.3600000000000009,0.5140000000000008,0.13618677042801536,0.27777777775077095,0.42466666666666775,0.2797822143477861,0.40444458522087373,0.025977745738818402,279.6493108288796,0.25410233069747973,0.33850692990370046,0.3868901433864789,0.3297902198504393,0.40444458522087373,0.3094855680476239,SPARSE-EXTREME,Moderate
665,3325.0,3330.0,0.0,1.0,36.20000000000023,67.36270141601562,72.68203582763672,3.463986928104575,0.175,0.1,1.0,0.23204419889502614,0.0,0.15,0.553321323798833,0.38199401773895125,0.00869341439190055,228.8587073760926,0.23958715017929172,0.3018197758524923,0.34031115322837896,0.21849639713964988,0.38199401773895125,0.2639021728546656,SPARSE-EXTREME,Moderate
666,3330.0,3335.0,0.0,1.0,28.60000000000018,55.88041305541992,63.451115417480466,4.5340727124183005,0.175,0.1,1.0,0.13286713286713203,0.0,0.15,0.15667449554930718,0.4706059816503641,0.00838430475458157,209.31059149247105,0.36548344050400117,0.12927840556394862,0.28765912035424923,0.09950234866479216,0.4706059816503641,0.22677209129579284,SPARSE-EXTREME,Low
667,3335.0,3340.0,0.0,1.0,1.7600000000000051,60.96784591674805,63.32570343017578,5.714885620915034,0.03820000000000004,0.1,0.08800000000000026,1.0,0.0,0.15,0.34610328638497667,0.3970670254792895,0.010005407375368449,218.33520113048863,0.24244954488271137,0.21167992957746484,0.30648826767622506,0.156330985915493,0.3970670254792895,0.21864440271595856,LOW-COMPLEXITY,Moderate
668,3340.0,3345.0,0.0,1.0,2.0,61.43807601928711,64.37062377929688,7.802520424836601,0.14,0.1,0.1,1.0,0.08749999991249999,0.42999999999999994,0.5043202323184935,0.40257875736476767,0.013295406734589258,209.97612825504712,0.25907258962598245,0.4083855510447635,0.3901074999900431,0.332421069664923,0.40257875736476767,0.3485772653160884,LOW-COMPLEXITY,Moderate
669,3345.0,3350.0,1.0,2.0,49.76000000000026,53.88983154296875,55.477333831787114,8.89156862745098,0.26004823151125395,0.2,1.0,0.1527331189710603,0.456249999934375,0.23666666666666666,0.20416278474612443,0.41549751080245517,0.014802798282711777,214.7198473669916,0.2721726213594569,0.25711185302089484,0.3848110800759263,0.30376966873420186,0.41549751080245517,0.2566868953842742,SPARSE-EXTREME,Moderate
670,3350.0,3355.0,1.0,2.0,8.52000000000001,53.39383316040039,58.50833740234375,6.012598039215687,0.22258544600938968,0.2,0.4260000000000005,0.5281690140845063,0.456249999934375,0.23666666666666666,0.6997390454369368,0.3744702031737876,0.009803947039600153,171.957657777525,0.23092770649624936,0.4726875264213982,0.4635122162416324,0.4524425469414456,0.3744702031737876,0.3482031016214563,HEAVY-TAIL-RISK,Moderate
671,3355.0,3360.0,0.0,1.0,5.280000000000015,58.216331481933594,59.45473937988281,3.2856127450980392,0.06460000000000012,0.1,0.2640000000000008,0.9280303030303003,0.0,0.15,0.3885861182519281,0.4678388445982091,0.006384102428553121,210.21873164303187,0.32465709832168993,0.23015996143958872,0.3372596546402339,0.16907583547557842,0.4678388445982091,0.2591976348731637,SPARSE-EXTREME,Moderate
672,3360.0,3365.0,0.0,1.0,1.0,60.95677947998047,64.64658203125,4.831564542483659,0.0325,0.1,0.05,1.0,0.0,0.15,0.04571428571428573,0.38714107878692305,0.008240400647186981,220.32636552492684,0.23655108474421546,0.08101071428571428,0.24182143204387763,0.06621428571428571,0.38714107878692305,0.150484916747877,LOW-COMPLEXITY,Low
673,3365.0,3370.0,0.0,0.0,1.0,63.986793518066406,64.90558319091797,3.2312867647058834,0.0075,0.0,0.05,1.0,0.0,0.0,0.44428636207812844,0.4623503125441911,0.006265188389081122,224.72192445654835,0.3177779279089924,0.19326456750398588,0.3302002654469209,0.13328590862343853,0.4623503125441911,0.22551443303659,LOW-COMPLEXITY,Moderate
674,3370.0,3375.0,0.0,0.0,1.0,58.785400390625,62.93142395019531,2.3296609477124184,0.0075,0.0,0.05,1.0,0.0,0.0,0.44293164169501725,0.44074805764752395,0.005019747533000129,215.2360541882337,0.31159537413483634,0.1926752641373325,0.32066197774297067,0.13287949250850517,0.44074805764752395,0.2242821111198295,LOW-COMPLEXITY,Moderate
675,3375.0,3380.0,0.0,1.0,1.0,62.76888656616211,64.12874145507813,3.33640114379085,0.0325,0.1,0.05,0.1,0.0,0.15,0.04571428571428573,0.4898160603716624,0.005278509067025503,222.0280582903294,0.354219364532405,0.08101071428571428,0.27651097615745707,0.06621428571428571,0.4898160603716624,0.19579165168553972,LOW-COMPLEXITY,Low
676,3380.0,3385.0,0.0,0.0,2.5200000000000102,62.19338607788086,62.80738525390625,3.2672998366013077,0.018900000000000073,0.0,0.1260000000000005,1.0,0.0,0.0,0.28,0.4249270094235187,0.006387369120850955,195.04329076942352,0.27951666553216264,0.1218,0.2842274164592764,0.084,0.4249270094235187,0.17500617617094838,LOW-COMPLEXITY,Low
677,3385.0,3390.0,0.0,0.0,0.0,52.17543029785156,52.487064361572266,0.57078022875817,0.0,0.0,0.0,0.1,0.0,0.0,0.0,0.41068364297016724,0.0019500056068178907,161.9310309444662,0.2521386623814368,0.0,0.2219538576328744,0.0,0.41068364297016724,0.1010822706196826,LOW-COMPLEXITY,Low
678,3390.0,3395.0,0.0,1.0,2.760000000000005,52.04576110839844,59.17455749511719,5.482998366013072,0.04570000000000004,0.1,0.13800000000000026,1.0,0.0,0.15,0.3639543726235743,0.37419122941206834,0.01014629966038703,166.78032647674408,0.23657667349038075,0.21944515209125479,0.2937314547565282,0.16168631178707227,0.37419122941206834,0.2196396944504943,LOW-COMPLEXITY,Low
679,3395.0,3400.0,2.0,13.600000000000009,24.800000000000026,56.31174850463867,66.40800323486329,29.241752450980396,0.34008728652751435,0.6800000000000004,0.6200000000000007,0.12096774193548374,0.16636029411244313,0.6700641711229951,0.269612352439168,0.3817409560587006,0.05086244409201589,196.42301995230738,0.25618958315624696,0.4165342693663684,0.37520172714740285,0.37363226856415377,0.3817409560587006,0.3719380527116633,SPARSE-EXTREME,Moderate
680,3400.0,3405.0,0.0,3.6000000000000085,45.20000000000023,62.219539642333984,64.14278411865234,13.094758986928106,0.26777777777777795,0.3600000000000009,1.0,0.12831858407079583,0.024305555548803953,0.5,0.5532645269999775,0.4307497598531097,0.020665490997052414,169.38544073864236,0.2842543359885855,0.44824819424392687,0.4044477057280651,0.34948630254207463,0.4307497598531097,0.3839861040858348,SPARSE-EXTREME,Moderate
681,3405.0,3410.0,2.0,7.0,17.800000000000026,59.50863265991211,62.809304809570314,23.233508986928097,0.2532869181380417,0.35,0.4450000000000006,0.5393258426966284,0.2982142856982143,0.384563492063492,0.5342035212844208,0.39880677784049057,0.03743773740868896,185.3794780040008,0.2514068171732821,0.4360569047720648,0.4303701067588241,0.3992332786019235,0.39880677784049057,0.35290265270064297,SPARSE-EXTREME,Moderate
682,3410.0,3415.0,0.0,1.0,2.0,67.68534088134766,70.87635803222656,4.268125,0.04,0.1,0.1,0.1,0.0,0.15,0.07111111111111112,0.3826456032550533,0.007125805779828271,244.73276963264414,0.2275000323398769,0.09205833333333335,0.24791849554186166,0.07383333333333333,0.3826456032550533,0.1530267554624934,LOW-COMPLEXITY,Low
683,3415.0,3420.0,1.0,8.0,17.52000000000001,56.5221061706543,62.47016906738281,21.44797385620915,0.4099388127853882,0.8,0.8760000000000006,0.11986301369863006,0.14687499999179687,0.7224999999999999,0.2848028578931622,0.3846507049426455,0.03554097574650776,189.1441774739896,0.24352276362447176,0.4414408056822335,0.38392602684305277,0.3897221073650775,0.3846507049426455,0.3833182436556173,SPARSE-EXTREME,Moderate
684,3420.0,3425.0,1.0,7.0,14.52000000000001,56.47093200683594,63.491876220703126,19.856866830065364,0.37547811885084614,0.7,0.7260000000000005,0.11019283746556466,0.16785714284642855,0.6588095238095237,0.25033553263340785,0.3607765491117384,0.03275323080866333,180.82633895736714,0.21792549793711244,0.4037983376462258,0.36417549886504846,0.3644339931196056,0.3607765491117384,0.34848274714078065,SPARSE-EXTREME,Moderate
685,3425.0,3430.0,0.0,1.0,1.0,64.20516967773438,65.6946044921875,4.6286233660130724,0.0325,0.1,0.05,0.1,0.0,0.15,0.04571428571428573,0.39696863803669125,0.008436293893374342,214.10280458806824,0.24056322276782904,0.08101071428571428,0.24737125647243782,0.06621428571428571,0.39696863803669125,0.1519765344972378,LOW-COMPLEXITY,Low
686,3430.0,3435.0,0.0,1.0,10.04000000000002,64.54252624511719,66.22683563232422,6.311515522875816,0.10030000000000014,0.1,0.502000000000001,0.5378486055776881,0.0,0.15,0.2642613653855673,0.4330430687590562,0.01180511982570806,218.5247764155069,0.285251799327684,0.1760786939427218,0.30248564894231705,0.1317784096156702,0.4330430687590562,0.217374314411724,SPARSE-EXTREME,Moderate
687,3435.0,3440.0,0.0,0.0,1.0,68.12137603759766,68.446826171875,2.795816993464053,0.0075,0.0,0.05,0.1,0.0,0.0,0.0,0.4210015503384437,0.005180788799179804,229.4322704947648,0.2657912707885833,0.0,0.22969531121607245,0.0,0.4210015503384437,0.10803860673530606,LOW-COMPLEXITY,Low
688,3440.0,3445.0,0.0,0.0,1.0,65.09497833251953,66.94591369628907,3.457242647058823,0.0075,0.0,0.05,1.0,0.0,0.0,0.28,0.3860318985764069,0.007516295335127516,198.37952644189667,0.2272576500766789,0.1218,0.2709500933643813,0.084,0.3860318985764069,0.15395338307177117,LOW-COMPLEXITY,Low
689,3445.0,3450.0,0.0,0.0,98.88000000000058,65.620361328125,79.61269836425781,4.390600490196078,0.15,0.0,1.0,0.1456310679611642,0.0,0.0,0.5700139324883079,0.4968807709959953,0.012553937908496732,197.82280284350853,0.40685505500796615,0.24795606063241393,0.35205982855060974,0.17100417974649237,0.4968807709959953,0.28793036462094385,SPARSE-EXTREME,Moderate
690,3450.0,3455.0,0.0,0.0,13.280000000000015,79.97637939453125,80.36779022216797,6.183729575163398,0.09960000000000012,0.0,0.6640000000000008,0.45180722891566216,0.0,0.0,0.5390838620231517,0.43105614913821755,0.0114563677431757,286.0845961669613,0.28478800830123674,0.23450147998007098,0.3445533402604249,0.1617251586069455,0.43105614913821755,0.23608621526068543,SPARSE-EXTREME,Moderate
691,3455.0,3460.0,0.0,1.0,7.800000000000026,61.51344299316406,69.43185729980469,9.029080882352943,0.1835000000000002,0.1,0.3900000000000013,0.8461538461538434,0.08749999991249999,0.42999999999999994,0.7539467352273881,0.40574549202221705,0.016277660194796872,261.1863928013108,0.27778116792333357,0.5169730798101325,0.440538218778348,0.4073090205375913,0.40574549202221705,0.4122345978126425,HEAVY-TAIL-RISK,Moderate
692,3460.0,3465.0,0.0,1.0,1.0,61.51331329345703,62.228179168701175,2.6505964052287583,0.0325,0.1,0.05,0.1,0.0,0.15,0.04571428571428573,0.39371158231342857,0.004715246379597591,234.52557180994404,0.23172722730928527,0.08101071428571428,0.24800184674065687,0.06621428571428571,0.39371158231342857,0.14859350729265827,LOW-COMPLEXITY,Low
693,3465.0,3470.0,0.0,0.0,1.0,61.78681945800781,62.32921524047852,1.585204248366013,0.0075,0.0,0.05,0.1,0.0,0.0,0.0,0.39162387117026637,0.0033896605472254265,236.15464957516863,0.22872548718418861,0.0,0.2202170935674884,0.0,0.39162387117026637,0.09353275854814863,LOW-COMPLEXITY,Low
694,3470.0,3475.0,0.0,2.0,4.52000000000001,59.66866683959961,61.89228057861328,9.103717320261438,0.13390000000000007,0.2,0.2260000000000005,0.11061946902654843,0.043749999978124995,0.5,0.19798997337861057,0.38578700046050585,0.013620739298987569,229.97753450079898,0.22882089990739365,0.2967662634162503,0.3257758291915454,0.2497094920059269,0.38578700046050585,0.28668373606240277,SPARSE-EXTREME,Moderate
695,3475.0,3480.0,0.0,1.0,2.760000000000005,60.08184051513672,62.99945983886719,9.061176470588235,0.14570000000000005,0.1,0.13800000000000026,0.10869565217391283,0.08749999991249999,0.42999999999999994,0.11440091797236418,0.38347107888442183,0.013984593105215942,242.44446428449325,0.22951711920939097,0.23877064930419714,0.3084484871393615,0.2154452753610842,0.38347107888442183,0.2515078980782211,LOW-COMPLEXITY,Moderate
696,3480.0,3485.0,0.0,1.0,1.0,60.72367477416992,61.26316909790039,3.3400612745098037,0.0325,0.1,0.05,0.1,0.0,0.15,0.04571428571428573,0.394612627625296,0.005506492214532872,242.71181615099505,0.23279187629260115,0.08101071428571428,0.2491987325207813,0.06621428571428571,0.394612627625296,0.1493194804793929,LOW-COMPLEXITY,Low
697,3485.0,3490.0,0.0,1.0,2.760000000000005,61.11311721801758,62.147210693359376,4.514350490196078,0.04570000000000004,0.1,0.13800000000000026,0.14492753623188379,0.0,0.15,0.10368164533963815,0.4032081569046113,0.006864409521978725,233.57308973123423,0.24589854810730064,0.10622651572274258,0.2624498872278231,0.08360449360189144,0.4032081569046113,0.16705694215818126,LOW-COMPLEXITY,Low
698,3490.0,3495.0,1.0,2.0,3.0,59.88587188720703,64.17784118652344,12.419746732026145,0.2891666666666667,0.2,0.15,0.13333333333333333,0.456249999934375,0.23666666666666666,0.27241483459693927,0.376454220830803,0.018633987408688966,236.31693348016393,0.22524918897842622,0.2868014947059993,0.38485068751493834,0.32424528368944633,0.376454220830803,0.2532376717679483,BURST-DOMINATED,Moderate
699,3495.0,3500.0,0.0,1.0,2.0,61.445701599121094,64.3253662109375,8.410359477124183,0.14,0.1,0.1,0.1,0.08749999991249999,0.42999999999999994,0.096,0.3891499046284832,0.013172405805459439,230.6845929065275,0.23605974731323637,0.2307662499862187,0.3060348493461549,0.20992499996937494,0.3891499046284832,0.24975459477065154,LOW-COMPLEXITY,Moderate
700,3500.0,3505.0,1.0,2.0,5.52000000000001,58.7714729309082,63.399652099609376,12.733941993464052,0.23197971014492746,0.2,0.2760000000000005,0.10869565217391283,0.456249999934375,0.23666666666666666,0.35022316538319515,0.399634737285154,0.019145758522363193,228.29880983668727,0.2566581888932636,0.3206481185980206,0.40693644760973635,0.3475877829253231,0.399634737285154,0.28254830826289695,SPARSE-EXTREME,Moderate
701,3505.0,3510.0,1.0,1.0,2.0,56.04638671875,57.50048065185547,8.079885620915032,0.39,0.1,0.1,1.0,0.9124999997375001,0.2583333333333333,0.38936666666666664,0.4160321570977177,0.012452172882224787,203.2489338865715,0.2654081461957739,0.4183640832919896,0.5147724213437288,0.5266016665747917,0.4160321570977177,0.3318547146270959,LOW-COMPLEXITY,High
702,3510.0,3515.0,0.0,1.0,2.760000000000005,53.68080139160156,54.554257202148435,2.803378267973856,0.04570000000000004,0.1,0.13800000000000026,1.0,0.0,0.15,0.3639543726235743,0.40293776138389253,0.0066364752338844025,191.21460911319582,0.24732061923982815,0.21944515209125479,0.3121731990487906,0.16168631178707227,0.40293776138389253,0.2242796448345538,LOW-COMPLEXITY,Moderate
703,3515.0,3520.0,0.0,1.0,23.280000000000143,56.114906311035156,57.13899307250976,2.9579983660130718,0.175,0.1,1.0,0.15034364261168293,0.0,0.15,0.1592130010453391,0.42059642611122794,0.006800691881327694,232.3495144458222,0.26658441793626697,0.1303826554547225,0.27840589727803894,0.10026390031360172,0.42059642611122794,0.186967116644441,SPARSE-EXTREME,Low
704,3520.0,3525.0,0.0,0.0,1.0,55.826576232910156,56.41413345336914,1.5068749999999997,0.0075,0.0,0.05,0.1,0.0,0.0,0.0,0.4168451128903986,0.003205195277457388,227.8016261507191,0.2624235170797885,0.0,0.22790628513212763,0.0,0.4168451128903986,0.10676768011353928,LOW-COMPLEXITY,Low
705,3525.0,3530.0,0.0,1.0,1.0,55.88582992553711,57.320742797851565,4.213811274509804,0.1325,0.1,0.05,1.0,0.08749999991249999,0.42999999999999994,0.06857142857142857,0.38018386067010207,0.007641774798154557,228.18178626626667,0.218816030456209,0.21883482141479016,0.298545290816674,0.20169642854080352,0.38018386067010207,0.23663861613212916,LOW-COMPLEXITY,Low
706,3530.0,3535.0,0.0,1.0,17.720000000000113,58.35118103027344,59.125221252441406,2.8757802287581704,0.15790000000000085,0.1,0.8860000000000057,0.15237020316026992,0.0,0.15,0.1557582761858957,0.4829370295987912,0.005727176887094707,236.00056136410484,0.34411013123721496,0.12887985014086462,0.2970921365291354,0.09922748285576871,0.4829370295987912,0.2161667974319914,SPARSE-EXTREME,Low
707,3535.0,3540.0,0.0,1.0,4.800000000000026,53.056514739990234,53.427093505859375,2.1790236928104574,0.06100000000000019,0.1,0.24000000000000127,0.562499999999997,0.0,0.15,0.2687844267774277,0.42175204680915485,0.004652728277585544,242.9549161910646,0.2637218822907387,0.17804622564818104,0.3019331752998998,0.1331353280332283,0.42175204680915485,0.20991720481465972,SPARSE-EXTREME,Moderate
708,3540.0,3545.0,0.0,1.0,4.760000000000005,58.8896369934082,59.675688934326175,4.061217320261438,0.06070000000000004,0.1,0.23800000000000027,0.46218487394957936,0.0,0.15,0.5521375077125178,0.47872285273867526,0.007000605856721773,258.8574071117592,0.33770193772826035,0.3013048158549453,0.3773577866636459,0.21814125231375533,0.47872285273867526,0.3015661071686151,SPARSE-EXTREME,Moderate
709,3545.0,3550.0,0.0,1.0,6.560000000000031,55.203285217285156,59.64292984008789,8.06924019607843,0.17420000000000024,0.1,0.3280000000000015,0.27439024390243777,0.08749999991249999,0.42999999999999994,0.19058448375397774,0.3845163626687263,0.011786621491733948,247.8494024090523,0.23801320061853215,0.27191050041919906,0.3224892398143425,0.23830034509556827,0.3845163626687263,0.271836416140201,SPARSE-EXTREME,Moderate
710,3550.0,3555.0,0.0,1.0,1.0,54.66187286376953,55.435404205322264,3.46813725490196,0.0325,0.1,0.05,1.0,0.0,0.15,0.04571428571428573,0.40479699863119345,0.006175620754837882,237.8765455394128,0.24945079181187205,0.08101071428571428,0.25208501152253693,0.06621428571428571,0.40479699863119345,0.15611304313816843,LOW-COMPLEXITY,Low
711,3555.0,3560.0,0.0,2.0,23.000000000000128,62.49899673461914,82.286181640625,9.406135620915032,0.25,0.2,1.0,0.24782608695652036,0.043749999978124995,0.5,0.5470618585022934,0.3588558127514804,0.017547075643983084,263.4297629701327,0.25108511153963137,0.44861253344505236,0.3740120400981869,0.3544310575430317,0.3588558127514804,0.37379209539165503,SPARSE-EXTREME,Moderate
712,3560.0,3565.0,0.0,1.0,2.0,79.7672119140625,81.43880157470703,10.053786764705883,0.14,0.1,0.1,0.15,0.08749999991249999,0.42999999999999994,0.126699999972,0.42873079575883183,0.015465863129565554,259.5853890393546,0.2845020701744625,0.2441207499740387,0.32832891129888575,0.21913499996097494,0.42873079575883183,0.2764884550979333,LOW-COMPLEXITY,Moderate
713,3565.0,3570.0,0.0,1.0,1.0,79.7190933227539,80.50040740966797,5.265959967320263,0.1325,0.1,0.05,0.2,0.08749999991249999,0.42999999999999994,0.06857142857142857,0.39600964312924947,0.008347106401384084,288.155177059744,0.2334723939350307,0.21883482141479016,0.3081981088325276,0.20169642854080352,0.39600964312924947,0.24338883856230192,LOW-COMPLEXITY,Moderate
714,3570.0,3575.0,1.0,1.6000000000000085,6.280000000000015,70.32418060302734,81.32605285644532,11.99938725490196,0.22921783439490426,0.16000000000000086,0.3140000000000008,0.9394904458598703,0.5703124998974579,0.22283333333333344,0.5875500776732674,0.3910688615312948,0.020138110502370882,245.7146359425906,0.2629431862376506,0.43621308585505436,0.46989917045639423,0.45386606493275716,0.3910688615312948,0.34200993238006305,SPARSE-EXTREME,Moderate
715,3575.0,3580.0,0.0,1.0,45.56000000000029,76.8740005493164,80.76514282226563,7.483133169934641,0.275,0.1,1.0,0.13169446883230823,0.08749999991249999,0.42999999999999994,0.5394450731666292,0.3910406347728018,0.013905066641035498,257.17597172712857,0.24108638248923925,0.4236648568137024,0.3967320814014081,0.3429585219193637,0.3910406347728018,0.35005602201690633,SPARSE-EXTREME,Moderate
716,3580.0,3585.0,0.0,2.0,31.800000000000153,78.88423156738281,80.04842071533203,7.9240522875817,0.25,0.2,1.0,0.16352201257861557,0.043749999978124995,0.5,0.5638160294802875,0.42710828759731867,0.013585696687171602,234.8166042807239,0.2817575580440245,0.45590059782047976,0.4143195090374051,0.35945730883643,0.42710828759731867,0.3886859397078175,SPARSE-EXTREME,Moderate
717,3585.0,3590.0,0.0,1.0,37.68000000000022,80.37504577636719,80.7479248046875,6.229317810457516,0.175,0.1,1.0,0.13004246284500987,0.0,0.15,0.5639792447643632,0.5111786663442441,0.01187984845572216,243.53753298616886,0.3762131841178633,0.30645597147249803,0.3899070414956185,0.22169377342930896,0.5111786663442441,0.3188762767109916,SPARSE-EXTREME,Moderate
718,3590.0,3595.0,0.0,1.0,2.0,62.14260482788086,80.61295471191406,5.745955882352941,0.04,0.1,0.1,1.0,0.0,0.15,0.35111111111111115,0.4318936198161651,0.009915474657183138,263.52847810321373,0.34415322407328186,0.21385833333333337,0.3095595212513202,0.15783333333333335,0.4318936198161651,0.2626157061872284,LOW-COMPLEXITY,Moderate
719,3595.0,3600.0,0.0,1.0,1.0,61.38566970825195,62.084397888183595,5.204644607843135,0.0325,0.1,0.05,0.1,0.0,0.15,0.04571428571428573,0.40460064531489937,0.008403003812636164,255.59303633820852,0.24645477350123912,0.08101071428571428,0.2531368643985258,0.06621428571428571,0.40460064531489937,0.1550322708185216,LOW-COMPLEXITY,Low
720,3600.0,3605.0,0.0,1.0,2.760000000000005,61.97671890258789,62.86253128051758,4.52640522875817,0.04570000000000004,0.1,0.13800000000000026,1.0,0.0,0.15,0.3639543726235743,0.43997045552031333,0.008906693739587338,259.8318552039121,0.29227627941013423,0.21944515209125479,0.3281749812891145,0.16168631178707227,0.43997045552031333,0.243099925169715,LOW-COMPLEXITY,Moderate
721,3605.0,3610.0,0.0,1.0,2.0,56.6334228515625,57.06840133666992,5.449264705882354,0.04,0.1,0.1,0.15,0.0,0.15,0.09911111108311114,0.4061713448255471,0.008634131263616559,266.5056508279708,0.24871227894529216,0.10423833332115334,0.2655391139806491,0.08223333332493334,0.4061713448255471,0.16811865982195315,LOW-COMPLEXITY,Low
722,3610.0,3615.0,0.0,2.6000000000000085,9.280000000000015,56.18699645996094,79.80947418212891,10.826854575163399,0.17306153846153866,0.26000000000000084,0.46400000000000075,0.668103448275861,0.033653846140902256,0.5,0.5741632485961617,0.3619694744848727,0.018289259099064467,260.49539973202786,0.267967026645129,0.4588114939065225,0.37558570917897344,0.3590278207281643,0.3619694744848727,0.38607063020341126,SPARSE-EXTREME,Moderate
723,3615.0,3620.0,0.0,1.6000000000000085,62.280000000000015,59.635398864746094,80.04503631591797,8.522908496732029,0.2524999999999999,0.16000000000000086,1.0,0.11078998073217723,0.05468749996582002,0.5,0.640642878620721,0.3841779406126334,0.017461557734204793,271.34413215367493,0.28743428975963486,0.4910429334446303,0.40386215625652455,0.3863334885742533,0.3841779406126334,0.41012084620955075,HEAVY-TAIL-RISK,Moderate
724,3620.0,3625.0,0.0,1.0,2.760000000000005,61.91910934448242,62.721700286865236,7.540204248366011,0.14570000000000005,0.1,0.13800000000000026,1.0,0.08749999991249999,0.42999999999999994,0.6635734384026882,0.41929722665099384,0.011791100217864923,272.3015980398644,0.26438317762725655,0.477660695691388,0.4338793424997742,0.3801970314901814,0.41929722665099384,0.386261067786204,HEAVY-TAIL-RISK,Moderate
725,3625.0,3630.0,0.0,0.0,1.0,60.923458099365234,63.67995910644532,2.961319444444444,0.0075,0.0,0.05,0.2,0.0,0.0,0.027999999972000006,0.4253818708138007,0.004711945245418429,275.04276118365124,0.28476314589473617,0.012179999987820003,0.2374591348572594,0.008399999991600002,0.4253818708138007,0.12334680243975868,LOW-COMPLEXITY,Low
726,3630.0,3635.0,0.0,1.0,3.0,59.75607681274414,61.068451690673825,6.884187091503268,0.14750000000000002,0.1,0.15,1.0,0.08749999991249999,0.42999999999999994,0.3907692307692308,0.4063780341967883,0.010901924420094836,251.44928891780154,0.2545077603297027,0.3589908653708341,0.3734664939619468,0.29835576920014417,0.4063780341967883,0.3224880291177203,LOW-COMPLEXITY,Moderate
727,3635.0,3640.0,0.0,1.0,1.0,55.48568344116211,56.153099060058594,3.2824591503267975,0.0325,0.1,0.05,0.1,0.0,0.15,0.04571428571428573,0.39332293549440894,0.005216770152505446,225.1202223572623,0.23106865601615106,0.08101071428571428,0.247254476467565,0.06621428571428571,0.39332293549440894,0.14809980375526388,LOW-COMPLEXITY,Low
728,3640.0,3645.0,0.0,1.0,37.72000000000024,60.92405319213867,79.42162322998047,5.534517973856211,0.275,0.1,1.0,0.14316012725344554,0.08749999991249999,0.42999999999999994,0.16695132812774158,0.38690166160269424,0.010550537453543509,261.77655933900877,0.28474908793706105,0.2616300777217863,0.30826267155460957,0.23121039840769742,0.38690166160269424,0.2860837628311315,SPARSE-EXTREME,Moderate
729,3645.0,3650.0,0.0,1.0,34.68000000000022,60.306907653808594,75.08274993896484,5.238553921568627,0.275,0.1,1.0,0.13264129181084114,0.08749999991249999,0.42999999999999994,0.5452470724927669,0.4102445611463056,0.010095621235422274,263.73852188700914,0.3061991031620362,0.42618872652057227,0.39485070838703334,0.344699121717205,0.4102445611463056,0.3780232201038184,SPARSE-EXTREME,Moderate
730,3650.0,3655.0,0.0,1.0,1.7600000000000051,60.2005500793457,61.03384017944336,5.722042483660131,0.13820000000000005,0.1,0.08800000000000026,0.17045454545454497,0.08749999991249999,0.42999999999999994,0.1367186932248253,0.41707789840912285,0.00839761742278611,275.43168593545164,0.26132382829551587,0.2484788815390177,0.3274418123561528,0.22214060793682255,0.41707789840912285,0.2690048778538544,LOW-COMPLEXITY,Moderate
731,3655.0,3660.0,0.0,1.0,21.200000000000102,66.35084533691406,66.73451538085938,3.51109068627451,0.175,0.1,1.0,0.12264150943396168,0.0,0.15,0.5467730038674263,0.42936058116052045,0.0071342983467896975,277.2651949043654,0.28041270661409207,0.29897125668233043,0.3633016064215811,0.21653190116022789,0.42936058116052045,0.2795377208445832,SPARSE-EXTREME,Moderate
732,3660.0,3665.0,0.0,1.0,36.960000000000235,63.58266067504883,78.74838104248047,6.305000000000001,0.275,0.1,1.0,0.13257575757575674,0.08749999991249999,0.42999999999999994,0.5206284976769846,0.38543675647340675,0.01182900150583109,270.0232552661528,0.27148120329544734,0.415479646475707,0.3821207856891147,0.3373135492724703,0.38543675647340675,0.35871796217210977,SPARSE-EXTREME,Moderate
733,3665.0,3670.0,0.0,1.0,33.16000000000021,79.09104919433594,79.49193725585937,3.3849714052287583,0.175,0.1,1.0,0.2110977080820252,0.0,0.15,0.18085757694880186,0.44599946248889916,0.008094671760861207,276.02406488775017,0.3039790897947062,0.13979804597272882,0.29414434289478864,0.10675727308464056,0.44599946248889916,0.2080688358306246,SPARSE-EXTREME,Low
734,3670.0,3675.0,0.0,0.0,1.0,61.882240295410156,62.273135375976565,2.4300163398692813,0.0075,0.0,0.05,0.1,0.0,0.0,1.0,0.39893970801079154,0.004233864218890169,250.6809616302659,0.23726110756267596,0.435,0.4241031676425206,0.3,0.39893970801079154,0.3173317354535223,HEAVY-TAIL-RISK,Moderate
735,3675.0,3680.0,0.0,0.0,1.7600000000000051,61.55913162231445,62.807160186767575,2.6446078431372544,0.013200000000000038,0.0,0.08800000000000026,1.0,0.0,0.0,0.28,0.48048187248495355,0.005598065487632963,244.6625764336875,0.33948232133862655,0.1218,0.30298912224589947,0.084,0.48048187248495355,0.19766688533413973,LOW-COMPLEXITY,Moderate
736,3680.0,3685.0,0.0,0.0,16.200000000000102,59.958003997802734,61.955282592773436,2.1416870915032677,0.12150000000000077,0.0,0.8100000000000052,0.30246913580246726,0.0,0.0,1.0,0.39428227667632515,0.005885251986415482,248.73427065890954,0.23839195432291385,0.435,0.42073641946542933,0.3,0.39428227667632515,0.31788315480527596,HEAVY-TAIL-RISK,Moderate
737,3685.0,3690.0,0.0,0.0,1.0,61.82896423339844,62.408198547363284,2.598562091503268,0.0075,0.0,0.05,0.1,0.0,0.0,0.0,0.3948417964729922,0.004441111591695502,247.3887244604622,0.23295986147842263,0.0,0.22194122043579578,0.0,0.3948417964729922,0.09544890877349177,LOW-COMPLEXITY,Low
738,3690.0,3695.0,0.0,0.0,1.0,62.08884811401367,62.56015548706055,2.52827614379085,0.0075,0.0,0.05,0.1,0.0,0.0,1.0,0.4016421562011858,0.004533573625528643,248.5602830821804,0.24030696584831324,0.435,0.4245793024560129,0.3,0.4016421562011858,0.31834569973346466,HEAVY-TAIL-RISK,Moderate
739,3695.0,3700.0,0.0,0.0,4.52000000000001,79.70361328125,80.07455902099609,2.620731209150328,0.033900000000000076,0.0,0.2260000000000005,0.8185840707964583,0.0,0.0,1.0,0.5091163819388882,0.005376711361014994,288.7742277832521,0.3734225440946191,0.435,0.46072709104071674,0.3,0.5091163819388882,0.37068665842683834,HEAVY-TAIL-RISK,Moderate
740,3700.0,3705.0,0.0,0.6000000000000085,9.04000000000002,79.64686584472656,80.96713714599609,2.754268790849673,0.08280000000000036,0.06000000000000085,0.452000000000001,0.630530973451326,0.0,0.15,0.2963386062385108,0.46006479578100473,0.005633787004998076,289.60091490642225,0.315410393024919,0.1900322937137522,0.3218079691322541,0.14140158187155324,0.46006479578100473,0.2372725776992739,SPARSE-EXTREME,Moderate
741,3705.0,3710.0,0.0,1.0,47.4400000000001,55.074378967285156,64.9559555053711,5.940347222222224,0.275,0.1,1.0,0.12436762225969619,0.08749999991249999,0.42999999999999994,0.6351167429002296,0.4646016861381871,0.01215434079841087,255.60201665184883,0.36541200939036383,0.4652820331478186,0.43347451834966527,0.3716600228394438,0.4646016861381871,0.42103917601805235,HEAVY-TAIL-RISK,Moderate
742,3710.0,3715.0,0.0,0.0,9.280000000000015,79.42257690429688,79.83084106445312,2.738267973856209,0.0696000000000001,0.0,0.46400000000000075,0.5711206896551715,0.0,0.0,0.49102580712810473,0.43002537486918146,0.005687326188645391,268.82971753865513,0.28446978311648247,0.21359622610072557,0.332958008515636,0.14730774213843142,0.43002537486918146,0.2249177218906342,SPARSE-EXTREME,Moderate
743,3715.0,3720.0,0.0,4.6000000000000085,34.28000000000014,65.68169403076172,75.2244384765625,6.792749183006537,0.28673913043478283,0.46000000000000085,1.0,0.15752625437572862,0.019021739126299585,0.5,0.5516889627742846,0.4567711528003546,0.011270888760733053,241.85259978232114,0.3503168454649503,0.44673062271920594,0.41003885221067476,0.3471642975264902,0.4567711528003546,0.41223257722226536,SPARSE-EXTREME,Moderate
744,3720.0,3725.0,0.0,1.0,2.0,59.866065979003906,60.89456481933594,7.364305555555557,0.14,0.1,0.1,0.8,0.08749999991249999,0.42999999999999994,0.6005070977791825,0.41932572007773933,0.013083210944508521,265.8866524648707,0.26648611214224915,0.4502268375201631,0.42075593276666234,0.3612771293031297,0.41932572007773933,0.3732522671868989,HEAVY-TAIL-RISK,Moderate
745,3725.0,3730.0,0.0,1.0,3.0,56.85591125488281,58.39175567626953,6.26515931372549,0.0475,0.1,0.15,1.0,0.0,0.15,0.3672727272727273,0.4802883541549033,0.010992679097782905,266.49605679860946,0.3401560600575126,0.22088863636363637,0.3396441139480693,0.16268181818181818,0.4802883541549033,0.2614722904627638,LOW-COMPLEXITY,Moderate
746,3730.0,3735.0,0.0,1.0,1.7600000000000051,64.0460205078125,66.12823944091797,3.4854942810457525,0.03820000000000004,0.1,0.08800000000000026,0.11363636363636331,0.0,0.15,0.07494539163649995,0.43695550869025124,0.005528038735101884,246.80148692647634,0.2956970402462252,0.09372624536187749,0.2678006087923385,0.07498361749094998,0.43695550869025124,0.18108166477334323,LOW-COMPLEXITY,Low
747,3735.0,3740.0,0.0,0.0,1.0,65.70897674560547,66.65974884033203,3.2636478758169933,0.0075,0.0,0.05,0.2,0.0,0.0,1.0,0.3965499217519957,0.005264091054722542,251.58055929546728,0.23634023910802165,0.435,0.4227213154906651,0.3,0.3965499217519957,0.3169850995377446,HEAVY-TAIL-RISK,Moderate
748,3740.0,3745.0,0.0,1.0,37.16000000000021,59.90556335449219,61.17799301147461,4.974803921568627,0.175,0.1,1.0,0.13724434876210903,0.0,0.15,0.40682108742656364,0.41834432274369693,0.010149723023196206,239.2131753076435,0.2714689321544187,0.2380921730305552,0.3279526821315392,0.1745463262279691,0.41834432274369693,0.24445498725130838,SPARSE-EXTREME,Moderate
749,3745.0,3750.0,0.0,1.0,5.280000000000015,59.12531661987305,60.4870246887207,3.338325163398693,0.06460000000000012,0.1,0.2640000000000008,0.9659090909090882,0.0,0.15,0.3885861182519281,0.4100873512648292,0.006926091407151095,239.8291588911906,0.26065871592999795,0.23015996143958872,0.3216557446211332,0.16907583547557842,0.4100873512648292,0.2361749485039775,SPARSE-EXTREME,Moderate
750,3750.0,3755.0,0.0,0.0,23.800000000000153,53.871299743652344,54.40746994018555,2.0894566993464054,0.15,0.0,1.0,0.14705882352941083,0.0,0.0,0.013176470587681397,0.4154104576341402,0.005124172113289759,240.80061095567524,0.2631909293201313,0.005731764705641407,0.2310846003684134,0.003952941176304419,0.4154104576341402,0.11059893096862751,SPARSE-EXTREME,Low
751,3755.0,3760.0,0.0,0.0,1.0,50.55720901489258,51.253273010253906,0.8665931372549018,0.0075,0.0,0.05,0.1,0.0,0.0,0.0,0.39496386836095154,0.002521678200692041,214.5511350113115,0.2347209467336174,0.0,0.21954623372610987,0.0,0.39496386836095154,0.09546068808070926,LOW-COMPLEXITY,Low
752,3760.0,3765.0,0.0,0.0,1.0,50.41876220703125,51.03428192138672,1.1624223856209153,0.0075,0.0,0.05,0.1,0.0,0.0,0.0,0.40185358772377106,0.0028538275342816872,212.85145155166433,0.24130994440822215,0.0,0.22141822295866664,0.0,0.40185358772377106,0.09768795330870163,LOW-COMPLEXITY,Low
753,3765.0,3770.0,0.0,1.0,1.0,58.120967864990234,60.39689636230469,4.486854575163399,0.0325,0.1,0.05,1.0,0.0,0.15,0.04571428571428573,0.40000719731871176,0.008788536620530564,236.5437618583804,0.2518763868676992,0.08101071428571428,0.2482026429485269,0.06621428571428571,0.40000719731871176,0.15716446199329895,LOW-COMPLEXITY,Low
754,3770.0,3775.0,0.0,1.0,1.7600000000000051,55.624698638916016,57.83769683837891,4.0162990196078425,0.13820000000000005,0.1,0.08800000000000026,1.0,0.08749999991249999,0.42999999999999994,0.37103448275862083,0.4542222822475137,0.007681397219018327,229.90152662569974,0.3165473124094588,0.3504062499862188,0.38188829785257955,0.2924353447969612,0.4542222822475137,0.3415341623050469,LOW-COMPLEXITY,Moderate
755,3775.0,3780.0,0.0,12.0,44.28000000000014,60.62007522583008,75.05178680419922,20.086286764705882,0.45833333333333337,1.0,1.0,0.1400180668473347,0.05104166666241319,0.5,0.3154666910051753,0.37899778258750255,0.035100482666922984,223.88710679792462,0.2627473405367322,0.3490170730865813,0.33813658824997983,0.28750459063339723,0.37899778258750255,0.32729203415975977,SPARSE-EXTREME,Moderate
756,3780.0,3785.0,1.0,8.0,12.0,55.40463638305664,56.24435806274414,19.41779411764706,0.4066666666666667,0.8,0.6,0.1,0.16874999998906248,0.6525,0.1594253726585335,0.4143726162856243,0.027897518422401638,171.8155055532828,0.2593868014718731,0.3618219121047394,0.36925180019910775,0.3352651117937319,0.4143726162856243,0.3423771826329982,SPARSE-EXTREME,Moderate
757,3785.0,3790.0,0.0,0.0,1.0,56.11611557006836,56.585549926757814,2.3804084967320263,0.0075,0.0,0.05,0.2,0.0,0.0,0.027999999972000006,0.4001142141047871,0.004316576957580417,163.2662909469219,0.23833162915286887,0.012179999987820003,0.2239577483260029,0.008399999991600002,0.4001142141047871,0.10172247296013867,LOW-COMPLEXITY,Low
758,3790.0,3795.0,0.0,1.0,1.0,55.5651969909668,56.63117294311523,3.2008169934640534,0.0325,0.1,0.05,0.1,0.0,0.15,0.04571428571428573,0.38979427416046364,0.005248575387671408,160.91094433663335,0.2285808748621104,0.08101071428571428,0.24177799127576566,0.06621428571428571,0.38979427416046364,0.1458213086946001,LOW-COMPLEXITY,Low
759,3795.0,3800.0,0.0,1.0,1.0,55.472408294677734,55.95679550170898,4.0439011437908485,0.0325,0.1,0.05,0.1,0.0,0.15,0.04571428571428573,0.41232711045740855,0.006633739747533,157.13441900215682,0.25602800485597743,0.08101071428571428,0.24990689396907098,0.06621428571428571,0.41232711045740855,0.1567567805599543,LOW-COMPLEXITY,Low
760,3800.0,3805.0,0.0,0.0,32.00000000000013,69.96708679199219,93.99529113769532,4.917099673202614,0.15,0.0,1.0,0.26874999999999893,0.0,0.0,0.5438410752063103,0.4381724744872178,0.008841492214532872,307.46277430405763,0.36001874440210657,0.23657086771474495,0.3317642213012973,0.16315232256189308,0.4381724744872178,0.2681598923156494,SPARSE-EXTREME,Moderate
761,3805.0,3810.0,0.0,1.0,40.60000000000018,68.41170501708984,88.0152603149414,5.259554738562091,0.175,0.1,1.0,0.1280788177339896,0.0,0.15,0.6384666151779728,0.3518018063635552,0.009655033000128158,261.7996403231273,0.23351300655052815,0.33885797760241815,0.34032764153684186,0.24403998455339182,0.3518018063635552,0.2811907184989659,HEAVY-TAIL-RISK,Moderate
762,3810.0,3815.0,0.0,0.0,0.0,58.684879302978516,59.61106185913086,2.203970588235294,0.0,0.0,0.0,0.1,0.0,0.0,0.0,0.40347446490228067,0.004103648756888376,202.06186176833447,0.246023849169391,0.0,0.2215370079436316,0.0,0.40347446490228067,0.09968126113939638,LOW-COMPLEXITY,Low
763,3815.0,3820.0,0.0,0.0,1.0,57.9685173034668,58.361962127685544,2.006139705882353,0.0075,0.0,0.05,0.1,0.0,0.0,0.0,0.4318610007439285,0.0044432428232731,196.49364148776644,0.27985211839629204,0.0,0.2309047591557404,0.0,0.4318610007439285,0.11277747471667304,LOW-COMPLEXITY,Low
764,3820.0,3825.0,0.0,0.0,0.0,57.99225616455078,58.290382385253906,1.5853227124183007,0.0,0.0,0.0,0.0,0.0,0.0,0.0,0.4043195774776205,0.0035486429898756887,195.9432130226589,0.2447441865394279,0.0,0.22233320350856187,0.0,0.4043195774776205,0.09910882012830548,LOW-COMPLEXITY,Low
765,3825.0,3830.0,0.0,0.0,0.0,58.611698150634766,58.98359146118164,1.0936846405228757,0.0,0.0,0.0,0.1,0.0,0.0,0.0,0.4051610410659871,0.0026163610149942326,197.80720823837416,0.24641574733809532,0.0,0.2226108355637048,0.0,0.4051610410659871,0.09983140584984757,LOW-COMPLEXITY,Low
766,3830.0,3835.0,0.0,0.0,0.0,58.375911712646484,58.5944107055664,0.6964174836601307,0.0,0.0,0.0,0.1,0.0,0.0,0.0,0.4265941748653981,0.0019485994168909394,197.51638874516973,0.270995698763832,0.0,0.22913761602558388,0.0,0.4265941748653981,0.10904747127452083,LOW-COMPLEXITY,Low
767,3835.0,3840.0,0.0,0.0,1.0,59.38283920288086,59.768253326416016,2.584983660130719,0.0075,0.0,0.05,0.1,0.0,0.0,0.0,0.46298904132757135,0.005164218890170448,201.48178599745913,0.3162228932010447,0.0,0.24042524456539588,0.0,0.46298904132757135,0.12651302186651806,LOW-COMPLEXITY,Low
768,3840.0,3845.0,0.0,0.0,0.0,57.941062927246094,59.187391662597655,2.0652736928104574,0.0,0.0,0.0,0.0,0.0,0.0,0.0,0.40220709740902677,0.004404098103293604,197.83036050412116,0.24383578273861756,0.0,0.21993195917061756,0.0,0.40220709740902677,0.09834230272676822,LOW-COMPLEXITY,Low
769,3845.0,3850.0,0.0,0.0,0.7600000000000051,57.977169036865234,58.54589157104492,1.4553308823529414,0.005700000000000038,0.0,0.038000000000000256,0.1,0.0,0.0,0.0088421052515233,0.40823894685567436,0.003161206907599641,196.79219601174586,0.2500194280007299,0.003846315784412635,0.22479353113995887,0.0026526315754569897,0.40823894685567436,0.10295402897316044,LOW-COMPLEXITY,Low
770,3850.0,3855.0,0.0,0.0,0.0,57.34212875366211,57.454036712646484,0.5946527777777776,0.0,0.0,0.0,0.0,0.0,0.0,0.0,0.3999834237490375,0.0017593917403562732,194.01134485085407,0.2379065465626462,0.0,0.22090220474445593,0.0,0.3999834237490375,0.0962731890046233,LOW-COMPLEXITY,Low
771,3855.0,3860.0,0.0,0.0,0.0,57.83893966674805,59.56221313476563,2.254746732026143,0.0,0.0,0.0,0.1,0.0,0.0,0.0,0.41484470920998034,0.00438619521337947,195.3968847264972,0.2661134401151436,0.0,0.22413426311136675,0.0,0.41484470920998034,0.10779253484405509,LOW-COMPLEXITY,Low
772,3860.0,3865.0,0.0,0.0,0.0,59.425086975097656,59.875588989257814,1.898639705882353,0.0,0.0,0.0,0.0,0.0,0.0,0.0,0.39051602203948604,0.003655071927463796,199.2298377492243,0.22686942081780953,0.0,0.21770832568590406,0.0,0.39051602203948604,0.09200361888909969,LOW-COMPLEXITY,Low
773,3865.0,3870.0,0.0,0.0,0.7600000000000051,59.12727355957031,60.622900390625,1.9558169934640521,0.005700000000000038,0.0,0.038000000000000256,0.1,0.0,0.0,0.0088421052515233,0.4295178239339134,0.0038434973728053317,199.8365223443297,0.2838091202571709,0.003846315784412635,0.23127968296902618,0.0026526315754569897,0.4295178239339134,0.11679930897199475,LOW-COMPLEXITY,Low
774,3870.0,3875.0,0.0,0.0,0.0,58.59896469116211,58.86846084594727,1.6612949346405228,0.0,0.0,0.0,0.0,0.0,0.0,0.0,0.4384254341914242,0.003410543060361399,199.2521768441313,0.28607458939955693,0.0,0.23291615913667116,0.0,0.4384254341914242,0.11495159184975731,LOW-COMPLEXITY,Low
775,3875.0,3880.0,0.0,0.0,16.160000000000082,58.23600769042969,85.38979034423828,4.348815359477124,0.1212000000000006,0.0,0.808000000000004,0.2413366336633651,0.0,0.0,0.3689816383970631,0.4157168115967315,0.00787472590670255,246.69131205823132,0.34944594882987695,0.16050701270272244,0.2806574598967177,0.11069449151911893,0.4157168115967315,0.22437112823916627,SPARSE-EXTREME,Low
776,3880.0,3885.0,0.0,0.0,7.0,91.73562622070312,92.68030242919922,2.2468137254901963,0.0525,0.0,0.35,0.6857142857142857,0.0,0.0,1.0,0.43118950565484204,0.005301507272843777,349.34184320301284,0.2922033003163669,0.435,0.43839837048817576,0.3,0.43118950565484204,0.34174370341533444,HEAVY-TAIL-RISK,Moderate
777,3885.0,3890.0,0.0,0.0,35.04000000000015,57.769996643066406,81.87100677490234,5.1359763071895435,0.15,0.0,1.0,0.13127853881278484,0.0,0.0,0.2586072425196053,0.4156029307395707,0.00898200708061002,250.41819487717066,0.3407820900495261,0.11249415049602832,0.26169923878281903,0.0775821727558816,0.4156029307395707,0.19687613229179782,SPARSE-EXTREME,Low
778,3890.0,3895.0,0.0,1.0,2.760000000000005,58.04220962524414,59.32502975463867,2.9195179738562094,0.04570000000000004,0.1,0.13800000000000026,1.0,0.0,0.15,0.3639543726235743,0.474511465728194,0.006314617775214662,189.35702133074236,0.3343435637168231,0.21944515209125479,0.3335330622365582,0.16168631178707227,0.474511465728194,0.25737364310269456,LOW-COMPLEXITY,Moderate
779,3895.0,3900.0,0.0,1.0,1.0,51.40747833251953,51.73654479980469,3.8220915032679734,0.0325,0.1,0.05,0.1,0.0,0.15,0.04571428571428573,0.44135545112370433,0.006021319364347045,152.95170316405063,0.2905419022929369,0.08101071428571428,0.2586150019080141,0.06621428571428571,0.44135545112370433,0.1698044818904902,LOW-COMPLEXITY,Low
780,3900.0,3905.0,0.0,1.0,4.800000000000026,59.48171615600586,61.822069549560545,4.535972222222222,0.1610000000000002,0.1,0.24000000000000127,1.0,0.08749999991249999,0.42999999999999994,0.405217391304348,0.39861399089264005,0.009701743239779575,201.71820909913413,0.24946742309901573,0.3652758152036101,0.36936594241966225,0.30269021736067936,0.39861399089264005,0.32264090236888177,SPARSE-EXTREME,Moderate
781,3905.0,3910.0,0.0,1.0,1.0,60.24171829223633,62.04998092651367,2.6027982026143794,0.1325,0.1,0.05,0.1,0.08749999991249999,0.42999999999999994,0.06857142857142857,0.41209857756866447,0.00526802303601179,192.42095046617516,0.261160979491212,0.21883482141479016,0.3063602533598855,0.20169642854080352,0.41209857756866447,0.2525676483151141,LOW-COMPLEXITY,Moderate
782,3910.0,3915.0,0.0,1.0,1.0,60.07298278808594,62.19245223999023,3.098770424836601,0.1325,0.1,0.05,0.1,0.08749999991249999,0.42999999999999994,0.06857142857142857,0.4127567873788333,0.005688890010252466,192.59361435046415,0.26224728455698987,0.21883482141479016,0.30592631190028163,0.20169642854080352,0.4127567873788333,0.2527943688845995,LOW-COMPLEXITY,Moderate
783,3915.0,3920.0,0.0,1.0,1.0,61.07581329345703,63.66620788574219,3.498468137254901,0.1325,0.1,0.05,0.1,0.08749999991249999,0.42999999999999994,0.06857142857142857,0.38786082826699814,0.006217962001794182,195.91570935742547,0.23367349846664576,0.21883482141479016,0.2979692518971635,0.20169642854080352,0.38786082826699814,0.24194649461629483,LOW-COMPLEXITY,Low
784,3920.0,3925.0,0.0,1.0,1.0,60.519771575927734,62.96820297241211,3.0872508169934645,0.1325,0.1,0.05,0.1,0.08749999991249999,0.42999999999999994,0.06857142857142857,0.4000836720551355,0.005895938901704472,190.64643675992465,0.24915864073521546,0.21883482141479016,0.3018295892372658,0.20169642854080352,0.4000836720551355,0.24798447287258116,LOW-COMPLEXITY,Moderate
785,3925.0,3930.0,0.0,1.0,1.0,60.307682037353516,61.71719207763672,3.362683823529412,0.1325,0.1,0.05,0.2,0.08749999991249999,0.42999999999999994,0.06857142857142857,0.3845702239339663,0.006150301806997308,187.869135985159,0.22378418711478607,0.21883482141479016,0.29769545500479144,0.20169642854080352,0.3845702239339663,0.23772866111129273,LOW-COMPLEXITY,Low
786,3930.0,3935.0,0.0,1.0,1.0,59.77122497558594,61.968031311035155,3.294264705882353,0.1325,0.1,0.05,0.1,0.08749999991249999,0.42999999999999994,0.06857142857142857,0.4273510490111677,0.006041426694860952,189.49832446807818,0.2838396371776444,0.21883482141479016,0.31105521038324135,0.20169642854080352,0.4273510490111677,0.26173709425587904,LOW-COMPLEXITY,Moderate
787,3935.0,3940.0,0.0,1.0,1.0,61.34733200073242,63.93983383178711,3.6020383986928106,0.1325,0.1,0.05,0.1,0.08749999991249999,0.42999999999999994,0.06857142857142857,0.3831574488850532,0.006401692778418556,193.55017044922934,0.22747889625134501,0.21883482141479016,0.2962385960420721,0.20169642854080352,0.3831574488850532,0.23941930880484869,LOW-COMPLEXITY,Low
788,3940.0,3945.0,0.0,1.0,5.280000000000015,60.80816650390625,63.38231887817383,6.1174060457516335,0.16460000000000014,0.1,0.2640000000000008,1.0,0.08749999991249999,0.42999999999999994,0.41044193548387103,0.4169560347191666,0.012055237729078558,206.08052896934052,0.2699379352128234,0.3675484919217026,0.37659027495705594,0.3042575806145362,0.4169560347191666,0.3316028454841702,SPARSE-EXTREME,Moderate
789,3945.0,3950.0,0.0,1.0,1.0,67.023681640625,67.9262466430664,4.930796568627449,0.1325,0.1,0.05,0.1,0.08749999991249999,0.42999999999999994,0.06857142857142857,0.3919434453530129,0.007526505190311419,220.92726974301647,0.23121810106125232,0.21883482141479016,0.30297545750532595,0.20169642854080352,0.3919434453530129,0.24145031360495126,LOW-COMPLEXITY,Moderate
790,3950.0,3955.0,1.0,6.0,8.760000000000005,55.80333709716797,66.22000579833984,18.386466503267975,0.3394442922374429,0.6,0.4380000000000003,1.0,0.19583333331875,0.57,0.556160126675568,0.38837170222906275,0.02525569716775599,146.41798427829178,0.26612134912503355,0.5050484051015751,0.4242780528939935,0.4348897046642329,0.38837170222906275,0.410389086519484,SPARSE-EXTREME,Moderate
791,3955.0,3960.0,2.0,6.0,8.760000000000005,58.1633186340332,60.238916015625,19.140367647058824,0.3053385844748858,0.3,0.21900000000000014,0.1027397260273972,0.3479166666447917,0.3216666666666666,0.15069744168500315,0.40679153398881124,0.02465443242983468,91.17012893161251,0.25725923079930096,0.25142942879619773,0.35354026601999056,0.27956339916451134,0.40679153398881124,0.25369210792886154,SPARSE-EXTREME,Moderate
792,3960.0,3965.0,0.0,0.6000000000000085,1.0,55.99446105957031,59.41832275390625,3.626180555555555,0.022500000000000214,0.06000000000000085,0.05,0.1,0.0,0.15,0.06399999999999946,0.43328138160358176,0.00585804770601051,88.45345100648763,0.29615832167806994,0.08896499999999977,0.25222557526728623,0.07169999999999983,0.43328138160358176,0.1751377667816896,LOW-COMPLEXITY,Low
793,3965.0,3970.0,0.0,1.0,28.280000000000143,49.680973052978516,55.506343078613284,11.68234068627451,0.175,0.1,1.0,0.2616690240452603,0.0,0.15,0.1939312346233455,0.40017611787582225,0.0174475871459695,75.98063178242994,0.26636284840207003,0.1454850870611553,0.26358044250611223,0.11067937038700365,0.40017611787582225,0.19198023480272058,SPARSE-EXTREME,Low
794,3970.0,3975.0,0.0,1.0,2.5200000000000102,49.887115478515625,51.14164581298828,5.659897875816993,0.04390000000000008,0.1,0.1260000000000005,1.0,0.0,0.15,0.3603187250996018,0.4245449447925157,0.008708380110214018,109.21926101165371,0.27306729561035376,0.21786364541832676,0.31207652608824243,0.16059561752988052,0.4245449447925157,0.23117200450287306,LOW-COMPLEXITY,Moderate
795,3975.0,3980.0,0.0,1.0,4.760000000000005,49.6786003112793,53.071356201171874,9.307867647058822,0.16070000000000004,0.1,0.23800000000000027,1.0,0.08749999991249999,0.42999999999999994,0.7589553544362234,0.4126769785336485,0.013498079905164677,87.24339490002174,0.2718212855690971,0.5191518291659759,0.4366452714534831,0.40881160630024194,0.4126769785336485,0.40691054632528895,HEAVY-TAIL-RISK,Moderate
796,3980.0,3985.0,0.0,0.0,2.760000000000005,49.76378631591797,51.72159881591797,4.980371732026144,0.020700000000000038,0.0,0.13800000000000026,1.0,0.0,0.0,0.28,0.4125224922791422,0.010345539215686275,99.3708830925303,0.26551096467607954,0.1218,0.2736046311040447,0.084,0.4125224922791422,0.16738648015466984,LOW-COMPLEXITY,Low
797,3985.0,3990.0,0.0,1.0,1.0,52.856510162353516,54.825609588623045,4.624178921568626,0.0325,0.1,0.05,0.1,0.0,0.15,0.04571428571428573,0.3868044102937378,0.00853661075868256,88.96177695742834,0.2305082492172346,0.08101071428571428,0.23526785251092344,0.06621428571428571,0.3868044102937378,0.14525391327114892,LOW-COMPLEXITY,Low
798,3990.0,3995.0,0.0,1.0,1.0,50.120887756347656,52.32290496826172,6.912561274509804,0.0325,0.1,0.05,1.0,0.0,0.15,0.04571428571428573,0.46152841545176504,0.011922321062411893,73.93091428788219,0.3280834910720562,0.08101071428571428,0.2576842098895784,0.06621428571428571,0.46152841545176504,0.18320625799158213,LOW-COMPLEXITY,Low
799,3995.0,4000.0,0.0,1.0,2.0,26.60025405883789,46.25196075439453,7.518333333333333,0.04,0.1,0.1,0.15,0.0,0.15,0.2613990467797453,0.34672322583540527,0.010514167307445857,36.763514266003085,0.2876926185926846,0.1748335853491892,0.23364307783526453,0.13091971403392358,0.34672322583540527,0.21565043709679532,LOW-COMPLEXITY,Low
800,4000.0,4005.0,0.0,0.0,0.0,44.89115524291992,45.72564849853516,6.11357434640523,0.0,0.0,0.0,0.1,0.0,0.0,0.0,0.41272338569884826,0.007553461168781237,63.719794499065024,0.2566176285923145,0.0,0.21559385332005482,0.0,0.41272338569884826,0.10058581653346439,LOW-COMPLEXITY,Low
801,4005.0,4010.0,0.0,0.0,1.7600000000000051,45.78705596923828,47.30619506835937,7.870269607843137,0.013200000000000038,0.0,0.08800000000000026,1.0,0.0,0.0,0.28,0.4183912655008202,0.011566851050877867,66.5125447149659,0.2658264148460825,0.1218,0.27235025947556085,0.084,0.4183912655008202,0.16563798186428252,LOW-COMPLEXITY,Low
802,4010.0,4015.0,0.0,1.0,1.0,55.75933837890625,56.75379409790039,4.905371732026144,0.1325,0.1,0.05,0.1,0.08749999991249999,0.42999999999999994,0.06857142857142857,0.4066550068123113,0.007310959566833269,128.06012067155453,0.24843378749816278,0.21883482141479016,0.3011080962983721,0.20169642854080352,0.4066550068123113,0.24572669003614803,LOW-COMPLEXITY,Moderate
803,4015.0,4020.0,0.0,1.0,1.0,54.41790771484375,55.47686614990234,5.554489379084967,0.1325,0.1,0.05,0.1,0.08749999991249999,0.42999999999999994,0.06857142857142857,0.3845041690700775,0.008259054530308858,124.89551647739715,0.22229153532825088,0.21883482141479016,0.29419710263169074,0.20169642854080352,0.3845041690700775,0.2357744256034121,LOW-COMPLEXITY,Low
804,4020.0,4025.0,0.0,1.0,1.0,55.01182556152344,55.53190994262695,6.517728758169936,0.1325,0.1,0.05,0.1,0.08749999991249999,0.42999999999999994,0.06857142857142857,0.3913856966921167,0.009609772363193644,125.45154129065715,0.22812759545818398,0.21883482141479016,0.29721166400290816,0.20169642854080352,0.3913856966921167,0.23802717024279493,LOW-COMPLEXITY,Low
805,4025.0,4030.0,0.0,1.0,1.0,55.556453704833984,56.03694534301758,5.677553104575163,0.1325,0.1,0.05,0.1,0.08749999991249999,0.42999999999999994,0.06857142857142857,0.4028411065156877,0.008323718601819814,127.68825120868833,0.24263411066133772,0.21883482141479016,0.30099569199926085,0.20169642854080352,0.4028411065156877,0.2437409851872025,LOW-COMPLEXITY,Moderate
806,4030.0,4035.0,1.0,8.0,19.04000000000002,54.6694450378418,61.74322280883789,22.71120098039216,0.4440605042016808,0.8,0.9520000000000011,0.3151260504201677,0.16874999998906248,0.6525,0.3560848940271322,0.41995177978188414,0.04349632897603485,118.98992375085291,0.2925952852362082,0.4473688039000798,0.39995107729380225,0.3942629682043115,0.41995177978188414,0.39783030882953363,SPARSE-EXTREME,Moderate
807,4035.0,4040.0,1.0,2.0,4.0,66.28276824951172,68.10110015869141,10.51841503267974,0.255,0.2,0.2,0.175,0.456249999934375,0.23666666666666666,0.30787438757784574,0.4023313914314806,0.015423945597846983,165.39050155071087,0.24753253355381655,0.3022264002526936,0.3990334311842598,0.3348831495837183,0.4023313914314806,0.26819294463687254,SPARSE-EXTREME,Moderate
808,4040.0,4045.0,1.0,2.0,4.0,65.8165283203125,67.26228942871094,7.76655637254902,0.255,0.2,0.2,0.175,0.456249999934375,0.23666666666666666,0.1966047618837619,0.4073765507939196,0.011602572568242984,161.49448883571088,0.2557747277658876,0.25382411307576713,0.37869110809538786,0.3015022618754931,0.4073765507939196,0.24724249496708062,SPARSE-EXTREME,Moderate
809,4045.0,4050.0,0.0,1.0,1.7600000000000051,66.32537078857422,67.546826171875,5.683643790849674,0.13820000000000005,0.1,0.08800000000000026,0.11363636363636331,0.08749999991249999,0.42999999999999994,0.09987658801014411,0.40407066332698016,0.008780926726899911,169.19575495561566,0.24722713376348499,0.2324525657706314,0.30947184489006285,0.2110879763724182,0.40407066332698016,0.25339253496304104,LOW-COMPLEXITY,Moderate
810,4050.0,4055.0,0.0,2.0,42.440000000000225,57.57062911987305,66.92128295898438,7.528848039215687,0.25,0.2,1.0,0.14137606032045164,0.043749999978124995,0.5,0.6075496557041817,0.36729076075551914,0.012624248526207868,110.11411876499199,0.24222588917383533,0.4749247252278737,0.38491368692802824,0.37257739670359824,0.36729076075551914,0.38014249317847504,HEAVY-TAIL-RISK,Moderate
811,4055.0,4060.0,1.0,2.0,5.280000000000015,67.51759338378906,70.6628173828125,8.547001633986929,0.23429696969696956,0.2,0.2640000000000008,1.0,0.456249999934375,0.23666666666666666,0.6852464380274973,0.49502999018421284,0.013499341439190056,157.26030884654136,0.3668163535896338,0.4663832421982921,0.501331572017341,0.44809476471861376,0.49502999018421284,0.3970703618256243,HEAVY-TAIL-RISK,High
812,4060.0,4065.0,0.0,2.0,5.0,65.73313903808594,67.25267333984375,7.300816993464052,0.1375,0.2,0.25,1.0,0.043749999978124995,0.5,0.6569197794932625,0.47491699305227214,0.011262138600538256,158.83026177971433,0.3325197506106641,0.49640072907612387,0.4412997899739316,0.3873884338403225,0.47491699305227214,0.42552352045712943,HEAVY-TAIL-RISK,Moderate
813,4065.0,4070.0,0.0,1.0,5.0,67.40911102294922,68.75646514892578,4.945878267973855,0.1625,0.1,0.25,0.13999999999999999,0.08749999991249999,0.42999999999999994,0.3785312762290869,0.4288136716784561,0.007453297930283224,164.14796580673956,0.28126373919207415,0.3536673551458715,0.372415070058606,0.294684382838101,0.4288136716784561,0.32805341763129814,SPARSE-EXTREME,Moderate
814,4070.0,4075.0,0.0,1.0,2.760000000000005,64.88356018066406,67.81650085449219,4.5714379084967325,0.14570000000000005,0.1,0.13800000000000026,0.10869565217391283,0.08749999991249999,0.42999999999999994,0.29687200571704925,0.4165805908740846,0.00741310713828015,163.81290353762046,0.2717308244338854,0.31814557247313513,0.35113081126115847,0.2701866016844897,0.4165805908740846,0.30664684929738434,LOW-COMPLEXITY,Moderate
815,4075.0,4080.0,1.0,1.0,3.760000000000005,68.16261291503906,68.86687469482422,6.572928921568628,0.2861787234042552,0.1,0.18800000000000025,0.15957446808510617,0.9124999997375001,0.2583333333333333,0.15181119229477455,0.42387610496353234,0.00914826989619377,168.69478736785703,0.2726085678868017,0.31502745194021653,0.4687213638690333,0.45533502426322403,0.42387610496353234,0.28174274723422893,LOW-COMPLEXITY,Moderate
816,4080.0,4085.0,0.0,1.0,2.0,60.757198333740234,62.09026870727539,4.968876633986929,0.14,0.1,0.1,0.1,0.08749999991249999,0.42999999999999994,0.096,0.42683673947067013,0.007570499327181853,135.8877604145355,0.2732752579266237,0.2307662499862187,0.3127075935536991,0.20992499996937494,0.42683673947067013,0.261276101839439,LOW-COMPLEXITY,Moderate
817,4085.0,4090.0,0.0,2.0,55.36000000000031,55.982059478759766,66.35114898681641,7.1058578431372545,0.25,0.2,1.0,0.1535404624277448,0.043749999978124995,0.5,0.5756857551701526,0.423962670417186,0.013205638376265538,173.85179200681276,0.3143664829898051,0.4610639284955711,0.4025090463587298,0.36301822654338955,0.423962670417186,0.40342360339168437,SPARSE-EXTREME,Moderate
818,4090.0,4095.0,1.0,3.0,4.760000000000005,60.849552154541016,65.15730895996094,15.30263888888889,0.24907535014005594,0.3,0.23800000000000027,0.10504201680672258,0.36249999995138893,0.303,0.2073181474107842,0.38771277314120717,0.021333914680251188,132.25118251821797,0.23936912757488257,0.27074964411603486,0.3591705691076749,0.29512044420622136,0.38771277314120717,0.2553137918014433,SPARSE-EXTREME,Moderate
819,4095.0,4100.0,1.0,4.0,11.04000000000002,53.335853576660156,57.15455322265625,18.534946895424838,0.3030898550724639,0.4,0.552000000000001,0.8514492753623173,0.27187499997265624,0.419,0.4256921976592978,0.39460145204931796,0.03135979430988081,137.1233834705623,0.2477930430001858,0.3987389184774879,0.40205258560938006,0.369513909288219,0.39460145204931796,0.33456839309994113,SPARSE-EXTREME,Moderate
820,4100.0,4105.0,1.0,2.0,6.52000000000001,50.53545379638672,56.94115295410156,12.696952614379084,0.22558711656441716,0.2,0.3260000000000005,0.8742331288343544,0.456249999934375,0.23666666666666666,0.44695997425997436,0.3948153955751401,0.020788974432910418,130.53591984491644,0.261573512717944,0.3627286304594196,0.4158067655983769,0.37660882558835684,0.3948153955751401,0.30382593823028176,SPARSE-EXTREME,Moderate
821,4105.0,4110.0,1.0,3.0,7.760000000000005,50.81879806518555,52.98392562866211,13.585302287581701,0.2642996563573883,0.3,0.38800000000000023,0.12886597938144323,0.3333333332944444,0.34500000000000003,0.2843668049195104,0.4050608280596128,0.021929836601307186,141.2196422076395,0.2535607911716728,0.31678706013386204,0.381785290790556,0.3227267081289087,0.4050608280596128,0.28804506108555433,SPARSE-EXTREME,Moderate
822,4110.0,4115.0,1.0,2.0,4.760000000000005,64.3353500366211,66.42946929931641,7.416911764705883,0.24074201680672264,0.2,0.23800000000000027,0.8823529411764696,0.456249999934375,0.23666666666666666,0.4664221297836937,0.4122967240954203,0.010626712642573366,163.6121409996003,0.2692562581247319,0.37119466811223745,0.4327303830419828,0.38244747224547265,0.4122967240954203,0.31213956823742556,SPARSE-EXTREME,Moderate
823,4115.0,4120.0,1.0,7.6000000000000085,12.0,63.679683685302734,66.54150085449218,19.3271568627451,0.38745614035087733,0.7600000000000009,0.6,0.14166666666666666,0.16611842104202718,0.6605263157894743,0.22672003130415216,0.4241177711801287,0.029258840349865436,147.9912170820249,0.2839389484849236,0.39395133861563625,0.3827628083649262,0.3573416672822711,0.4241177711801287,0.3690465980181452,SPARSE-EXTREME,Moderate
824,4120.0,4125.0,1.0,7.0,20.320000000000036,46.98765182495117,48.882363128662114,18.287908496732026,0.3924634420697412,0.7,1.0,0.11811023622047223,0.18035714284464285,0.6121428571428571,0.32936917470014726,0.4392476803677969,0.028614791105984878,121.03396141876793,0.29781347364730637,0.42113005527830955,0.40354667790980425,0.37618575240566915,0.4392476803677969,0.3827772444908718,SPARSE-EXTREME,Moderate
825,4125.0,4130.0,0.0,1.0,13.04000000000002,65.12024688720703,65.26977081298828,3.477324346405229,0.12280000000000016,0.1,0.652000000000001,0.575153374233128,0.0,0.15,0.7223397253449342,0.436024306860779,0.006059538638985005,249.0072091224669,0.29213457683561894,0.3753427805250464,0.39832783448863546,0.2692019176034803,0.436024306860779,0.32232691257537727,HEAVY-TAIL-RISK,Moderate
826,4130.0,4135.0,0.0,0.0,0.0,65.03302001953125,65.06069793701172,0.052728758169934636,0.0,0.0,0.0,0.0,0.0,0.0,0.0,0.4128043265807547,0.0009556870754837884,342.27211839212777,0.25225356779468383,0.0,0.23358319374327846,0.0,0.4128043265807547,0.10467982006230069,LOW-COMPLEXITY,Low
827,4135.0,4140.0,0.0,1.0,5.280000000000015,65.03343963623047,65.76387481689453,1.9806250000000003,0.06460000000000012,0.1,0.2640000000000008,1.0,0.0,0.15,0.7663391275541296,0.49697455223037784,0.006569214725105728,310.5868960548365,0.3586109484330827,0.3944825204860464,0.4289025143031784,0.2824017382662389,0.49697455223037784,0.35762858529817876,HEAVY-TAIL-RISK,Moderate
828,4140.0,4145.0,0.0,1.0,3.0,65.84422302246094,66.47013244628906,4.714334150326797,0.14750000000000002,0.1,0.15,0.1,0.08749999991249999,0.42999999999999994,0.11346923076923078,0.4067109022769098,0.006570458157119056,152.79334380047095,0.24681900568402299,0.2383653653708341,0.3123957470281232,0.21516576920014419,0.4067109022769098,0.2555906733480118,LOW-COMPLEXITY,Moderate
829,4145.0,4150.0,0.0,2.0,3.0,66.203369140625,66.69427490234375,5.543888888888888,0.12250000000000001,0.2,0.15,0.1,0.043749999978124995,0.5,0.12932264150943373,0.4019522948164134,0.007559140875304371,152.97598371241074,0.24009743731027575,0.26689597405315835,0.3141607123117876,0.22910929244517386,0.4019522948164134,0.2739152904865752,BURST-DOMINATED,Moderate
830,4150.0,4155.0,0.0,1.6000000000000085,3.0,80.34554290771484,80.76683807373047,5.147177287581699,0.12499999999999989,0.16000000000000086,0.15,1.0,0.05468749996582002,0.5,0.5166211716408345,0.4315785565403284,0.008506900390875304,188.06855098266135,0.2864622876519287,0.4370934909083797,0.40569897402726746,0.34912697648028734,0.4315785565403284,0.3798243213465511,LOW-COMPLEXITY,Moderate
831,4155.0,4160.0,1.0,4.0,7.52000000000001,80.28907775878906,80.99002990722656,12.234914215686276,0.27288936170212763,0.4,0.3760000000000005,0.5319148936170206,0.249999999978125,0.475,0.5508408253587505,0.427977113861662,0.018038686402665646,237.52317312934804,0.27764105850427473,0.47255325902761114,0.4507806550325333,0.41900224759996885,0.427977113861662,0.39097560385192104,SPARSE-EXTREME,Moderate
832,4160.0,4165.0,2.0,7.0,11.0,81.92908477783203,83.87505645751953,21.72105800653595,0.29108766233766237,0.35,0.275,0.1,0.2982142856982143,0.384563492063492,0.1699779220280461,0.38802147974349555,0.029460817313853645,323.67199313670943,0.2284638804871721,0.27761876909554184,0.36441640393572206,0.28996559882501105,0.38802147974349555,0.2664098730052948,SPARSE-EXTREME,Moderate
833,4165.0,4170.0,2.0,6.0,8.760000000000005,84.58139038085938,86.511669921875,19.393071895424832,0.28867191780821916,0.3,0.21900000000000014,0.1027397260273972,0.33333333331388887,0.34500000000000003,0.18369747565830197,0.38729544670259325,0.024616910483147507,336.34014844970187,0.2276720296845335,0.2729959019082988,0.36967625214307565,0.2925259093573517,0.38729544670259325,0.2602034627654402,SPARSE-EXTREME,Moderate
834,4170.0,4175.0,1.0,3.0,75.32000000000016,62.05936050415039,85.05339965820312,10.409003267973857,0.26497167640290314,0.3,1.0,0.1367498672331383,0.3041666666375,0.415,0.699489105528473,0.36891051286515153,0.022075817474048444,265.9423290895748,0.27126268828796,0.521296510900292,0.4479930170046846,0.4615550649816669,0.36891051286515153,0.40887463770860266,HEAVY-TAIL-RISK,Moderate
835,4175.0,4180.0,1.0,1.0,2.0,84.95252990722656,85.73053894042968,3.458316993464052,0.39,0.1,0.1,0.1,0.9124999997375001,0.2583333333333333,0.10666666666666667,0.410425190676224,0.005949792227348455,356.30419960691574,0.2529022182252227,0.2953895832919896,0.4665241015190391,0.44179166657479163,0.410425190676224,0.26771158030855235,LOW-COMPLEXITY,Moderate
836,4180.0,4185.0,1.0,2.0,3.760000000000005,82.5341796875,85.20727844238282,12.30906454248366,0.3111787234042552,0.2,0.18800000000000025,1.0,0.4999999999125,0.18999999999999997,0.3922388059701493,0.4132051821016973,0.019650482186338587,244.45478974470979,0.27143221789106736,0.3267988805832337,0.42620493340882043,0.35917164176041977,0.4132051821016973,0.2879223610087189,BURST-DOMINATED,Moderate
837,4185.0,4190.0,1.0,2.0,3.0,60.89922332763672,61.720072174072264,12.386323529411765,0.23916666666666667,0.2,0.15,0.13333333333333333,0.4999999999125,0.18999999999999997,0.14094117644258827,0.40612038345798185,0.01549917627835448,78.02801022116144,0.24843779324625548,0.21748441173874464,0.36558435890570035,0.2837823529021515,0.40612038345798185,0.2192845028420156,BURST-DOMINATED,Moderate
838,4190.0,4195.0,1.0,2.0,5.280000000000015,57.627685546875,59.174870300292966,14.886004901960783,0.23429696969696956,0.2,0.2640000000000008,0.7196969696969676,0.543749999890625,0.162,0.43480777075999133,0.4215449164127322,0.0195321363578111,64.98906875363045,0.2799251387541453,0.34079700526336965,0.4323245619821295,0.3774548311897161,0.4215449164127322,0.29161110258163364,SPARSE-EXTREME,Moderate
839,4195.0,4200.0,1.0,3.0,15.360000000000056,41.75161361694336,45.03012237548828,13.528247549019609,0.2894187500000003,0.3,0.7680000000000028,0.18880208333333265,0.3333333332944444,0.34500000000000003,0.37948712712080784,0.38689574121612613,0.017648907952069717,56.951528212263625,0.23787199063470993,0.3581644002914264,0.3872174630551468,0.3512628047892979,0.38689574121612613,0.30091124115074597,SPARSE-EXTREME,Moderate
840,4200.0,4205.0,1.0,2.0,4.0,43.354923248291016,44.74844741821289,13.558239379084965,0.255,0.2,0.2,0.5,0.456249999934375,0.23666666666666666,0.5902432276021914,0.4089984480550171,0.016940961008586445,57.56302686039454,0.262987362218913,0.425056845663284,0.45087726230264874,0.419593801591022,0.4089984480550171,0.33475426170862466,SPARSE-EXTREME,Moderate
841,4205.0,4210.0,1.0,2.0,5.52000000000001,42.69761657714844,45.77544937133789,16.0397385620915,0.23197971014492746,0.2,0.2760000000000005,0.5797101449275351,0.543749999890625,0.162,0.5471057192900345,0.39494850582004803,0.019973959855183902,59.71952228101559,0.24863206760275794,0.3896466128739384,0.4435821152903782,0.41114421574872906,0.39494850582004803,0.3033985055915045,SPARSE-EXTREME,Moderate
842,4210.0,4215.0,1.0,2.0,4.760000000000005,43.48362731933594,45.18765029907227,13.715551470588236,0.24074201680672264,0.2,0.23800000000000027,0.609243697478991,0.543749999890625,0.162,0.39836147106211744,0.4007611405363919,0.017436446078431374,63.28257555400909,0.24923035849677677,0.3249428648947945,0.4179312886153735,0.36652094128035395,0.4007611405363919,0.2709550657889887,SPARSE-EXTREME,Moderate
843,4215.0,4220.0,1.0,2.0,3.760000000000005,42.70956802368164,45.54387664794922,14.161650326797385,0.2611787234042552,0.2,0.18800000000000025,0.8776595744680838,0.456249999934375,0.23666666666666666,0.6147662578802195,0.3821608714157521,0.01748801502627195,58.143471889800495,0.23322473773957442,0.4357243638342262,0.44498424300553957,0.4269507106744304,0.3821608714157521,0.3281982414164876,HEAVY-TAIL-RISK,Moderate
844,4220.0,4225.0,1.0,3.0,5.52000000000001,59.55266189575195,62.03180923461914,15.071838235294116,0.24031304347826077,0.3,0.2760000000000005,0.7789855072463754,0.36249999995138893,0.303,0.6237333338120205,0.46795049667021943,0.020700581346917855,76.5016905528992,0.3292206200928559,0.45189025020057266,0.46580220313736515,0.42004500012659224,0.46795049667021943,0.3799634570487539,HEAVY-TAIL-RISK,Moderate
845,4225.0,4230.0,2.0,8.200000000000017,99.04000000000002,58.721988677978516,66.56185913085938,22.868386437908498,0.2991822963867766,0.41000000000000086,1.0,0.1029886914378029,0.25457317071999497,0.455440379403795,0.6593171955957723,0.37300832360108516,0.04538273084070229,147.4514933814902,0.23408028120659685,0.5124902090796066,0.44090813385095295,0.44629990122205815,0.37300832360108516,0.3908635807411752,HEAVY-TAIL-RISK,Moderate
846,4230.0,4235.0,0.0,1.0,1.0,65.13874816894531,66.57618103027343,5.316687091503268,0.1325,0.1,0.05,0.1,0.08749999991249999,0.42999999999999994,0.06857142857142857,0.41605732535357387,0.0076109416250160185,141.5202192478604,0.26405354665010977,0.21883482141479016,0.3052548287337696,0.20169642854080352,0.41605732535357387,0.25263734632919504,LOW-COMPLEXITY,Moderate
847,4235.0,4240.0,0.0,1.0,1.0,65.10214233398438,66.6794418334961,3.764391339869281,0.1325,0.1,0.05,0.1,0.08749999991249999,0.42999999999999994,0.06857142857142857,0.4101148417206753,0.0057049331987697035,137.42782717167762,0.2586957258220274,0.21883482141479016,0.30333674167049973,0.20169642854080352,0.4101148417206753,0.250772726351234,LOW-COMPLEXITY,Moderate
848,4240.0,4245.0,0.0,1.0,1.0,64.89288330078125,65.25212249755859,3.043700980392157,0.0325,0.1,0.05,0.1,0.0,0.15,0.04571428571428573,0.41056270404043177,0.004692133794694349,135.84503082329448,0.25027033349832106,0.08101071428571428,0.24762536055871617,0.06621428571428571,0.41056270404043177,0.1535205097917461,LOW-COMPLEXITY,Low
849,4245.0,4250.0,0.0,1.0,1.0,65.81363677978516,66.44861907958985,3.946156045751634,0.0325,0.1,0.05,0.1,0.0,0.15,0.04571428571428573,0.3918451628730276,0.005671766628219916,135.96505610244557,0.22989483633347427,0.08101071428571428,0.24195517420955925,0.06621428571428571,0.3918451628730276,0.14602758127896884,LOW-COMPLEXITY,Low
850,4250.0,4255.0,0.0,1.0,1.0,65.96133422851562,66.70746459960938,3.7648488562091504,0.0325,0.1,0.05,0.2,0.0,0.15,0.04571428571428573,0.3981884143405522,0.005577612456747405,137.51812440000433,0.23733401788052413,0.08101071428571428,0.2437019769760122,0.06621428571428571,0.3981884143405522,0.14877274015387112,LOW-COMPLEXITY,Low
851,4255.0,4260.0,0.0,0.6000000000000085,1.0,64.8946533203125,65.77846069335938,3.3788643790849666,0.022500000000000214,0.06000000000000085,0.05,0.1,0.0,0.15,0.06399999999999946,0.41648635278200763,0.005446231897987952,130.67142841433642,0.26355891857258296,0.08896499999999977,0.25296254523157136,0.07169999999999983,0.41648635278200763,0.16329476192183945,LOW-COMPLEXITY,Low
852,4260.0,4265.0,0.0,1.0,1.0,61.4816780090332,63.133995056152344,2.880028594771242,0.0325,0.1,0.05,0.1,0.0,0.15,0.04571428571428573,0.4114742064499528,0.00475850618351916,125.20746807622487,0.259859032627707,0.08101071428571428,0.24634608846137804,0.06621428571428571,0.4114742064499528,0.15763923851999045,LOW-COMPLEXITY,Low
853,4265.0,4270.0,0.0,1.0,1.0,63.22388458251953,65.45319366455078,3.2247303921568626,0.1325,0.1,0.05,0.2,0.08749999991249999,0.42999999999999994,0.06857142857142857,0.4203106331922782,0.006073178104575164,131.41982129935457,0.27489324568049467,0.21883482141479016,0.30558598867424,0.20169642854080352,0.4203106331922782,0.25710977486387604,LOW-COMPLEXITY,Moderate
854,4270.0,4275.0,1.0,3.0,7.760000000000005,67.87779998779297,77.75711364746094,15.729436274509807,0.23096632302405495,0.3,0.38800000000000023,0.9278350515463911,0.36249999995138893,0.303,0.6985115809027094,0.3673022339709823,0.023674802960399848,160.99124311986208,0.23034537604700972,0.48441878768502233,0.44849451377629423,0.44247847425379894,0.3673022339709823,0.3608469464878687,HEAVY-TAIL-RISK,Moderate
855,4275.0,4280.0,1.0,2.0,5.0,63.67634963989258,77.94015350341797,8.419673202614378,0.23750000000000004,0.2,0.25,1.0,0.456249999934375,0.23666666666666666,0.4676999999999998,0.5087543496694722,0.012395747148532615,166.6488531086935,0.42653729085720044,0.37175054165633065,0.4525135036767859,0.3828308333103645,0.5087543496694722,0.37378145096477383,SPARSE-EXTREME,Moderate
856,4280.0,4285.0,1.0,3.0,5.760000000000005,79.5616683959961,80.25263214111328,8.048174019607844,0.2716722222222222,0.3,0.28800000000000026,0.13888888888888878,0.3333333332944444,0.34500000000000003,0.1474739735363034,0.4056070331114259,0.01133004709727028,372.4553483729494,0.24624244363092956,0.257238678482167,0.3706832697469504,0.2816588587139466,0.4056070331114259,0.25982970397948646,SPARSE-EXTREME,Moderate
857,4285.0,4290.0,1.0,2.0,4.760000000000005,81.07820129394531,81.45480346679688,6.305277777777778,0.24074201680672264,0.2,0.23800000000000027,0.12605042016806708,0.456249999934375,0.23666666666666666,0.23210200663294678,0.3919492701939194,0.008936528418556966,385.5202142284837,0.22773749470889906,0.2692654145416626,0.39527205200514653,0.3121514353002486,0.3919492701939194,0.24820861566937968,SPARSE-EXTREME,Moderate
858,4290.0,4295.0,0.0,1.0,34.920000000000215,61.94963073730469,62.70597457885742,6.010821078431372,0.275,0.1,1.0,0.13459335624283994,0.08749999991249999,0.42999999999999994,0.16408718174660225,0.46262863696510825,0.009845140330642061,177.09189814279205,0.3125872723650647,0.2603841740459907,0.3401603785119259,0.23035115449335564,0.46262863696510825,0.29180568668241963,SPARSE-EXTREME,Moderate
859,4295.0,4300.0,0.0,0.0,1.0,60.469093322753906,61.03876953125,4.762291666666667,0.0075,0.0,0.05,1.0,0.0,0.0,0.28,0.38952995649423106,0.007660017941817252,149.8224807748015,0.2260679299117271,0.1218,0.2706502398004296,0.084,0.38952995649423106,0.15237905976245616,LOW-COMPLEXITY,Low
860,4300.0,4305.0,0.0,1.0,1.7600000000000051,60.56318283081055,61.007286834716794,4.1482230392156865,0.13820000000000005,0.1,0.08800000000000026,0.11363636363636331,0.08749999991249999,0.42999999999999994,0.09987658801014411,0.4035328001871103,0.006201408112264513,162.0542412850084,0.24281377969965873,0.2324525657706314,0.3094921505597944,0.2110879763724182,0.4035328001871103,0.25132743070050145,LOW-COMPLEXITY,Moderate
861,4305.0,4310.0,0.0,1.0,2.760000000000005,60.920955657958984,68.97726135253906,5.05469362745098,0.14570000000000005,0.1,0.13800000000000026,1.0,0.08749999991249999,0.42999999999999994,0.69045266392416,0.47179646987679913,0.008030871780084582,167.92116252497934,0.36617891736723,0.48935315879322827,0.4441808449463095,0.3882607991466229,0.47179646987679913,0.4316715365342475,HEAVY-TAIL-RISK,Moderate
862,4310.0,4315.0,0.0,1.0,1.0,68.584228515625,68.90994415283203,3.1606658496732023,0.1325,0.1,0.05,0.1,0.08749999991249999,0.42999999999999994,0.06857142857142857,0.3927872897321993,0.005016514481609636,176.0005982153115,0.22874617373955355,0.21883482141479016,0.30086505328324087,0.20169642854080352,0.3927872897321993,0.2392647473715755,LOW-COMPLEXITY,Moderate
863,4315.0,4320.0,0.0,1.0,1.7600000000000051,68.4216079711914,68.61212005615235,3.1179616013071896,0.13820000000000005,0.1,0.08800000000000026,0.11363636363636331,0.08749999991249999,0.42999999999999994,0.09987658801014411,0.4092792136995018,0.005065014097142124,173.10157518861703,0.24928101767185784,0.2324525657706314,0.3123790457486801,0.2110879763724182,0.4092792136995018,0.2541348596246131,LOW-COMPLEXITY,Moderate
864,4320.0,4325.0,0.0,1.0,1.0,68.13760375976562,68.63636932373046,3.349272875816993,0.1325,0.1,0.05,0.2,0.08749999991249999,0.42999999999999994,0.06857142857142857,0.4217969243083739,0.005217837850826606,171.58679975711254,0.2666633378413693,0.21883482141479016,0.3097198430867945,0.20169642854080352,0.4217969243083739,0.25407009720968354,LOW-COMPLEXITY,Moderate
865,4325.0,4330.0,0.0,1.0,2.0,68.30640411376953,68.65401153564453,4.0503880718954255,0.14,0.1,0.1,1.0,0.08749999991249999,0.42999999999999994,0.376,0.4667147641081896,0.007000837658592849,172.3708761789717,0.31490866940140294,0.3525662499862187,0.3838782105206847,0.29392499996937493,0.4667147641081896,0.3390330173558937,LOW-COMPLEXITY,Moderate
866,4330.0,4335.0,0.0,0.0,1.7600000000000051,61.939476013183594,62.120191192626955,3.637553104575164,0.013200000000000038,0.0,0.08800000000000026,1.0,0.0,0.0,0.28,0.4869148891082467,0.006399160419069588,162.56877559043366,0.34379208640942993,0.1218,0.301696980421942,0.084,0.4869148891082467,0.19776126407533295,LOW-COMPLEXITY,Moderate
867,4335.0,4340.0,0.0,0.0,1.0,60.7806510925293,60.97954559326172,1.2776593137254901,0.0075,0.0,0.05,0.1,0.0,0.0,0.04760395761369884,0.40407478471358593,0.003301502466999872,163.4428242217803,0.2430441164975002,0.02070772156195899,0.22977987256772206,0.01428118728410965,0.40407478471358593,0.10806691111111116,LOW-COMPLEXITY,Low
868,4340.0,4345.0,0.0,0.0,1.0,61.07835006713867,68.53338470458985,2.9546813725490195,0.0075,0.0,0.05,1.0,0.0,0.0,0.28,0.5375332920207331,0.005759980296039985,174.1745324725477,0.4435307830616005,0.1218,0.3114656874415957,0.084,0.5375332920207331,0.23839505913017547,LOW-COMPLEXITY,Moderate
869,4345.0,4350.0,0.0,1.0,2.0,67.89293670654297,68.56809692382812,3.560955882352941,0.04,0.1,0.1,1.0,0.0,0.15,0.35111111111111115,0.42134792082288575,0.0064249170190952215,208.11482064601302,0.2653271682499063,0.21385833333333337,0.3163831066705426,0.15783333333333335,0.42134792082288575,0.2282273579205883,LOW-COMPLEXITY,Moderate
870,4350.0,4355.0,0.0,1.0,1.7600000000000051,67.44093322753906,67.80742797851562,3.33875,0.03820000000000004,0.1,0.08800000000000026,1.0,0.0,0.15,0.34610328638497667,0.43212867498568375,0.006055631968473664,197.25017923757352,0.2856663395397778,0.21167992957746484,0.31880992052818224,0.156330985915493,0.43212867498568375,0.23579996616607826,LOW-COMPLEXITY,Moderate
871,4355.0,4360.0,0.0,1.0,1.0,56.97297668457031,57.38995361328125,3.5561356209150325,0.0325,0.1,0.05,0.1,0.0,0.15,0.04571428571428573,0.396760911133693,0.005422922914263746,138.23271307494312,0.2345917580962902,0.08101071428571428,0.24361936801252135,0.06621428571428571,0.396760911133693,0.1477295729262472,LOW-COMPLEXITY,Low
872,4360.0,4365.0,0.0,1.0,34.920000000000215,57.20218276977539,85.68172454833984,6.688043300653595,0.275,0.1,1.0,0.17182130584192334,0.08749999991249999,0.42999999999999994,0.1775183138217575,0.4076030676599242,0.011393648917083174,240.11726904453818,0.3394059162425201,0.26622671649868324,0.3093585764526237,0.2343804941159022,0.4076030676599242,0.3102054400379609,SPARSE-EXTREME,Moderate
873,4365.0,4370.0,0.0,1.0,1.0,60.94965744018555,62.09335174560547,5.7865890522875825,0.0325,0.1,0.05,0.1,0.0,0.15,0.04571428571428573,0.41265010719959644,0.009656474593105216,139.3409688008529,0.26109394620500176,0.08101071428571428,0.2484081121303833,0.06621428571428571,0.41265010719959644,0.15868442840537877,LOW-COMPLEXITY,Low
874,4370.0,4375.0,0.0,0.0,2.0,48.722164154052734,49.098775482177736,3.8924183006535946,0.015,0.0,0.1,1.0,0.0,0.0,0.28,0.5077642789250423,0.0064277406125849024,134.64654500593866,0.36783306253742903,0.1218,0.3052655331091859,0.084,0.5077642789250423,0.20581839812566902,LOW-COMPLEXITY,Moderate
875,4375.0,4380.0,0.0,1.0,46.0800000000003,48.51741027832031,94.164208984375,8.024746732026143,0.275,0.1,1.0,0.156249999999999,0.08749999991249999,0.42999999999999994,0.1742999413113265,0.3700468520558454,0.017663095283865178,278.0648613585014,0.330470695247552,0.26482672445664573,0.28822680065418044,0.23341498236277292,0.3700468520558454,0.30724800603547675,SPARSE-EXTREME,Low
876,4380.0,4385.0,0.0,1.0,3.0,85.50083923339844,86.04752655029297,6.645359477124185,0.14750000000000002,0.1,0.15,0.1,0.08749999991249999,0.42999999999999994,0.22996845383230588,0.4015785818812821,0.009227513135973345,432.6498760129513,0.24116613667875608,0.2890425274032718,0.35165142467400845,0.25011553611906673,0.4015785818812821,0.28526168957980635,LOW-COMPLEXITY,Moderate
877,4385.0,4390.0,0.0,1.0,2.0,45.03769302368164,85.11873779296874,7.230433006535947,0.04,0.1,0.1,1.0,0.0,0.15,0.35111111111111115,0.34726007120914754,0.013881408592848907,149.73605138253112,0.29558923579811636,0.21385833333333337,0.2573308247736517,0.15783333333333335,0.34726007120914754,0.24121205543421603,LOW-COMPLEXITY,Low
878,4390.0,4395.0,0.0,1.0,37.20000000000023,47.665740966796875,58.24581604003906,9.697937091503267,0.175,0.1,1.0,0.1854838709677408,0.0,0.15,0.17452111833156347,0.43347858338197615,0.016550297962322182,66.06934297120445,0.33300823885117564,0.1370416864742301,0.2658154450273009,0.10485633549946904,0.43347858338197615,0.21484804708938363,SPARSE-EXTREME,Low
879,4395.0,4400.0,1.0,6.6000000000000085,57.0,53.638484954833984,57.914780426025395,20.106360294117646,0.369226475279107,0.6600000000000008,1.0,0.10175438596491229,0.16477272726268344,0.6655454545454549,0.6724612875050132,0.3750307084959644,0.03850499134948097,81.34139177053277,0.2271971626266366,0.5896821373358262,0.4504750116215778,0.4923497498843523,0.3750307084959644,0.4447627150189951,HEAVY-TAIL-RISK,Moderate
880,4400.0,4405.0,0.0,1.0,43.76000000000026,53.19802474975586,56.25438461303711,10.161107026143792,0.275,0.1,1.0,0.13711151736745805,0.08749999991249999,0.42999999999999994,0.6118419348587841,0.378510689430696,0.016760850634371396,82.511003224137,0.2260203757470015,0.4551574916497898,0.39623803232278126,0.36467758042701015,0.378510689430696,0.3563421170576178,HEAVY-TAIL-RISK,Moderate
881,4405.0,4410.0,0.0,1.0,2.760000000000005,51.13755416870117,57.97280654907227,7.98420751633987,0.14570000000000005,0.1,0.13800000000000026,1.0,0.08749999991249999,0.42999999999999994,0.5269695773872293,0.417094727419381,0.01296377146610278,82.24353810526853,0.29450002871815756,0.4182380161496634,0.38806706504540445,0.3392158731855437,0.417094727419381,0.36534524187820944,LOW-COMPLEXITY,Moderate
882,4410.0,4415.0,0.0,1.0,3.0,53.379173278808594,56.963720703125,6.872941176470588,0.14750000000000002,0.1,0.15,1.0,0.08749999991249999,0.42999999999999994,0.6873590144343091,0.370558616475088,0.011926829264385493,88.16581015889363,0.21685815201028621,0.4880074212651432,0.4082358123913062,0.3873327042996677,0.370558616475088,0.3692758083884746,HEAVY-TAIL-RISK,Moderate
883,4415.0,4420.0,0.0,1.0,1.0,49.28263473510742,50.9743896484375,7.790984477124183,0.0325,0.1,0.05,1.0,0.0,0.15,0.04571428571428573,0.4344889215398919,0.011744279283608869,65.29971668526596,0.28730070059482476,0.08101071428571428,0.24872266971685547,0.06621428571428571,0.4344889215398919,0.16643819717048167,LOW-COMPLEXITY,Low
884,4420.0,4425.0,0.0,1.0,39.000000000000256,52.551368713378906,53.322663116455075,4.505383986928105,0.175,0.1,1.0,0.13333333333333247,0.0,0.15,0.15994039315130135,0.4110710022887202,0.00908938933743432,82.67434531637576,0.2585863911377976,0.13069907102081607,0.26769273513876657,0.1004821179453904,0.4110710022887202,0.18170896126798225,SPARSE-EXTREME,Low
885,4425.0,4430.0,0.0,11.0,18.52000000000001,62.107086181640625,72.02321014404296,24.433696895424838,0.4707181818181819,1.0,0.9260000000000005,0.24298056155507547,0.07159090908440083,0.4922222222222222,0.2376012863502001,0.35954080335006117,0.03336196014353455,136.49213576146033,0.22587796467741134,0.31521268329868574,0.3163801261654619,0.2686149818623781,0.35954080335006117,0.2924825741671876,SPARSE-EXTREME,Moderate
886,4430.0,4435.0,6.0,15.0,22.52000000000001,79.10595703125,87.06202697753906,36.59625816993463,0.29053158673771456,0.25,0.18766666666666676,0.10657193605683832,0.3999999999906667,0.27249999999999996,0.15997771928647386,0.3775231938246465,0.04883860566448801,244.5876154309534,0.23752899647765133,0.24363405788814613,0.35571052584674606,0.2833683157826755,0.3775231938246465,0.24100404172199621,BURST-DOMINATED,Moderate
887,4435.0,4440.0,1.0,2.6000000000000085,4.0,82.26922607421875,86.20763854980468,10.425620915032681,0.2969230769230769,0.26000000000000084,0.2,0.125,0.3846153845636082,0.2876153846153859,0.13174013919685126,0.3860825399910182,0.014389827790593364,303.54999127310896,0.23259027992210426,0.23508715285016835,0.3577488224533383,0.2748028109717033,0.3860825399910182,0.2366514598553401,SPARSE-EXTREME,Moderate
888,4440.0,4445.0,1.0,2.0,2.0,83.9832763671875,86.34920654296874,8.868594771241828,0.365,0.2,0.1,0.15,0.456249999934375,0.23666666666666666,0.10116153846153847,0.3931501492956748,0.012612245770857362,319.52172130724045,0.2373274043299032,0.21230631088709997,0.3640394660248252,0.2728692948488261,0.3931501492956748,0.22213087538561915,BURST-DOMINATED,Moderate
889,4445.0,4450.0,1.0,1.0,2.760000000000005,85.25599670410156,88.77295227050782,7.6387295751634,0.3268594202898548,0.1,0.13800000000000026,0.10869565217391283,0.9124999997375001,0.2583333333333333,0.12396499032665068,0.39253990472435274,0.010784953863898503,325.4872517211698,0.23913494854439651,0.30291435408408257,0.46039106960985415,0.44698116367278684,0.39253990472435274,0.26574745433688995,LOW-COMPLEXITY,Moderate
890,4450.0,4455.0,1.0,2.0,2.760000000000005,83.98975372314453,88.07205200195312,7.674660947712419,0.3018594202898548,0.2,0.13800000000000026,0.10869565217391283,0.456249999934375,0.23666666666666666,0.12166679353082513,0.4131252361064728,0.011024881295655516,320.40752282085634,0.26884029349715893,0.22122609684223965,0.373520434296076,0.27902087136961207,0.4131252361064728,0.23928767542187834,BURST-DOMINATED,Moderate
891,4455.0,4460.0,1.0,1.0,2.0,82.059814453125,83.41615753173829,6.62171568627451,0.39,0.1,0.1,0.15,0.9124999997375001,0.2583333333333333,0.13736666663866667,0.392272143080812,0.00948541041906959,290.821406009206,0.2316744216810773,0.3087440832798096,0.46241943776148403,0.4510016665663917,0.392272143080812,0.2648043116159884,LOW-COMPLEXITY,Moderate
892,4460.0,4465.0,1.0,1.0,2.760000000000005,86.27168273925781,87.14309997558594,7.974019607843138,0.3268594202898548,0.1,0.13800000000000026,0.10869565217391283,0.9124999997375001,0.2583333333333333,0.12396499032665068,0.40007170773547235,0.011347939734717418,323.41758607573064,0.2405957659514812,0.30291435408408257,0.4649667042460718,0.44698116367278684,0.40007170773547235,0.26619638441032856,LOW-COMPLEXITY,Moderate
893,4465.0,4470.0,1.0,1.0,2.0,85.50679016113281,86.64571228027344,6.298782679738563,0.39,0.1,0.1,0.15,0.9124999997375001,0.2583333333333333,0.13736666663866667,0.4081151016863825,0.009437377771369986,326.05655700052614,0.25015838371005295,0.3087440832798096,0.46970463922816946,0.4510016665663917,0.4081151016863825,0.2726353734924235,LOW-COMPLEXITY,Moderate
894,4470.0,4475.0,1.0,2.0,2.760000000000005,82.07953643798828,86.48026428222656,8.114509803921568,0.3018594202898548,0.2,0.13800000000000026,0.14492753623188379,0.456249999934375,0.23666666666666666,0.15850889874550633,0.3865928207558632,0.011129717576573111,301.93832854271767,0.23480455532761504,0.237252412610626,0.37054631812167177,0.29007350293401646,0.3865928207558632,0.23338828529591943,BURST-DOMINATED,Moderate
895,4475.0,4480.0,1.0,1.0,2.0,84.46437072753906,87.86232452392578,5.29763480392157,0.39,0.1,0.1,0.1,0.9124999997375001,0.2583333333333333,0.10936666666666667,0.42455577899271324,0.00832863017429194,317.80730256222864,0.28026295921112976,0.2965640832919896,0.46727320982223647,0.44260166657479166,0.42455577899271324,0.2785264916285026,LOW-COMPLEXITY,Moderate
896,4480.0,4485.0,1.0,2.0,2.760000000000005,85.77255249023438,89.37760314941407,6.552998366013072,0.3018594202898548,0.2,0.13800000000000026,0.10869565217391283,0.456249999934375,0.23666666666666666,0.12166679353082513,0.39709577702535137,0.00968355840702294,327.2080169260293,0.24511635372679083,0.22122609684223965,0.3688252850086115,0.27902087136961207,0.39709577702535137,0.22978976805636203,BURST-DOMINATED,Moderate
897,4485.0,4490.0,1.0,1.0,2.0,84.65165710449219,86.09592132568359,6.012994281045751,0.39,0.1,0.1,0.15,0.9124999997375001,0.2583333333333333,0.13736666663866667,0.39812769283006866,0.009070256471869792,319.5988803234214,0.241024234953277,0.3087440832798096,0.46625459909144096,0.4510016665663917,0.39812769283006866,0.26935763728025897,LOW-COMPLEXITY,Moderate
898,4490.0,4495.0,1.0,2.0,3.0,86.29219055175781,87.66755828857421,7.350584150326799,0.2891666666666667,0.2,0.15,0.1,0.456249999934375,0.23666666666666666,0.23214039953366336,0.3998957845899143,0.010774989427143403,328.915547965062,0.24230610818968557,0.2692821154534743,0.3938059603148489,0.31216295317046355,0.3998957845899143,0.2529989206542775,BURST-DOMINATED,Moderate
899,4495.0,4500.0,1.0,2.0,9.04000000000002,84.59229278564453,86.4578628540039,7.546278594771243,0.22310973451327437,0.2,0.452000000000001,0.630530973451326,0.456249999934375,0.23666666666666666,0.7328812861492685,0.5005432367265009,0.011405435249263103,308.4671556417424,0.3669717302910236,0.4871044011312625,0.5234367728028896,0.4623852191551451,0.5005432367265009,0.41065178603395486,HEAVY-TAIL-RISK,High
900,4500.0,4505.0,0.0,1.0,2.0,60.34005355834961,60.64647521972656,3.427700163398693,0.14,0.1,0.1,0.1,0.08749999991249999,0.42999999999999994,0.246571398519455,0.4051921675912447,0.0060048817762399075,217.832012553207,0.24530925637762901,0.2962648083421816,0.3431704089427492,0.25509641952521145,0.4051921675912447,0.2859519391988838,LOW-COMPLEXITY,Moderate
901,4505.0,4510.0,0.0,1.0,1.0,63.88169860839844,64.1928466796875,2.73968137254902,0.0325,0.1,0.05,1.0,0.0,0.15,0.04571428571428573,0.4085159742777635,0.006452259387415096,145.28893344520543,0.2482907656050371,0.08101071428571428,0.24789895428496384,0.06621428571428571,0.4085159742777635,0.1531381660899579,LOW-COMPLEXITY,Low
902,4510.0,4515.0,0.0,1.0,2.5200000000000102,63.60398864746094,64.20475311279297,3.765518790849673,0.04390000000000008,0.1,0.1260000000000005,1.0,0.0,0.15,0.3603187250996018,0.442871881084948,0.007786227252338844,147.45016949684234,0.2909194498879856,0.21786364541832676,0.32116104245679755,0.16059561752988052,0.442871881084948,0.2386959282975752,LOW-COMPLEXITY,Moderate
903,4515.0,4520.0,0.0,1.0,4.0,61.41600036621094,88.28067932128906,4.17080065359477,0.155,0.1,0.2,1.0,0.08749999991249999,0.42999999999999994,0.42969999999999975,0.4203463822273838,0.007780378219915418,246.44251567747045,0.34848511823802947,0.37592574998621864,0.36636150809226936,0.3100349999693749,0.4203463822273838,0.369337491394463,SPARSE-EXTREME,Moderate
904,4520.0,4525.0,1.0,1.0,2.0,85.72215270996094,86.34438934326172,5.575453431372549,0.39,0.1,0.1,0.15,0.9124999997375001,0.2583333333333333,0.13736666663866667,0.4003410550844291,0.008591867230552353,264.41982972989825,0.24041716749532818,0.3087440832798096,0.46437920474810346,0.4510016665663917,0.4003410550844291,0.2678443749675264,LOW-COMPLEXITY,Moderate
905,4525.0,4530.0,1.0,1.0,2.0,85.89299774169922,91.03288879394532,5.448366013071896,0.39,0.1,0.1,0.15,0.9124999997375001,0.2583333333333333,0.13736666663866667,0.433840766856577,0.008614145200563887,273.707078810672,0.30024067143000654,0.3087440832798096,0.4729141271645496,0.4510016665663917,0.433840766856577,0.29236842183758466,LOW-COMPLEXITY,Moderate
906,4530.0,4535.0,1.0,1.6000000000000085,2.0,85.37483215332031,86.4417236328125,6.798986928104575,0.3674999999999999,0.16000000000000086,0.1,0.1,0.5703124998974579,0.22283333333333344,0.1034407407407407,0.39617062217933113,0.010173677111367421,263.16958817379935,0.23546467598170134,0.2256255242894052,0.3838143617225539,0.30863326385299916,0.39617062217933113,0.22424915349335617,LOW-COMPLEXITY,Moderate
907,4535.0,4540.0,0.0,1.0,46.0800000000003,62.6160774230957,86.95063629150391,4.522446895424836,0.275,0.1,1.0,0.1996527777777765,0.08749999991249999,0.42999999999999994,0.5919376263848575,0.3888315496480816,0.010536335544021532,220.9654924455678,0.3003123321897138,0.4464991174636317,0.3885129255769671,0.35870628788483216,0.3888315496480816,0.38521844659250354,SPARSE-EXTREME,Moderate
908,4540.0,4545.0,0.0,1.0,3.5200000000000102,60.47526931762695,62.04149475097656,2.9189542483660134,0.05140000000000008,0.1,0.17600000000000052,1.0,0.0,0.15,0.3735548172757477,0.39528465880087255,0.0068508552800205045,191.66587200848085,0.23623398664877787,0.22362134551495028,0.31042605403221146,0.1645664451827243,0.39528465880087255,0.22147817012680693,LOW-COMPLEXITY,Moderate
909,4545.0,4550.0,0.0,0.0,1.0,60.64900588989258,61.727552032470705,2.8701429738562094,0.0075,0.0,0.05,0.1,0.0,0.0,0.0,0.3893255499956902,0.004735351146994747,178.75396662842414,0.22805969686104416,0.0,0.21532325715026643,0.0,0.3893255499956902,0.09206160093419277,LOW-COMPLEXITY,Low
910,4550.0,4555.0,0.0,0.0,1.0,60.847957611083984,61.8479248046875,2.3408864379084964,0.0075,0.0,0.05,1.0,0.0,0.0,1.0,0.41946145951409197,0.006065144335511982,180.96521367907775,0.2677531905312477,0.435,0.42626206162830255,0.3,0.41946145951409197,0.3282029519570067,HEAVY-TAIL-RISK,Moderate
911,4555.0,4560.0,0.0,1.0,1.7600000000000051,61.50571060180664,61.8992416381836,1.8745016339869283,0.03820000000000004,0.1,0.08800000000000026,0.11363636363636331,0.0,0.15,0.07494539163649995,0.39694487008998286,0.003966231737793157,218.1264970042805,0.23372561634591005,0.09372624536187749,0.25413380380266976,0.07498361749094998,0.39694487008998286,0.1553152307268687,LOW-COMPLEXITY,Low
912,4560.0,4565.0,1.0,3.0,6.0,57.11326217651367,62.402634429931645,9.683374183006535,0.26999999999999996,0.3,0.3,0.1,0.3333333332944444,0.34500000000000003,0.13791839080459745,0.39661636767887487,0.014098212866846087,196.69529663283407,0.25722555756374227,0.2530819999938749,0.3504469956200195,0.2787921838944348,0.39661636767887487,0.2590528939498489,SPARSE-EXTREME,Moderate
913,4565.0,4570.0,0.0,1.0,3.760000000000005,84.9229507446289,85.57835998535157,3.91154411764706,0.15320000000000006,0.1,0.18800000000000025,1.0,0.08749999991249999,0.42999999999999994,0.7520223166850089,0.4529687345585025,0.007905692041522491,329.5916696931996,0.3005704607882958,0.5161359577441976,0.46476763448469444,0.4067316949748776,0.4529687345585025,0.42001506632691665,HEAVY-TAIL-RISK,Moderate
914,4570.0,4575.0,0.0,1.0,2.0,84.47106170654297,85.37305908203125,3.1009599673202617,0.14,0.1,0.1,0.15,0.08749999991249999,0.42999999999999994,0.12399999997200001,0.39815044582131776,0.0054812206843521715,327.03344393874914,0.2367283108971242,0.24294624997403874,0.32218047762542157,0.21832499996097496,0.39815044582131776,0.2576897111579302,LOW-COMPLEXITY,Moderate
915,4575.0,4580.0,2.0,7.0,13.800000000000026,80.12760925292969,82.99142150878906,21.178656045751637,0.2545709109730848,0.35,0.34500000000000064,0.39855072463768043,0.2982142856982143,0.384563492063492,0.4509691200224896,0.4897760882361351,0.029675226034858386,277.489512021689,0.35638051741276267,0.3998499402231247,0.4484023499170304,0.3742629582233441,0.4897760882361351,0.37647330013755465,SPARSE-EXTREME,Moderate
916,4580.0,4585.0,0.0,1.0,2.760000000000005,59.3918571472168,66.12234344482422,4.216842320261438,0.14570000000000005,0.1,0.13800000000000026,1.0,0.08749999991249999,0.42999999999999994,0.3878827361563519,0.46035022316588636,0.008434737440727926,245.03696283511496,0.34325142956371485,0.35773524021423175,0.38332617649278866,0.2974898208162805,0.46035022316588636,0.3563847311863146,LOW-COMPLEXITY,Moderate
917,4585.0,4590.0,2.0,5.6000000000000085,15.52000000000001,64.50841522216797,67.74036407470703,15.944840686274508,0.24620441826215023,0.2800000000000004,0.38800000000000023,0.2126288659793813,0.3415178571233254,0.34485714285714353,0.3349683333563125,0.39792160330657567,0.021514296584646927,225.08137366599743,0.2502266270063392,0.34002957322120564,0.395991953148803,0.34072175000005783,0.39792160330657567,0.30068963199633947,SPARSE-EXTREME,Moderate
918,4590.0,4595.0,4.0,7.0,7.760000000000005,59.90305709838867,62.318895721435545,23.411854575163396,0.3588891016200293,0.175,0.09700000000000006,0.10309278350515456,0.5589285714017858,0.19334523809523807,0.11680745950031243,0.38879034446359023,0.026992304402153014,194.69464835168588,0.2335012924713358,0.2176306794022267,0.37286360174730715,0.2983380711740521,0.38879034446359023,0.21591274918018424,LOW-COMPLEXITY,Moderate
919,4595.0,4600.0,1.0,4.0,6.0,61.86287307739258,64.29624938964844,11.01782679738562,0.30333333333333334,0.4,0.3,0.7666666666666667,0.27187499997265624,0.419,0.4699034694589681,0.39499168429728654,0.014219590221709601,200.6436176507758,0.2427920059792249,0.4179708217103445,0.4164935758912097,0.38277729082812006,0.39499168429728654,0.3436563538960594,SPARSE-EXTREME,Moderate
920,4600.0,4605.0,2.0,3.0,4.0,56.93151092529297,62.3524772644043,16.436887254901958,0.3025,0.15,0.1,0.1,0.6666666665888888,0.1875,0.10146341463414635,0.4347361712859348,0.01873721773676791,141.30520788941436,0.306813010546507,0.22554283535360367,0.3978490874947127,0.32939735769635503,0.4347361712859348,0.24606415527004122,LOW-COMPLEXITY,Moderate
921,4605.0,4610.0,1.0,2.0,3.0,50.32969284057617,57.01551208496094,10.603933823529413,0.33916666666666667,0.2,0.15,1.0,0.4999999999125,0.18999999999999997,0.38434782608695656,0.3794874139858806,0.01645496251441753,121.25387907417834,0.24504518466977132,0.32336630433404484,0.3999350357173681,0.35680434779546194,0.3794874139858806,0.27278017525253784,BURST-DOMINATED,Moderate
922,4610.0,4615.0,0.0,5.6000000000000085,18.760000000000005,73.72468566894531,75.92081146240234,14.678067810457517,0.3164142857142859,0.5600000000000008,0.9380000000000003,0.11727078891257992,0.031249999994419596,0.5,0.41827251179542446,0.43101356605229296,0.024046855215942586,310.3633621910024,0.28383573263616174,0.3906204176301308,0.3873413947015996,0.3114192535366742,0.43101356605229296,0.35747483971988114,SPARSE-EXTREME,Moderate
923,4615.0,4620.0,0.0,2.0,4.0,78.64171600341797,82.69688110351562,13.368696895424833,0.13,0.2,0.2,0.3,0.043749999978124995,0.5,0.28169999994399975,0.4011078322333833,0.021017888312187625,333.2327801543531,0.2518801308096913,0.33318012497219457,0.3524483844564268,0.27482249997554364,0.4011078322333833,0.31627504189784916,SPARSE-EXTREME,Moderate
924,4620.0,4625.0,1.0,2.0,4.0,78.25764465332031,81.84084014892578,15.445686274509802,0.255,0.2,0.2,0.15,0.456249999934375,0.23666666666666666,0.1796047618907617,0.3908745299480353,0.023408948961937723,324.70722253094345,0.23884528084571913,0.24642911307881205,0.3783758558593763,0.29640226187759305,0.3908745299480353,0.24024293843691336,SPARSE-EXTREME,Moderate
925,4625.0,4630.0,3.0,10.0,29.12000000000006,57.621524810791016,80.55337982177734,27.03102124183006,0.2776443223443224,0.33333333333333337,0.48533333333333434,0.16826923076923042,0.308749999988625,0.3720512820512821,0.31338046664079255,0.33520771806108446,0.04895611719851339,259.28390405754214,0.23003833472086782,0.3365595254228506,0.35476796001519606,0.3322945887062052,0.33520771806108446,0.29540591435942076,SPARSE-EXTREME,Moderate
926,4630.0,4635.0,1.0,8.0,18.0,63.00935363769531,88.98443298339843,21.555318627450976,0.4252777777777778,0.8,0.9,0.3,0.15781249999042968,0.6924999999999999,0.3817665949773662,0.34500242328724323,0.04116538430731769,227.9629485022562,0.24730133555719974,0.4731176875636469,0.37767942304406754,0.4121393534898602,0.34500242328724323,0.39997784926881763,SPARSE-EXTREME,Moderate
927,4635.0,4640.0,0.0,10.0,21.760000000000005,67.86699676513672,72.52934875488282,15.864166666666664,0.45,1.0,1.0,0.3216911764705882,0.043749999995625,0.5,0.35791567300472493,0.48240041375162146,0.029520655196719207,232.87669229156026,0.3501396226062787,0.36633394275636627,0.3848576270306415,0.29768720189988623,0.48240041375162146,0.3678572282766672,SPARSE-EXTREME,Moderate
928,4640.0,4645.0,0.0,0.0,1.0,74.23192596435547,75.56502685546874,2.62781045751634,0.0075,0.0,0.05,1.0,0.0,0.0,0.28,0.41232792251173284,0.00589291858900423,260.6386191824208,0.2621256457216437,0.1218,0.28395435530969465,0.084,0.41232792251173284,0.16936486659128178,LOW-COMPLEXITY,Low
929,4645.0,4650.0,0.0,0.0,0.0,74.0361328125,75.44620666503906,1.8965277777777776,0.0,0.0,0.0,0.0,0.0,0.0,0.0,0.41444565636312003,0.003375021145713187,255.74210570195,0.26251444224295434,0.0,0.2284563731023322,0.0,0.41444565636312003,0.10760553761651342,LOW-COMPLEXITY,Low
930,4650.0,4655.0,0.0,0.0,0.0,75.56908416748047,75.78031463623047,1.2914991830065357,0.0,0.0,0.0,0.1,0.0,0.0,0.0,0.42707486496608243,0.0026218600217864925,254.5962538496474,0.27102988644132386,0.0,0.23273594722875593,0.0,0.42707486496608243,0.1102038085092059,LOW-COMPLEXITY,Low
931,4655.0,4660.0,0.0,0.0,0.0,74.19391632080078,74.44553070068359,1.2333415032679738,0.0,0.0,0.0,0.0,0.0,0.0,0.0,0.4129632730044928,0.0025853754966038704,253.4509881317002,0.25210568719947934,0.0,0.22785106928782362,0.0,0.4129632730044928,0.10255989959935473,LOW-COMPLEXITY,Low
932,4660.0,4665.0,0.0,0.0,0.0,75.5937728881836,76.15002746582032,1.730343137254902,0.0,0.0,0.0,0.1,0.0,0.0,0.0,0.40850679931583744,0.0031490327438164815,255.6358194513178,0.2500241441902648,0.0,0.22688508125032877,0.0,0.40850679931583744,0.10229515070378811,LOW-COMPLEXITY,Low
933,4665.0,4670.0,0.0,0.0,0.0,74.32655334472656,75.84682769775391,3.2066952614379094,0.0,0.0,0.0,0.1,0.0,0.0,0.0,0.41262621811972106,0.005102636966551326,251.82439751055654,0.259513790312183,0.0,0.22729965648829176,0.0,0.41262621811972106,0.10615522039706336,LOW-COMPLEXITY,Low
934,4670.0,4675.0,0.0,0.0,0.0,76.67963409423828,76.91670684814453,1.5142442810457515,0.0,0.0,0.0,0.1,0.0,0.0,0.0,0.4239477309035506,0.002791295335127515,259.446242424232,0.26573102295689593,0.0,0.23167621029662103,0.0,0.4239477309035506,0.10796525235637768,LOW-COMPLEXITY,Low
935,4675.0,4680.0,0.0,0.0,0.0,76.8847885131836,77.61251068115234,1.473672385620915,0.0,0.0,0.0,0.0,0.0,0.0,0.0,0.43497980662590674,0.002794247725233885,261.0018586724557,0.28518595148141246,0.0,0.23569593334657918,0.0,0.43497980662590674,0.11634160075553224,LOW-COMPLEXITY,Low
936,4680.0,4685.0,0.0,1.0,2.0,77.2458724975586,78.1234619140625,6.841168300653595,0.14,0.1,0.1,1.0,0.08749999991249999,0.42999999999999994,0.3787,0.42116865634525474,0.010401078911956943,254.49211045378283,0.27102364837271214,0.3537407499862187,0.37680304803316805,0.2947349999693749,0.42116865634525474,0.32640572691165115,LOW-COMPLEXITY,Moderate
937,4685.0,4690.0,1.0,2.0,2.0,72.4527359008789,73.49418334960937,12.347340686274508,0.365,0.2,0.1,0.15,0.456249999934375,0.23666666666666666,0.10116153846153847,0.3911128118396386,0.014098363610149944,249.57658476793864,0.22972448821315386,0.21230631088709997,0.3601606017050865,0.2728692948488261,0.3911128118396386,0.217481149179345,BURST-DOMINATED,Moderate
938,4690.0,4695.0,1.0,2.0,3.0,74.19623565673828,79.0837905883789,10.40109885620915,0.2891666666666667,0.2,0.15,1.0,0.456249999934375,0.23666666666666666,0.422641176470588,0.4055463812573509,0.013817453383314107,241.84543598257963,0.26234944136377414,0.3521499534210365,0.42543265936581326,0.36931318625154097,0.4055463812573509,0.3012523992828388,BURST-DOMINATED,Moderate
939,4695.0,4700.0,1.0,9.0,16.280000000000015,68.93993377685547,73.3767807006836,18.307655228758172,0.43336808626808637,0.9,0.8140000000000007,0.405405405405405,0.14027777777021605,0.7616666666666667,0.4513414542776806,0.3769772569189571,0.022449773965141615,211.03874377818218,0.22441505857431435,0.5288064492762667,0.42208599298326127,0.45108299183621314,0.3769772569189571,0.4238111974098781,SPARSE-EXTREME,Moderate
940,4700.0,4705.0,1.0,2.0,4.0,74.05172729492188,75.91866760253906,13.755379901960787,0.255,0.2,0.2,1.0,0.543749999890625,0.162,0.6027989832380469,0.4195083674890147,0.01701896898628732,229.34280248865664,0.27326729328159416,0.4138731826913239,0.4757012472362086,0.4278521949331328,0.4195083674890147,0.32917183878692347,HEAVY-TAIL-RISK,Moderate
941,4705.0,4710.0,2.0,4.0,7.760000000000005,74.94829559326172,77.36235961914062,20.20169526143791,0.28296597938144324,0.2,0.19400000000000012,0.5541237113402058,0.47812499996171876,0.21,0.5073411122616419,0.4074089819036455,0.02615567746379598,227.85272915847796,0.25698927915013464,0.38157307132778495,0.4458875301291101,0.39304608366509414,0.4074089819036455,0.31130419648359076,BURST-DOMINATED,Moderate
942,4710.0,4715.0,6.0,15.0,24.760000000000005,65.97362518310547,73.57212371826172,38.8174183006536,0.26794649973074847,0.25,0.2063333333333334,0.24232633279483032,0.41166666665655555,0.2590384615384615,0.3212271346441227,0.39280730213857457,0.05410436098295527,170.1509384635087,0.2573227489188744,0.3101294766455239,0.3898930643426065,0.33111493526149277,0.39280730213857457,0.27986580702593955,SPARSE-EXTREME,Moderate
943,4715.0,4720.0,0.0,11.0,61.28000000000027,77.31726837158203,87.94550933837891,15.53356617647059,0.4181818181818182,1.0,1.0,0.1223890339425582,0.015909090907644627,0.5,0.5246584615390221,0.37080736828189304,0.024265126874279123,211.06350552834874,0.24140794921838266,0.4344821125874286,0.3721892215963953,0.3379657202793822,0.37080736828189304,0.3619671293283097,SPARSE-EXTREME,Moderate
944,4720.0,4725.0,0.0,0.0,0.0,50.115020751953125,50.825704956054686,1.2406740196078432,0.0,0.0,0.0,0.1,0.0,0.0,0.0,0.39215937858113875,0.002654279123414072,89.95617375384552,0.23052581114953805,0.0,0.2110683820008543,0.0,0.39215937858113875,0.09109699462978334,LOW-COMPLEXITY,Low
945,4725.0,4730.0,0.0,0.0,1.0,49.41554260253906,51.248226165771484,1.762728758169935,0.0075,0.0,0.05,0.1,0.0,0.0,1.0,0.4181554659105856,0.00339884067025503,89.35127290684224,0.27245313696304996,0.435,0.4191014245711249,0.3,0.4181554659105856,0.3283732006037723,HEAVY-TAIL-RISK,Moderate
946,4730.0,4735.0,0.0,0.0,1.0,47.83188247680664,48.907911682128905,1.4674714052287583,0.0075,0.0,0.05,0.1,0.0,0.0,0.0,0.4162366161889507,0.0032597068435217228,85.65686286645852,0.2637290765040078,0.0,0.217926947180814,0.0,0.4162366161889507,0.10407981571805112,LOW-COMPLEXITY,Low
947,4735.0,4740.0,0.0,0.0,1.0,47.485294342041016,48.17347793579101,1.0192524509803922,0.0075,0.0,0.05,0.1,0.0,0.0,0.04760395761369884,0.4108412905343535,0.0026888238498013594,84.33750154055205,0.2545722146979831,0.02070772156195899,0.22622101750841828,0.01428118728410965,0.4108412905343535,0.1108937344854044,LOW-COMPLEXITY,Low
948,4740.0,4745.0,0.0,0.0,1.0,50.27897644042969,51.19498519897461,2.905575980392157,0.0075,0.0,0.05,1.0,0.0,0.0,0.28,0.4791274529603883,0.007013029443803665,84.45169334336033,0.33757950047695073,0.1218,0.2929426223087408,0.084,0.4791274529603883,0.19353780480643756,LOW-COMPLEXITY,Low
949,4745.0,4750.0,0.0,0.0,0.0,39.02510070800781,39.951847076416016,0.7828104575163397,0.0,0.0,0.0,0.0,0.0,0.0,0.0,0.48979388217260783,0.001248976835832372,31.031393673391005,0.35227086414004016,0.0,0.23647472913879003,0.0,0.48979388217260783,0.13645311672544463,LOW-COMPLEXITY,Low
950,4750.0,4755.0,0.0,0.0,0.0,39.230445861816406,39.49256896972656,0.23335784313725488,0.0,0.0,0.0,0.0,0.0,0.0,0.0,0.3999579388201222,0.0004764816416762783,32.64456004464826,0.23734128110707436,0.0,0.21033457336747463,0.0,0.3999579388201222,0.09229825652712274,LOW-COMPLEXITY,Low
951,4755.0,4760.0,0.0,0.0,0.0,39.53422546386719,40.76013107299805,0.26561683006535947,0.0,0.0,0.0,0.0,0.0,0.0,0.0,0.44626662568758796,0.0005186042227348455,33.404893905932525,0.3079597029218946,0.0,0.22458023404312802,0.0,0.44626662568758796,0.12101627695414513,LOW-COMPLEXITY,Low
952,4760.0,4765.0,0.0,0.0,0.0,39.14678955078125,40.647623443603514,0.4003431372549019,0.0,0.0,0.0,0.0,0.0,0.0,0.0,0.41235288497115546,0.0006716865308214788,26.5139123287745,0.27380975242885636,0.0,0.21054404150358835,0.0,0.41235288497115546,0.10750706949789525,LOW-COMPLEXITY,Low
953,4765.0,4770.0,0.0,0.0,6.280000000000015,25.262224197387695,55.05188751220703,1.5052859477124185,0.047100000000000114,0.0,0.3140000000000008,0.652866242038215,0.0,0.0,0.4382594198721895,0.42702143231955536,0.0031027034473920293,37.45661294760221,0.4220707852401954,0.19064284764440245,0.26462931182939475,0.13147782596165686,0.42702143231955536,0.26263920666132545,SPARSE-EXTREME,Low
954,4770.0,4775.0,0.0,0.0,1.0,61.36397171020508,81.3850601196289,4.089648692810457,0.0075,0.0,0.05,1.0,0.0,0.0,1.0,0.3739855672546875,0.00753477508650519,164.16002469567954,0.2710444409036621,0.435,0.39422039978737766,0.3,0.3739855672546875,0.3300029685637413,HEAVY-TAIL-RISK,Moderate
955,4775.0,4780.0,0.0,0.0,2.0,61.38759994506836,63.22044143676758,3.892369281045752,0.015,0.0,0.1,1.0,0.0,0.0,1.0,0.48279886498500935,0.007047066192490069,155.95861262175202,0.34334105492215977,0.435,0.44160955699903603,0.3,0.48279886498500935,0.35553415616449013,HEAVY-TAIL-RISK,Moderate
956,4780.0,4785.0,0.0,4.0,7.760000000000005,74.19200134277344,81.23333435058593,13.892079248366013,0.20820000000000005,0.4,0.38800000000000023,0.798969072164948,0.043749999989062496,0.5,0.5782683725884733,0.4024496080138433,0.020966541554530312,125.48368602829832,0.28096174959769427,0.4621873670742632,0.39460762551944695,0.36379301177271384,0.4024496080138433,0.3897213976154637,SPARSE-EXTREME,Moderate
957,4785.0,4790.0,0.0,1.0,3.760000000000005,53.06957244873047,57.28257522583008,9.86001225490196,0.15320000000000006,0.1,0.18800000000000025,1.0,0.08749999991249999,0.42999999999999994,0.6379183932322442,0.40740865702439305,0.01500685041009868,88.7481277777321,0.2801007820951818,0.46650075104224487,0.4078338447555718,0.3725005179390482,0.40740865702439305,0.38412783144077933,HEAVY-TAIL-RISK,Moderate
958,4790.0,4795.0,0.0,1.0,1.0,46.267730712890625,55.32984848022461,4.661495098039216,0.0325,0.1,0.05,0.1,0.0,0.15,0.04571428571428573,0.3455283963184634,0.006559022170959887,82.21599284160081,0.21245378962322733,0.08101071428571428,0.21161414253889807,0.06621428571428571,0.3455283963184634,0.13826688847775498,LOW-COMPLEXITY,Low
959,4795.0,4800.0,1.0,2.6000000000000085,4.760000000000005,42.38806915283203,56.117919921875014,11.143084150326798,0.24420355526826115,0.26000000000000084,0.23800000000000027,0.10504201680672258,0.35096153842270594,0.34828205128205275,0.27135362497633675,0.37151087377845193,0.013712015570934256,80.26492938008619,0.26798160651553954,0.31524020506371914,0.3527916363276067,0.32614134388956656,0.37151087377845193,0.29236371409478284,SPARSE-EXTREME,Moderate
960,4800.0,4805.0,5.0,10.0,15.0,73.65850067138672,80.38845367431641,34.96161764705882,0.2791666666666667,0.2,0.15,0.10666666666666666,0.51749999998075,0.17727272727272728,0.2042801405878199,0.37339454872815614,0.052774477925156986,193.83919435897238,0.22691167398241202,0.24260674751630615,0.3730743498206479,0.304454496715063,0.37339454872815614,0.22564342515274854,BURST-DOMINATED,Moderate
961,4805.0,4810.0,2.0,4.0,7.0,66.7759780883789,72.46268920898437,21.486584967320262,0.2691071428571428,0.2,0.175,0.11428571428571428,0.49999999995625,0.18999999999999997,0.2191827780416874,0.3721518468656194,0.02769763968986287,199.76920269884303,0.22294041838451922,0.2515195084412434,0.37336853456302876,0.30725483339719367,0.3721518468656194,0.2294886512791679,BURST-DOMINATED,Moderate
962,4810.0,4815.0,0.0,1.0,2.0,73.17926788330078,74.07020416259766,9.346025326797387,0.14,0.1,0.1,0.1,0.08749999991249999,0.42999999999999994,0.096,0.39748823929406685,0.011706007144687941,269.301361877784,0.236174556642337,0.2307662499862187,0.3130778642471503,0.20992499996937494,0.39748823929406685,0.25019247098415437,LOW-COMPLEXITY,Moderate
963,4815.0,4820.0,0.0,1.0,1.0,73.07974243164062,74.39225463867187,6.855383986928104,0.1325,0.1,0.05,0.2,0.08749999991249999,0.42999999999999994,0.06857142857142857,0.403277835706554,0.008969401992823272,266.57937513666513,0.24465301627488348,0.21883482141479016,0.308600624617781,0.20169642854080352,0.403277835706554,0.24730298211274082,LOW-COMPLEXITY,Moderate
964,4820.0,4825.0,1.0,1.0,1.7600000000000051,72.94216918945312,73.71731262207031,8.750400326797388,0.4222909090909084,0.1,0.08800000000000026,0.11363636363636331,0.9124999997375001,0.2583333333333333,0.11087109075876982,0.3988502460401313,0.011229117006279639,261.88827056371235,0.2385511860586139,0.29721850777205444,0.45812747778337165,0.4430529938024226,0.3988502460401313,0.261121645690603,LOW-COMPLEXITY,Moderate
965,4825.0,4830.0,0.0,1.0,1.0,72.43521118164062,72.98811950683594,4.789501633986929,0.1325,0.1,0.05,0.1,0.08749999991249999,0.42999999999999994,0.06857142857142857,0.39718431511976315,0.00673869313084711,264.42629801511936,0.23476480005598763,0.21883482141479016,0.3073046853690225,0.20169642854080352,0.39718431511976315,0.24342867541292515,LOW-COMPLEXITY,Moderate
966,4830.0,4835.0,0.0,1.0,1.0,72.59227752685547,73.35860443115234,4.817124183006535,0.1325,0.1,0.05,0.1,0.08749999991249999,0.42999999999999994,0.06857142857142857,0.39713740032343714,0.0069666979046520555,264.513829514383,0.2353566797064225,0.21883482141479016,0.3070817646977639,0.20169642854080352,0.39713740032343714,0.24365832170228355,LOW-COMPLEXITY,Moderate
967,4835.0,4840.0,0.0,1.0,1.0,72.69662475585938,73.14918212890625,4.010408496732026,0.0325,0.1,0.05,0.2,0.0,0.15,0.04571428571428573,0.39982656918081005,0.005963424484172755,264.5001812440661,0.23776283919019953,0.08101071428571428,0.2521842449444636,0.06621428571428571,0.39982656918081005,0.15154640588760238,LOW-COMPLEXITY,Low
968,4840.0,4845.0,0.0,1.0,1.0,72.55708312988281,73.51800537109375,9.331952614379086,0.1325,0.1,0.05,0.2,0.08749999991249999,0.42999999999999994,0.06857142857142857,0.463019538766877,0.013121244393182109,261.89946673145545,0.31690151820134943,0.21883482141479016,0.32719658471181207,0.20169642854080352,0.463019538766877,0.275000393343804,LOW-COMPLEXITY,Moderate
969,4845.0,4850.0,0.0,1.0,1.0,61.616310119628906,62.906613159179685,5.963562091503268,0.0325,0.1,0.05,0.1,0.0,0.15,0.04571428571428573,0.4300232098810295,0.009021865308214787,181.06769645582926,0.27654975392667,0.08101071428571428,0.25490450162206696,0.06621428571428571,0.4300232098810295,0.1643427929179439,LOW-COMPLEXITY,Low
970,4850.0,4855.0,0.0,1.0,3.760000000000005,83.66378784179688,85.10737762451171,3.9493545751633983,0.05320000000000004,0.1,0.18800000000000025,1.0,0.0,0.15,0.37610223642172536,0.5011199520890399,0.007479480648468538,271.8953859497123,0.36649907838658946,0.22472947284345052,0.3494457567512471,0.1653306709265176,0.5011199520890399,0.27419090149723,LOW-COMPLEXITY,Moderate
971,4855.0,4860.0,0.0,0.0,1.0,84.7848892211914,85.89780731201172,2.3610580065359468,0.0075,0.0,0.05,0.1,0.0,0.0,0.0,0.3860048815753421,0.004131055523516597,305.88462472015283,0.22280338662302435,0.0,0.22230992955856538,0.0,0.3860048815753421,0.09270894826317455,LOW-COMPLEXITY,Low
972,4860.0,4865.0,0.0,0.0,1.0,85.74105072021484,85.94075317382813,2.031221405228758,0.0075,0.0,0.05,0.2,0.0,0.0,0.027999999972000006,0.4068120160191844,0.003671831667307446,311.41150112895326,0.24640992708219736,0.012179999987820003,0.23572029229375663,0.008399999991600002,0.4068120160191844,0.10820406183491739,LOW-COMPLEXITY,Low
973,4865.0,4870.0,0.0,0.0,1.0,86.14407348632812,86.45512390136719,2.506977124183006,0.0075,0.0,0.05,0.1,0.0,0.0,0.0,0.4246171145611439,0.004410238850442138,314.005018434336,0.2718362405482345,0.0,0.23628495370457567,0.0,0.4246171145611439,0.11246357543043276,LOW-COMPLEXITY,Low
974,4870.0,4875.0,0.0,1.0,1.0,83.36539459228516,83.96211700439453,2.7837581699346403,0.0325,0.1,0.05,0.2,0.0,0.15,0.04571428571428573,0.39368810251457503,0.004609851659618096,303.49771571077144,0.23073724211645433,0.08101071428571428,0.252568756587778,0.06621428571428571,0.39368810251457503,0.14970280309244857,LOW-COMPLEXITY,Low
975,4875.0,4880.0,0.0,0.0,3.760000000000005,51.544288635253906,83.0909912109375,2.4672549019607843,0.028200000000000038,0.0,0.18800000000000025,1.0,0.0,0.0,1.0,0.39857868508865923,0.005824173555042933,177.50284625059055,0.33973643412017657,0.435,0.3943382604474061,0.3,0.39857868508865923,0.35824193694451556,HEAVY-TAIL-RISK,Moderate
976,4880.0,4885.0,1.0,2.0,3.0,51.88774490356445,56.892147064208984,12.352785947712418,0.2891666666666667,0.2,0.15,0.13333333333333333,0.456249999934375,0.23666666666666666,0.27036909541506,0.4030737190722504,0.01776080129437396,76.99089206997041,0.2771289555930792,0.28591159816188183,0.38042718791819974,0.3236315619348826,0.4030737190722504,0.27066759477877256,BURST-DOMINATED,Moderate
977,4885.0,4890.0,0.0,2.0,4.0,46.66064453125,53.0987907409668,8.254203431372549,0.13,0.2,0.2,0.15,0.043749999978124995,0.5,0.31132237293551807,0.39497180835155504,0.010978527489427141,40.87850162283546,0.27280073103736996,0.346065857223505,0.3318718677943916,0.28370921187299913,0.39497180835155504,0.325510923099161,SPARSE-EXTREME,Moderate
978,4890.0,4895.0,0.0,1.0,1.0,46.80244827270508,51.09817199707031,3.4315563725490197,0.0325,0.1,0.05,0.1,0.0,0.15,0.04571428571428573,0.418861980182118,0.00489665369088812,51.947714117010456,0.285273802378847,0.08101071428571428,0.23976446113533312,0.06621428571428571,0.418861980182118,0.16619611039840343,LOW-COMPLEXITY,Low
979,4895.0,4900.0,0.0,0.0,0.0,57.22241973876953,59.03632431030273,0.5309354575163397,0.0,0.0,0.0,0.1,0.0,0.0,0.0,0.39352235543983416,0.0015116541714725105,82.82226572467309,0.2369175055480529,0.0,0.20960500823806544,0.0,0.39352235543983416,0.09343991679739083,LOW-COMPLEXITY,Low
980,4900.0,4905.0,0.0,0.0,0.7600000000000051,59.73722839355469,62.16873016357422,0.8282271241830065,0.005700000000000038,0.0,0.038000000000000256,0.1,0.0,0.0,0.0088421052515233,0.4061360526876056,0.0018464417531718572,93.86280694458235,0.25763173221391117,0.003846315784412635,0.21628752088194422,0.0026526315754569897,0.4061360526876056,0.10430880103146314,LOW-COMPLEXITY,Low
981,4905.0,4910.0,0.0,1.0,2.760000000000005,43.987918853759766,57.42383575439453,6.973018790849673,0.04570000000000004,0.1,0.13800000000000026,1.0,0.0,0.15,0.6500093851020428,0.38123494324514695,0.01322043893374343,86.9470950050424,0.2759819963589953,0.3438790825193886,0.33968304103595864,0.24750281553061282,0.38123494324514695,0.29657273449610283,HEAVY-TAIL-RISK,Moderate
982,4910.0,4915.0,0.0,0.0,4.280000000000015,122.84329223632812,124.15003509521485,4.349272875816993,0.032100000000000115,0.0,0.21400000000000077,1.0,0.0,0.0,0.28,0.5213627727302358,0.007014356016916571,542.9591891180501,0.3908511629390632,0.1218,0.33252286243578366,0.084,0.5213627727302358,0.22346789013949692,SPARSE-EXTREME,Moderate
983,4915.0,4920.0,0.0,0.0,6.800000000000026,122.93536376953125,123.81164245605468,3.7008986928104584,0.05100000000000019,0.0,0.3400000000000013,0.9999999999999962,0.0,0.0,0.25199999996294015,0.5242706845577657,0.006807903530693324,521.5800731197447,0.3937470523577143,0.10961999998387897,0.32823235230174663,0.07559999998888205,0.5242706845577657,0.21848717833946804,SPARSE-EXTREME,Moderate
984,4920.0,4925.0,0.0,0.0,6.0400000000000205,45.39775466918945,56.4782112121582,3.323071895424837,0.04530000000000015,0.0,0.30200000000000105,0.8278145695364211,0.0,0.0,0.49688255840085205,0.4406795872668304,0.006682399077277971,123.62893172790217,0.3473305505462074,0.21614391290437063,0.3171339190422515,0.1490647675202556,0.4406795872668304,0.24902463388131194,SPARSE-EXTREME,Moderate
985,4925.0,4930.0,0.0,1.0,7.0,75.79409790039062,76.32571411132812,3.598631535947712,0.0775,0.1,0.35,0.9571428571428571,0.0,0.15,0.6754100203791347,0.5162013135783377,0.00710826941560938,233.00752112387224,0.3823435358247302,0.3549283588649236,0.4125603337622707,0.2551230061137404,0.5162013135783377,0.34532905939144565,HEAVY-TAIL-RISK,Moderate
986,4930.0,4935.0,0.0,1.0,1.0,75.65743255615234,76.44474334716797,1.7871486928104576,0.0325,0.1,0.05,0.1,0.0,0.15,0.04571428571428573,0.39367573435915987,0.0038380815071126484,268.6277981573351,0.2314784110584352,0.08101071428571428,0.2501311825984686,0.06621428571428571,0.39367573435915987,0.1492233287060345,LOW-COMPLEXITY,Low
987,4935.0,4940.0,1.0,3.0,5.760000000000005,73.29943084716797,76.62302856445312,12.233986928104578,0.2716722222222222,0.3,0.28800000000000026,0.9548611111111102,0.3333333332944444,0.34500000000000003,0.5774425448730149,0.41246175905339644,0.017206481641676277,209.37007923726085,0.26291407110304815,0.4442750070136365,0.44624680072734785,0.41064943011496,0.41246175905339644,0.357394357773699,SPARSE-EXTREME,Moderate
988,4940.0,4945.0,1.0,5.0,8.0,70.83299255371094,71.91386413574219,15.551670751633988,0.3275,0.5,0.4,0.1125,0.234999999979,0.4783333333333334,0.1351669738832176,0.4284028004903279,0.02138516948609509,159.32252831476887,0.2837652874282375,0.2907309669692255,0.35939517228154927,0.290216758824282,0.4284028004903279,0.300428633305895,SPARSE-EXTREME,Moderate
989,4945.0,4950.0,0.0,2.0,4.760000000000005,61.88764953613281,63.50711898803711,6.816180555555556,0.13570000000000004,0.2,0.23800000000000027,0.12605042016806708,0.043749999978124995,0.5,0.18805638233495203,0.4248784991178982,0.00924179562347815,177.13151263643024,0.27587211642075615,0.2924451513122588,0.3335015284430138,0.24672941469282933,0.4248784991178982,0.3016504257362011,SPARSE-EXTREME,Moderate
990,4950.0,4955.0,0.0,1.0,1.0,62.84382629394531,63.65568161010742,2.846678921568628,0.0325,0.1,0.05,0.1,0.0,0.15,0.04571428571428573,0.39016997855343616,0.004930892285018583,187.56434301280274,0.2273987381805864,0.08101071428571428,0.2439420089071128,0.06621428571428571,0.39016997855343616,0.1458937204265665,LOW-COMPLEXITY,Low
991,4955.0,4960.0,0.0,1.0,4.280000000000015,64.05152130126953,65.0728759765625,4.669252450980393,0.15710000000000013,0.1,0.21400000000000077,0.7943925233644832,0.08749999991249999,0.42999999999999994,0.37570256640199556,0.4097832469509886,0.00752578783801102,194.69225694794724,0.2513769805680178,0.3524368663710868,0.3677048918416674,0.2938357698899736,0.4097832469509886,0.3157947756511446,SPARSE-EXTREME,Moderate
992,4960.0,4965.0,0.0,1.0,1.0,65.68962097167969,66.43351593017579,4.219076797385622,0.1325,0.1,0.05,0.1,0.08749999991249999,0.42999999999999994,0.06857142857142857,0.3897849906574053,0.006459513488401896,212.25171127675355,0.226647175835017,0.21883482141479016,0.3015918639502803,0.20169642854080352,0.3897849906574053,0.23922020692146956,LOW-COMPLEXITY,Moderate
993,4965.0,4970.0,0.0,1.0,1.7600000000000051,65.57527923583984,66.20472717285156,4.474742647058824,0.13820000000000005,0.1,0.08800000000000026,0.11363636363636331,0.08749999991249999,0.42999999999999994,0.09987658801014411,0.39982951143797013,0.00663852861079072,212.86884034428593,0.23825525765827726,0.2324525657706314,0.31111060751199887,0.2110879763724182,0.39982951143797013,0.25054045180036727,LOW-COMPLEXITY,Moderate
994,4970.0,4975.0,0.0,1.0,1.0,65.68601989746094,66.26362915039063,4.58375408496732,0.1325,0.1,0.05,0.1,0.08749999991249999,0.42999999999999994,0.06857142857142857,0.39266144616297943,0.006913476547481737,214.76149503097955,0.2299982183840797,0.21883482141479016,0.30297279241217584,0.20169642854080352,0.39266144616297943,0.24065993928127077,LOW-COMPLEXITY,Moderate
995,4975.0,4980.0,0.0,1.0,1.0,65.84871673583984,66.75253601074219,4.013660130718954,0.1325,0.1,0.05,0.2,0.08749999991249999,0.42999999999999994,0.06857142857142857,0.4085965218130197,0.006000353069332307,212.64661392926484,0.2527969952790765,0.21883482141479016,0.30783914089027287,0.20169642854080352,0.4085965218130197,0.24977878078359309,LOW-COMPLEXITY,Moderate
996,4980.0,4985.0,0.0,1.0,1.0,65.91228485107422,66.575341796875,4.2363357843137255,0.1325,0.1,0.05,0.1,0.08749999991249999,0.42999999999999994,0.06857142857142857,0.39368888142400355,0.006327727957195949,213.40380678642128,0.23124272717794925,0.21883482141479016,0.30300289435983463,0.20169642854080352,0.39368888142400355,0.24103587054463013,LOW-COMPLEXITY,Moderate
997,4985.0,4990.0,0.0,1.0,1.0,65.4615478515625,66.14803161621094,4.104027777777778,0.1325,0.1,0.05,0.2,0.08749999991249999,0.42999999999999994,0.06857142857142857,0.4011022715647512,0.006190141612200435,211.38292702501244,0.2396600194822571,0.21883482141479016,0.30490710658274994,0.20169642854080352,0.4011022715647512,0.24405764343961747,LOW-COMPLEXITY,Moderate
998,4990.0,4995.0,1.0,3.6000000000000085,10.280000000000015,54.743492126464844,64.91083221435547,12.967798202614377,0.2435159100734978,0.3600000000000009,0.5140000000000008,0.11673151750972746,0.25347222220196697,0.5086666666666679,0.37352434816770363,0.3850236833980143,0.01680235790721517,143.41508643819242,0.2605445226554855,0.40968663311642806,0.3884520456111128,0.3788059155543333,0.3850236833980143,0.3531698753339511,SPARSE-EXTREME,Moderate
999,4995.0,5000.0,1.0,2.0,3.0,59.352867126464844,63.1316520690918,12.024779411764705,0.33916666666666667,0.2,0.15,1.0,0.4999999999125,0.18999999999999997,0.38434782608695656,0.40001587562090585,0.017892952710495964,125.02712708453356,0.26083319996621496,0.32336630433404484,0.4110561435480522,0.35680434779546194,0.40001587562090585,0.27943445523274274,BURST-DOMINATED,Moderate
1000,5000.0,5005.0,0.0,0.0,0.0,37.25386428833008,42.80242233276367,3.153239379084968,0.0,0.0,0.0,0.0,0.0,0.0,0.0,0.36627328642017576,0.004694038671023966,32.15684966732443,0.22875671498275862,0.0,0.1905629844322917,0.0,0.36627328642017576,0.08950708043763746,LOW-COMPLEXITY,Low
1001,5005.0,5010.0,0.0,5.0,19.800000000000026,47.36640167236328,66.79347229003906,14.602834967320263,0.2935000000000002,0.5,0.9900000000000013,0.2525252525252522,0.0174999999965,0.5,0.5466763788931824,0.3204471394768137,0.023737893598615917,90.16204071503907,0.21470766007781028,0.4443104748179831,0.3420133448799368,0.3451279136667297,0.3204471394768137,0.3539481727116569,SPARSE-EXTREME,Moderate
1002,5010.0,5015.0,1.0,2.0,2.760000000000005,45.121089935302734,46.723412322998044,13.1909272875817,0.3018594202898548,0.2,0.13800000000000026,0.10869565217391283,0.456249999934375,0.23666666666666666,0.12166679353082513,0.4021576458268705,0.019213642669486098,70.61165134170528,0.2498815667963915,0.22122609684223965,0.3557508639461424,0.27902087136961207,0.4021576458268705,0.2263308600189184,BURST-DOMINATED,Moderate
1003,5015.0,5020.0,1.0,2.0,2.0,53.501678466796875,56.19273071289062,9.548590686274508,0.365,0.2,0.1,0.15,0.456249999934375,0.23666666666666666,0.10116153846153847,0.3816117411582483,0.013126093009099064,109.78311046097846,0.2277170473330947,0.21230631088709997,0.3460194219760806,0.2728692948488261,0.3816117411582483,0.2139032835045109,BURST-DOMINATED,Moderate
1004,5020.0,5025.0,0.0,1.0,6.52000000000001,53.87871170043945,55.60829849243164,4.63078022875817,0.17390000000000008,0.1,0.3260000000000005,0.5368098159509194,0.08749999991249999,0.42999999999999994,0.2772990821814516,0.4219010834701368,0.007505822279892349,123.18096948856935,0.27154379230916753,0.3096313507351502,0.34653513459658114,0.26431472462381045,0.4219010834701368,0.3006787847230707,SPARSE-EXTREME,Moderate
1005,5025.0,5030.0,0.0,0.0,1.0,45.413238525390625,46.00468521118164,2.974452614379085,0.0075,0.0,0.05,0.1,0.0,0.0,1.0,0.3982069303523665,0.005031548923490965,96.73326365386393,0.2368454429996009,0.435,0.41383455585452084,0.3,0.3982069303523665,0.3137130834607911,HEAVY-TAIL-RISK,Moderate
1006,5030.0,5035.0,0.0,1.0,2.760000000000005,46.5105094909668,53.27054214477539,3.502618464052287,0.04570000000000004,0.1,0.13800000000000026,1.0,0.0,0.15,0.3639543726235743,0.45795216504096825,0.006072880622837371,96.03690777721147,0.35206908764139905,0.21944515209125479,0.3175950531245143,0.16168631178707227,0.45795216504096825,0.2647979270475736,LOW-COMPLEXITY,Moderate
1007,5035.0,5040.0,3.0,6.0,8.0,44.5965461730957,53.8594367980957,24.283214869281043,0.3075,0.2,0.13333333333333333,0.125,0.5145833333017361,0.17923076923076922,0.1527289854932464,0.37902604986098254,0.032758347590670256,56.72272201865552,0.25828801384734335,0.22052052214612405,0.3491357431773167,0.28865363153435075,0.37902604986098254,0.22430204470216614,BURST-DOMINATED,Moderate
1008,5040.0,5045.0,3.0,6.0,9.52000000000001,47.69322967529297,52.07938995361328,24.16596405228758,0.2646963585434172,0.2,0.15866666666666684,0.10504201680672258,0.49999999997083333,0.18999999999999997,0.19444720082018607,0.39004378931570133,0.031240427559912853,52.36651146877227,0.2482599866879876,0.24075953235218717,0.3652765053549871,0.29983416023584747,0.39004378931570133,0.23113290301234182,BURST-DOMINATED,Moderate
1009,5045.0,5050.0,3.0,6.0,8.52000000000001,52.237979888916016,57.261050415039065,27.363602941176474,0.2806896713615022,0.2,0.14200000000000018,0.12910798122065711,0.5291666666326389,0.17,0.2374834494978075,0.3748814106923174,0.038820793925413294,65.44085047712957,0.22856254085576624,0.2559240505261869,0.3725446518771396,0.31595336817076586,0.3748814106923174,0.22907406333647373,BURST-DOMINATED,Moderate
1010,5050.0,5055.0,3.0,6.0,10.760000000000005,51.23641586303711,56.16236877441406,26.963500816993463,0.2663052044609665,0.2,0.1793333333333334,0.1022304832713754,0.5145833333017361,0.17923076923076922,0.1968573169402802,0.3978647453336208,0.036908443066769187,66.8560974809412,0.2561097210280665,0.23971634632558375,0.3696727978461004,0.3018921309684609,0.3978647453336208,0.2323104432754975,BURST-DOMINATED,Moderate
1011,5055.0,5060.0,1.0,3.0,5.0,55.5565185546875,59.70535430908203,12.671895424836602,0.2791666666666667,0.3,0.25,0.12,0.3333333332944444,0.34500000000000003,0.2048852084987713,0.3793875412484166,0.018086377515058313,80.00837383829882,0.23131487611455986,0.2822125656908405,0.351881922804682,0.2988822292026869,0.3793875412484166,0.2609520070016301,SPARSE-EXTREME,Moderate
1012,5060.0,5065.0,0.0,1.0,2.760000000000005,62.84699249267578,72.75263671875,4.284873366013072,0.04570000000000004,0.1,0.13800000000000026,1.0,0.0,0.15,0.6318570448737978,0.38570300330564183,0.007102136518005896,147.76575422634528,0.25699353072648423,0.33598281452010204,0.34916947985697255,0.24205711346213932,0.38570300330564183,0.2865588892178418,HEAVY-TAIL-RISK,Moderate
1013,5065.0,5070.0,0.0,1.0,4.0,47.634063720703125,68.71448364257813,5.729526143790851,0.055,0.1,0.2,1.0,0.0,0.15,0.7210892138051678,0.4066601455061269,0.009298698737665,120.16994868335001,0.3341383777946239,0.374798808005248,0.35894630910588315,0.2688267641415503,0.4066601455061269,0.3366987427786145,HEAVY-TAIL-RISK,Moderate
1014,5070.0,5075.0,0.0,0.0,2.0,72.15142059326172,78.59256896972656,5.028316993464053,0.015,0.0,0.1,1.0,0.0,0.0,0.28,0.38647580763471867,0.008018645232602846,149.9412714847615,0.24882902589578412,0.1218,0.2630375083262917,0.084,0.38647580763471867,0.16185868895341446,LOW-COMPLEXITY,Low
1015,5075.0,5080.0,0.0,1.0,36.68000000000022,61.15720748901367,78.63963470458984,8.279252450980392,0.175,0.1,1.0,0.27262813522355345,0.0,0.15,0.5634403583241506,0.43098851297717783,0.01873425237088299,148.8956912672255,0.3325460608749245,0.3062215558710055,0.34100314955489813,0.22153210749724517,0.43098851297717783,0.2998930582860047,SPARSE-EXTREME,Moderate
1016,5080.0,5085.0,0.0,1.0,2.0,58.68742752075195,59.19139404296875,4.262218137254902,0.14,0.1,0.1,0.1,0.08749999991249999,0.42999999999999994,0.246571398519455,0.40228603937044893,0.00656360454312444,89.28946170976323,0.24182759185848973,0.2962648083421816,0.3341235692297143,0.25509641952521145,0.40228603937044893,0.2817712450949509,LOW-COMPLEXITY,Moderate
1017,5085.0,5090.0,0.0,1.0,1.7600000000000051,54.30197525024414,58.93238983154297,4.685359477124183,0.13820000000000005,0.1,0.08800000000000026,0.11363636363636331,0.08749999991249999,0.42999999999999994,0.09987658801014411,0.4305217357043108,0.007407499679610405,79.88775697055284,0.3017891314040677,0.2324525657706314,0.3093293222771781,0.2110879763724182,0.4305217357043108,0.27401088277449004,LOW-COMPLEXITY,Moderate
1018,5090.0,5095.0,0.0,1.0,1.0,53.914031982421875,54.37187728881836,1.98546568627451,0.1325,0.1,0.05,0.2,0.08749999991249999,0.42999999999999994,0.06857142857142857,0.3940380842516841,0.0041931784249647575,75.03063097528388,0.23128819939518164,0.21883482141479016,0.2948313340095933,0.20169642854080352,0.3940380842516841,0.23811125982374173,LOW-COMPLEXITY,Low
1019,5095.0,5100.0,0.0,1.0,1.0,53.46329879760742,53.991693115234376,1.6760375816993467,0.0325,0.1,0.05,0.1,0.0,0.15,0.04571428571428573,0.40031687665404736,0.003887054177880303,74.95474450538377,0.2405248790401401,0.08101071428571428,0.2407920848884676,0.06621428571428571,0.40031687665404736,0.14881759292466473,LOW-COMPLEXITY,Low
1020,5100.0,5105.0,0.0,1.0,1.7600000000000051,51.942535400390625,53.09157485961914,2.8234640522875805,0.13820000000000005,0.1,0.08800000000000026,1.0,0.08749999991249999,0.42999999999999994,0.37103448275862083,0.43444988382739236,0.005360500768935026,69.02047787662465,0.28194370217972964,0.3504062499862188,0.3658265441006164,0.2924353447969612,0.43444988382739236,0.3235538429820256,LOW-COMPLEXITY,Moderate
1021,5105.0,5110.0,0.0,0.0,2.5200000000000102,36.037776947021484,41.35066528320313,2.9344771241830063,0.018900000000000073,0.0,0.1260000000000005,1.0,0.0,0.0,1.0,0.41644842599945747,0.007055667691913368,42.896991852920856,0.2892066673955576,0.435,0.40687452681127523,0.3,0.41644842599945747,0.3328973115818608,HEAVY-TAIL-RISK,Moderate
1022,5110.0,5115.0,0.0,2.0,4.0,69.48832702636719,71.71263580322265,6.015416666666667,0.13,0.2,0.2,0.1,0.043749999978124995,0.5,0.16969999999999974,0.4040329194012657,0.008264701236703833,237.9989986665383,0.24838780062031446,0.28446012499655454,0.3258063139003856,0.24122249999234366,0.4040329194012657,0.28767288032497573,SPARSE-EXTREME,Moderate
1023,5115.0,5120.0,3.0,5.0,7.760000000000005,77.38690948486328,80.22886962890625,22.805706699346402,0.29436563573883157,0.16666666666666669,0.1293333333333334,0.11597938144329889,0.599999999958,0.185,0.16597738192804753,0.38141381172079136,0.024694148564654624,299.18156387127334,0.22318073228077925,0.2420876611320857,0.3938437265416374,0.32454321456371427,0.38141381172079136,0.225228824788972,LOW-COMPLEXITY,Moderate
1024,5120.0,5125.0,1.0,4.0,7.760000000000005,80.3466567993164,81.06480560302734,10.33547385620915,0.27263298969072164,0.4,0.38800000000000023,0.10309278350515456,0.249999999978125,0.475,0.2530522539636886,0.42188447323148004,0.012976136101499423,324.27696802360043,0.26934391497182397,0.34301523047075916,0.39404547785401045,0.32966567618145026,0.42188447323148004,0.32382459452149887,SPARSE-EXTREME,Moderate
1025,5125.0,5130.0,3.0,15.0,21.760000000000005,75.18769073486328,91.70010375976562,28.212116013071892,0.28166715686274507,0.5,0.36266666666666675,0.11488970588235292,0.20583333332827777,0.568076923076923,0.18860695352364154,0.4081674548683101,0.04140785531205947,280.787838902489,0.29399346853714714,0.345954120935834,0.36300675572649943,0.32745067579891274,0.4081674548683101,0.34231750885354784,SPARSE-EXTREME,Moderate
1026,5130.0,5135.0,4.0,13.600000000000009,20.0,85.89674377441406,92.10841674804688,33.640490196078424,0.26661764705882357,0.3400000000000002,0.25,0.11000000000000001,0.30698529410913156,0.37232026143790875,0.20449971023469657,0.3782347807336359,0.049850060393438415,301.4498213380076,0.2280316248421278,0.28902806431022904,0.3645994156708943,0.2991068575118731,0.3782347807336359,0.27082193461714954,SPARSE-EXTREME,Moderate
1027,5135.0,5140.0,1.0,3.0,4.0,95.28604125976562,97.64322814941406,13.500866013071894,0.2966666666666667,0.3,0.2,0.15,0.3333333332944444,0.34500000000000003,0.24788748393052074,0.39668288415213127,0.01870463427527874,369.1515177278232,0.24103141604091294,0.30091855550365154,0.3870186968401362,0.31178291183221174,0.39668288415213127,0.2802346534660494,SPARSE-EXTREME,Moderate
1028,5140.0,5145.0,2.0,4.0,5.0,88.87029266357422,100.9954330444336,19.859942810457515,0.31875,0.2,0.125,0.12,0.49999999995625,0.18999999999999997,0.14662307689507692,0.38876426403927694,0.024395119505318467,360.68445001583717,0.25702680111434406,0.2199560384424678,0.3711939055818161,0.28548692305321055,0.38876426403927694,0.23073366303524998,BURST-DOMINATED,Moderate
1029,5145.0,5150.0,1.0,1.0,2.0,93.8860855102539,95.68141174316406,6.709129901960784,0.39,0.1,0.1,0.1,0.9124999997375001,0.2583333333333333,0.2572380651861217,0.41188758796038916,0.011076319844931437,380.34027640871636,0.2550013135969562,0.3608881416479525,0.49746134013444643,0.48696308613062816,0.41188758796038916,0.30180927196668866,LOW-COMPLEXITY,Moderate
1030,5150.0,5155.0,1.0,2.0,9.760000000000005,91.24784851074219,100.14591522216797,13.472234477124182,0.2244295081967213,0.2,0.48800000000000027,0.5635245901639341,0.456249999934375,0.23666666666666666,0.6521653136462916,0.3836924683615381,0.020987825676022046,406.08901258820055,0.24067029181655825,0.45199295309246756,0.4725703293833285,0.43817042740425205,0.3836924683615381,0.34680310781567,HEAVY-TAIL-RISK,Moderate
1031,5155.0,5160.0,2.0,4.0,7.760000000000005,69.06103515625,80.20545196533203,20.249558823529412,0.2579659793814432,0.2,0.19400000000000012,0.6701030927835048,0.49999999995625,0.18999999999999997,0.4273803907248493,0.4209144325546707,0.028456538831218764,267.24767843510534,0.30361598653485267,0.3420854699584188,0.4306475641185692,0.36971411720214226,0.4209144325546707,0.30891309117898524,BURST-DOMINATED,Moderate
1032,5160.0,5165.0,2.0,5.0,33.76000000000013,83.77873992919922,89.12027282714844,23.647222222222222,0.25872085308056914,0.25,0.8440000000000033,0.14514218009478616,0.399999999972,0.27249999999999996,0.35078596846334825,0.3898312025737158,0.036987897122901445,315.76570693709067,0.2424217935336273,0.3266356462771465,0.40464492975664124,0.34061079052920445,0.3898312025737158,0.28612171680771137,SPARSE-EXTREME,Moderate
1033,5165.0,5170.0,2.0,4.0,7.0,69.63902282714844,81.12672119140625,18.90679738562091,0.2691071428571428,0.2,0.175,0.1,0.49999999995625,0.18999999999999997,0.20415210529281888,0.3938825895817437,0.029803821607074205,260.7682199177779,0.2696107965887033,0.24498116579548557,0.377101647709991,0.30274563157253315,0.3938825895817437,0.24644314339133538,BURST-DOMINATED,Moderate
1034,5170.0,5175.0,1.0,2.0,37.6400000000002,72.42111206054688,89.10270385742187,14.292324346405229,0.21328374070138145,0.2,1.0,0.14877789585547213,0.4999999999125,0.18999999999999997,0.38694413239931036,0.37282975294032694,0.023633403178264765,314.74436647008025,0.25421486551832134,0.32449569757991875,0.4063586613321175,0.3575832396891681,0.37282975294032694,0.28166714585021657,SPARSE-EXTREME,Moderate
1035,5175.0,5180.0,1.0,3.0,6.0,109.40168762207031,110.65723724365235,11.394035947712418,0.26999999999999996,0.3,0.3,0.9333333333333333,0.3333333332944444,0.34500000000000003,0.6375108264058648,0.42701653811207896,0.01819503348071255,436.0319822706682,0.2873327436836174,0.47040470948042623,0.47827772534413665,0.42866991457481496,0.42701653811207896,0.3861860651451165,HEAVY-TAIL-RISK,Moderate
1036,5180.0,5185.0,0.0,1.0,1.0,110.47769165039062,111.33502502441407,3.3726021241830058,0.1325,0.1,0.05,0.1,0.08749999991249999,0.42999999999999994,0.06857142857142857,0.4022797167613848,0.005452403402537486,572.4207232098253,0.24159998623504958,0.21883482141479016,0.32310189587127647,0.20169642854080352,0.4022797167613848,0.25110144176783966,LOW-COMPLEXITY,Moderate
1037,5185.0,5190.0,0.0,1.0,55.32000000000029,110.33830261230469,110.89487152099609,6.946944444444444,0.275,0.1,1.0,0.15545914678235637,0.08749999991249999,0.42999999999999994,0.7846282074474002,0.46893940160473097,0.013994438036652568,564.7163478506301,0.31902750706485283,0.5303195202258377,0.4868392827545164,0.416513462203595,0.46893940160473097,0.4378668832124344,HEAVY-TAIL-RISK,Moderate
1038,5190.0,5195.0,1.0,3.0,5.760000000000005,105.25281524658203,110.10275115966797,12.51935049019608,0.23833888888888885,0.3,0.28800000000000026,0.12152777777777768,0.3041666666375,0.415,0.2316518387774291,0.39713964971810256,0.01839798250672818,535.7151264065075,0.24594242148917128,0.3177872998635879,0.39305239075916976,0.3212038849563537,0.39713964971810256,0.29975241089738375,SPARSE-EXTREME,Moderate
1039,5195.0,5200.0,1.0,3.0,5.0,106.33323669433594,108.73096160888672,15.135437091503267,0.2791666666666667,0.3,0.25,1.0,0.3333333332944444,0.34500000000000003,0.5080807019208935,0.4201797659851052,0.02549769912213252,380.5256360165553,0.28144458906043507,0.4141026053294637,0.44631908629430117,0.3898408772293236,0.4201797659851052,0.3543511385250807,SPARSE-EXTREME,Moderate
1040,5200.0,5205.0,1.0,2.0,4.760000000000005,104.00399780273438,106.66912689208985,10.230053104575163,0.24074201680672264,0.2,0.23800000000000027,1.0,0.456249999934375,0.23666666666666666,0.4664221297836937,0.4702161986839957,0.01790526416122005,480.77114793964586,0.32702101115363336,0.37119466811223745,0.4702537548707482,0.38244747224547265,0.4702161986839957,0.3396752562448003,SPARSE-EXTREME,Moderate
1041,5205.0,5210.0,1.0,1.0,4.280000000000015,83.79529571533203,108.19803009033203,9.433615196078431,0.2739224299065418,0.1,0.21400000000000077,1.0,0.9124999997375001,0.2583333333333333,0.5608980033380259,0.40617468702772225,0.0152996568627451,437.70207363430956,0.30787590553348787,0.49298021474403086,0.5467696017163058,0.5780610675761995,0.40617468702772225,0.3924816754445576,SPARSE-EXTREME,High
1042,5210.0,5215.0,1.0,3.0,6.0,82.26627349853516,85.64407348632812,16.078206699346406,0.23666666666666664,0.3,0.3,0.9333333333333333,0.36249999995138893,0.303,0.5199183908045972,0.37972712785765245,0.023418671985133917,310.7016903736554,0.22207032513747293,0.4067307499923435,0.43211598799035955,0.38890051722436525,0.37972712785765245,0.3210817350216387,SPARSE-EXTREME,Moderate
1043,5215.0,5220.0,1.0,3.0,36.16000000000021,79.58306121826172,82.77051086425782,15.77103349673203,0.2721607669616518,0.3,1.0,0.14933628318583986,0.36249999995138893,0.303,0.4355101636862572,0.4145531628326379,0.02445087770729206,310.96994722861183,0.26419421274341537,0.37001317119586563,0.42599480925400335,0.36357804908886326,0.4145531628326379,0.318633523455388,SPARSE-EXTREME,Moderate
1044,5220.0,5225.0,2.0,3.0,13.120000000000061,73.19422149658203,77.12919158935547,19.41278594771242,0.19625284552845512,0.15,0.3280000000000015,0.2972560975609742,0.6374999999319444,0.20249999999999999,0.46200390053785,0.4137309690824018,0.027839059816737153,268.94994407747856,0.2671341612763005,0.383896696723246,0.46982298807751066,0.4326011701375355,0.4137309690824018,0.31449796927535606,SPARSE-EXTREME,Moderate
1045,5225.0,5230.0,1.0,3.0,4.760000000000005,76.05140686035156,88.80118408203126,18.56659722222222,0.24907535014005594,0.3,0.23800000000000027,1.0,0.36249999995138893,0.303,0.4289562653786567,0.376837302621128,0.02823808342945021,286.0619281719075,0.24745270479061476,0.36716222543205945,0.40454834196192385,0.36161187959658314,0.376837302621128,0.31120238623349716,SPARSE-EXTREME,Moderate
1046,5230.0,5235.0,1.0,2.0,51.88000000000032,71.472412109375,85.0127960205078,15.738799019607844,0.2096376252891287,0.2,1.0,0.15420200462605918,0.4999999999125,0.18999999999999997,0.49446445256309407,0.3638478231935332,0.025754592144047163,278.6375664988612,0.23502634132467856,0.3712670368511647,0.42473193267589643,0.3898393357383032,0.3638478231935332,0.2968770591849838,SPARSE-EXTREME,Moderate
1047,5235.0,5240.0,1.0,2.0,55.0800000000003,71.61221313476562,90.27602691650391,16.846486928104575,0.2590777051561365,0.2,1.0,0.15976761074800205,0.543749999890625,0.162,0.7283172049806929,0.35060356806418114,0.027465310938100736,281.37217275454475,0.23102392563378918,0.46847360914937486,0.46895639444728354,0.4655076614559266,0.35060356806418114,0.3417433896045025,HEAVY-TAIL-RISK,Moderate
1048,5240.0,5245.0,1.0,2.0,9.52000000000001,81.99724578857422,84.4666976928711,11.256985294117648,0.22392100840336138,0.2,0.47600000000000053,0.6722689075630245,0.456249999934375,0.23666666666666666,0.4039809616672501,0.4173420886812811,0.01644028722927079,297.317063071054,0.2720729370740433,0.3440327599815845,0.4305483200225123,0.36371512181053955,0.4173420886812811,0.3021566692913349,SPARSE-EXTREME,Moderate
1049,5245.0,5250.0,0.0,1.0,54.56000000000029,77.07292175292969,84.70272674560547,8.596102941176472,0.275,0.1,1.0,0.150293255131964,0.08749999991249999,0.42999999999999994,0.8729858859885338,0.4068135360224681,0.014368479751377675,276.95279387942804,0.2707000434100987,0.568755110391231,0.4671376429461172,0.4430207657659351,0.4068135360224681,0.43559269562885333,HEAVY-TAIL-RISK,Moderate
1050,5250.0,5255.0,1.0,4.0,68.28000000000002,93.08326721191406,108.55138397216797,15.658843954248365,0.3073227885178676,0.4,1.0,0.10544815465729347,0.249999999978125,0.475,0.6630524590971837,0.3758332047894299,0.027825603133410225,389.14301440132823,0.24533804844348084,0.5213653197038295,0.4544519936108994,0.4526657377214988,0.3758332047894299,0.4059767896527753,HEAVY-TAIL-RISK,Moderate
1051,5255.0,5260.0,0.0,1.0,52.28000000000027,92.40056610107422,99.32385559082032,4.458386437908496,0.175,0.1,1.0,0.1300688599846971,0.0,0.15,0.4919500781865054,0.5468943243903653,0.009869353613994618,384.9809397376785,0.4437214818133032,0.27512328401112984,0.39134602771421734,0.2000850234559516,0.5468943243903653,0.3334007812370121,SPARSE-EXTREME,Moderate
1052,5260.0,5265.0,0.0,1.0,4.0,99.88536071777344,100.52238159179687,4.8340522875817,0.055,0.1,0.2,1.0,0.0,0.15,0.3784615384615385,0.44084792581109117,0.008755847590670253,461.7317934861381,0.2908107694519705,0.22575576923076923,0.3439585986340154,0.16603846153846155,0.44084792581109117,0.24984814356434862,SPARSE-EXTREME,Moderate
1053,5265.0,5270.0,0.0,1.0,1.0,100.31291198730469,100.65946044921876,2.999281045751634,0.0325,0.1,0.05,0.1,0.0,0.15,0.04571428571428573,0.40806413325292623,0.004655343297449699,479.5327804154122,0.2462427321852097,0.08101071428571428,0.26754628420582716,0.06621428571428571,0.40806413325292623,0.15910367510855564,LOW-COMPLEXITY,Low
1054,5270.0,5275.0,0.0,1.0,1.0,100.3961410522461,101.00738830566407,2.660596405228758,0.0325,0.1,0.05,0.2,0.0,0.15,0.04571428571428573,0.40951540558346516,0.004232080610021787,478.1020737281407,0.2509889015487819,0.08101071428571428,0.26824031071657595,0.06621428571428571,0.40951540558346516,0.16135685098646912,LOW-COMPLEXITY,Low
1055,5275.0,5280.0,0.0,1.0,6.760000000000005,100.8006820678711,101.71031951904297,5.494726307189542,0.07570000000000005,0.1,0.33800000000000024,0.9319526627218927,0.0,0.15,0.3901923445649675,0.4243357091405424,0.009260396482122263,421.6783367191578,0.2771805751702608,0.23085866988576087,0.33862614019188436,0.16955770336949025,0.4243357091405424,0.24705436105189943,SPARSE-EXTREME,Moderate
1056,5280.0,5285.0,1.0,3.0,13.800000000000026,78.13465881347656,85.30785522460937,18.969289215686278,0.24806521739130444,0.3,0.6900000000000013,0.38405797101449207,0.36249999995138893,0.303,0.30594938837955293,0.38049340079902694,0.03230129261181597,280.16246822365656,0.23420032828645984,0.3136542339374493,0.383959864332438,0.324709816496852,0.38049340079902694,0.2780051747167594,SPARSE-EXTREME,Moderate
1057,5285.0,5290.0,3.0,7.0,12.280000000000015,86.92829895019531,91.68962707519532,29.89361928104576,0.25404031332402655,0.23333333333333334,0.2046666666666669,0.10586319218241029,0.4160714285517857,0.2612770562770563,0.22890489837829125,0.4072099385024524,0.05396876377675254,287.5906935633158,0.26170752169295275,0.27157528122436336,0.387342673796469,0.30574343920358205,0.4072099385024524,0.2642762108756352,SPARSE-EXTREME,Moderate
1058,5290.0,5295.0,0.0,1.0,4.760000000000005,49.37662887573242,50.6894287109375,6.617867647058822,0.06070000000000004,0.1,0.23800000000000027,0.7773109243697471,0.0,0.15,0.460608144214231,0.46944091814742117,0.011741891099577089,204.36943578161961,0.32517686411413294,0.26148954273319047,0.3510496643692563,0.19068244326426928,0.46944091814742117,0.27468680668158546,SPARSE-EXTREME,Moderate
1059,5295.0,5300.0,0.0,0.0,0.7600000000000051,49.33714294433594,49.73290863037109,0.43511029411764696,0.005700000000000038,0.0,0.038000000000000256,0.1,0.0,0.0,0.0088421052515233,0.4081993842878565,0.0017217977060105087,196.1319047967518,0.2494577199358022,0.003846315784412635,0.22480420195671033,0.0026526315754569897,0.4081993842878565,0.10268680036851408,LOW-COMPLEXITY,Low
1060,5300.0,5305.0,0.0,0.0,1.0,49.294921875,50.921487426757814,2.1772344771241823,0.0075,0.0,0.05,0.1,0.0,0.0,0.0,0.3975550387120298,0.004113298410867615,197.05965594046677,0.24361941754189936,0.0,0.21813358172363845,0.0,0.3975550387120298,0.09876770269621568,LOW-COMPLEXITY,Low
1061,5305.0,5310.0,0.0,0.0,1.0,47.55831527709961,48.89722366333008,2.1429452614379088,0.0075,0.0,0.05,0.1,0.0,0.0,0.0,0.39248953143911924,0.004236999231064976,199.03922537685574,0.23635535486847295,0.0,0.21681966289033433,0.0,0.39248953143911924,0.09594217658607367,LOW-COMPLEXITY,Low
1062,5310.0,5315.0,0.0,1.0,2.760000000000005,46.540584564208984,73.09042663574219,5.511229575163399,0.04570000000000004,0.1,0.13800000000000026,1.0,0.0,0.15,0.3639543726235743,0.398136465555368,0.010509752178649238,212.67619584218616,0.3353243979029769,0.21944515209125479,0.2884014401856981,0.16168631178707227,0.398136465555368,0.26116174252117685,LOW-COMPLEXITY,Low
1063,5315.0,5320.0,0.0,1.0,1.0,77.15209197998047,78.59237365722656,5.93090277777778,0.0325,0.1,0.05,0.1,0.0,0.15,0.04571428571428573,0.40218254381028207,0.008285840061514801,242.3152008979319,0.24631707180329374,0.08101071428571428,0.2510708009961878,0.06621428571428571,0.40218254381028207,0.15484482315488493,LOW-COMPLEXITY,Low
1064,5320.0,5325.0,0.0,0.0,1.0,78.57144165039062,79.01005401611329,1.6591380718954247,0.0075,0.0,0.05,0.1,0.0,0.0,1.0,0.39149801708465326,0.0031555009291298216,252.96802433894968,0.2272681471359012,0.435,0.4218098060595081,0.3,0.39149801708465326,0.3133930014176151,HEAVY-TAIL-RISK,Moderate
1065,5325.0,5330.0,0.0,0.0,0.0,78.75969696044922,79.0164779663086,1.5508619281045752,0.0,0.0,0.0,0.0,0.0,0.0,0.0,0.3986993492009991,0.0029779293220556194,252.6132894350453,0.23616986837172807,0.0,0.2238524955710654,0.0,0.3986993492009991,0.09675847033548715,LOW-COMPLEXITY,Low
1066,5330.0,5335.0,0.0,0.0,1.0,78.37535095214844,78.87640228271485,2.1110661764705885,0.0075,0.0,0.05,0.1,0.0,0.0,1.0,0.3916759022835382,0.0035495139689862877,250.17833051515564,0.22864902005014373,0.435,0.4218857064014032,0.3,0.3916759022835382,0.3140655316946784,HEAVY-TAIL-RISK,Moderate
1067,5335.0,5340.0,0.0,0.0,1.0,77.96986389160156,78.2611099243164,1.478092320261438,0.0075,0.0,0.05,0.1,0.0,0.0,0.0,0.40960338218659126,0.0028702960399846216,249.02338617430965,0.24888574046757525,0.0,0.22674125204041398,0.0,0.40960338218659126,0.1014014629012847,LOW-COMPLEXITY,Low
1068,5340.0,5345.0,0.0,0.0,1.0,77.78126525878906,78.231298828125,2.6565931372549025,0.0075,0.0,0.05,0.2,0.0,0.0,1.0,0.40277763956340046,0.004329708605664487,248.71521034151294,0.24114093481998525,0.435,0.42505979961723306,0.3,0.40277763956340046,0.31864698738517405,HEAVY-TAIL-RISK,Moderate
1069,5345.0,5350.0,0.0,0.0,1.0,77.36193084716797,77.84030609130859,3.803137254901961,0.0075,0.0,0.05,0.1,0.0,0.0,0.0,0.3969109133157847,0.00620359685377419,246.13215889990812,0.23459247117857018,0.0,0.22281230539510616,0.0,0.3969109133157847,0.09605281414862607,LOW-COMPLEXITY,Low
1070,5350.0,5355.0,0.0,0.0,1.0,78.86282348632812,79.61377716064453,2.44921568627451,0.0075,0.0,0.05,0.1,0.0,0.0,0.0,0.3902753600792062,0.004059061098295528,252.89642797773593,0.22790478311964305,0.0,0.2209057862866085,0.0,0.3902753600792062,0.09370057674033294,LOW-COMPLEXITY,Low
1071,5355.0,5360.0,0.0,0.0,0.7600000000000051,78.77804565429688,79.10218048095703,1.3597099673202617,0.005700000000000038,0.0,0.038000000000000256,0.1,0.0,0.0,0.0088421052515233,0.4087764950553545,0.0027622853389721903,254.69531833156617,0.24860889935311026,0.003846315784412635,0.2287259567560227,0.0026526315754569897,0.4087764950553545,0.10349072656505293,LOW-COMPLEXITY,Low
1072,5360.0,5365.0,0.0,0.0,1.0,78.02904510498047,78.53174285888672,1.7633251633986926,0.0075,0.0,0.05,0.1,0.0,0.0,0.0,0.3897010964470445,0.003337884307317698,249.5832005218836,0.22532141000092487,0.0,0.22051960919626012,0.0,0.3897010964470445,0.09241729410739236,LOW-COMPLEXITY,Low
1073,5365.0,5370.0,0.0,0.0,1.0,78.00926208496094,78.33886108398437,1.5607189542483666,0.0075,0.0,0.05,0.1,0.0,0.0,0.0,0.40479852534508276,0.003042816544918621,251.08262018565992,0.2437127841920232,0.0,0.22551706380483036,0.0,0.40479852534508276,0.09958773309143153,LOW-COMPLEXITY,Low
1074,5370.0,5375.0,0.0,0.0,1.0,78.57847595214844,78.8690200805664,1.6492075163398694,0.0075,0.0,0.05,0.1,0.0,0.0,1.0,0.41514043386741845,0.0032143635460720236,252.71646869066515,0.2576548558410493,0.435,0.42965708354470833,0.3,0.41514043386741845,0.32542229869431794,HEAVY-TAIL-RISK,Moderate
1075,5375.0,5380.0,0.0,0.0,1.0,78.52387237548828,78.96251831054687,1.662324346405229,0.0075,0.0,0.05,0.1,0.0,0.0,0.0,0.4117399066492914,0.0031243608227604766,253.01976514817412,0.252116293476244,0.0,0.2275371703567659,0.0,0.4117399066492914,0.10276117970066721,LOW-COMPLEXITY,Low
1076,5380.0,5385.0,0.0,0.0,1.0,78.60152435302734,79.17449340820312,2.1577941176470588,0.0075,0.0,0.05,0.1,0.0,0.0,1.0,0.3996990266490994,0.003705435249263103,255.24465063340566,0.2383169518105873,0.435,0.42448777676609994,0.3,0.3996990266490994,0.31780444111115375,HEAVY-TAIL-RISK,Moderate
1077,5385.0,5390.0,0.0,0.0,1.0,79.0555419921875,79.4465835571289,1.861172385620915,0.0075,0.0,0.05,0.1,0.0,0.0,1.0,0.4011958282044545,0.0032527250736896066,255.31944318976002,0.23980611683671138,0.435,0.4251862807157078,0.3,0.4011958282044545,0.31841929961773985,HEAVY-TAIL-RISK,Moderate
1078,5390.0,5395.0,0.0,0.0,1.0,78.94359588623047,79.2528076171875,1.6099305555555556,0.0075,0.0,0.05,0.1,0.0,0.0,0.0,0.4013688653506355,0.0030822433679354097,254.51890275023447,0.2386334831696014,0.0,0.22449017263908777,0.0,0.4013688653506355,0.09754608567082254,LOW-COMPLEXITY,Low
1079,5395.0,5400.0,0.0,0.0,1.0,78.88677215576172,79.19900054931641,1.6682557189542484,0.0075,0.0,0.05,0.1,0.0,0.0,0.0,0.4016308655549775,0.0031105416186082277,257.1172095521605,0.23894775932882878,0.0,0.22472252271613494,0.0,0.4016308655549775,0.09771904622631725,LOW-COMPLEXITY,Low
1080,5400.0,5405.0,0.0,0.0,1.0,78.72256469726562,78.99329376220703,1.459946895424837,0.0075,0.0,0.05,0.1,0.0,0.0,0.0,0.40841489352717225,0.002969180443419198,253.9727378245676,0.2466038405358141,0.0,0.22652601451940582,0.0,0.40841489352717225,0.10048230196790603,LOW-COMPLEXITY,Low
1081,5405.0,5410.0,0.0,0.0,1.0,78.60224151611328,78.8274658203125,1.9001348039215689,0.0075,0.0,0.05,0.1,0.0,0.0,0.0,0.4079919274355827,0.0032820713187235676,251.27178354846887,0.2477490241810179,0.0,0.2267379285393004,0.0,0.4079919274355827,0.1012348052203684,LOW-COMPLEXITY,Low
1082,5410.0,5415.0,0.0,0.0,1.0,78.4866714477539,78.8671142578125,1.4064093137254903,0.0075,0.0,0.05,0.1,0.0,0.0,0.0,0.4018427756651531,0.002946450563885685,250.09966708045877,0.23906541707386336,0.0,0.224199617249257,0.0,0.4018427756651531,0.09754188065788336,LOW-COMPLEXITY,Low
1083,5415.0,5420.0,0.0,0.0,1.0,78.49850463867188,78.7569351196289,2.2139828431372552,0.0075,0.0,0.05,0.1,0.0,0.0,0.0,0.4096196095410896,0.003609870402409329,251.74369802972728,0.2490192928010238,0.0,0.2270474333493017,0.0,0.4096196095410896,0.10157134568749508,LOW-COMPLEXITY,Low
1084,5420.0,5425.0,0.0,0.0,0.7600000000000051,78.30216979980469,78.57828979492187,1.3940686274509804,0.005700000000000038,0.0,0.038000000000000256,0.1,0.0,0.0,0.0088421052515233,0.4006254357329554,0.0027901352044085604,248.89494018854867,0.23816527376385405,0.003846315784412635,0.22585344745616992,0.0026526315754569897,0.4006254357329554,0.09930130034607614,LOW-COMPLEXITY,Low
1085,5425.0,5430.0,0.0,0.0,1.0,78.31892395019531,78.59770202636719,1.9197303921568627,0.0075,0.0,0.05,0.1,0.0,0.0,0.0,0.40458812336107364,0.0033513762334999365,248.8264991021307,0.24276115273693427,0.0,0.22524340060571318,0.0,0.40458812336107364,0.09906873574019834,LOW-COMPLEXITY,Low
1086,5430.0,5435.0,0.0,0.0,0.7600000000000051,77.99625396728516,78.38302307128906,1.811919934640523,0.005700000000000038,0.0,0.038000000000000256,0.1,0.0,0.0,0.0088421052515233,0.4080169274146717,0.0032356491093169294,247.9449924147651,0.24861191234465774,0.003846315784412635,0.22822122448766888,0.0026526315754569897,0.4080169274146717,0.10350546867707353,LOW-COMPLEXITY,Low
1087,5435.0,5440.0,0.0,0.0,1.0,77.41050720214844,77.8751724243164,1.8723529411764706,0.0075,0.0,0.05,0.1,0.0,0.0,0.0,0.39617556223670136,0.00330016804434192,246.41206239948752,0.233234186807946,0.0,0.2223564136682018,0.0,0.39617556223670136,0.09539794762866828,LOW-COMPLEXITY,Low
1088,5440.0,5445.0,0.0,0.0,1.0,77.12678527832031,77.54755554199218,2.1273447712418303,0.0075,0.0,0.05,0.1,0.0,0.0,0.0,0.39529588824033185,0.0037210707420222994,248.53463175829663,0.23225222447659244,0.0,0.22235413026525946,0.0,0.39529588824033185,0.09512608577105407,LOW-COMPLEXITY,Low
1089,5445.0,5450.0,0.0,0.0,1.0,77.27080535888672,77.56636810302734,1.6186887254901963,0.0075,0.0,0.05,0.1,0.0,0.0,0.0,0.39928177440704793,0.00313194364347046,247.0670334994528,0.23596734568633143,0.0,0.22339369874964157,0.0,0.39928177440704793,0.09635102380377827,LOW-COMPLEXITY,Low
1090,5450.0,5455.0,0.0,0.0,1.0,77.21614837646484,77.57173919677734,1.8228962418300652,0.0075,0.0,0.05,0.1,0.0,0.0,1.0,0.3995872895070567,0.0034233472702806618,246.27380413386385,0.23780450413576223,0.435,0.42418939878437645,0.3,0.3995872895070567,0.3174717192656487,HEAVY-TAIL-RISK,Moderate
1091,5455.0,5460.0,0.0,0.0,1.0,77.46548461914062,77.891552734375,1.7307026143790851,0.0075,0.0,0.05,0.1,0.0,0.0,0.0,0.39992348874978084,0.003200381423811355,246.79523236453028,0.23750423391586947,0.0,0.22352149427660398,0.0,0.39992348874978084,0.09700376776730091,LOW-COMPLEXITY,Low
1092,5460.0,5465.0,0.0,0.0,0.7600000000000051,77.5307388305664,77.88806610107422,1.5019975490196078,0.005700000000000038,0.0,0.038000000000000256,0.1,0.0,0.0,0.0088421052515233,0.4004884371430924,0.0029717930603614003,246.93734242862402,0.23828136731813113,0.003846315784412635,0.2256258189798164,0.0026526315754569897,0.4004884371430924,0.09931392680395669,LOW-COMPLEXITY,Low
1093,5465.0,5470.0,0.0,0.0,1.0,77.57443237304688,77.90205841064453,2.216772875816994,0.0075,0.0,0.05,0.1,0.0,0.0,1.0,0.41623052014331885,0.0035726547481737788,247.0154744693631,0.25662950897875203,0.435,0.42901085518959015,0.3,0.41623052014331885,0.3244109237699028,HEAVY-TAIL-RISK,Moderate
1094,5470.0,5475.0,0.0,0.0,1.0,77.8326187133789,78.25243835449218,1.6722549019607846,0.0075,0.0,0.05,0.1,0.0,0.0,1.0,0.40033343791018255,0.0032761593297449703,247.1180297113062,0.2400694179872742,0.435,0.42464231288994536,0.3,0.40033343791018255,0.3185761590275723,HEAVY-TAIL-RISK,Moderate
1095,5475.0,5480.0,0.0,0.0,0.7600000000000051,78.00232696533203,78.24223480224609,1.5200245098039216,0.005700000000000038,0.0,0.038000000000000256,0.1,0.0,0.0,0.0088421052515233,0.40586911255514896,0.0030614166025887475,247.57417723024548,0.24575009937317016,0.003846315784412635,0.22774334386081127,0.0026526315754569897,0.40586911255514896,0.10244425768681026,LOW-COMPLEXITY,Low
1096,5480.0,5485.0,0.0,0.0,1.0,77.54328918457031,78.2877426147461,2.493611111111112,0.0075,0.0,0.05,0.1,0.0,0.0,0.0,0.41655036599813533,0.003996128412149174,247.64549081373013,0.2612001788665249,0.0,0.22897084467667403,0.0,0.41655036599813533,0.10660229357056451,LOW-COMPLEXITY,Low
1097,5485.0,5490.0,0.0,0.0,1.0,77.9857177734375,78.26232299804687,1.9523733660130718,0.0075,0.0,0.05,0.1,0.0,0.0,1.0,0.4046195754914573,0.0033684078239138797,250.5362124360343,0.24307212851405563,0.435,0.42592618048464614,0.3,0.4046195754914573,0.3194553335537896,HEAVY-TAIL-RISK,Moderate
1098,5490.0,5495.0,0.0,0.0,0.7600000000000051,77.68998718261719,78.24676208496093,1.4522589869281048,0.005700000000000038,0.0,0.038000000000000256,0.1,0.0,0.0,0.0088421052515233,0.4029689403111431,0.002878457804690503,248.83655229584363,0.24309323105225303,0.003846315784412635,0.22657650215325234,0.0026526315754569897,0.4029689403111431,0.10143247198970753,LOW-COMPLEXITY,Low
1099,5495.0,5500.0,0.0,0.0,1.0,77.2518081665039,77.990234375,2.2237581699346407,0.0075,0.0,0.05,0.1,0.0,0.0,0.0,0.42168675746241024,0.0037810326156606433,247.31546231056444,0.26703756006364937,0.0,0.23038587276246159,0.0,0.42168675746241024,0.10873214613308367,LOW-COMPLEXITY,Low
1100,5500.0,5505.0,0.0,0.0,1.0,78.30583190917969,78.69189910888672,2.4596323529411768,0.0075,0.0,0.05,0.1,0.0,0.0,1.0,0.4106855550371169,0.004009392220940664,251.45658324408208,0.2516031579236085,0.435,0.42793343606085865,0.3,0.4106855550371169,0.32290689282382556,HEAVY-TAIL-RISK,Moderate
1101,5505.0,5510.0,0.0,0.0,1.0,77.96563720703125,78.27118530273438,2.040821078431372,0.0075,0.0,0.05,0.1,0.0,0.0,0.0,0.4008931722178536,0.003506954376521851,253.6042399616292,0.23816547815968997,0.0,0.224347719473163,0.0,0.4008931722178536,0.09738114784098864,LOW-COMPLEXITY,Low
1102,5510.0,5515.0,0.0,0.0,1.0,78.89498138427734,79.32068481445313,2.3331699346405226,0.0075,0.0,0.05,0.1,0.0,0.0,0.0,0.4075926697155129,0.0038075108932461876,258.1883046181312,0.2470325340965454,0.0,0.22663493914101518,0.0,0.4075926697155129,0.10094032831874979,LOW-COMPLEXITY,Low
1103,5515.0,5520.0,0.0,0.0,1.0,78.88043212890625,79.34378204345703,1.980126633986928,0.0075,0.0,0.05,0.1,0.0,0.0,0.0,0.4032971862513928,0.0035814739523260287,259.2676721711958,0.24231480084048723,0.0,0.2254342836151553,0.0,0.4032971862513928,0.09923510312269976,LOW-COMPLEXITY,Low
1104,5520.0,5525.0,0.0,0.0,1.0,78.46024322509766,78.81217956542969,2.080294117647059,0.0075,0.0,0.05,0.1,0.0,0.0,0.04760395761369884,0.41861802357345007,0.0035091496860181976,256.9745782736796,0.25960811361866526,0.02070772156195899,0.23937690423927127,0.01428118728410965,0.41861802357345007,0.11607206104176988,LOW-COMPLEXITY,Low
1105,5525.0,5530.0,0.0,0.0,1.0,78.10948944091797,78.44171905517578,2.303688725490196,0.0075,0.0,0.05,0.1,0.0,0.0,0.0,0.4038253904492159,0.00383517877739331,255.45497408046285,0.2434051263416106,0.0,0.22570779433614105,0.0,0.4038253904492159,0.09974394357615068,LOW-COMPLEXITY,Low
1106,5530.0,5535.0,0.0,1.0,1.0,77.84302520751953,78.39077758789062,3.0644852941176466,0.0325,0.1,0.05,0.1,0.0,0.15,0.04571428571428573,0.3983052597027564,0.004694804241958222,252.14597630982547,0.23638796512723348,0.08101071428571428,0.25093412934778314,0.06621428571428571,0.3983052597027564,0.15080175576679458,LOW-COMPLEXITY,Low
1107,5535.0,5540.0,0.0,0.0,1.0,78.02006530761719,78.37705535888672,1.969138071895425,0.0075,0.0,0.05,0.1,0.0,0.0,0.0,0.4110709875415828,0.003496854094579008,252.70344632784278,0.2502004349353233,0.0,0.22719482707215186,0.0,0.4110709875415828,0.10185066005751911,LOW-COMPLEXITY,Low
1108,5540.0,5545.0,0.0,1.0,1.0,78.07096099853516,78.95553131103516,3.830420751633987,0.0325,0.1,0.05,0.1,0.0,0.15,0.04571428571428573,0.4087293639306348,0.00646064238113546,249.97534758192398,0.25186825879243074,0.08101071428571428,0.25413937974341705,0.06621428571428571,0.4087293639306348,0.15705771418089548,LOW-COMPLEXITY,Low
1109,5545.0,5550.0,0.0,1.0,1.0,77.62761688232422,78.55702667236328,5.46342320261438,0.1325,0.1,0.05,0.1,0.08749999991249999,0.42999999999999994,0.06857142857142857,0.39441880664175943,0.009505497244649493,231.69316655767642,0.2335759617934805,0.21883482141479016,0.304586919423431,0.20169642854080352,0.39441880664175943,0.24257441532021554,LOW-COMPLEXITY,Moderate
1110,5550.0,5555.0,0.0,1.0,1.7600000000000051,77.80377197265625,80.41656341552735,3.2933946078431378,0.03820000000000004,0.1,0.08800000000000026,1.0,0.0,0.15,0.34610328638497667,0.39314299617219706,0.006788002851467384,264.18288919844014,0.23775558426572743,0.21167992957746484,0.3086944225717286,0.156330985915493,0.39314299617219706,0.21805058394766594,LOW-COMPLEXITY,Moderate
1111,5555.0,5560.0,0.0,1.0,1.0,75.11293029785156,76.59689178466797,3.1061233660130725,0.1325,0.1,0.05,0.1,0.08749999991249999,0.42999999999999994,0.06857142857142857,0.39404727770836623,0.0055613504421376395,265.87701057201434,0.23492197950041377,0.21883482141479016,0.3055980794028965,0.20169642854080352,0.39404727770836623,0.24369421239984337,LOW-COMPLEXITY,Moderate
1112,5560.0,5565.0,0.0,1.0,1.0,77.27253723144531,79.25299224853515,3.3475367647058825,0.0325,0.1,0.05,0.1,0.0,0.15,0.04571428571428573,0.43265986265417233,0.006276955658080225,285.73205340180095,0.28672571000999714,0.08101071428571428,0.26292726366410235,0.06621428571428571,0.43265986265417233,0.17157957448103417,LOW-COMPLEXITY,Low
1113,5565.0,5570.0,0.0,1.0,1.0,78.94944763183594,79.75736694335937,4.0272017973856205,0.1325,0.1,0.05,0.2,0.08749999991249999,0.42999999999999994,0.06857142857142857,0.3963371511358573,0.007218547834166346,299.7343529211158,0.23486983193835137,0.21883482141479016,0.3091453049422566,0.20169642854080352,0.3963371511358573,0.24433719920071542,LOW-COMPLEXITY,Moderate
1114,5570.0,5575.0,0.0,1.0,1.7600000000000051,80.22137451171875,81.07575378417968,4.991258169934641,0.13820000000000005,0.1,0.08800000000000026,0.11363636363636331,0.08749999991249999,0.42999999999999994,0.09987658801014411,0.421253414715973,0.008208126842240164,300.6414366212606,0.26604794410358584,0.2324525657706314,0.3231829979282449,0.2110879763724182,0.421253414715973,0.26330615584920697,LOW-COMPLEXITY,Moderate
1115,5575.0,5580.0,3.0,5.6000000000000085,7.0,73.9864273071289,80.33222045898438,25.156507352941176,0.3320238095238095,0.18666666666666695,0.11666666666666667,0.1285714285714286,0.5200892856835929,0.19859307359307365,0.15234914989414894,0.39151395828888386,0.04209511405869538,250.08373965293669,0.2462153381721767,0.22911262018829817,0.37416141024979205,0.29724357071507795,0.39151395828888386,0.22868631398368533,LOW-COMPLEXITY,Moderate
1116,5580.0,5585.0,1.0,3.0,5.0,78.00582885742188,79.78942565917968,16.66151552287582,0.24583333333333332,0.3,0.25,0.12,0.36249999995138893,0.303,0.19150219779519756,0.4070735632112908,0.022994795591439184,259.57832087657056,0.2514101124930185,0.26386970603325466,0.3732522846283697,0.29037565932154535,0.4070735632112908,0.2590502947328956,SPARSE-EXTREME,Moderate
1117,5585.0,5590.0,2.0,4.0,7.0,74.02870178222656,78.0854263305664,22.76389705882353,0.2691071428571428,0.2,0.175,0.14285714285714285,0.49999999995625,0.18999999999999997,0.24154533323165897,0.38227890505515905,0.03307315247340767,200.9618495608497,0.230217003874182,0.261247219948881,0.3832103958139324,0.31396359995418516,0.38227890505515905,0.2373942141929264,BURST-DOMINATED,Moderate
1118,5590.0,5595.0,3.0,11.600000000000009,19.56000000000003,67.7399673461914,69.57554168701172,29.752896241830065,0.28259861081729076,0.38666666666666694,0.3260000000000005,0.1175869120654395,0.28124999999024575,0.4042804597701153,0.18793906951144454,0.39847364597594026,0.0480659480328079,169.28920507611002,0.24157784039369928,0.290794657592264,0.36149848112904254,0.2963173817695597,0.39847364597594026,0.27695595246727495,SPARSE-EXTREME,Moderate
1119,5595.0,5600.0,0.0,9.0,14.760000000000005,84.47754669189453,86.668798828125,16.74132761437908,0.3801444444444445,0.9,0.7380000000000002,0.12872628726287258,0.038888888884567895,0.5,0.22871743719453067,0.4130499028186574,0.03427625480584391,223.71728468203398,0.26540190799183916,0.3093670851789403,0.34130793443990226,0.25722634226795793,0.4130499028186574,0.3082038709244006,SPARSE-EXTREME,Moderate
1120,5600.0,5605.0,0.0,1.6000000000000085,3.760000000000005,58.80116653442383,85.15697937011718,8.18027369281046,0.13069999999999993,0.16000000000000086,0.18800000000000025,0.15957446808510617,0.05468749996582002,0.5,0.14259698788354477,0.4777144803192108,0.011638461328976037,142.57081908114245,0.4221447238039193,0.27439297097395865,0.31875702097480857,0.23691972135310044,0.4777144803192108,0.3495982473458716,LOW-COMPLEXITY,Moderate
1121,5605.0,5610.0,1.0,3.0,6.760000000000005,86.71762084960938,109.5587875366211,13.24702205882353,0.2329978303747534,0.3,0.33800000000000024,0.1183431952662721,0.3041666666375,0.415,0.310156563050874,0.33831898009936434,0.019488272138920928,250.9760269014513,0.21800757097910337,0.35193685492253646,0.3613312941068318,0.3447553022383872,0.33831898009936434,0.3011634778597328,SPARSE-EXTREME,Moderate
1122,5610.0,5615.0,1.0,7.0,9.0,106.55154418945312,107.73513793945312,14.12500816993464,0.3123412698412698,0.7,0.45,0.8111111111111111,0.1303571428517857,0.6821428571428572,0.7291126802300261,0.4278505285302189,0.01840766964628988,360.1111831809768,0.28985968495669945,0.6156684801849318,0.49335720527673493,0.5031088040671328,0.4278505285302189,0.49054484851287034,MOTION-HEAVY,Moderate
1123,5615.0,5620.0,4.0,6.0,8.0,51.341487884521484,52.271446228027344,23.807001633986925,0.3525,0.15,0.1,0.1,0.652083333296875,0.19449999999999998,0.14949003899554514,0.410248516313672,0.026129800877867485,193.29264708580632,0.2563840787641567,0.24699004195731994,0.40648388168589955,0.34115117835256975,0.410248516313672,0.23894777474305695,LOW-COMPLEXITY,Moderate
1124,5620.0,5625.0,3.0,7.0,10.760000000000005,50.33427429199219,54.93796310424805,23.337839052287578,0.2960671092228712,0.23333333333333334,0.1793333333333334,0.8271375464684011,0.4410714285482143,0.23386446886446885,0.5115464445971292,0.410394058115385,0.03008860598487761,171.5757295364555,0.27201158742365256,0.38729122445836595,0.43508688837586007,0.3896914974735778,0.410394058115385,0.3208857740202177,BURST-DOMINATED,Moderate
1125,5625.0,5630.0,1.0,14.0,24.04000000000002,78.11815643310547,88.8903564453125,26.25018382352941,0.4993700974566199,1.0,1.0,0.26206322795341075,0.12767857142276784,0.84010989010989,0.3208632389391454,0.36568031691999614,0.043332052415737544,313.04187714237406,0.23126885925120216,0.5020296641573944,0.40103024352359407,0.43498493321817383,0.36568031691999614,0.4227318939972043,SPARSE-EXTREME,Moderate
1126,5630.0,5635.0,1.0,3.6000000000000085,36.76000000000013,68.54014587402344,80.54779205322265,11.628370098039216,0.28137951880062884,0.3600000000000009,1.0,0.1632208922742105,0.25347222220196697,0.5086666666666679,0.5841737595666692,0.3847709294079728,0.019472526752531076,231.2098561566763,0.2591427188468232,0.501319127074978,0.437827254858549,0.4420007389740229,0.3847709294079728,0.40141089687357795,SPARSE-EXTREME,Moderate
1127,5635.0,5640.0,1.0,19.60000000000001,36.52000000000001,73.32764434814453,74.01222381591796,21.36393790849673,0.4289972505979391,1.0,1.0,0.1834611171960569,0.05548469387641215,0.9786938775510206,0.516306093934545,0.4574421486133393,0.04497046680763809,163.1984168309863,0.3130027083947459,0.6321497452491028,0.4727491651700549,0.5168543281799649,0.4574421486133393,0.5297224083314942,MOTION-HEAVY,Moderate
1128,5640.0,5645.0,0.0,1.0,3.2800000000000153,78.29985809326172,85.52907257080078,8.234468954248365,0.14960000000000012,0.1,0.16400000000000076,1.0,0.08749999991249999,0.42999999999999994,0.3937572254335262,0.41506010452948305,0.01234036988978598,217.28069436958134,0.2820769256888777,0.36029064304980263,0.3709712188734564,0.2992521675994328,0.41506010452948305,0.3336769471328067,LOW-COMPLEXITY,Moderate
1129,5645.0,5650.0,0.0,1.0,2.760000000000005,82.80210876464844,86.55873413085938,6.782716503267972,0.04570000000000004,0.1,0.13800000000000026,1.0,0.0,0.15,0.3639543726235743,0.396503815303002,0.012411210111495579,253.97887427166748,0.24471905200817082,0.21944515209125479,0.3119505772720959,0.16168631178707227,0.396503815303002,0.22450943011710459,LOW-COMPLEXITY,Moderate
1130,5650.0,5655.0,1.0,8.600000000000009,33.96000000000011,76.5990219116211,81.70779113769531,23.251956699346405,0.43786273865286124,0.8600000000000009,1.0,0.19140164899882153,0.14680232557311368,0.7401162790697681,0.3697089691625718,0.4196380049524033,0.03379618784441882,240.92604971104487,0.2796847689654178,0.4855421515844146,0.4204883458201855,0.4213342023737801,0.4196380049524033,0.42258921942350075,SPARSE-EXTREME,Moderate
1131,5655.0,5660.0,1.0,2.0,2.760000000000005,62.711204528808594,64.1710922241211,18.76293709150327,0.2518594202898548,0.2,0.13800000000000026,1.0,0.4999999999125,0.18999999999999997,0.39012468827930186,0.4847876274460075,0.025930422113289758,119.40635765028985,0.34371991365801363,0.325879239387715,0.44095849991256364,0.35853740645316556,0.4847876274460075,0.31101722817879746,BURST-DOMINATED,Moderate
1132,5660.0,5665.0,0.0,1.0,5.760000000000005,86.74271392822266,90.91461639404297,5.904910130718955,0.06820000000000004,0.1,0.28800000000000026,1.0,0.0,0.15,0.7498490929545265,0.41332297488590464,0.010736555972062026,230.1700474020482,0.2809168330958346,0.38730935543521905,0.3906560950619921,0.27745472788635794,0.41332297488590464,0.3238346700413174,HEAVY-TAIL-RISK,Moderate
1133,5665.0,5670.0,0.0,2.0,40.480000000000246,76.05511474609375,77.5275375366211,10.84923611111111,0.25,0.2,1.0,0.15563241106719272,0.043749999978124995,0.5,0.5758716100429385,0.507764593132169,0.01841626778162245,171.00032803825354,0.37622474707295356,0.4611447753652329,0.4372732035049144,0.3630739830052253,0.507764593132169,0.4255975879865953,SPARSE-EXTREME,Moderate
1134,5670.0,5675.0,0.0,1.0,4.760000000000005,71.9190444946289,76.65509796142578,10.112859477124184,0.16070000000000004,0.1,0.23800000000000027,1.0,0.08749999991249999,0.42999999999999994,0.6986179910635439,0.39265988218489123,0.01675300108932462,190.52537605933068,0.24752446392091848,0.4929050760988603,0.4241933843850305,0.39071039728843815,0.39265988218489123,0.38635764460852867,HEAVY-TAIL-RISK,Moderate
1135,5675.0,5680.0,0.0,0.0,1.0,61.178688049316406,65.87416229248046,1.6069076797385622,0.0075,0.0,0.05,0.2,0.0,0.0,0.027999999972000006,0.4866074137471453,0.0035634092656670513,141.99448013661157,0.37353959358106736,0.012179999987820003,0.2473452462751751,0.008399999991600002,0.4866074137471453,0.15588877954585864,LOW-COMPLEXITY,Low
1136,5680.0,5685.0,1.0,2.0,3.0,68.43022155761719,71.66182861328124,10.562671568627454,0.2891666666666667,0.2,0.15,0.1,0.456249999934375,0.23666666666666666,0.23214039953366336,0.39121503781336525,0.01647761037421505,197.83246616212224,0.2412577171992613,0.2692821154534743,0.38092609804316335,0.31216295317046355,0.39121503781336525,0.2501369600581127,BURST-DOMINATED,Moderate
1137,5685.0,5690.0,1.0,1.0,2.0,69.45807647705078,72.06570892333984,6.699897875816994,0.39,0.1,0.1,0.1,0.9124999997375001,0.2583333333333333,0.10666666666666667,0.40962906705387936,0.009839647090862488,249.78863881985018,0.26132559975623093,0.2953895832919896,0.45847082158815583,0.44179166657479163,0.40962906705387936,0.2693036540038335,LOW-COMPLEXITY,Moderate
1138,5690.0,5695.0,1.0,4.6000000000000085,15.320000000000036,64.26297760009766,68.00424652099609,19.832034313725494,0.30601533658758123,0.46000000000000085,0.7660000000000018,0.3394255874673621,0.2554347825838842,0.44044927536231965,0.4669363243911262,0.3757351405546745,0.03277017124823787,232.8552145706168,0.22098551800434488,0.4228313590772469,0.41060672072986076,0.3836403175985092,0.3757351405546745,0.34042409361820397,SPARSE-EXTREME,Moderate
1139,5695.0,5700.0,0.0,3.0,24.200000000000102,66.36520385742188,67.52508239746093,10.958206699346404,0.2583333333333333,0.3,1.0,0.27272727272727154,0.02916666665694444,0.5,0.551534055379214,0.47017582883188697,0.021084640522875817,282.1756556018572,0.32467217436028106,0.4482610640884268,0.4239774838267097,0.3506685499436947,0.47017582883188697,0.4009143576183993,SPARSE-EXTREME,Moderate
1140,5700.0,5705.0,1.0,1.0,1.7600000000000051,69.05915832519531,70.50653533935547,11.634342320261437,0.32229090909090835,0.1,0.08800000000000026,1.0,0.99999999965,0.235,0.3820289855072465,0.3880295124423674,0.015482925477380496,255.27994973639284,0.22785303873686327,0.41944510864052725,0.5225008928402433,0.5468586955296739,0.3880295124423674,0.3158488015780119,LOW-COMPLEXITY,High
1141,5705.0,5710.0,1.0,2.6000000000000085,5.52000000000001,68.8915023803711,75.21279449462891,13.610502450980393,0.2739027870680043,0.26000000000000084,0.2760000000000005,1.0,0.3846153845636082,0.2876153846153859,0.5146515210592902,0.3840796667016918,0.021670549628348065,228.69047259720134,0.23849362186828774,0.4016536039603293,0.42623770126566335,0.38967622553043496,0.3840796667016918,0.3215116640144431,SPARSE-EXTREME,Moderate
1142,5710.0,5715.0,0.0,0.0,62.68000000000035,67.97203063964844,76.1944351196289,7.040114379084966,0.15,0.0,1.0,0.15156349712826972,0.0,0.0,0.4679955452174601,0.40273030174221625,0.013142897122901447,217.22197658015,0.27205346092848626,0.20357806216959515,0.3102133104569086,0.14039866356523803,0.40273030174221625,0.21411814547122607,SPARSE-EXTREME,Moderate
1143,5715.0,5720.0,0.0,0.0,4.760000000000005,75.68350219726562,77.04826354980469,2.9691748366013075,0.03570000000000004,0.0,0.23800000000000027,0.9873949579831922,0.0,0.0,1.0,0.4190371784696201,0.006441309111880047,258.96657477262596,0.2734964710679726,0.435,0.4298420127618797,0.3,0.4190371784696201,0.33243364538323916,HEAVY-TAIL-RISK,Moderate
1144,5720.0,5725.0,0.0,0.0,28.320000000000164,71.41057586669922,71.53348846435547,1.7723161764705886,0.15,0.0,1.0,0.1341807909604512,0.0,0.0,0.35740231266344424,0.4307592570563308,0.0047199394463667815,289.51710625899256,0.28365286118794103,0.15547000600859825,0.3082371230580101,0.10722069379903328,0.4307592570563308,0.19562995629970797,SPARSE-EXTREME,Moderate
1145,5725.0,5730.0,0.0,0.0,2.0,62.28428268432617,71.93848571777343,1.031948529411765,0.015,0.0,0.1,1.0,0.0,0.0,1.0,0.5324131919208479,0.00327740468409586,259.5643374791347,0.4440631833682768,0.435,0.45713069249524174,0.3,0.5324131919208479,0.398924036077261,HEAVY-TAIL-RISK,Moderate
1146,5730.0,5735.0,0.0,2.0,27.800000000000153,64.34324645996094,74.88040008544922,9.46625816993464,0.25,0.2,1.0,0.3309352517985593,0.043749999978124995,0.5,0.46195798945907207,0.39298322700869837,0.017524529027297193,277.5634084242424,0.2682621882131641,0.411592350411251,0.3767025236284001,0.3288998968300654,0.39298322700869837,0.36202486904320835,SPARSE-EXTREME,Moderate
1147,5735.0,5740.0,0.0,1.0,2.760000000000005,33.584075927734375,74.3129165649414,8.589640522875818,0.14570000000000005,0.1,0.13800000000000026,1.0,0.08749999991249999,0.42999999999999994,0.5504496186782493,0.3588442081909179,0.014749013200051264,177.45623691829303,0.33183134121294106,0.42845183411125715,0.3492877776060658,0.3462598855728497,0.3588442081909179,0.38852278352260144,LOW-COMPLEXITY,Moderate
1148,5740.0,5745.0,0.0,8.0,18.760000000000005,34.19197082519531,47.99516067504883,11.665396241830065,0.35320000000000007,0.8,0.9380000000000003,0.11727078891257992,0.010937499998632812,0.5,0.4535304615318625,0.48642914991186764,0.019802942297834168,72.46932205456459,0.4264426526522285,0.40275840701614485,0.37297200956488147,0.31488726345908025,0.48642914991186764,0.4151838114256352,SPARSE-EXTREME,Moderate
1149,5745.0,5750.0,0.0,2.0,58.96000000000036,45.85703659057617,47.061892700195315,7.429244281045751,0.25,0.2,1.0,0.14416553595657983,0.043749999978124995,0.5,0.46513925348952523,0.4138343820047283,0.016005741381519924,110.34588187792397,0.2645059964644082,0.4129762002644981,0.38195044636529457,0.32985427603920126,0.4138343820047283,0.3572479469823039,SPARSE-EXTREME,Moderate
1150,5750.0,5755.0,0.0,1.0,49.0800000000003,46.06690979003906,47.7866569519043,3.4347753267973857,0.275,0.1,1.0,0.17522412387937952,0.08749999991249999,0.42999999999999994,0.6091215284387952,0.45939471039070434,0.00915287341407151,124.82643355317943,0.3154185284514486,0.4539741148570946,0.4232265638153018,0.3638614585010135,0.45939471039070434,0.3898581132292231,HEAVY-TAIL-RISK,Moderate
1151,5755.0,5760.0,0.0,1.0,2.0,51.96965789794922,53.48814697265625,3.756343954248366,0.04,0.1,0.1,1.0,0.0,0.15,0.35111111111111115,0.4056749039252684,0.00691196975522235,135.91450183391044,0.256510624845885,0.21385833333333337,0.3059896452887263,0.15783333333333335,0.4056749039252684,0.2240996289593463,LOW-COMPLEXITY,Moderate
1152,5760.0,5765.0,0.0,2.0,7.760000000000005,44.628761291503906,50.44831848144531,9.142050653594772,0.15820000000000004,0.2,0.38800000000000023,0.6443298969072161,0.043749999978124995,0.5,0.7045843395916896,0.44428441008189357,0.01390407839933359,124.00294224951875,0.3161419366547304,0.5171348127189397,0.4308700202552071,0.40168780186985065,0.44428441008189357,0.4284920238349677,HEAVY-TAIL-RISK,Moderate
1153,5765.0,5770.0,0.0,0.0,1.0,58.6909065246582,59.20507736206055,0.6991299019607841,0.0075,0.0,0.05,0.2,0.0,0.0,0.027999999972000006,0.4138965644134722,0.002040559079841087,182.4652137844861,0.25797694846675306,0.012179999987820003,0.2298643460428147,0.008399999991600002,0.4138965644134722,0.1101668542407936,LOW-COMPLEXITY,Low
1154,5770.0,5775.0,0.0,0.0,0.0,58.95836639404297,59.4859733581543,0.9131781045751632,0.0,0.0,0.0,0.1,0.0,0.0,0.0,0.4263964870483692,0.0022503458605664488,185.1338273452522,0.2745593213244215,0.0,0.22855930285605322,0.0,0.4263964870483692,0.11067629489973706,LOW-COMPLEXITY,Low
1155,5775.0,5780.0,0.0,0.0,0.0,59.76546859741211,60.10942611694336,0.7466625816993464,0.0,0.0,0.0,0.0,0.0,0.0,0.0,0.4085399956575938,0.0020436936114315006,192.28828252024795,0.24786647937685527,0.0,0.22275426838104587,0.0,0.4085399956575938,0.09976223470739523,LOW-COMPLEXITY,Low
1156,5780.0,5785.0,0.0,0.0,1.0,59.28047180175781,60.45335998535156,4.286000816993465,0.0075,0.0,0.05,0.1,0.0,0.0,0.0,0.39917338638808403,0.007334768838908113,186.6067277522666,0.24139011305848884,0.0,0.21903495183257435,0.0,0.39917338638808403,0.09756394307362443,LOW-COMPLEXITY,Low
1157,5785.0,5790.0,0.0,0.0,1.0,60.039188385009766,60.600975799560544,2.6284681372549024,0.0075,0.0,0.05,0.1,0.0,0.0,0.0,0.40954221978018884,0.004560677623990772,187.71101612878405,0.25225554950699536,0.0,0.22304394099126965,0.0,0.40954221978018884,0.10180759915539483,LOW-COMPLEXITY,Low
1158,5790.0,5795.0,0.0,0.0,2.760000000000005,58.15663528442383,60.80246124267578,3.2298488562091503,0.020700000000000038,0.0,0.13800000000000026,0.14492753623188379,0.0,0.0,0.012579710140369595,0.38592653308229774,0.005283735902857875,179.49494225451127,0.23190034824513778,0.005472173911060774,0.21476647324182815,0.0037739130421108784,0.38592653308229774,0.09652376300768975,LOW-COMPLEXITY,Low
1159,5795.0,5800.0,0.0,1.0,3.760000000000005,55.05585861206055,56.28948440551758,4.416617647058823,0.05320000000000004,0.1,0.18800000000000025,0.10638297872340412,0.0,0.15,0.18797696377440776,0.4273557888475735,0.008048246027169038,168.86925743297726,0.27927789801642267,0.14289497924186736,0.2829057227350718,0.10889308913232232,0.4273557888475735,0.19751354931975423,LOW-COMPLEXITY,Low
1160,5800.0,5805.0,0.0,1.0,2.0,71.08325958251953,73.97267456054688,1.0063357843137257,0.04,0.1,0.1,0.1,0.0,0.15,0.07111111111111112,0.40933808160651974,0.0024355390554914773,189.22046366159503,0.270304407329328,0.09205833333333335,0.2518372376230181,0.07383333333333333,0.40933808160651974,0.16912738309775702,LOW-COMPLEXITY,Low
1161,5805.0,5810.0,0.0,1.0,1.7600000000000051,71.54174041748047,92.60882263183593,2.544428104575163,0.03820000000000004,0.1,0.08800000000000026,0.17045454545454497,0.0,0.15,0.11178749685118114,0.3450163152182611,0.0071753392925797774,230.19811967007507,0.22799752359883108,0.1097525611302638,0.22804555451045397,0.08603624905535434,0.3450163152182611,0.16182875160118634,LOW-COMPLEXITY,Low
1162,5810.0,5815.0,1.0,1.0,1.0,117.1411361694336,120.29211578369141,14.018227124183008,0.6325,0.1,0.05,0.2,0.9124999997375001,0.2583333333333333,0.08000000000000002,0.4241178119963318,0.03328236319364347,478.85496022981124,0.27545744229032865,0.2837895832919896,0.47266341314445787,0.4337916665747917,0.4241178119963318,0.273714796079975,LOW-COMPLEXITY,Moderate
1163,5815.0,5820.0,1.0,2.0,18.08000000000004,173.6276092529297,179.71170043945312,20.332414215686278,0.21325486725663742,0.2,0.904000000000002,0.12721238938053067,0.4999999999125,0.18999999999999997,0.2340392379310709,0.4122477253115223,0.051981680763808796,694.2251702620711,0.2721370675711222,0.25798206848623456,0.4107248643812843,0.31171177134869626,0.4122477253115223,0.25936619068079064,SPARSE-EXTREME,Moderate
1164,5820.0,5825.0,1.0,1.0,2.0,179.0259552001953,181.4542266845703,17.912830882352946,0.29000000000000004,0.1,0.1,0.1,0.99999999965,0.235,0.25453806518612165,0.4032482126884555,0.0573325965974625,816.6999412523503,0.24682058048472116,0.36398655830083787,0.5194013177464991,0.5086114194333364,0.4032482126884555,0.30131940805943963,LOW-COMPLEXITY,High
1165,5825.0,5830.0,1.0,1.0,2.0,174.43878173828125,177.99507751464844,17.032026143790848,0.29000000000000004,0.1,0.1,0.1,0.99999999965,0.235,0.10666666666666667,0.3881080212292487,0.054521890298603104,782.7626436335775,0.2280574731662713,0.29966249994487504,0.4840767173220073,0.46424999987749993,0.3881080212292487,0.26117858233852603,LOW-COMPLEXITY,Moderate
1166,5830.0,5835.0,1.0,1.0,1.0,172.5811309814453,175.6193115234375,16.25685866013072,0.6325,0.1,0.05,0.1,0.9124999997375001,0.2583333333333333,0.08000000000000002,0.40157023577544115,0.051485590638216075,761.7002918058238,0.24392469173529385,0.2837895832919896,0.4684474977145633,0.4337916665747917,0.40157023577544115,0.26210974445721713,LOW-COMPLEXITY,Moderate
1167,5835.0,5840.0,1.0,1.0,1.0,172.38824462890625,174.33287353515624,16.114215686274513,0.6325,0.1,0.05,0.1,0.9124999997375001,0.2583333333333333,0.08000000000000002,0.4110721388224293,0.05117073929898755,752.957587936354,0.25616004179624696,0.2837895832919896,0.47234886601053705,0.4337916665747917,0.4110721388224293,0.26721742262953746,LOW-COMPLEXITY,Moderate
1168,5840.0,5845.0,1.0,1.0,1.0,171.7792205810547,178.02554016113282,16.325825163398694,0.6325,0.1,0.05,0.2,0.9124999997375001,0.2583333333333333,0.08000000000000002,0.40569829060567764,0.05227028370498526,755.7805300344585,0.2524306705712746,0.2837895832919896,0.4681527710339437,0.4337916665747917,0.40569829060567764,0.2652275658294315,LOW-COMPLEXITY,Moderate
1169,5845.0,5850.0,0.0,1.0,1.0,166.4675750732422,171.1346008300781,15.049636437908497,0.1325,0.1,0.05,0.1,0.08749999991249999,0.42999999999999994,0.06857142857142857,0.3850258273543135,0.047732468922209406,706.8695654885005,0.2253459424771781,0.21883482141479016,0.31823066520198595,0.20169642854080352,0.3850258273543135,0.24558296150642,LOW-COMPLEXITY,Moderate
1170,5850.0,5855.0,0.0,1.0,1.0,166.38929748535156,169.54701232910156,14.882720588235298,0.1325,0.1,0.05,0.1,0.08749999991249999,0.42999999999999994,0.06857142857142857,0.4041865303831122,0.04702578046905036,695.6940682417109,0.2479559860620241,0.21883482141479016,0.32503256225664323,0.20169642854080352,0.4041865303831122,0.2544784715107734,LOW-COMPLEXITY,Moderate
1171,5855.0,5860.0,0.0,1.0,1.0,161.61045837402344,167.22085876464843,13.868374183006535,0.1325,0.1,0.05,0.1,0.08749999991249999,0.42999999999999994,0.06857142857142857,0.38634592952634633,0.04402813581314879,646.7793381663502,0.22862695732552563,0.21883482141479016,0.3179731833644508,0.20169642854080352,0.38634592952634633,0.24680332474444824,LOW-COMPLEXITY,Moderate
1172,5860.0,5865.0,0.0,1.0,1.0,156.85543823242188,164.83225708007814,13.24672794117647,0.0325,0.1,0.05,0.1,0.0,0.15,0.04571428571428573,0.3933095135030785,0.04181619745610663,602.3723653235896,0.2421965403425707,0.08101071428571428,0.26314680350850694,0.06621428571428571,0.3933095135030785,0.159229415880636,LOW-COMPLEXITY,Low
1173,5865.0,5870.0,0.0,0.0,0.0,129.4473419189453,144.83579406738284,8.88232843137255,0.0,0.0,0.0,0.0,0.0,0.0,0.0,0.4158412855364888,0.02795331394976291,396.6996519161784,0.28827735171793767,0.0,0.23194162073384145,0.0,0.4158412855364888,0.12135792173169112,LOW-COMPLEXITY,Low
1174,5870.0,5875.0,0.0,0.0,1.0,149.7811279296875,161.95342407226562,11.198341503267972,0.0075,0.0,0.05,0.1,0.0,0.0,0.0,0.3826564709620277,0.03497123398052031,505.7960696644607,0.23802729914304618,0.0,0.22942357388024232,0.0,0.3826564709620277,0.10364778268910096,LOW-COMPLEXITY,Low
1175,5875.0,5880.0,0.0,1.0,1.0,167.7294464111328,171.5287292480469,16.0447589869281,0.1325,0.1,0.05,0.1,0.08749999991249999,0.42999999999999994,0.06857142857142857,0.3888990462693559,0.05029731177111368,718.9704498523945,0.22864647263595278,0.21883482141479016,0.31994668193109954,0.20169642854080352,0.3888990462693559,0.24686552771223652,LOW-COMPLEXITY,Moderate
1176,5880.0,5885.0,0.0,1.0,1.0,166.6837615966797,172.49306030273436,15.666997549019609,0.1325,0.1,0.05,0.1,0.08749999991249999,0.42999999999999994,0.06857142857142857,0.3996361686192002,0.04919457308086633,673.2872776444474,0.24699472884896034,0.21883482141479016,0.32259654415854666,0.20169642854080352,0.3996361686192002,0.2542828270108857,LOW-COMPLEXITY,Moderate
1177,5885.0,5890.0,0.0,0.0,0.0,133.9503173828125,148.3560333251953,9.89564950980392,0.0,0.0,0.0,0.0,0.0,0.0,0.0,0.41725817929637576,0.030415650070485713,415.7221442410214,0.2886168473715177,0.0,0.23465242801561909,0.0,0.41725817929637576,0.1221222286671316,LOW-COMPLEXITY,Low
1178,5890.0,5895.0,0.0,0.0,0.0,135.21246337890625,140.4143524169922,9.524697712418304,0.0,0.0,0.0,0.0,0.0,0.0,0.0,0.3960540873171893,0.028664889465590156,396.5546378336049,0.24165991309389398,0.0,0.23016400529392073,0.0,0.3960540873171893,0.10237383657052192,LOW-COMPLEXITY,Low
1179,5895.0,5900.0,0.0,0.0,0.0,94.21025848388672,126.95689239501955,4.746013071895425,0.0,0.0,0.0,0.0,0.0,0.0,0.0,0.3275969250653652,0.014693713956170706,188.88499468016275,0.2184372730185325,0.0,0.1771917200922292,0.0,0.3275969250653652,0.08933650727520517,LOW-COMPLEXITY,Low
1180,5900.0,5905.0,0.0,0.0,0.0,99.60342407226562,100.43692321777344,2.565412581699346,0.0,0.0,0.0,0.0,0.0,0.0,0.0,0.4497859568211038,0.007043307541971037,185.08672917222134,0.30658669409732214,0.0,0.23579575479817272,0.0,0.4497859568211038,0.12337537202274557,LOW-COMPLEXITY,Low
1181,5905.0,5906.733333333334,0.0,0.0,0.0,12.018912315368652,99.28155822753907,0.9574023407812737,0.0,0.0,0.0,0.0,0.0,0.0,0.0,0.3362294297835319,0.0013330894088141412,83.09921884189285,0.3907685923503429,0.0,0.13196112641731553,0.0,0.3362294297835319,0.15751333297534892,LOW-COMPLEXITY,Very Low
