segment,start,end,medad_p50,medad_p90,medad_p99,si_p50,si_p90,changed_pct,rtci,burst_score,tail_score,extreme_score,adim_sustained,adim_dynamic,adim_risk,spatial_adim,scene_activity,texture,spatial_score,temporal_score,v9_fusion,adci_temporal,adci_spatial,bdi,regime,class
0,0.0,5.0,0.0,1.0,31.389999999999972,57.78495788574219,104.92738723754883,8.472043710797491,0.175,0.1,1.0,0.1784007645747055,0.0,0.15,0.35434554247534794,0.3528024476215035,0.010815560293898028,810.2733849415805,0.29428957441837095,0.21526531097677637,0.276110342829308,0.15880366274260438,0.3528024476215035,0.2462346266653696,SPARSE-EXTREME,Low
1,5.0,10.0,1.0,3.0,5.760000000000005,109.86993408203125,123.77686767578125,17.070572916666663,0.23833888888888885,0.3,0.28800000000000026,1.0,0.36249999995138893,0.303,0.6614953243906101,0.38848034203707327,0.025715790168845315,1697.6577988482582,0.2545276185220259,0.4683167161022591,0.46989448322958527,0.4313735973001691,0.38848034203707327,0.36958109154069096,HEAVY-TAIL-RISK,Moderate
2,10.0,15.0,1.0,3.0,38.20000000000023,94.89131164550781,122.54461975097657,17.61447916666667,0.30475567190226865,0.3,1.0,0.18062827225130781,0.3333333332944444,0.34500000000000003,0.1800342166149639,0.45361156366070043,0.026302493464052286,1709.5469358645064,0.3688364622046941,0.27140238422138435,0.3834786615627074,0.29142693163754474,0.45361156366070043,0.31848800422636414,SPARSE-EXTREME,Moderate
3,15.0,20.0,0.0,1.0,45.8400000000003,57.50511932373047,145.4387451171875,9.331319444444444,0.175,0.1,1.0,0.14834205933682276,0.0,0.15,0.16556292423137306,0.34923043694560785,0.019417268927015247,1020.5091798356528,0.3424398167812538,0.13314487204064726,0.23035441032744775,0.10216887726941191,0.34923043694560785,0.2268707814035376,SPARSE-EXTREME,Low
4,20.0,25.0,1.0,3.0,5.0,76.06292724609375,142.13176879882812,24.008909722222224,0.24583333333333332,0.3,0.25,0.8400000000000001,0.36249999995138893,0.307,0.6112413006096987,0.38221154927317436,0.03936661356209151,1453.127581066547,0.3397258646518898,0.4480862157575627,0.4346287270702075,0.4176973901658957,0.38221154927317436,0.3948662945736787,HEAVY-TAIL-RISK,Moderate
5,25.0,30.0,2.0,4.0,5.0,73.39067077636719,84.13548889160157,26.284708333333327,0.29375,0.2,0.125,1.0,0.5218749999507812,0.21333333333333332,0.5789816845446548,0.3682824543805687,0.03479292075163399,1113.3505886027542,0.23095078897894133,0.42098567860250624,0.4656457607446579,0.43101742201283655,0.3682824543805687,0.32656138316999034,BURST-DOMINATED,Moderate
6,30.0,35.0,5.0,11.600000000000009,15.0,70.21739196777344,84.52371978759766,31.835229166666668,0.33337356321839073,0.23200000000000015,0.15,0.2533333333333333,0.43103448274561507,0.24428965517241405,0.3483292361118218,0.3708175806243995,0.03972975585511983,1486.0510463691487,0.24805074450960568,0.3189591832238356,0.4037791714035158,0.3408622191048567,0.3708175806243995,0.2859654862998103,BURST-DOMINATED,Moderate
7,35.0,40.0,1.0,3.0,5.760000000000005,70.5342025756836,72.03133697509766,18.85578125,0.23833888888888885,0.3,0.28800000000000026,0.13888888888888878,0.36249999995138893,0.307,0.2829104724210283,0.48805311684417796,0.025453054330065353,376.5336675447289,0.3497253700505576,0.3052623054954911,0.4239270310877518,0.3191981417092946,0.48805311684417796,0.32041043755810167,SPARSE-EXTREME,Moderate
8,40.0,45.0,2.0,3.0,5.760000000000005,64.66757202148438,68.99512329101563,21.002486111111118,0.2660444444444443,0.15,0.14400000000000013,0.10416666666666659,0.6374999999319444,0.1225,0.17636819221879718,0.3795691416598682,0.028223354711328974,312.5073314423095,0.2285682998961969,0.227045163604458,0.39411144505558404,0.3189104576418197,0.3795691416598682,0.2144110991354054,LOW-COMPLEXITY,Moderate
9,45.0,50.0,0.0,1.0,6.0,86.67757415771484,92.64248352050781,15.350604166666667,0.17,0.1,0.3,0.6333333333333333,0.08749999991249999,0.42999999999999994,0.5648360722954048,0.3826641205347359,0.019293245234204795,804.9826135319106,0.23287184394183816,0.43470994143471986,0.41225232715518934,0.3505758216579964,0.3826641205347359,0.3572836171858621,SPARSE-EXTREME,Moderate
10,50.0,55.0,1.0,1.0,2.0,111.45429992675781,112.2121597290039,12.444885416666667,0.29000000000000004,0.1,0.1,1.0,0.99999999965,0.235,0.3866666666666667,0.5114162605486732,0.01638725313180828,2304.7999585264834,0.37692469272462537,0.421462499944875,0.5775334294845827,0.5482499998775,0.5114162605486732,0.3794949815447483,LOW-COMPLEXITY,High
11,55.0,60.0,2.0,3.0,5.0,112.86439514160156,116.81732025146485,23.93413888888888,0.3229166666666667,0.15,0.125,0.9199999999999999,0.6666666665888888,0.11249999999999999,0.3855478260869564,0.4246925462242766,0.03452393123638344,2361.9851730138707,0.2804824449247745,0.318557054335576,0.4694421706230777,0.388372681132198,0.4246925462242766,0.28433001953743875,LOW-COMPLEXITY,Moderate
12,60.0,65.0,3.0,5.0,5.0,125.1915283203125,126.13367462158203,37.23797222222222,0.3741666666666667,0.16666666666666669,0.08333333333333334,0.1,0.6174999999545,0.22843589743589748,0.1217203327171904,0.44386694898391604,0.06085643763616557,2500.9945893513254,0.295261653298376,0.2432922229299398,0.4297919251517597,0.33259366390179623,0.44386694898391604,0.26245828747287786,LOW-COMPLEXITY,Moderate
13,65.0,70.0,1.0,6.0,47.24000000000025,72.51959991455078,124.67223052978515,19.097725694444442,0.3772509173017216,0.6,1.0,0.2963590177815395,0.19583333331875,0.57,0.2252165931933942,0.3915914407903053,0.03197392960239652,1202.8873865487597,0.34051615865448315,0.3610879680368296,0.36280431371706146,0.33560664461958073,0.3915914407903053,0.37562421790964595,SPARSE-EXTREME,Moderate
14,70.0,75.0,3.0,8.0,9.0,55.55070877075195,120.35885162353516,30.123590277777772,0.33083333333333337,0.26666666666666666,0.15,0.888888888888889,0.3968749999808594,0.29428571428571426,0.379622641509434,0.35428790014998646,0.04223732911220044,590.7340322279534,0.32415760227504564,0.3475650901250177,0.3791571736564695,0.35579304244613097,0.35428790014998646,0.3367266616776342,BURST-DOMINATED,Moderate
15,75.0,80.0,1.0,3.0,5.0,54.34138107299805,59.30491409301758,19.774559027777773,0.24583333333333332,0.3,0.25,0.1,0.36249999995138893,0.307,0.2356763520654268,0.3675373050228892,0.02492697453703704,182.21686047174,0.21921592798296385,0.2847154631408044,0.3603921476849524,0.30502790560261417,0.3675373050228892,0.25596234223530695,SPARSE-EXTREME,Moderate
16,80.0,85.0,2.0,4.0,5.760000000000005,50.15220642089844,54.18149261474609,23.135618055555558,0.295211111111111,0.2,0.14400000000000013,0.9374999999999991,0.49999999995625,0.225,0.475576304092575,0.38822613761103225,0.03029432502723312,154.10823187863636,0.24303470872832356,0.37731319227337945,0.4318582647933939,0.39642289121246,0.38822613761103225,0.3031976582529778,BURST-DOMINATED,Moderate
17,85.0,90.0,1.0,1.0,1.0,53.76480484008789,58.563148498535156,10.930100694444445,0.5325,0.1,0.05,1.0,0.99999999965,0.015,0.08000000000000002,0.41888438183331383,0.014220655773420481,390.8186918600571,0.2864515866854132,0.19841249994487498,0.4494105699825195,0.37924999987749997,0.41888438183331383,0.21154839737825998,LOW-COMPLEXITY,Moderate
18,90.0,95.0,1.0,1.0,1.0,59.613590240478516,67.46458129882812,8.276652777777775,0.5325,0.1,0.05,1.0,0.99999999965,0.235,0.08000000000000002,0.5026972089140714,0.012019010212418302,530.3596716577227,0.4037155068138637,0.288062499944875,0.5061845887323024,0.4562499998775,0.5026972089140714,0.32409805723471985,LOW-COMPLEXITY,High
19,95.0,100.0,0.0,0.0,0.0,65.16126251220703,67.6700454711914,3.7229895833333333,0.0,0.0,0.0,0.0,0.0,0.0,0.0,0.40049750024359565,0.0050236358932461865,408.31876670896037,0.246815945888545,0.0,0.23083193260603838,0.0,0.40049750024359565,0.10407477429548702,LOW-COMPLEXITY,Low
20,100.0,105.0,3.0,3.0,46.520000000000266,71.51677703857422,73.27706298828124,24.419215277777777,0.1735441960447124,0.1,0.7753333333333378,0.14617368873602668,0.9999999998833333,0.015,0.3244053042236562,0.47195290484898056,0.03147986887254902,681.7779450838805,0.3285505583064099,0.3047288073189154,0.5240407045560913,0.45257159122626345,0.47195290484898056,0.2821120951691402,SPARSE-EXTREME,High
21,105.0,110.0,4.0,6.0,7.760000000000005,121.19715881347656,123.12297973632812,29.260895833333333,0.3597819587628864,0.15,0.09700000000000006,0.6314432989690718,0.652083333296875,0.11716666666666667,0.486665980283746,0.4149676419999725,0.040115322167755985,1692.3128253205493,0.2650215230272466,0.362148243084354,0.4854311666689206,0.41523729407236337,0.4149676419999725,0.3009613230569809,LOW-COMPLEXITY,Moderate
22,110.0,115.0,3.0,5.0,7.52000000000001,105.52909088134766,110.47709503173829,27.255434027777778,0.27993475177304944,0.16666666666666669,0.1253333333333335,0.9308510638297859,0.6174999999545,0.17961538461538462,0.6107396333675411,0.3975661703263998,0.03983581195533769,962.6782555356945,0.24669072072412368,0.43612125973848337,0.5033737017739187,0.4622122746097219,0.3975661703263998,0.3366494045603108,HEAVY-TAIL-RISK,High
23,115.0,120.0,1.0,2.0,5.52000000000001,117.98652648925781,122.88469085693359,21.058149305555556,0.18197971014492745,0.2,0.2760000000000005,1.0,0.4999999999125,0.18999999999999997,0.4104579025110784,0.3938045825590035,0.03634463058278867,1113.528907404733,0.2433518076461471,0.33472418757853784,0.43997987477494216,0.36463737072269853,0.3938045825590035,0.2862863997312141,SPARSE-EXTREME,Moderate
24,120.0,125.0,1.0,1.0,2.0,105.10796356201172,107.7368896484375,11.612954861111113,0.29000000000000004,0.1,0.1,1.0,0.99999999965,0.235,0.3866666666666667,0.4196383835172799,0.01659349332788671,993.9771317823366,0.28157964730145507,0.421462499944875,0.5462105664593874,0.5482499998775,0.4196383835172799,0.3438039260321931,LOW-COMPLEXITY,High
25,125.0,130.0,1.0,3.0,78.00000000000026,107.60356903076172,134.4614013671875,15.36604861111111,0.298076923076923,0.3,1.0,0.1628205128205123,0.3333333332944444,0.34500000000000003,0.17590186307495223,0.34489479914295784,0.023982597222222225,1286.999908029669,0.2240150838946141,0.2696048104314792,0.35003179842780374,0.2901872255755412,0.34489479914295784,0.26093025107254175,SPARSE-EXTREME,Moderate
26,130.0,135.0,1.0,3.0,5.0,108.86614990234375,112.691357421875,15.521350694444443,0.24583333333333332,0.3,0.25,1.0,0.36249999995138893,0.307,0.6105235618618712,0.4213922740696926,0.02254906563180828,888.07590595993,0.2854032143005061,0.4477739994022577,0.47411822722201413,0.41748206854154746,0.4213922740696926,0.3716234524398155,HEAVY-TAIL-RISK,Moderate
27,135.0,140.0,0.0,1.0,1.0,67.04400634765625,95.1410629272461,8.428649305555556,0.0325,0.1,0.05,1.0,0.0,0.15,0.04571428571428573,0.4834945972250478,0.01402628676470588,601.5171109288242,0.4255944166033983,0.08101071428571428,0.27029609726819515,0.06621428571428571,0.4834945972250478,0.23088433589644838,LOW-COMPLEXITY,Low
28,140.0,145.0,1.0,1.0,1.0,94.06590270996094,126.61175231933593,12.114333333333333,0.5325,0.1,0.05,1.0,0.99999999965,0.235,0.08000000000000002,0.42504802256060015,0.016081709831154686,1629.8789062028004,0.34267465098167493,0.288062499944875,0.4730545472522494,0.4562499998775,0.42504802256060015,0.3013944113889747,LOW-COMPLEXITY,Moderate
29,145.0,150.0,1.0,1.0,35.400000000000205,95.6635971069336,97.45724792480469,16.818135416666664,0.18912429378531065,0.1,1.0,0.20903954802259767,0.99999999965,0.015,0.43063346877982517,0.5199449565472104,0.026230854166666668,1177.1915165199177,0.3894671601533162,0.3509380588640989,0.5614209528092591,0.4844400405114475,0.5199449565472104,0.32958969474006994,SPARSE-EXTREME,High
30,150.0,155.0,3.0,7.0,9.760000000000005,60.15084457397461,63.140288543701175,30.415513888888896,0.27927900078064005,0.23333333333333334,0.16266666666666676,0.11270491803278682,0.4410714285482143,0.25423076923076926,0.14189364982156294,0.4020887408126941,0.03979884899237473,237.6053417692333,0.2543732486624046,0.2347915261302621,0.3695726383094162,0.28592386416911314,0.4020887408126941,0.24085660231725123,BURST-DOMINATED,Moderate
31,155.0,160.0,2.0,5.0,7.0,57.11420822143555,79.8013916015625,24.05762847222222,0.29160714285714284,0.25,0.175,0.6571428571428571,0.4174999999685,0.2969444444444444,0.5034132940589614,0.45272579482578446,0.030847130718954254,478.7074237047488,0.38612300708394665,0.40574589402179806,0.4539622242444015,0.40107954376221894,0.45272579482578446,0.3885149385410231,BURST-DOMINATED,Moderate
32,160.0,165.0,3.0,4.6000000000000085,33.880000000000194,88.00528717041016,88.81085662841797,19.156038194444438,0.21078550211317032,0.1533333333333336,0.56466666666667,0.17119244391971566,0.6521739129938551,0.1396666666666666,0.16932820884010233,0.43630890503257136,0.024167883850762524,2170.3812383742325,0.289298553126142,0.23328932880864334,0.43076019003827837,0.3279426655332133,0.43630890503257136,0.24665401481100757,SPARSE-EXTREME,Moderate
33,165.0,170.0,2.0,3.0,4.760000000000005,144.72543334960938,146.06942443847657,18.263996527777778,0.2987673669467785,0.15,0.11900000000000013,1.0,0.6374999999319444,0.1225,0.6175005879931708,0.420035371613458,0.027601537445533772,3067.253236626444,0.26875427370159977,0.4189377557663105,0.5110806426514345,0.45125017637413173,0.420035371613458,0.33149660707441303,HEAVY-TAIL-RISK,High
34,170.0,175.0,2.0,3.0,3.760000000000005,124.39385223388672,139.19202270507813,29.060156250000002,0.3508907801418436,0.15,0.09400000000000013,1.0,0.6958333332458333,0.10472222222222222,0.3763099585062241,0.3628762026571931,0.05157295846949891,1317.5557007764787,0.21848447027361204,0.31596288749198176,0.4471658376809057,0.39308743196568663,0.3628762026571931,0.25765827699231386,LOW-COMPLEXITY,Moderate
35,175.0,180.0,3.0,7.0,49.040000000000276,124.42312622070312,128.97557067871094,28.664597222222223,0.2829491804552169,0.23333333333333334,0.817333333333338,0.13050570962479535,0.4660714285446429,0.237,0.15449138125758483,0.44944522908528467,0.04511576606753812,2403.9751671115573,0.3046611167768341,0.23718750084283063,0.40500826798612977,0.29242241436790045,0.44944522908528467,0.26414585210087904,SPARSE-EXTREME,Moderate
36,180.0,185.0,6.0,8.0,9.0,63.55331802368164,127.76834411621094,36.15581944444445,0.45291666666666663,0.13333333333333333,0.075,0.7444444444444445,0.728124999969922,0.18137662337662336,0.367887323943662,0.3663466785159058,0.05599008932461874,1041.1912962681627,0.330293398094444,0.3486216474367297,0.43557894734516034,0.42869176535438946,0.3663466785159058,0.3265399154247568,LOW-COMPLEXITY,Moderate
37,185.0,190.0,2.0,4.0,5.0,61.36369705200195,62.93653411865235,22.619895833333338,0.31875,0.2,0.125,1.0,0.49999999995625,0.225,0.3836230769230769,0.40976207613181176,0.031533058687363835,235.33942407403984,0.254480862995321,0.3373135384546478,0.42850268046319767,0.36883692306161053,0.40976207613181176,0.2885693121652883,BURST-DOMINATED,Moderate
38,190.0,195.0,0.0,3.6000000000000085,5.0,75.01676940917969,95.71505737304689,22.98307638888889,0.15527777777777793,0.3600000000000009,0.25,0.1,0.024305555548803953,0.5,0.2519005962691603,0.3765000042255285,0.03721118736383443,485.6617958952019,0.26768422115133034,0.31715488437602135,0.33294173382793407,0.25907712332282945,0.3765000042255285,0.319031805799434,SPARSE-EXTREME,Moderate
39,195.0,200.0,3.0,5.0,50.60000000000031,113.2702407836914,116.04395599365235,33.22109375,0.19781093544137082,0.16666666666666669,0.8433333333333385,0.13833992094861575,0.599999999958,0.22166666666666665,0.1613637574947419,0.4789957438271022,0.04835687173202615,1698.9525240740365,0.3387701588941149,0.2550224011702644,0.4411856602939058,0.3359924605670559,0.4789957438271022,0.28367235488402687,SPARSE-EXTREME,Moderate
40,200.0,205.0,0.0,1.0,60.2800000000004,97.34852600097656,137.5956268310547,9.526486111111113,0.275,0.1,1.0,0.14100862641008532,0.08749999991249999,0.42999999999999994,0.16821365934584406,0.33039404845598414,0.015529262254901961,1487.233617830262,0.2275275373454595,0.2621791918016609,0.29910392096477323,0.23158909777312817,0.33039404845598414,0.26858367779828096,SPARSE-EXTREME,Low
41,205.0,210.0,1.0,1.0,1.7600000000000051,72.03044891357422,105.28120727539063,12.919256944444447,0.32229090909090835,0.1,0.08800000000000026,1.0,0.99999999965,0.235,0.3820289855072465,0.4016475615365656,0.017910819035947715,1042.9837056527012,0.3277420040717902,0.41944510864052725,0.521484184452586,0.5468586955296739,0.4016475615365656,0.36203292403624576,LOW-COMPLEXITY,High
42,210.0,215.0,2.0,3.0,50.36000000000031,73.92827606201172,140.3652313232422,18.61282291666667,0.27402369605507004,0.15,1.0,0.13701350277998328,0.6666666665888888,0.11249999999999999,0.34837748958790127,0.36966378654164767,0.026535849537037037,1214.6754474599297,0.32715453694470303,0.30238795795848705,0.41277909753585273,0.3772215801824815,0.36966378654164767,0.2960156294126732,SPARSE-EXTREME,Moderate
43,215.0,220.0,1.0,2.0,43.040000000000276,131.51397705078125,133.93062744140624,17.403079861111113,0.2616171003717471,0.2,1.0,0.21840148698884615,0.543749999890625,0.162,0.19173326416314668,0.4896689815415179,0.025649892565359475,2376.615744154515,0.35095543020420067,0.23505959489374226,0.431903972894809,0.30453247921066273,0.4896689815415179,0.27348684985437605,SPARSE-EXTREME,Moderate
44,220.0,225.0,1.0,2.0,2.0,108.5165023803711,109.4161376953125,11.842343749999998,0.365,0.2,0.1,1.0,0.456249999934375,0.23666666666666666,0.10116153846153847,0.4238912867099322,0.018057393246187367,1514.25518927647,0.272095118016655,0.21230631088709997,0.386646464763297,0.2728692948488261,0.4238912867099322,0.23974189743389582,BURST-DOMINATED,Moderate
45,225.0,230.0,2.0,4.0,9.280000000000015,48.353885650634766,49.777671813964844,20.005753472222224,0.21755862068965506,0.2,0.23200000000000037,0.8189655172413779,0.47812499996171876,0.24,0.6591051102282295,0.46052415827887855,0.0269186802832244,228.52543286030365,0.31339555595478263,0.45981541044325047,0.49493862504899183,0.4490752830550704,0.46052415827887855,0.3736610237090532,HEAVY-TAIL-RISK,Moderate
46,230.0,235.0,2.0,5.0,6.760000000000005,49.09372329711914,57.38487854003907,24.582145833333335,0.2757789940828401,0.25,0.16900000000000012,0.1183431952662721,0.434999999965,0.2845,0.14368730697529208,0.4239054861275549,0.030338480664488018,168.4678753485593,0.3099139320616721,0.24695022852873955,0.3673899196861736,0.29493119208033763,0.4239054861275549,0.2702451624354019,BURST-DOMINATED,Moderate
47,235.0,240.0,3.0,7.0,10.0,58.839908599853516,60.06195220947266,29.431253472222224,0.27619047619047615,0.23333333333333334,0.16666666666666669,0.1,0.4410714285482143,0.3126923076923077,0.1391662576687115,0.41865480571128977,0.03697146459694989,237.5183543824409,0.2658069813403783,0.25742818746684865,0.38259464904192547,0.3055671849847961,0.41865480571128977,0.26119593198042423,BURST-DOMINATED,Moderate
48,240.0,245.0,3.0,28.0,33.760000000000005,58.325233459472656,60.76384582519531,36.49646180555555,0.37645032723990074,0.9333333333333333,0.5626666666666668,0.10367298578199051,0.11339285714129464,0.8284615384615385,0.3350755100101885,0.4319930580427703,0.05269923842592592,243.38839734119077,0.2830601825258731,0.5012152987772628,0.4228015294936948,0.4301716914640481,0.4319930580427703,0.43888907319195003,SPARSE-EXTREME,Moderate
49,245.0,250.0,3.0,4.0,24.760000000000005,73.79646301269531,114.59058532714843,29.93955208333333,0.18081491653204093,0.13333333333333333,0.4126666666666668,0.23424878836833596,0.7281249999398438,0.09090909090909091,0.6991372814656687,0.3707941767263279,0.04121736301742918,1262.6515266284898,0.2965962338141281,0.45584985947354584,0.5017920173009195,0.49640311623682776,0.3707941767263279,0.3588246437279269,HEAVY-TAIL-RISK,High
50,250.0,255.0,2.0,7.6000000000000085,55.80000000000028,111.06224822998047,118.29512176513673,26.66387152777778,0.2760790416902471,0.38000000000000045,1.0,0.15591397849462288,0.2746710526179446,0.4788787878787884,0.6061432542472437,0.4000891677458381,0.042211717047930274,1190.423025677358,0.2631346141346494,0.5020761124454836,0.469608171631271,0.4455854204480296,0.4000891677458381,0.40654906030859367,HEAVY-TAIL-RISK,Moderate
51,255.0,260.0,1.0,2.6000000000000085,37.68000000000022,96.62208557128906,119.47360687255859,14.979631944444446,0.26673117752735587,0.26000000000000084,1.0,0.1433121019108272,0.4182692307045105,0.2786000000000006,0.22871204228095549,0.35599386592355065,0.02086944090413943,1981.1635822170579,0.230369088061085,0.2788966422281763,0.3745494859623556,0.3125178434308655,0.35599386592355065,0.26123520397862277,SPARSE-EXTREME,Moderate
52,260.0,265.0,0.0,4.0,52.60000000000031,68.99235534667969,114.16769104003906,16.343854166666667,0.3,0.4,1.0,0.18631178707224225,0.043749999989062496,0.5,0.3791040422802549,0.38348865556418027,0.0253985829248366,817.584857131156,0.3267626068009674,0.3755508833901883,0.3484892649039705,0.3040437126802483,0.38348865556418027,0.37134598856786655,SPARSE-EXTREME,Moderate
53,265.0,270.0,0.0,7.0,9.0,46.42479705810547,119.55787811279296,17.491979166666667,0.29964285714285716,0.7,0.45,0.8777777777777779,0.04999999999285714,0.5,0.373188750969744,0.34323531422371784,0.023158124319172115,1291.8543593049944,0.3285953274799704,0.37396210667071367,0.32482387721856065,0.3044566252884232,0.34323531422371784,0.3731555048560135,SPARSE-EXTREME,Moderate
54,270.0,275.0,0.0,1.0,1.7600000000000051,49.19471740722656,57.289397430419925,12.960826388888888,0.03820000000000004,0.1,0.08800000000000026,0.11363636363636331,0.0,0.15,0.07494539163649995,0.37897010662585723,0.014544180555555555,420.53548681837765,0.2503165452311821,0.09372624536187749,0.25125474948232085,0.07498361749094998,0.37897010662585723,0.167096717023414,LOW-COMPLEXITY,Low
55,275.0,280.0,0.0,1.0,1.0,48.35601806640625,54.726122283935545,9.321350694444444,0.0325,0.1,0.05,0.2,0.0,0.15,0.04571428571428573,0.39074970611011334,0.012568237064270155,467.52956971368576,0.25828714431481714,0.08101071428571428,0.2541980755248515,0.06621428571428571,0.39074970611011334,0.1647826149207211,LOW-COMPLEXITY,Low
56,280.0,285.0,1.0,1.0,2.0,44.92588806152344,102.03614654541016,9.802027777777779,0.39,0.1,0.1,1.0,0.9124999997375001,0.2583333333333333,0.3866666666666667,0.4222674917953128,0.013204655228758171,604.4410061016198,0.42120543376004055,0.41718958329198963,0.4910348377347318,0.5257916665747917,0.4222674917953128,0.39948137047168153,LOW-COMPLEXITY,Moderate
57,285.0,290.0,1.0,1.0,59.76000000000039,101.7225112915039,113.48903961181641,12.402149305555557,0.18336680053547516,0.1,1.0,0.1489290495314582,0.99999999965,0.235,0.17129997656167795,0.3586006760280636,0.01972387336601307,1514.3303664715788,0.21492999318697584,0.32777798974920486,0.4782597089731766,0.48363999284600334,0.3586006760280636,0.2696507222113355,SPARSE-EXTREME,Moderate
58,290.0,295.0,2.0,10.0,11.0,116.90008544921875,136.057568359375,31.80548263888889,0.2971590909090909,0.5,0.275,0.4818181818181818,0.2349999999895,0.5616666666666666,0.4114126325940212,0.4528063580513596,0.046353775462962966,2863.9164974926603,0.3482240350583129,0.44485616184341215,0.44740073471531583,0.40225712310786466,0.4528063580513596,0.4196292467224469,SPARSE-EXTREME,Moderate
59,295.0,300.0,7.0,9.0,10.0,138.78500366210938,140.88128662109375,43.19937500000001,0.4373015873015873,0.1285714285714286,0.07142857142857142,0.63,0.7583333333052469,0.14390109890109892,0.3685423128046079,0.3955576362902662,0.07234602369281043,2819.755594674057,0.23547304276827147,0.33839310386777866,0.48129285024933544,0.42634474511360343,0.3955576362902662,0.27855623154480247,LOW-COMPLEXITY,Moderate
60,300.0,305.0,3.0,3.0,4.0,150.32705688476562,156.5354431152344,29.24102083333333,0.44333333333333336,0.1,0.06666666666666667,1.0,0.9708333332263889,0.19045454545454543,0.37142857142857144,0.4423892631769535,0.05187762894880175,3746.9668256339205,0.2978230751049076,0.39208790582731207,0.5404037241840075,0.5178793289668984,0.4423892631769535,0.3307834473005401,LOW-COMPLEXITY,High
61,305.0,310.0,1.0,2.0,3.0,125.2205810546875,126.38555755615235,15.28789236111111,0.2891666666666667,0.2,0.15,1.0,0.543749999890625,0.162,0.41704782608695656,0.39132924410451025,0.020529852941176464,2123.3292741038636,0.2290076907457586,0.3330714293305995,0.44753437920418027,0.3721268477878057,0.39132924410451025,0.2763657409812583,BURST-DOMINATED,Moderate
62,310.0,315.0,1.0,1.0,1.0,78.35118865966797,123.55379638671874,8.261260416666666,0.6325,0.1,0.05,1.0,0.9124999997375001,0.2583333333333333,0.08000000000000002,0.4687869326079028,0.01292705895969499,921.679530798581,0.42584769555876434,0.2837895832919896,0.46005646327116123,0.4337916665747917,0.4687869326079028,0.33333021010564623,LOW-COMPLEXITY,Moderate
63,315.0,320.0,2.0,3.0,3.0,109.5692367553711,118.90689086914062,17.804104166666672,0.4487499999999999,0.15,0.075,1.0,0.608333333275,0.22249999999999998,0.09043478260869565,0.3883067739532349,0.03806782529956426,1078.143724508905,0.2481316623082145,0.2258203804255951,0.39618601944021614,0.3179221014288587,0.3883067739532349,0.23484446186117855,LOW-COMPLEXITY,Moderate
64,320.0,325.0,1.0,2.0,43.28000000000027,102.24498748779297,102.66633758544921,12.770565972222224,0.3115526802218114,0.2,1.0,0.13632162661737438,0.4999999999125,0.18999999999999997,0.16495869087566903,0.5045139314937255,0.019663416258169936,1785.6777285705346,0.36766487588072533,0.22793203051713476,0.4271310169314525,0.2909876072320757,0.5045139314937255,0.27944361462429,SPARSE-EXTREME,Moderate
65,325.0,330.0,1.0,2.0,2.0,92.13616943359375,98.35240478515625,14.132368055555558,0.41500000000000004,0.2,0.1,1.0,0.4999999999125,0.18999999999999997,0.0888888888888889,0.48301163807448055,0.01970198788126362,1188.390881026622,0.3658720212497676,0.1948416666528854,0.4028972599484876,0.26816666663604166,0.48301163807448055,0.26403047542156766,BURST-DOMINATED,Moderate
66,330.0,335.0,0.0,1.6000000000000085,2.0,92.0274429321289,92.34976959228516,9.793125,0.11749999999999988,0.16000000000000086,0.1,1.0,0.05468749996582002,0.5,0.3699727272727272,0.4300281887344725,0.013364889433551198,966.2870223795935,0.2798741844575246,0.373301417608253,0.39571099061033,0.30513244316985516,0.4300281887344725,0.3514248008496687,LOW-COMPLEXITY,Moderate
67,335.0,340.0,1.0,6.0,36.360000000000184,81.68380737304688,113.65970611572266,21.91955555555556,0.33041804180418033,0.6,1.0,0.3630363036303612,0.15208333332604168,0.6399999999999999,0.6022215377578238,0.44862863965029964,0.04303017456427016,915.4139034849405,0.3805893813762785,0.5467194939235049,0.4646853069023501,0.45789562799146166,0.44862863965029964,0.4911106188550604,HEAVY-TAIL-RISK,Moderate
68,340.0,345.0,13.0,16.0,18.760000000000005,97.65335845947266,110.05787963867188,57.18499652777778,0.41307418402493024,0.12307692307692308,0.07215384615384617,0.277185501066098,0.8124999999822267,0.11103846153846153,0.504652319900267,0.3972014291368012,0.09198738534858387,890.9452713110514,0.26552141007723357,0.3927406822307399,0.509629429581957,0.47463415750232096,0.3972014291368012,0.31528811147775687,LOW-COMPLEXITY,High
69,345.0,350.0,4.0,4.0,39.16000000000021,134.46505737304688,135.7697723388672,28.25121527777778,0.19949752298263546,0.1,0.4895000000000026,0.14044943820224645,0.9562499999234375,0.22499999999999998,0.34120760007842815,0.42710217709935255,0.04297913248910676,2381.9640111525227,0.27996546790965804,0.39072218102205764,0.5337245427425247,0.5157997799967315,0.42710217709935255,0.3274419196516387,SPARSE-EXTREME,High
70,350.0,355.0,0.0,1.0,1.0,116.51985168457031,117.0548080444336,5.794878472222224,0.1325,0.1,0.05,1.0,0.08749999991249999,0.42999999999999994,0.06857142857142857,0.4294148732849414,0.008636350081699346,2458.8192082253568,0.28472514016520484,0.21883482141479016,0.33175680343352254,0.20169642854080352,0.4294148732849414,0.2689094472488142,LOW-COMPLEXITY,Moderate
71,355.0,360.0,1.0,1.0,37.960000000000235,57.98199462890625,91.75880737304688,7.546586805555556,0.28817175974710213,0.1,1.0,0.20021074815595238,0.9124999997375001,0.2583333333333333,0.18471140563670366,0.30537636064503343,0.013511313044662309,514.8681493716454,0.21592817875822062,0.32933904474395564,0.4299005903771027,0.46520508826580276,0.30537636064503343,0.27437525002867674,SPARSE-EXTREME,Moderate
72,360.0,365.0,1.0,2.0,2.0,124.91206359863281,126.1624755859375,12.522920138888889,0.315,0.2,0.1,1.0,0.4999999999125,0.18999999999999997,0.09846153846153848,0.4277695616396093,0.018644140795206973,1593.6857473107732,0.28825659986006147,0.19900576921698795,0.3882674933685508,0.2710384615078365,0.4277695616396093,0.23534876296835194,BURST-DOMINATED,Moderate
73,365.0,370.0,2.0,5.0,46.520000000000266,134.07386779785156,135.92500915527344,23.689548611111114,0.2939961306964745,0.25,1.0,0.16122098022355885,0.4174999999685,0.2969444444444444,0.31437713743596407,0.4239602551525823,0.03305955460239651,2734.1743450488393,0.2800887145487468,0.3235151658907942,0.4284882667277716,0.3443686967753197,0.4239602551525823,0.30541786856745357,SPARSE-EXTREME,Moderate
74,370.0,375.0,0.0,1.0,1.0,101.1888198852539,103.48204193115234,8.027541666666664,0.1325,0.1,0.05,1.0,0.08749999991249999,0.42999999999999994,0.06857142857142857,0.42296375471810727,0.012608532679738561,1155.1736154841344,0.28666359471748754,0.21883482141479016,0.3269410255211307,0.20169642854080352,0.42296375471810727,0.269805931897327,LOW-COMPLEXITY,Moderate
75,375.0,380.0,0.0,0.0,1.0,56.139678955078125,56.39708938598633,1.404097222222222,0.0075,0.0,0.05,0.1,0.0,0.0,0.0,0.40455035250936217,0.0030394102668845316,584.5534552772793,0.2448379974209066,0.0,0.24065195155592958,0.0,0.40455035250936217,0.10550959362768811,LOW-COMPLEXITY,Low
76,380.0,385.0,1.0,3.0,33.400000000000205,108.40120697021484,113.77767181396484,17.55629166666666,0.2733033932135728,0.3,1.0,0.16467065868263372,0.36249999995138893,0.303,0.2044515525170804,0.44098772173600265,0.024757811546840956,1547.5443979363693,0.30487688256376616,0.2695026753372737,0.3993414083599022,0.2942604657381102,0.44098772173600265,0.28837873665141023,SPARSE-EXTREME,Moderate
77,385.0,390.0,1.0,2.0,47.0800000000003,64.60792541503906,98.29508209228516,10.006944444444446,0.26062022090059467,0.2,1.0,0.13169073916737387,0.456249999934375,0.23666666666666666,0.3966474173767092,0.40762652827778745,0.015601084150326796,928.4866624744401,0.3421739423586491,0.3408426682151992,0.41771006500394314,0.3615150585233773,0.40762652827778745,0.3340426411344308,SPARSE-EXTREME,Moderate
78,390.0,395.0,3.0,5.0,7.760000000000005,88.93597412109375,93.49063568115236,28.195340277777774,0.27436563573883155,0.16666666666666669,0.1293333333333334,0.9278350515463911,0.6174999999545,0.17961538461538462,0.6238356957044074,0.37656261547901865,0.043328532543572974,566.6070341173318,0.2206011811785814,0.44181804685502024,0.4986309361219393,0.46614109331078185,0.37656261547901865,0.32915996487172205,HEAVY-TAIL-RISK,Moderate
79,395.0,400.0,3.0,4.0,7.52000000000001,102.16328430175781,118.44916076660157,28.57461111111111,0.2766014184397161,0.13333333333333333,0.1253333333333335,0.8909574468085093,0.7718749999289063,0.08307692307692308,0.5395474425914065,0.34931241431853965,0.04967998488562092,862.5650119284844,0.21010171437942687,0.3901272961699107,0.4850986799970304,0.4610974058294622,0.34931241431853965,0.2892086387669809,LOW-COMPLEXITY,Moderate
80,400.0,405.0,4.0,7.0,11.760000000000005,115.12626647949219,143.70558471679686,32.99213541666667,0.27872517006802716,0.175,0.14700000000000008,0.518707482993197,0.5589285714017858,0.17958333333333332,0.5307799319243706,0.3433034590567278,0.06049796187363834,1591.4356308025758,0.21872358124089725,0.39210072871621576,0.4474556828856713,0.4177131462346028,0.3433034590567278,0.3046582379882405,LOW-COMPLEXITY,Moderate
81,405.0,410.0,4.0,10.0,14.760000000000005,96.97681427001953,118.43010711669922,36.235288194444436,0.26567635501355014,0.25,0.18450000000000005,0.3184281842818427,0.41749999998425,0.2969444444444444,0.4163945144842064,0.3499668728191953,0.0645774050925926,694.7794235586266,0.2214381122923233,0.3678927249092603,0.41458327874353407,0.374973909895305,0.3499668728191953,0.30502677378534176,BURST-DOMINATED,Moderate
82,410.0,415.0,6.0,11.0,16.280000000000015,128.0894775390625,136.46921997070314,43.40973263888889,0.2868221539721538,0.18333333333333332,0.1356666666666668,0.3501228501228498,0.5454545454371901,0.22345238095238093,0.4311833104156979,0.3938245172730965,0.07612514828431374,1645.2974703176399,0.24559121930625893,0.36453067617528123,0.45734953237360676,0.3984724173610592,0.3938245172730965,0.3049524084660676,LOW-COMPLEXITY,Moderate
83,415.0,420.0,3.0,6.0,10.0,101.0349349975586,120.86620330810547,31.688020833333333,0.25833333333333336,0.2,0.16666666666666669,0.12,0.5291666666326389,0.24499999999999997,0.1701999999964999,0.3502193029813634,0.04810832135076253,663.0492178428539,0.21881901903292106,0.25721824999311804,0.3813121871120344,0.32201833332037355,0.3502193029813634,0.24209394925980665,BURST-DOMINATED,Moderate
84,420.0,425.0,2.0,13.0,27.320000000000036,114.0878677368164,119.16679687500002,28.374510416666666,0.31693783646807083,0.65,0.6830000000000009,0.1098096632503659,0.1673076923025148,0.7585000000000001,0.4163611014499052,0.42340695554484303,0.049860975081699344,1041.5973810811781,0.27713644472185,0.5165567906683548,0.4546351982428445,0.4489410227408517,0.42340695554484303,0.4439179680771956,SPARSE-EXTREME,Moderate
85,425.0,430.0,4.0,18.60000000000001,26.52000000000001,126.66716003417969,132.02500915527344,40.15674999999999,0.2575188135551988,0.4650000000000002,0.33150000000000013,0.23755656108597276,0.21975806451182928,0.6574604072398191,0.4726498414880938,0.4930888477581729,0.07454433346949893,1469.7345859669465,0.36360249020235835,0.5081296921581602,0.4868756864372529,0.4488214175595051,0.4930888477581729,0.4641981014478433,SPARSE-EXTREME,Moderate
86,430.0,435.0,3.0,4.0,4.0,94.66559600830078,120.17119750976562,22.807868055555556,0.44333333333333336,0.13333333333333333,0.06666666666666667,1.0,0.7281249999398438,0.09090909090909091,0.11697272727272727,0.4285426462128425,0.03215782461873638,818.4581045508043,0.3320824920597648,0.20260827839961632,0.41085280762018594,0.3217537499789453,0.4285426462128425,0.24297724896191866,LOW-COMPLEXITY,Moderate
87,435.0,440.0,2.0,4.0,6.760000000000005,94.87371063232422,100.20326385498046,25.035701388888892,0.24827899408284015,0.2,0.16900000000000012,0.9467455621301768,0.5218749999507812,0.2422222222222222,0.4543567630174238,0.3832015400967985,0.0386484302832244,1069.0048235969607,0.2292660627766095,0.37854605996038293,0.45512579232873074,0.4037410566657783,0.3832015400967985,0.30683574368732996,BURST-DOMINATED,Moderate
88,440.0,445.0,4.0,7.0,52.32000000000029,96.65604400634766,106.16939544677734,30.10210416666667,0.23721915683704706,0.175,0.6540000000000037,0.13952599388379128,0.5714285714,0.18517857142857141,0.3006457380059526,0.3900273755101038,0.04668426988017429,690.6842184587534,0.24928290251457344,0.29624116388523225,0.4270830452047134,0.3550062213917858,0.3900273755101038,0.2680051767594462,SPARSE-EXTREME,Moderate
89,445.0,450.0,0.0,4.0,8.0,76.29381561279297,98.83668823242188,9.136534722222223,0.16,0.4,0.4,1.0,0.0,0.15,0.5437243730126213,0.5028010243216988,0.0158299404956427,219.23919670220783,0.43194587775288124,0.29764510226049024,0.36505253969384344,0.21561731190378639,0.5028010243216988,0.3370997276407543,SPARSE-EXTREME,Moderate
90,450.0,455.0,6.0,13.600000000000009,21.0,95.57997131347656,104.51736145019531,43.38435069444444,0.2551855742296919,0.2266666666666668,0.175,0.10476190476190476,0.4540441176347586,0.26391485244315455,0.21129532692341424,0.36516506344649646,0.068870816040305,350.2230912368643,0.21633622687229545,0.27097071810974516,0.37984785192752535,0.3146742376042938,0.36516506344649646,0.2474966078984582,BURST-DOMINATED,Moderate
91,455.0,460.0,7.0,11.0,14.0,85.62085723876953,88.764208984375,43.07254513888889,0.34064935064935065,0.15714285714285714,0.1,0.1,0.6363636363433884,0.12357142857142855,0.14660838945314789,0.39421284445694454,0.06772678907952072,251.11179783073416,0.23804823635309103,0.21435727927906015,0.3926182726992437,0.3099597895561303,0.39421284445694454,0.210771418067874,LOW-COMPLEXITY,Moderate
92,460.0,465.0,5.0,10.0,13.0,86.50265502929688,96.59363708496093,37.224128472222226,0.31180769230769234,0.2,0.13,0.1,0.508749999981625,0.2075,0.12118289657560492,0.386583934871924,0.058309069035947715,299.98713220776244,0.24910859423868104,0.21739893500749408,0.36794000369872554,0.2870423689662502,0.386583934871924,0.2267397491822542,BURST-DOMINATED,Moderate
93,465.0,470.0,2.0,2.0,3.0,91.4579849243164,95.35274963378906,17.461444444444446,0.3695833333333333,0.1,0.075,0.1,0.999999999825,0.2,0.096,0.4215643767231738,0.024199531862745097,297.6745689984399,0.276411566182684,0.2807599999724375,0.4730704345943325,0.44879999993874997,0.4215643767231738,0.2627893410185649,LOW-COMPLEXITY,Moderate
94,470.0,475.0,1.0,2.0,2.0,87.25694274902344,91.62756042480468,12.07185763888889,0.365,0.2,0.1,0.1,0.543749999890625,0.236,0.0888888888888889,0.4040284573289501,0.017296896514161216,286.18080705858205,0.25687800850069215,0.2204772916494401,0.3794442402487159,0.2995791666283854,0.4040284573289501,0.23257070733849244,BURST-DOMINATED,Moderate
95,475.0,480.0,2.0,4.0,5.760000000000005,99.5138168334961,105.24388885498047,24.504725694444442,0.270211111111111,0.2,0.14400000000000013,0.10416666666666659,0.5218749999507812,0.2583247863247864,0.1726098260208641,0.3867112124535164,0.03742356290849673,351.855809221934,0.2377937960313514,0.26254793723867437,0.3926987801196013,0.3248528730027079,0.3867112124535164,0.25013633842848326,BURST-DOMINATED,Moderate
96,480.0,485.0,2.0,7.0,10.760000000000005,96.48015594482422,104.15920562744141,22.347194444444444,0.2636439458311205,0.35,0.26900000000000013,0.1022304832713754,0.2982142856982143,0.4391666666666666,0.19022219332638207,0.38030621834257783,0.03217137186819172,306.7905968599834,0.23521660777481723,0.30867582076111155,0.3672369396353186,0.3151499913256229,0.38030621834257783,0.28938967383974956,SPARSE-EXTREME,Moderate
97,485.0,490.0,3.0,4.0,6.0,86.18727111816406,92.53867034912109,22.542444444444445,0.32333333333333336,0.13333333333333333,0.1,0.11666666666666667,0.7281249999398438,0.09090909090909091,0.20963315997321827,0.41451949099305296,0.030498393246187364,235.6470574353311,0.27577107235378145,0.24291556662432992,0.42141883881289016,0.34955187978909263,0.41451949099305296,0.23592450373639454,LOW-COMPLEXITY,Moderate
98,490.0,495.0,3.0,5.0,7.0,87.32521057128906,89.3269058227539,22.8065,0.29345238095238096,0.16666666666666669,0.11666666666666667,0.11428571428571428,0.5824999999615,0.19136363636363635,0.2727317334187691,0.39822338829200254,0.031157083469498907,263.7350525505452,0.24060753282800282,0.2883627358492826,0.41718061345295854,0.3526717927394285,0.39822338829200254,0.2555118031532607,LOW-COMPLEXITY,Moderate
99,495.0,500.0,3.0,8.0,12.760000000000005,116.45301055908203,117.99901275634765,31.46190625,0.2536215256008359,0.26666666666666666,0.21266666666666673,0.5642633228840123,0.3859374999822266,0.3692307692307692,0.5343549813970339,0.4271874553863705,0.04783966162854031,859.2114811273194,0.28365025586257264,0.44369111161644886,0.47707961125216236,0.42461538864365866,0.4271874553863705,0.37446706754019793,SPARSE-EXTREME,Moderate
100,500.0,505.0,3.0,4.0,5.0,98.52325439453125,116.16548004150391,28.189822916666667,0.37083333333333335,0.13333333333333333,0.08333333333333334,0.1,0.7281249999398438,0.09090909090909091,0.09870000000000002,0.3451231439506493,0.04106098257080611,787.0628025128776,0.20893714067432012,0.19465964203597996,0.38608287609187464,0.31627193179712715,0.3451231439506493,0.19084906370892657,LOW-COMPLEXITY,Moderate
101,505.0,510.0,3.0,6.0,7.760000000000005,97.21336364746094,110.27848510742187,31.56078472222222,0.29603230240549816,0.2,0.1293333333333334,0.7731958762886593,0.49999999997083333,0.2583333333333333,0.5304434613809584,0.3666243508689956,0.05143728513071895,712.6545990604351,0.2274952657633353,0.4147637390294565,0.4582776958595254,0.42454970507074585,0.3666243508689956,0.3266385912557297,BURST-DOMINATED,Moderate
102,510.0,515.0,5.0,12.600000000000009,20.52000000000001,87.43737030029297,100.21542510986329,42.97957638888888,0.2552948983570036,0.25200000000000017,0.2052000000000001,0.31189083820662755,0.41765873014605354,0.3181695652173916,0.28837968402923286,0.3680943120785296,0.0728954885620915,363.6289534554321,0.22972743594307038,0.32088051037680676,0.39285390010787924,0.3440538085859756,0.3680943120785296,0.28313834889839334,SPARSE-EXTREME,Moderate
103,515.0,520.0,9.0,16.0,22.760000000000005,82.68163299560547,107.48083648681641,45.98670138888888,0.3111264010935364,0.17777777777777776,0.12644444444444447,0.2724077328646748,0.5624999999876954,0.17083333333333334,0.3444222278088245,0.35957607055316604,0.08042390972222223,425.16088732622285,0.24883106064447774,0.30803200242823403,0.40754482039607076,0.3599933350050074,0.35957607055316604,0.2715338673272292,LOW-COMPLEXITY,Moderate
104,520.0,525.0,0.0,1.0,1.0,109.39854431152344,119.35101776123047,8.738319444444445,0.1325,0.1,0.05,1.0,0.08749999991249999,0.42999999999999994,0.06857142857142857,0.3976509942016022,0.014694669662309368,589.7091132696951,0.27551917079543903,0.21883482141479016,0.3128785096999305,0.20169642854080352,0.3976509942016022,0.2656400295280089,LOW-COMPLEXITY,Moderate
105,525.0,530.0,0.0,2.0,47.0800000000003,130.9092254638672,142.89345092773436,10.33707986111111,0.25,0.2,1.0,0.19541206457094185,0.043749999978124995,0.5,0.5603250295342976,0.4033076469086817,0.017595583061002177,1894.4451578746427,0.2843542910843192,0.45438201284397417,0.4126437736019163,0.358410008852633,0.4033076469086817,0.39482430900580456,SPARSE-EXTREME,Moderate
106,530.0,535.0,3.0,31.200000000000017,52.760000000000005,140.55380249023438,142.4991485595703,42.808420138888884,0.46481780875177386,1.0,0.8793333333333335,0.1326762699014405,0.1382211538437268,0.7993176355163114,0.23493753259773761,0.4272503718971377,0.09324433088235294,1431.3164150472567,0.29083205195253464,0.44968959488329974,0.4215367593231535,0.39861983605533463,0.4272503718971377,0.42121133753382506,SPARSE-EXTREME,Moderate
107,535.0,540.0,1.0,29.0,59.4400000000001,136.8209228515625,137.70177307128907,35.49717708333334,0.4704808093934191,1.0,1.0,0.11440107671601596,0.08879310344598691,1.0,0.21787430845078182,0.4329369965446041,0.0796924711328976,1310.7970111480765,0.29614314415612925,0.516260237968833,0.43457226455375164,0.44643987874132995,0.4329369965446041,0.47461876180334395,SPARSE-EXTREME,Moderate
108,540.0,545.0,3.0,5.0,10.56000000000003,57.240203857421875,60.680840301513676,25.59985416666667,0.23011212121212093,0.16666666666666669,0.17600000000000052,0.17045454545454497,0.6174999999545,0.17961538461538462,0.3381559269008745,0.3904564348996889,0.03698882788671024,119.21506698997062,0.23947706289689352,0.3175473474254834,0.42193040585437114,0.38043716266972194,0.3904564348996889,0.26542729996153175,LOW-COMPLEXITY,Moderate
109,545.0,550.0,2.0,4.0,7.760000000000005,125.20069122314453,130.5378875732422,24.564774305555563,0.23296597938144323,0.2,0.19400000000000012,1.0,0.47812499996171876,0.24,0.49071364522417127,0.45689622041375555,0.041305065359477124,623.323486269869,0.3232408012557244,0.38656512316648517,0.47783645669907926,0.39855784355385293,0.45689622041375555,0.34824615215272675,BURST-DOMINATED,Moderate
110,550.0,555.0,0.0,1.0,2.0,101.588134765625,128.12997436523438,10.242048611111109,0.04,0.1,0.1,1.0,0.0,0.15,0.35111111111111115,0.49359288290303704,0.020212488425925924,1046.3324086102286,0.41432282351816657,0.21385833333333337,0.34239717914331846,0.15783333333333335,0.49359288290303704,0.29376887040015215,LOW-COMPLEXITY,Moderate
111,555.0,560.0,2.0,3.0,38.20000000000023,118.52366638183594,120.99920196533203,25.362381944444444,0.2402613438045382,0.15,0.9550000000000057,0.18062827225130781,0.6958333332458333,0.1758333333333333,0.23675954322932002,0.45769383145661047,0.047123985566448805,1432.9127452758817,0.315735149078607,0.28423623462430625,0.46427999356582017,0.37611119627150424,0.45769383145661047,0.2854143792409193,SPARSE-EXTREME,Moderate
112,560.0,565.0,3.0,5.0,6.0,123.4271469116211,132.86267700195313,32.584131944444444,0.3266666666666667,0.16666666666666669,0.1,1.0,0.6174999999545,0.17961538461538462,0.5595927021556989,0.3769314009130503,0.05307725272331155,1871.9333223865603,0.22790239682390961,0.41387234466133205,0.48495756251489064,0.4468681952461693,0.3769314009130503,0.31829624654110494,LOW-COMPLEXITY,Moderate
113,565.0,570.0,3.0,6.0,9.0,128.17733764648438,131.6760223388672,32.12927777777777,0.2725,0.2,0.15,0.8222222222222222,0.5291666666326389,0.24499999999999997,0.5349688307374321,0.4204740563924792,0.05038193913398694,1642.2710986461457,0.2732066733758879,0.4158926913654235,0.4879673077540304,0.4314489825426532,0.4204740563924792,0.3437687049143495,BURST-DOMINATED,Moderate
114,570.0,575.0,4.0,5.0,5.0,120.82383728027344,124.54214019775391,30.77073263888889,0.5006250000000001,0.125,0.0625,1.0,0.7824999999475,0.1750833333333333,0.08242424242424243,0.4379548544085984,0.048372997549019615,2043.1300110026907,0.2946900056533078,0.23044475377961002,0.44401263030259364,0.3598814393755643,0.4379548544085984,0.24939517952738172,LOW-COMPLEXITY,Moderate
115,575.0,580.0,5.0,6.0,7.0,118.0594253540039,123.95077056884766,31.038628472222225,0.48097619047619045,0.12,0.06999999999999999,0.8285714285714286,0.7895833332920139,0.1953529411764706,0.3680898876404495,0.40978733433476616,0.050273086737472765,1571.9688691739768,0.27671048525535524,0.3640847996464995,0.492319816203421,0.4551546623561044,0.40978733433476616,0.3122720631553685,LOW-COMPLEXITY,Moderate
116,580.0,585.0,1.0,1.0,1.0,63.52861785888672,65.18332214355469,9.037541666666666,0.5325,0.1,0.05,0.1,0.99999999965,0.015,0.08000000000000002,0.403656901633769,0.012548415168845315,329.7960909453086,0.25023830191038315,0.19841249994487498,0.4444434341699723,0.37924999987749997,0.403656901633769,0.19551012750623964,LOW-COMPLEXITY,Moderate
117,585.0,590.0,4.0,5.0,6.0,64.09908294677734,65.9374267578125,25.99229861111111,0.4358333333333333,0.125,0.075,0.11666666666666667,0.7824999999475,0.1750833333333333,0.11767032964232968,0.38282093970019343,0.030343930419389976,426.6000648567999,0.22293928441018224,0.24577680171947797,0.4279979003987606,0.3704552655409905,0.38282093970019343,0.22698505519929174,LOW-COMPLEXITY,Moderate
118,590.0,595.0,4.0,7.0,7.760000000000005,62.71567916870117,64.91478576660157,35.842375,0.3588891016200293,0.175,0.09700000000000006,0.10309278350515456,0.5839285713982143,0.22713235294117645,0.10434613700961784,0.3843048756302033,0.0405536640795207,392.42611659677607,0.22743563910500103,0.2299157534179319,0.39103036410046366,0.3151751646216721,0.3843048756302033,0.22693723686684875,LOW-COMPLEXITY,Moderate
119,595.0,600.0,1.0,2.0,2.0,76.69256591796875,90.90235137939453,23.268079861111115,0.315,0.2,0.1,0.1,0.4999999999125,0.24999999999999997,0.09846153846153848,0.3436910701321589,0.02807914501633987,508.73965478392216,0.20871663865232687,0.22345576921698798,0.3588714832115726,0.2920384615078365,0.3436910701321589,0.2213098016864049,BURST-DOMINATED,Moderate
120,600.0,605.0,4.0,8.0,9.0,92.5690689086914,122.67151794433593,38.52000694444444,0.31409722222222225,0.2,0.1125,0.5222222222222223,0.499999999978125,0.2875,0.5228030405129339,0.33996976019318453,0.05429797194989106,1254.4967971453884,0.22480953371235649,0.42332557261968096,0.4433111873878517,0.4324659121462239,0.33996976019318453,0.33286669847057027,BURST-DOMINATED,Moderate
121,605.0,610.0,2.0,3.0,3.0,104.71460723876953,118.9621353149414,27.605604166666673,0.4487499999999999,0.15,0.075,0.1,0.6666666665888888,0.11249999999999999,0.08470588235294119,0.3980170255953378,0.037605179874727675,1820.75104520898,0.2688717233091519,0.18769080881127942,0.3939489616544547,0.29812009801199346,0.3980170255953378,0.2136446241877418,LOW-COMPLEXITY,Moderate
122,610.0,615.0,1.0,1.0,2.0,86.41154479980469,97.26150817871094,15.001218750000001,0.39,0.1,0.1,1.0,0.9124999997375001,0.2583333333333333,0.3866666666666667,0.4219960299601687,0.025453789896514162,1707.9616881865613,0.2993472872501648,0.41718958329198963,0.5291689241144376,0.5257916665747917,0.4219960299601687,0.35196709290842676,LOW-COMPLEXITY,High
123,615.0,620.0,2.0,4.0,4.0,125.14649200439453,136.9041015625,25.01980208333333,0.365,0.2,0.1,1.0,0.49999999995625,0.18999999999999997,0.09509436619718312,0.38557515325876623,0.04179182938453159,2205.429258763182,0.25020111661986194,0.19754104928888402,0.3696758238033482,0.2700283098438424,0.38557515325876623,0.21985746325598873,BURST-DOMINATED,Moderate
124,620.0,625.0,2.0,2.0,3.0,57.313209533691406,120.24267578125,21.42288888888889,0.4195833333333333,0.1,0.075,1.0,0.956249999846875,0.20500000000000002,0.3787,0.360285953390761,0.031647675925925926,924.3812684946998,0.32846167605667687,0.3988813749758828,0.480885587955989,0.5200474999464062,0.360285953390761,0.3505243054652443,LOW-COMPLEXITY,Moderate
125,625.0,630.0,2.0,3.0,4.0,55.789615631103516,57.158468627929686,19.952802083333335,0.3358333333333333,0.15,0.1,1.0,0.6374999999319444,0.1225,0.41416341463414635,0.4630815457880442,0.02837578608387799,373.8211197568812,0.31583795225532085,0.3304860853551349,0.47288992941372815,0.3902490243664244,0.4630815457880442,0.30040957717057615,LOW-COMPLEXITY,Moderate
126,630.0,635.0,4.0,6.0,45.520000000000266,107.9583740234375,124.34508666992187,31.89853819444444,0.21678673110720587,0.15,0.5690000000000033,0.18453427065026254,0.652083333296875,0.15916666666666665,0.17136817077560923,0.3695572872728282,0.05824891911764706,1056.282556971317,0.24042630668880435,0.2421086959483145,0.4034340824557696,0.33534795121992234,0.3695572872728282,0.23452265266872252,SPARSE-EXTREME,Moderate
127,635.0,640.0,2.0,3.0,4.760000000000005,76.40914154052734,86.44296112060547,18.044284722222223,0.2987673669467785,0.15,0.11900000000000013,1.0,0.6374999999319444,0.1225,0.42045794514584245,0.3752559240036272,0.029112958197167756,375.0044247865326,0.23825830021482572,0.33322420612772263,0.4416054338400342,0.3921373835199332,0.3752559240036272,0.2735707627223944,LOW-COMPLEXITY,Moderate
128,640.0,645.0,1.0,1.0,2.0,71.58106231689453,75.69878997802735,10.130833333333332,0.29000000000000004,0.1,0.1,0.1,0.99999999965,0.015,0.10666666666666667,0.3769166777864364,0.014867385757080609,231.89273123756885,0.22243955093692183,0.210012499944875,0.4324657201251979,0.3872499998775,0.3769166777864364,0.18810360806567106,LOW-COMPLEXITY,Moderate
129,645.0,650.0,1.0,3.0,3.760000000000005,81.63890075683594,92.79453125,15.362253472222221,0.26951205673758855,0.3,0.18800000000000025,1.0,0.36249999995138893,0.307,0.3910759948375995,0.3558361492025218,0.025007706971677555,406.6725677449672,0.2130309430627415,0.35231430774669953,0.398723721676958,0.35164779843426597,0.3558361492025218,0.29252113604331553,BURST-DOMINATED,Moderate
130,650.0,655.0,1.0,2.0,57.800000000000026,77.24288940429688,111.62890625,18.060496527777772,0.3086505190311418,0.2,1.0,0.13148788927335636,0.4999999999125,0.18999999999999997,0.16482285217752723,0.3897904311390378,0.03685766026688453,518.2584436756808,0.31189190276668594,0.2278729406834431,0.37068864174648297,0.29094685562263317,0.3897904311390378,0.26046279603648165,SPARSE-EXTREME,Moderate
131,655.0,660.0,1.0,3.6000000000000085,6.0,73.53099822998047,83.03563537597657,20.965975694444445,0.24611111111111125,0.3600000000000009,0.3,1.0,0.3020833332995749,0.3496000000000006,0.606859614354698,0.36524792016777585,0.0534301730664488,193.56687375205843,0.2240256980757484,0.45402405723897693,0.4270858608601287,0.4101470509612608,0.36524792016777585,0.3486098624501801,HEAVY-TAIL-RISK,Moderate
132,660.0,665.0,1.0,1.0,1.0,93.09519958496094,96.92792205810547,17.295135416666668,0.5325,0.1,0.05,0.1,0.99999999965,0.235,0.08000000000000002,0.37960327139323885,0.02907894294662309,362.0093384757191,0.22171672768932132,0.288062499944875,0.4646593996472872,0.4562499998775,0.37960327139323885,0.24933833587290144,LOW-COMPLEXITY,Moderate
133,665.0,670.0,0.0,1.0,1.0,141.3201446533203,145.10826110839844,11.584364583333333,0.1325,0.1,0.05,1.0,0.08749999991249999,0.42999999999999994,0.06857142857142857,0.4178831755498392,0.021452507216775597,1206.2091629583617,0.2778328006180532,0.21883482141479016,0.3263160729647919,0.20169642854080352,0.4178831755498392,0.2664419462449582,LOW-COMPLEXITY,Moderate
134,670.0,675.0,0.0,0.0,1.0,154.0487823486328,156.78722534179687,7.292017361111111,0.0075,0.0,0.05,0.1,0.0,0.0,0.0,0.45404788340503677,0.015902566721132896,2333.468444591842,0.30809048743922757,0.0,0.2552473550484814,0.0,0.45404788340503677,0.12986984713532307,LOW-COMPLEXITY,Low
135,675.0,680.0,0.0,0.0,0.0,136.36810302734375,153.40533752441405,6.642937500000001,0.0,0.0,0.0,0.1,0.0,0.0,0.0,0.35852042043726445,0.019349064406318082,1980.9755696533693,0.2146760830101346,0.0,0.21815075870111067,0.0,0.35852042043726445,0.09406070194113991,LOW-COMPLEXITY,Low
136,680.0,685.0,0.0,0.0,0.0,110.9892349243164,113.91295776367187,4.922940972222222,0.0,0.0,0.0,0.1,0.0,0.0,0.0,0.39360264256545713,0.0110906105664488,1605.8262022215692,0.23693902340199366,0.0,0.23604139791972767,0.0,0.39360264256545713,0.10268334033153723,LOW-COMPLEXITY,Low
137,685.0,690.0,0.0,0.0,1.0,141.1671905517578,145.3580749511719,10.190788194444444,0.0075,0.0,0.05,1.0,0.0,0.0,1.0,0.40544271946068633,0.023616785675381266,2359.9064087760016,0.2551244821827869,0.435,0.44041943733208055,0.3,0.40544271946068633,0.3303483642924501,HEAVY-TAIL-RISK,Moderate
138,690.0,695.0,0.0,0.0,0.0,136.1654815673828,140.65458984375,6.295048611111111,0.0,0.0,0.0,0.1,0.0,0.0,0.0,0.43276389076684274,0.014059834831154682,2592.2418752279996,0.2911848850125257,0.0,0.24897599869768577,0.0,0.43276389076684274,0.12454306935874218,LOW-COMPLEXITY,Low
139,695.0,700.0,0.0,0.0,0.0,131.07125854492188,133.26134643554687,4.5498125,0.0,0.0,0.0,0.0,0.0,0.0,0.0,0.44478205959097505,0.008415305283224404,2412.82564146791,0.29991405185898057,0.0,0.2529550375839993,0.0,0.44478205959097505,0.1272957741861463,LOW-COMPLEXITY,Low
140,700.0,705.0,0.0,0.0,1.0,134.23348999023438,148.17691955566406,7.611493055555556,0.0075,0.0,0.05,0.1,0.0,0.0,0.0,0.4268506037023647,0.0191131279956427,2498.861480852236,0.30066199642774666,0.0,0.242476077643247,0.0,0.4268506037023647,0.1284849744634186,LOW-COMPLEXITY,Low
141,705.0,710.0,0.0,0.0,1.0,145.77374267578125,149.40715942382812,9.982128472222222,0.0075,0.0,0.05,0.1,0.0,0.0,0.0,0.39682280017923655,0.026975106209150324,2779.056765713235,0.23912214777039106,0.0,0.23759579930671404,0.0,0.39682280017923655,0.10351390359773631,LOW-COMPLEXITY,Low
142,710.0,715.0,0.0,0.0,1.0,153.24644470214844,164.06057739257812,9.326322916666667,0.0075,0.0,0.05,0.3,0.0,0.0,1.0,0.3912795498683487,0.03149094689542484,2863.6725085113976,0.24379527135271983,0.435,0.4333568993646921,0.3,0.3912795498683487,0.3257526629869149,HEAVY-TAIL-RISK,Moderate
143,715.0,720.0,1.0,2.0,53.68000000000035,85.4779281616211,127.48336486816406,17.087499999999995,0.20931445603576745,0.2,1.0,0.13971684053651176,0.4999999999125,0.18999999999999997,0.167910085957756,0.35181256939225247,0.034922113562091496,700.9821685198756,0.2678129331131789,0.2292158873778426,0.3552949028985065,0.29187302575670176,0.35181256939225247,0.24299305311666697,SPARSE-EXTREME,Moderate
144,720.0,725.0,1.0,1.0,1.0,90.59075927734375,104.03681640625001,14.139895833333336,0.5325,0.1,0.05,1.0,0.99999999965,0.015,0.08000000000000002,0.39831709100815227,0.028690817265795206,667.722983525182,0.27111070728465136,0.19841249994487498,0.44495180525052247,0.37924999987749997,0.39831709100815227,0.2074592127279705,LOW-COMPLEXITY,Moderate
145,725.0,730.0,0.0,1.0,2.0,105.9186782836914,107.51939086914062,7.180996527777778,0.14,0.1,0.1,1.0,0.08749999991249999,0.42999999999999994,0.376,0.42608396280001204,0.013997908632897606,693.4565978746932,0.2834629572645181,0.3525662499862187,0.3917211069699267,0.29392499996937493,0.42608396280001204,0.33621287537173034,LOW-COMPLEXITY,Moderate
146,730.0,735.0,1.0,2.0,4.0,62.636539459228516,106.77993316650391,11.696833333333334,0.205,0.2,0.2,1.0,0.4999999999125,0.18999999999999997,0.5795256628247545,0.2977314435493037,0.023383898692810455,385.0240858187216,0.21665073220124167,0.4082686633149869,0.4076264332322434,0.4153576988168013,0.2977314435493037,0.3109906062682932,SPARSE-EXTREME,Moderate
147,735.0,740.0,3.0,9.0,13.0,67.5594482421875,76.87914733886718,31.522444444444446,0.28955128205128206,0.3,0.21666666666666665,0.4,0.3527777777626543,0.33999999999999997,0.4509665978129763,0.37093381865834424,0.06041738684640523,160.42500612056477,0.23798654146784312,0.39028297004626267,0.4039572450932386,0.37776220156082185,0.37093381865834424,0.32028984152391543,SPARSE-EXTREME,Moderate
148,740.0,745.0,0.0,1.0,1.0,56.38853073120117,65.7993392944336,4.765517361111112,0.1325,0.1,0.05,1.0,0.08749999991249999,0.42999999999999994,0.06857142857142857,0.3593150833618268,0.009751614923747277,184.0899151277466,0.2242356059343499,0.21883482141479016,0.2801070794307842,0.20169642854080352,0.3593150833618268,0.23811222421320702,LOW-COMPLEXITY,Low
149,745.0,750.0,0.0,2.0,4.0,54.68284225463867,103.73168640136718,14.070663194444446,0.18,0.2,0.2,1.0,0.08749999995624999,0.42999999999999994,0.376,0.3673259910971979,0.03043360089869281,283.52156258972605,0.3253613798495266,0.35256624999310937,0.3290070939694077,0.29392499998468746,0.3673259910971979,0.34990167503975655,SPARSE-EXTREME,Moderate
150,750.0,755.0,3.0,6.0,7.0,69.05216979980469,119.82483367919923,30.297881944444452,0.31511904761904763,0.2,0.11666666666666667,0.1,0.49999999997083333,0.20666666666666667,0.117606103286385,0.2976987264369168,0.0647915806100218,342.2476379342004,0.22509835286008453,0.2141253215916504,0.313379396208597,0.2826151643090405,0.2976987264369168,0.21711486565344645,BURST-DOMINATED,Moderate
151,755.0,760.0,0.0,1.0,2.0,83.827392578125,87.73246765136719,14.857815972222223,0.14,0.1,0.1,1.0,0.08749999991249999,0.42999999999999994,0.3787,0.4336119946527245,0.030699461465141614,384.3080367645741,0.2928667348156214,0.3537407499862187,0.38576708339132115,0.2947349999693749,0.4336119946527245,0.33735384793159195,LOW-COMPLEXITY,Moderate
152,760.0,765.0,1.0,2.0,3.760000000000005,82.45067596435547,84.85204467773437,16.159548611111113,0.21117872340425517,0.2,0.18800000000000025,0.10638297872340412,0.4999999999125,0.18999999999999997,0.12389802213537363,0.44664869884459296,0.029731357434640518,354.9833722778905,0.3033758207992645,0.21007063961510625,0.3909641569169513,0.27866940660998707,0.44664869884459296,0.242947893929723,BURST-DOMINATED,Moderate
153,765.0,770.0,1.0,2.0,4.0,77.23115539550781,82.8923843383789,13.06621527777778,0.255,0.2,0.2,0.125,0.456249999934375,0.23666666666666666,0.30144808175740456,0.40981335343687025,0.027080414760348583,307.2806234213989,0.26861549327080675,0.2994309572208017,0.40637071087988463,0.33295525783758595,0.40981335343687025,0.27846803601442277,SPARSE-EXTREME,Moderate
154,770.0,775.0,1.0,4.0,6.0,73.60386657714844,77.30309295654297,13.451451388888891,0.25333333333333335,0.4,0.3,0.1,0.22812499998359376,0.5449999999999999,0.22193076923076926,0.3777048243947355,0.022019321759259258,220.23874223812496,0.22204196275281307,0.35455707211280063,0.36878626634680095,0.33717298076348856,0.3777048243947355,0.31520958388371834,SPARSE-EXTREME,Moderate
155,775.0,780.0,1.0,2.0,4.0,78.4041976928711,79.53233337402344,10.684131944444447,0.255,0.2,0.2,0.1,0.456249999934375,0.23666666666666666,0.18160476190476166,0.4189081652809389,0.016613424972766886,290.7937199398132,0.26702753787831673,0.24729911308490204,0.3879206831858568,0.2970022618817931,0.4189081652809389,0.25096634768635445,SPARSE-EXTREME,Moderate
156,780.0,785.0,1.0,1.6000000000000085,2.0,97.67827606201172,100.10506439208984,12.881802083333332,0.3674999999999999,0.16000000000000086,0.1,1.0,0.5703124998974579,0.22283333333333344,0.3834407407407407,0.4188299147694568,0.021893120098039218,530.7565891799626,0.2783342138737529,0.3474255242894052,0.4598838232940976,0.3926332638529992,0.4188299147694568,0.3086434108418909,LOW-COMPLEXITY,Moderate
157,785.0,790.0,0.0,1.0,35.960000000000235,80.77931213378906,104.45394897460938,8.1245,0.275,0.1,1.0,0.20022246941045477,0.08749999991249999,0.42999999999999994,0.18314457382745847,0.3409150483570539,0.016695506399782133,542.5946816720323,0.21984918186866784,0.26867413960116315,0.3111533033449635,0.2360683721176125,0.3409150483570539,0.2685711710899264,SPARSE-EXTREME,Moderate
158,790.0,795.0,0.0,1.0,1.0,53.9332389831543,59.95302124023438,3.335642361111111,0.1325,0.1,0.05,0.2,0.08749999991249999,0.42999999999999994,0.06857142857142857,0.3648707928075047,0.005992828703703703,271.14025712550034,0.21993185423525455,0.21883482141479016,0.2902278621261334,0.20169642854080352,0.3648707928075047,0.23811369494561205,LOW-COMPLEXITY,Low
159,795.0,800.0,1.0,2.0,2.0,67.68895721435547,68.32493896484375,13.015666666666666,0.315,0.2,0.1,1.0,0.4999999999125,0.24999999999999997,0.09846153846153848,0.47909964622054385,0.01569574591503268,852.3173569750161,0.33367506864269175,0.22345576921698798,0.4116647628695166,0.2920384615078365,0.47909964622054385,0.26841452053977144,BURST-DOMINATED,Moderate
160,800.0,805.0,1.0,2.0,2.0,70.76202392578125,73.07043762207032,10.32470138888889,0.365,0.2,0.1,1.0,0.543749999890625,0.162,0.0915888888888889,0.4073266573139903,0.01408736220043573,807.4088318576953,0.25722298779143776,0.1914967916494401,0.3853829489077578,0.2744891666283854,0.4073266573139903,0.21590219501826985,BURST-DOMINATED,Moderate
161,805.0,810.0,1.0,1.0,1.0,76.50647735595703,77.47614288330078,4.723777777777778,0.5325,0.1,0.05,1.0,0.99999999965,0.20699999999999996,0.08000000000000002,0.4106815011343217,0.00823882257625272,1085.872096581072,0.2561486772146301,0.276652499944875,0.48081134374777246,0.4464499998775,0.4106815011343217,0.2574379336354549,LOW-COMPLEXITY,Moderate
162,810.0,815.0,0.0,1.0,21.520000000000138,38.29610824584961,76.53657379150391,3.0894930555555558,0.275,0.1,1.0,0.25092936802973814,0.08749999991249999,0.42999999999999994,0.19498479895881016,0.38873302155607653,0.00693092211328976,338.02519662542846,0.36404024370783433,0.2738246375333011,0.29704237125329885,0.239620439657018,0.38873302155607653,0.32554941624737416,SPARSE-EXTREME,Low
163,815.0,820.0,1.0,1.0,26.08000000000017,44.765472412109375,84.25774993896485,4.488090277777777,0.29417177914110415,0.1,1.0,0.14570552147239169,0.9124999997375001,0.2583333333333333,0.16739939549371033,0.3763425902746026,0.008340096949891069,493.8214456834666,0.3341009692526055,0.32180832033175355,0.4443593679977717,0.46001148522290475,0.3763425902746026,0.31818385851426206,SPARSE-EXTREME,Moderate
164,820.0,825.0,2.0,3.0,3.0,115.66018676757812,121.7364273071289,18.131888888888884,0.4154166666666666,0.15,0.075,1.0,0.6374999999319444,0.1225,0.12313478260869565,0.41311360349070175,0.04105789896514161,963.8410835408132,0.27025564937809377,0.20388863042406383,0.4068693064486618,0.3029404347587892,0.41311360349070175,0.2233488984647074,LOW-COMPLEXITY,Moderate
165,825.0,830.0,1.0,2.0,3.0,115.46998596191406,118.09781188964844,15.997489583333332,0.2891666666666667,0.2,0.15,0.1,0.543749999890625,0.236,0.10434782608695653,0.400522354589945,0.027806868600217867,997.1401961117645,0.24428409625191116,0.22720192933059952,0.3959398585521694,0.30421684778780567,0.400522354589945,0.23524258388477212,BURST-DOMINATED,Moderate
166,830.0,835.0,3.0,4.0,4.0,74.4913330078125,119.49467468261719,26.98795486111111,0.4683333333333333,0.13333333333333333,0.06666666666666667,1.0,0.749999999934375,0.15,0.08320000000000001,0.4127626033050774,0.03420997344771242,1089.9769883430104,0.3593110803959234,0.21544199998966407,0.39819990811321104,0.33995999997703125,0.4127626033050774,0.2658148572113162,LOW-COMPLEXITY,Moderate
167,835.0,840.0,2.0,3.0,4.0,79.3877182006836,86.47588195800782,22.42295486111111,0.3358333333333333,0.15,0.1,1.0,0.6374999999319444,0.1225,0.41116341463414613,0.38199453069583333,0.03670571759259259,381.69153593372624,0.2409796537328076,0.3291810853551348,0.4444023506334846,0.3893490243664244,0.38199453069583333,0.27283152910928704,LOW-COMPLEXITY,Moderate
168,840.0,845.0,3.0,13.0,14.0,94.08436584472656,96.99024963378906,34.66184722222223,0.3273992673992674,0.4333333333333333,0.23333333333333334,0.5071428571428571,0.28461538460502955,0.3944358974358974,0.4603075363215362,0.40217588680981836,0.06306626402505447,733.2857294475245,0.2518177499334474,0.4057933295802886,0.4373460828391488,0.37576020961078527,0.40217588680981836,0.34609113706517597,SPARSE-EXTREME,Moderate
169,845.0,850.0,12.0,21.0,22.0,95.48377990722656,98.58073425292969,41.162590277777774,0.4207034632034632,0.175,0.09166666666666666,0.1,0.5505952380867063,0.19942275747508303,0.09185411257412547,0.3815248066497972,0.07166959763071895,1096.526747343258,0.22255946336796437,0.20794006263949716,0.385815395166215,0.2900625322188639,0.3815248066497972,0.21456772458459775,LOW-COMPLEXITY,Moderate
170,850.0,855.0,2.0,6.0,8.0,103.9637451171875,122.47511749267578,23.284149305555555,0.2966666666666667,0.3,0.2,0.1,0.33333333331388887,0.34500000000000003,0.12890805625234747,0.3565474911266143,0.05238517265795207,818.2973770330993,0.22394046768990367,0.24916250446670865,0.34995657364412447,0.2760890835355653,0.3565474911266143,0.25090437027659396,SPARSE-EXTREME,Moderate
171,855.0,860.0,2.0,5.0,8.0,105.10094451904297,122.3979476928711,24.864902777777782,0.27749999999999997,0.25,0.2,0.9,0.4174999999685,0.25305555555555553,0.5495437415182516,0.36826511554547775,0.05143359082244009,820.8446139063142,0.24125450725105207,0.40792791644436704,0.44321524125282163,0.3995575668888949,0.36826511554547775,0.32938175929427077,SPARSE-EXTREME,Moderate
172,860.0,865.0,1.0,2.0,4.0,66.1529312133789,71.33306884765625,16.395288194444444,0.255,0.2,0.2,0.1,0.543749999890625,0.162,0.2383578897420942,0.3864291341465372,0.025379305555555558,280.6798567419149,0.23924153891525707,0.2553413070205844,0.3918605620444925,0.31851986688434697,0.3864291341465372,0.23641836609788075,SPARSE-EXTREME,Moderate
173,865.0,870.0,1.0,2.0,3.0,66.15718841552734,68.90272674560546,14.006861111111112,0.2891666666666667,0.2,0.15,0.1,0.456249999934375,0.23666666666666666,0.14564117647058827,0.4024937989372934,0.021572970043572982,283.2188109421661,0.2520234170836987,0.23165495342103662,0.3733235473883006,0.286213186251541,0.4024937989372934,0.23706434353068606,BURST-DOMINATED,Moderate
174,870.0,875.0,1.0,2.0,3.0,65.04927825927734,72.39250335693359,17.15585416666666,0.2891666666666667,0.2,0.15,0.1,0.543749999890625,0.236,0.22354704915003162,0.36801797440578615,0.026275979030501086,277.39260602003736,0.22403148215450022,0.2790535913630372,0.38994028286051396,0.33997661470672824,0.36801797440578615,0.2490224038494882,BURST-DOMINATED,Moderate
175,875.0,880.0,0.0,1.0,1.0,66.7845687866211,69.44832000732421,9.936732638888891,0.0325,0.1,0.05,0.1,0.0,0.15,0.04571428571428573,0.41317085801662295,0.014483543164488017,349.29340563870744,0.2670596694055604,0.08101071428571428,0.2604369541610071,0.06621428571428571,0.41317085801662295,0.1657471970121198,LOW-COMPLEXITY,Low
176,880.0,885.0,6.0,10.600000000000009,12.760000000000005,75.4409408569336,80.64982452392579,40.553715277777776,0.3329622335916089,0.1766666666666668,0.10633333333333336,0.7366771159874606,0.5660377358303662,0.1602984496124034,0.5202798609282271,0.3866907670341015,0.061753400190631816,216.2484834990923,0.2397781250006961,0.38079430111411583,0.45130576900270475,0.41030162318343744,0.3866907670341015,0.29928998143510427,LOW-COMPLEXITY,Moderate
177,885.0,890.0,5.0,8.600000000000009,11.760000000000005,87.07266235351562,91.74837799072266,36.04871180555555,0.29648084796709373,0.17200000000000018,0.11760000000000007,0.4081632653061223,0.5813953488135473,0.18501860465116277,0.4894820563552125,0.40773080421638364,0.057459553240740736,410.5174060342205,0.26807923797200955,0.37988954334799996,0.47001895479829203,0.41508950061921224,0.40773080421638364,0.31629051172738365,LOW-COMPLEXITY,Moderate
178,890.0,895.0,3.0,4.0,6.0,70.88469696044922,77.86210784912109,27.246701388888887,0.32333333333333336,0.13333333333333333,0.1,0.95,0.7281249999398438,0.15636363636363634,0.5944983389236397,0.36332432530807746,0.04731115482026144,231.27666451130204,0.21451905468063298,0.43700464674049044,0.4886578776129854,0.48792052438330996,0.36332432530807746,0.31572436310729707,LOW-COMPLEXITY,Moderate
179,895.0,900.0,2.0,2.0,3.0,80.3697738647461,86.4569580078125,24.653618055555555,0.3695833333333333,0.1,0.075,0.1,0.999999999825,0.2,0.096,0.37633159521993015,0.03830248175381263,330.6048249109597,0.22686323935159625,0.2807599999724375,0.4588514925416541,0.44879999993874997,0.37633159521993015,0.24434674326039452,LOW-COMPLEXITY,Moderate
180,900.0,905.0,3.0,6.0,7.0,115.54745483398438,122.92731323242188,31.477392361111114,0.3317857142857143,0.2,0.11666666666666667,1.0,0.5145833333017361,0.25115384615384617,0.49496738715173216,0.4310089489518941,0.05746046173747276,1055.928582901965,0.29274216065309705,0.3987028807137192,0.47870671849582025,0.41649822895497346,0.4310089489518941,0.3431997641733334,BURST-DOMINATED,Moderate
181,905.0,910.0,2.0,4.0,46.80000000000028,113.30604553222656,155.9466979980469,29.72868402777778,0.27136752136752124,0.2,1.0,0.1538461538461529,0.5437499999453125,0.204,0.16624598130802581,0.3828016857370752,0.054620050245098035,1711.8252272472837,0.2903395340665564,0.2410876268603779,0.3829315188176966,0.31158629437326707,0.3828016857370752,0.25943227438140704,SPARSE-EXTREME,Moderate
182,910.0,915.0,1.0,1.0,2.0,149.43975830078125,155.78067626953126,21.335256944444446,0.29000000000000004,0.1,0.1,1.0,0.99999999965,0.015,0.3866666666666667,0.45694240140940007,0.04062190318627452,2510.609855184791,0.3258968257395973,0.331812499944875,0.5342017111688223,0.47124999987749994,0.45694240140940007,0.2974334114265364,LOW-COMPLEXITY,High
183,915.0,920.0,1.0,1.0,1.0,143.58596801757812,146.88592224121095,11.87570138888889,0.6325,0.1,0.05,1.0,0.9124999997375001,0.2583333333333333,0.08000000000000002,0.4156048064667221,0.021778588371459698,1896.9107724124858,0.27063561616674975,0.2837895832919896,0.4706603912106494,0.4337916665747917,0.4156048064667221,0.27273107672375496,LOW-COMPLEXITY,Moderate
184,920.0,925.0,1.0,1.0,1.0,129.154052734375,132.74400024414064,11.523524305555556,0.5325,0.1,0.05,1.0,0.99999999965,0.015,0.08000000000000002,0.404819470712323,0.019107425108932465,1691.8007220938623,0.25503776159206093,0.19841249994487498,0.45463036883572727,0.37924999987749997,0.404819470712323,0.20118464221045426,LOW-COMPLEXITY,Moderate
185,925.0,930.0,1.0,2.0,2.0,114.57588958740234,136.44653930664063,18.433138888888887,0.365,0.2,0.1,1.0,0.543749999890625,0.236,0.0888888888888889,0.44853130443484246,0.0308379705882353,1653.609377237818,0.34821419954105304,0.2204772916494401,0.40022117646042865,0.2995791666283854,0.44853130443484246,0.2743850187562993,BURST-DOMINATED,Moderate
186,930.0,935.0,2.0,3.0,50.12000000000032,133.73681640625,138.93191833496093,29.632111111111115,0.20745211492418184,0.15,1.0,0.1336791699920183,0.6666666665888888,0.2075,0.16298789344826342,0.40568212688926736,0.05318227110566449,2318.9691476811113,0.2532754897920092,0.2604559836377446,0.4300698888859753,0.35485470134059016,0.40568212688926736,0.25206485830101866,SPARSE-EXTREME,Moderate
187,935.0,940.0,2.0,3.0,39.72000000000024,130.18338012695312,141.7635955810547,21.05130555555555,0.24495956696878218,0.15,0.993000000000006,0.14350453172205352,0.6374999999319444,0.1225,0.1940910543787831,0.3799720193493726,0.034918106072984754,2426.5566058397835,0.23223769982585296,0.2347546086440519,0.4080201884548842,0.32422731628981544,0.3799720193493726,0.22367156919161027,SPARSE-EXTREME,Moderate
188,940.0,945.0,3.0,3.0,4.0,119.85565948486328,125.08707122802734,24.51249652777777,0.4766666666666667,0.1,0.06666666666666667,1.0,0.9416666665694444,0.22099999999999997,0.5530524059045173,0.3863467279627143,0.039502931781045754,1540.7948441610563,0.23140295231595953,0.47894779655315245,0.5573529115819688,0.5728490550706606,0.3863467279627143,0.3523961741066678,LOW-COMPLEXITY,High
189,945.0,950.0,2.0,4.0,46.28000000000027,85.78325653076172,119.00651397705079,23.06974652777778,0.24660760587726868,0.2,1.0,0.16205704407951504,0.5218749999507812,0.21333333333333332,0.5432141636318848,0.41015100552995576,0.03615330895969499,622.5863989096383,0.32179284326875546,0.4054268070054512,0.4579529529216818,0.4202871657390055,0.41015100552995576,0.3534576616525934,SPARSE-EXTREME,Moderate
190,950.0,955.0,2.0,2.0,44.80000000000028,89.71233367919922,110.36282958984376,20.01602777777778,0.24732142857142841,0.1,1.0,0.1607142857142847,0.956249999846875,0.20500000000000002,0.5114490548257971,0.3390503031775174,0.03060885171568628,729.7921543055637,0.20999694558460205,0.4566272138251045,0.5227677540362806,0.5598722163941453,0.3390503031775174,0.3311719691344895,SPARSE-EXTREME,High
191,955.0,960.0,1.0,2.0,3.0,81.99127960205078,89.20193328857422,21.14782986111111,0.2891666666666667,0.2,0.15,1.0,0.543749999890625,0.236,0.38704782608695654,0.37361665453774195,0.03198461465141612,432.87019528010575,0.22634567193639754,0.35017642933059956,0.4357305417584372,0.3890268477878057,0.37361665453774195,0.2893315358622598,BURST-DOMINATED,Moderate
192,960.0,965.0,2.0,3.0,3.760000000000005,74.06864166259766,76.98555755615234,21.795100694444447,0.3508907801418436,0.15,0.09400000000000013,0.10638297872340412,0.6958333332458333,0.10472222222222222,0.10515206375774744,0.393379305650424,0.0287368852124183,564.4170661653923,0.23961782894608782,0.19800920327639443,0.40680873169937914,0.31174006354114364,0.393379305650424,0.20580050927443824,LOW-COMPLEXITY,Moderate
193,965.0,970.0,1.0,2.0,4.0,87.33612823486328,89.0832733154297,14.988923611111108,0.255,0.2,0.2,1.0,0.543749999890625,0.236,0.6605588048597258,0.4486428221849653,0.021650086873638345,517.1041979706804,0.30049965818810936,0.46915370509675414,0.5216863147365934,0.4710801414196365,0.4486428221849653,0.3787631544345799,HEAVY-TAIL-RISK,High
194,970.0,975.0,1.0,2.0,2.760000000000005,85.05941009521484,85.93323516845703,15.21528125,0.3018594202898548,0.2,0.13800000000000026,0.10869565217391283,0.543749999890625,0.236,0.11012650892124816,0.41323614352691,0.01998850626361656,475.4944455179382,0.2592574716502973,0.22971565636351637,0.40071955692780936,0.3059504526380932,0.41323614352691,0.2420905212063416,BURST-DOMINATED,Moderate
195,975.0,980.0,1.0,1.0,2.0,84.40531921386719,85.17576599121094,10.656173611111111,0.29000000000000004,0.1,0.1,0.1,0.99999999965,0.235,0.12914357667366996,0.40238387403655207,0.014828105528322439,471.12077412622887,0.24279645239700454,0.30943995579792144,0.4902250870271424,0.47099307287960096,0.40238387403655207,0.27050257464991456,LOW-COMPLEXITY,Moderate
196,980.0,985.0,1.0,5.0,10.0,84.17118072509766,86.38985595703124,19.985274305555556,0.29000000000000004,0.5,0.5,0.11000000000000001,0.234999999979,0.4116666666666667,0.2710321679870262,0.4352242350100719,0.028034012799564266,440.31961071368585,0.2863064640602782,0.32266565973771555,0.3966224102818647,0.3076429837220912,0.4352242350100719,0.31673650874099435,SPARSE-EXTREME,Moderate
197,985.0,990.0,1.0,2.0,3.0,82.93604278564453,83.51968383789062,13.754510416666664,0.2891666666666667,0.2,0.15,0.1,0.543749999890625,0.236,0.10434782608695653,0.43621469632980003,0.018621256535947713,457.68122670157067,0.28403213525000004,0.22720192933059952,0.4053492372342712,0.30421684778780567,0.43621469632980003,0.2494868004875884,BURST-DOMINATED,Moderate
198,990.0,995.0,1.0,2.0,24.280000000000143,124.45800018310547,125.43108520507812,22.129395833333334,0.2705930807248763,0.2,1.0,0.3253706754530459,0.543749999890625,0.236,0.575137554342612,0.42787657536709955,0.03359969907407408,4212.499161994282,0.28542743990871844,0.43199546112180964,0.4996604731887574,0.44545376626450234,0.42787657536709955,0.35589637488004117,SPARSE-EXTREME,Moderate
199,995.0,1000.0,2.0,2.0,39.480000000000246,107.50121307373047,115.57010955810547,19.960961805555563,0.29837928064843033,0.1,0.9870000000000061,0.22289766970617894,0.91249999986875,0.2583333333333333,0.18853303748401973,0.3876336051563875,0.0319334621459695,1428.448917620766,0.24391957906101602,0.33100145461821,0.48018192738258647,0.46635157786593506,0.3876336051563875,0.2859783517812527,SPARSE-EXTREME,Moderate
200,1000.0,1005.0,1.0,2.0,2.760000000000005,102.90620422363281,117.64578552246094,13.507972222222223,0.2518594202898548,0.2,0.13800000000000026,1.0,0.4999999999125,0.24999999999999997,0.39012468827930186,0.4405765386448303,0.02000314256535948,1364.1608285464665,0.3278437501807392,0.350329239387715,0.4530002141351831,0.37953740645316547,0.4405765386448303,0.33334651861837133,BURST-DOMINATED,Moderate
201,1005.0,1010.0,2.0,9.600000000000009,12.760000000000005,68.85557556152344,102.8768280029297,28.646500000000007,0.29830323928944624,0.4800000000000004,0.3190000000000001,0.4231974921630092,0.23567708332288934,0.5580253699788589,0.40676701110824076,0.36741545639745465,0.039928761165577344,404.2188387559744,0.2887672757675659,0.44145812872182477,0.3943376013438195,0.39982596198808407,0.36741545639745465,0.3910693284157069,SPARSE-EXTREME,Moderate
202,1010.0,1015.0,4.0,8.0,12.760000000000005,66.05675506591797,104.64643707275391,35.477958333333326,0.26816481191222563,0.2,0.15950000000000006,0.43887147335423177,0.5109374999767579,0.1933893557422969,0.47900613340756687,0.443132622677977,0.04925721623093682,471.080119992183,0.39601137789948637,0.3676464867436169,0.44488061214095953,0.3902162395239392,0.443132622677977,0.363129006476294,BURST-DOMINATED,Moderate
203,1015.0,1020.0,1.0,2.0,2.0,100.98568725585938,103.59909515380859,21.720086805555553,0.365,0.2,0.1,1.0,0.543749999890625,0.236,0.0915888888888889,0.3981900085346128,0.03538022521786491,1649.030359128058,0.24294278861591662,0.2216517916494401,0.39322672176320095,0.3003891666283854,0.3981900085346128,0.23229157812475876,BURST-DOMINATED,Moderate
204,1020.0,1025.0,1.0,1.0,1.0,99.29846954345703,103.21756439208984,11.418802083333334,0.5325,0.1,0.05,1.0,0.99999999965,0.235,0.08000000000000002,0.4075957145728422,0.017866927832244004,1366.8719416393428,0.2594541910256298,0.288062499944875,0.4823057866948416,0.4562499998775,0.4075957145728422,0.2673851922127989,LOW-COMPLEXITY,Moderate
205,1025.0,1030.0,1.0,1.0,2.0,101.91984558105469,102.8001937866211,15.34091666666667,0.29000000000000004,0.1,0.1,1.0,0.99999999965,0.015,0.6774673062431715,0.4003334273471851,0.023904943627450975,1437.6853486637485,0.2397499475940629,0.4583107781606546,0.5747718987580328,0.5584901917504514,0.4003334273471851,0.3263318774620224,HEAVY-TAIL-RISK,High
206,1030.0,1035.0,1.0,2.0,3.0,112.43575286865234,113.66028442382813,16.926572916666668,0.23916666666666667,0.2,0.15,1.0,0.4999999999125,0.24999999999999997,0.3929411764705883,0.42119860523995634,0.024102014161220046,1851.8590424569961,0.27066934430667683,0.3515544117509246,0.45467191410963825,0.38038235291055145,0.42119860523995634,0.310611367252311,BURST-DOMINATED,Moderate
207,1035.0,1040.0,2.0,3.0,41.24000000000025,110.78033447265625,128.46829223632812,22.791659722222224,0.24508163595214985,0.15,1.0,0.16246362754607077,0.6374999999319444,0.1225,0.4565405167702209,0.4319350946078754,0.0369450144335512,1720.2495778425216,0.32093783229913575,0.3489201247843273,0.47438137046021844,0.40296215500724675,0.4319350946078754,0.3176246996742086,SPARSE-EXTREME,Moderate
208,1040.0,1045.0,4.0,5.0,6.0,118.53003692626953,126.67299346923828,31.604760416666664,0.3958333333333333,0.125,0.075,1.0,0.7824999999475,0.1750833333333333,0.49247310924369725,0.41575388591855084,0.047242810049019604,1862.855410094425,0.2732950726040418,0.4088160108460729,0.5158219296565937,0.48289609942140077,0.41575388591855084,0.3308885399220789,LOW-COMPLEXITY,High
209,1045.0,1050.0,2.0,2.6000000000000085,41.480000000000246,100.66190338134766,113.31792297363282,18.909093750000004,0.2450695423188189,0.13000000000000042,1.0,0.20491803278688403,0.7355769229863142,0.1329999999999996,0.2399711650764651,0.4117576546544344,0.025885279275599124,1268.082352508942,0.28093414012632356,0.2744383221786066,0.4451266476613932,0.3759932725681493,0.4117576546544344,0.2625676578425104,SPARSE-EXTREME,Moderate
210,1050.0,1055.0,3.0,5.0,10.760000000000005,64.42898559570312,116.30960083007812,26.44246180555556,0.2679718711276331,0.16666666666666669,0.1793333333333334,0.5762081784386615,0.5824999999615,0.14681818181818182,0.5250123486773677,0.33854285973699594,0.0365446087962963,934.5770510801989,0.27823810588623316,0.3799525307595003,0.42736623682635355,0.41276506822609893,0.33854285973699594,0.31951791865424195,LOW-COMPLEXITY,Moderate
211,1055.0,1060.0,2.0,3.0,4.0,90.4336166381836,105.57564697265626,20.26536111111111,0.3358333333333333,0.15,0.1,1.0,0.6374999999319444,0.1225,0.3841634146341463,0.36166004513008404,0.029806826525054467,1156.8213650825353,0.2290032518782564,0.3174360853551349,0.4342591321400693,0.3812490243664244,0.36166004513008404,0.2643268231007534,LOW-COMPLEXITY,Moderate
212,1060.0,1065.0,1.0,3.0,3.0,129.18211364746094,130.94012756347655,19.570416666666667,0.2975,0.3,0.15,1.0,0.36249999995138893,0.307,0.10288691588785047,0.4389832453852968,0.02973552096949891,2079.85675746047,0.28934310456016643,0.2269520584035587,0.3814756122037771,0.2651910747493412,0.4389832453852968,0.26062524258825864,BURST-DOMINATED,Moderate
213,1065.0,1070.0,2.0,6.0,17.280000000000015,124.45791625976562,129.64437561035157,27.954527777777784,0.23100370370370368,0.3,0.4320000000000004,0.3298611111111108,0.33333333331388887,0.39,0.49675206056611876,0.3962692112639093,0.04401146623093682,2053.506151019203,0.2446546988869688,0.4275121463431991,0.45030518023519583,0.4021922848296967,0.3962692112639093,0.3528796687947434,SPARSE-EXTREME,Moderate
214,1070.0,1075.0,1.0,1.0,51.92000000000034,126.30902862548828,129.30291748046875,13.338895833333334,0.18463020030816635,0.1,1.0,0.1367488443759621,0.99999999965,0.015,0.16746832017241198,0.42858093551934495,0.021427013752723312,1902.9837782999105,0.2846831191775908,0.2364612192198742,0.4803330079816065,0.40549049592922354,0.42858093551934495,0.23218312652838324,SPARSE-EXTREME,Moderate
215,1075.0,1080.0,2.0,3.0,3.0,142.79983520507812,147.5453643798828,23.55959722222222,0.4487499999999999,0.15,0.075,1.0,0.6666666665888888,0.11249999999999999,0.08470588235294119,0.41346112581855204,0.041133158496732034,2108.55680275316,0.2745549569063854,0.18769080881127942,0.40382589667946167,0.29812009801199346,0.41346112581855204,0.21608214318930744,LOW-COMPLEXITY,Moderate
216,1080.0,1085.0,2.0,3.0,47.040000000000276,119.41362762451172,123.24461669921875,22.903996527777778,0.24209183673469375,0.15,1.0,0.1360544217687067,0.6374999999319444,0.1225,0.4590863726121449,0.41618488852757396,0.03968854765795207,1474.2540608632846,0.26432303791418327,0.35002757207556423,0.4758404117221873,0.403725911759824,0.41618488852757396,0.2941473968197854,SPARSE-EXTREME,Moderate
217,1085.0,1090.0,1.0,1.0,43.80000000000028,112.5849380493164,145.5188232421875,14.960756944444443,0.18641552511415516,0.1,1.0,0.1484018264840173,0.99999999965,0.015,0.17029773030675183,0.48193633172969713,0.02249845642701525,1421.5148156343796,0.4045908483092779,0.23769201262831202,0.48133097731074814,0.40633931896952546,0.48193633172969713,0.27957184282698927,SPARSE-EXTREME,Moderate
218,1090.0,1095.0,0.0,1.0,36.20000000000023,111.4070816040039,146.1954772949219,9.282451388888889,0.275,0.1,1.0,0.24309392265193214,0.08749999991249999,0.42999999999999994,0.19552070886367645,0.4337064855748667,0.01516509409041394,1375.799909389046,0.34877030526910313,0.274057758341918,0.3442140240969688,0.23978121262847787,0.4337064855748667,0.3232615460043254,SPARSE-EXTREME,Moderate
219,1095.0,1100.0,0.0,1.0,35.920000000000215,121.07811737060547,121.52581787109375,7.946763888888889,0.175,0.1,1.0,0.19766146993318368,0.0,0.15,0.6167176433489023,0.4547625406636783,0.0131284795751634,1075.5820489115017,0.31009969107669877,0.32939717485677256,0.3986779030043054,0.2375152930046707,0.4547625406636783,0.310904122926272,HEAVY-TAIL-RISK,Moderate
220,1100.0,1105.0,1.0,4.0,45.480000000000246,104.66560363769531,106.22947998046875,19.48111458333333,0.3109938434476692,0.4,1.0,0.12752858399296324,0.29374999996718754,0.35,0.4211302396099333,0.4377275497218461,0.029876702342047926,962.8755857448158,0.29440564253509227,0.372082279225153,0.43632471742148693,0.3516515718714956,0.4377275497218461,0.34115412087609503,SPARSE-EXTREME,Moderate
221,1105.0,1110.0,1.0,5.0,9.760000000000005,123.56782531738281,128.8525177001953,12.997684027777776,0.26942950819672135,0.5,0.48800000000000027,0.5020491803278686,0.1824999999895,0.595,0.6753181162969912,0.46088030742337044,0.019554393927015253,1857.4285405174626,0.3264313911447419,0.5649696305875375,0.5005198155651438,0.47472043488542237,0.46088030742337044,0.47322527160887734,HEAVY-TAIL-RISK,High
222,1110.0,1115.0,1.0,2.0,45.80000000000028,129.58438110351562,130.09741821289063,14.395079861111112,0.21091703056768552,0.2,1.0,0.1397379912663747,0.4999999999125,0.18999999999999997,0.510162667849553,0.47451404544987885,0.021387512391067537,2331.4264491518675,0.3261849207703307,0.3780957605007743,0.4861413749692304,0.3945488003242409,0.47451404544987885,0.3386378304393592,SPARSE-EXTREME,Moderate
223,1115.0,1120.0,1.0,2.0,2.0,91.78099822998047,100.48221130371094,14.908295138888885,0.365,0.2,0.1,1.0,0.543749999890625,0.236,0.0888888888888889,0.376256156070956,0.024691032135076257,757.8075386908489,0.23273028571034438,0.2204772916494401,0.37970147715964053,0.2995791666283854,0.376256156070956,0.22752995417664068,BURST-DOMINATED,Moderate
224,1120.0,1125.0,0.0,1.0,2.0,112.47234344482422,114.2475357055664,8.245774305555555,0.14,0.1,0.1,1.0,0.08749999991249999,0.42999999999999994,0.376,0.41211988520046133,0.013673270969498911,1253.1418260645978,0.26041879023369874,0.3525662499862187,0.3879345249561216,0.29392499996937493,0.41211988520046133,0.3268565075513766,LOW-COMPLEXITY,Moderate
225,1125.0,1130.0,9.0,12.0,42.880000000000194,125.98764038085938,133.18077697753907,40.72420486111112,0.24901069651741264,0.13333333333333333,0.2382222222222233,0.18656716417910363,0.7135416666478299,0.17889400921658985,0.16156050648699594,0.39734260878829814,0.07110064052287582,1346.9720524092902,0.25351178482148046,0.25556094157463677,0.43215777360237806,0.36082063849864565,0.39734260878829814,0.24763303925169486,SPARSE-EXTREME,Moderate
226,1130.0,1135.0,3.0,6.0,8.760000000000005,127.14064025878906,128.9324188232422,28.518024305555556,0.2931328767123287,0.2,0.14600000000000007,1.0,0.5145833333017361,0.25115384615384617,0.5362204361115623,0.5088876913528161,0.03801832720588235,2256.6049709142394,0.3763506748987222,0.41664795701124535,0.51358955022901,0.42887414364292253,0.5088876913528161,0.3839312841465065,BURST-DOMINATED,High
227,1135.0,1140.0,5.0,7.0,8.0,67.85466003417969,87.60443878173828,33.65265625,0.38807142857142857,0.13999999999999999,0.08,0.8875,0.71428571425,0.097,0.41584754098360643,0.47500969360379963,0.04380719784858388,430.53061074117176,0.39338238345310905,0.33292118032224377,0.47869290656586244,0.4087042622825819,0.47500969360379963,0.3321084167711974,LOW-COMPLEXITY,Moderate
228,1140.0,1145.0,2.0,5.0,27.280000000000143,85.49790954589844,114.70761413574219,16.984055555555553,0.26145689149560153,0.25,0.6820000000000036,0.21260997067448567,0.4174999999685,0.2969444444444444,0.18078825977291405,0.45123851025072037,0.02184660607298475,2164.2696930294373,0.37696925446740587,0.2654040041073674,0.3926339878679095,0.3042920334764047,0.45123851025072037,0.3144512455018393,SPARSE-EXTREME,Moderate
229,1145.0,1150.0,1.0,6.6000000000000085,9.0,111.22645568847656,123.81203155517578,16.96709027777778,0.30320707070707087,0.6600000000000008,0.45,0.6888888888888889,0.16477272726268344,0.5626000000000005,0.562907363520948,0.46442735704136556,0.023312322984749452,2632.1792451122087,0.35369217434288885,0.5000759076754853,0.4695779107600485,0.42345266359822376,0.46442735704136556,0.45017762120526233,SPARSE-EXTREME,Moderate
230,1150.0,1155.0,1.0,5.0,8.0,80.58349609375,122.39230499267578,24.41953125,0.2875,0.5,0.4,0.7875,0.234999999979,0.4116666666666667,0.5582191618478776,0.3467512856094787,0.02964881835511983,1583.0335818942463,0.2609647587049251,0.44759200206718597,0.4075566590078272,0.3937990818803466,0.3467512856094787,0.37308892954668066,SPARSE-EXTREME,Moderate
231,1155.0,1160.0,2.0,4.6000000000000085,68.32000000000042,105.07689666748047,105.90397186279297,20.088739583333336,0.26561526321148554,0.23000000000000043,1.0,0.1288056206088985,0.43478260866257007,0.2791666666666674,0.35044991795896185,0.46924225990160884,0.027396705746187362,1983.6301169426079,0.33020848446855344,0.33468439184317017,0.4518970041163869,0.35501722175292166,0.46924225990160884,0.328316783060121,SPARSE-EXTREME,Moderate
232,1160.0,1165.0,2.0,9.0,10.0,95.216064453125,95.89209899902343,30.111954861111112,0.3388888888888889,0.45,0.25,0.86,0.2805555555404321,0.48,0.38810810810810814,0.42651129594213383,0.03680021677559912,1998.592524813983,0.27836765424991355,0.4086145270246451,0.440951197536395,0.38262687687158364,0.42651129594213383,0.36510513849337783,SPARSE-EXTREME,Moderate
233,1165.0,1170.0,6.0,9.0,11.0,96.97770690917969,101.4617935180664,39.97416666666667,0.34619949494949487,0.15,0.09166666666666666,0.33636363636363636,0.6666666666407407,0.14059523809523808,0.4386288097886541,0.40882264474025665,0.051035239923747276,1596.129839203461,0.26134091823219874,0.35309609177779067,0.47775968810297154,0.4141303095941888,0.40882264474025665,0.2966238197591829,LOW-COMPLEXITY,Moderate
234,1170.0,1175.0,0.0,5.0,7.760000000000005,49.1860237121582,93.3587875366211,20.570520833333333,0.18320000000000003,0.5,0.38800000000000023,1.0,0.0,0.15,0.34128331688055286,0.41576306122789364,0.02982998161764706,597.5488850247458,0.3898314181627637,0.20958324284304047,0.2956241526601363,0.15488499506416586,0.41576306122789364,0.28313589473753903,SPARSE-EXTREME,Low
235,1175.0,1180.0,5.0,6.0,7.760000000000005,133.1814727783203,139.63726196289062,30.187267361111115,0.463804948453608,0.12,0.07760000000000004,0.6701030927835048,0.7749999999611111,0.22699999999999998,0.3721458863443597,0.4126853277815045,0.042424156862745095,2425.8586304442892,0.2805564279519943,0.37644846055367154,0.4946618932951379,0.46234376588969683,0.4126853277815045,0.32281042763557327,LOW-COMPLEXITY,Moderate
236,1180.0,1185.0,5.0,6.0,7.0,74.77348327636719,132.00179443359374,33.46490625,0.4143095238095238,0.12,0.06999999999999999,0.9285714285714286,0.847916666615625,0.11800000000000001,0.4607898876404495,0.3841681181855688,0.04267608578431372,1896.7108258568642,0.33602827715375294,0.3820754761155564,0.4802229300329839,0.47630779960760355,0.3841681181855688,0.33866861768809603,LOW-COMPLEXITY,Moderate
237,1185.0,1190.0,1.0,6.0,49.56000000000029,74.16201782226562,102.23641662597656,17.42721875,0.37675544794188853,0.6,1.0,0.27441485068603555,0.19583333331875,0.57,0.4611697395968486,0.327255406999685,0.025724425653594767,1076.4693367791697,0.2191619675177134,0.4637275867223322,0.39671948996089257,0.40639258854061705,0.327255406999685,0.37829441443477513,SPARSE-EXTREME,Moderate
238,1190.0,1195.0,0.0,4.0,21.480000000000118,62.404151916503906,66.52089233398438,13.430722222222224,0.35,0.4,1.0,0.28398510242085506,0.08749999997812499,0.42999999999999994,0.19147938511734314,0.39925953813568416,0.018899636029411762,465.3377534267115,0.25202950235707794,0.2722997825225989,0.3414091390038476,0.23856881552754666,0.39925953813568416,0.28191497306356605,SPARSE-EXTREME,Moderate
239,1195.0,1200.0,3.0,5.0,32.60000000000018,65.26712036132812,74.6782440185547,21.431270833333333,0.2091789366053172,0.16666666666666669,0.5433333333333363,0.15030674846625686,0.599999999958,0.13833333333333334,0.17690310621738656,0.3893403461884116,0.027666351715686276,1067.8628132070464,0.2588847524572856,0.22782368453128146,0.3991707717941777,0.3114875985171826,0.3893403461884116,0.23293585907544334,SPARSE-EXTREME,Moderate
240,1200.0,1205.0,1.0,7.0,7.760000000000005,61.71422576904297,99.7492904663086,16.798729166666664,0.3404901325478645,0.7,0.38800000000000023,0.7345360824742263,0.18035714284464285,0.495,0.41331469212645505,0.3941323663413696,0.025674254629629627,935.2640355237116,0.33485977392269367,0.4099106410730392,0.39144988786927926,0.3603694076335615,0.3941323663413696,0.3916514599492204,SPARSE-EXTREME,Moderate
241,1205.0,1210.0,4.0,9.0,48.52000000000001,83.78760528564453,91.18540344238282,34.16369791666666,0.25511178208298985,0.225,0.6065000000000002,0.11541632316570485,0.4638888888694444,0.22902777777777777,0.37586792997926227,0.3942278058152681,0.050685975626361665,942.8022962186783,0.24904114969734692,0.329893868982361,0.4276645670502677,0.3552812123203064,0.3942278058152681,0.2892833558037839,SPARSE-EXTREME,Moderate
242,1210.0,1215.0,5.0,6.0,6.0,68.79335021972656,75.81233367919921,31.66824305555555,0.4723333333333333,0.12,0.06,0.85,0.8187499999538195,0.12221052631578948,0.11722830188679245,0.37497173549723983,0.03957889025054467,544.9868185098882,0.23064136758002712,0.22974822578716547,0.4262222933787241,0.3645046747604008,0.37497173549723983,0.21889242946022325,LOW-COMPLEXITY,Moderate
243,1215.0,1220.0,0.0,6.0,85.4800000000005,72.84782409667969,74.21307373046875,19.121027777777776,0.4,0.6,1.0,0.14389330837622752,0.08749999998541666,0.42999999999999994,0.416200054225763,0.42525892033542323,0.02772262608932462,737.7196186455669,0.27206239719423386,0.37005327358591,0.3998480894288007,0.3059850162626247,0.42525892033542323,0.33959330794720577,SPARSE-EXTREME,Moderate
244,1220.0,1225.0,3.0,12.0,52.520000000000266,74.83544158935547,77.8584487915039,26.12187152777778,0.3431938816958624,0.4,0.8753333333333378,0.19421172886519322,0.27916666665694445,0.40499999999999997,0.17634538854975446,0.4369140439264688,0.032435983523965144,1335.3467156612612,0.3184578861691424,0.2857164940176119,0.38435170546987185,0.29236194989485687,0.4369140439264688,0.31222533729987234,SPARSE-EXTREME,Moderate
245,1225.0,1230.0,1.0,2.0,53.40000000000033,95.1170425415039,114.736328125,10.422017361111111,0.20936329588014974,0.2,1.0,0.14419475655430622,0.4999999999125,0.24999999999999997,0.16919637879512597,0.3932559794742966,0.01907035961328976,1077.2701417248895,0.2774253506130769,0.25422542476209853,0.3890915489552529,0.31325891360791275,0.3932559794742966,0.26446017939157174,SPARSE-EXTREME,Moderate
246,1230.0,1235.0,3.0,6.0,7.0,54.6772575378418,90.16141357421876,17.773993055555554,0.31511904761904763,0.2,0.11666666666666667,0.8285714285714286,0.49999999997083333,0.20666666666666667,0.5341749722803283,0.4533716264057075,0.0233118065087146,675.7204231789257,0.4138281507593258,0.3953327796040157,0.45680628164000336,0.40758582500722346,0.4533716264057075,0.38524627986095306,BURST-DOMINATED,Moderate
247,1235.0,1240.0,1.0,3.0,23.000000000000128,55.738033294677734,113.02227478027343,11.59132986111111,0.2800724637681158,0.3,1.0,0.5304347826086927,0.3041666666375,0.415,0.6056717303236946,0.3166052105782159,0.018496118191721134,1195.7369879976118,0.26511463356921516,0.4804859526862134,0.40878890874377394,0.43340985242023333,0.3166052105782159,0.39108289174892863,HEAVY-TAIL-RISK,Moderate
248,1240.0,1245.0,2.0,2.0,3.0,74.41339874267578,110.41610565185547,25.236291666666666,0.4195833333333333,0.1,0.075,1.0,0.956249999846875,0.20500000000000002,0.3787,0.3967935095598146,0.03751488984204792,964.1694526088492,0.32336622843691853,0.3988813749758828,0.5072925736452935,0.5200474999464062,0.3967935095598146,0.34809213760435825,LOW-COMPLEXITY,High
249,1245.0,1250.0,2.0,4.0,51.60000000000031,78.1443862915039,119.1907440185547,26.881173611111112,0.24437984496124018,0.2,1.0,0.1492248062015495,0.5218749999507812,0.21333333333333332,0.22905287802690324,0.36036615254022086,0.03958116489651417,1051.5950327378082,0.27898443261849476,0.26876664776728426,0.37908781994951046,0.326038780057511,0.36036615254022086,0.2697726801938896,SPARSE-EXTREME,Moderate
250,1250.0,1255.0,3.0,4.0,4.0,125.73148345947266,171.80929870605468,31.336486111111114,0.41833333333333333,0.13333333333333333,0.06666666666666667,1.0,0.749999999934375,0.08666666666666667,0.08727272727272728,0.43409663073218846,0.04741141925381264,3483.6898493377653,0.356009584100378,0.1914053030199671,0.4072011025116128,0.3190151514921828,0.43409663073218846,0.24675859600378208,LOW-COMPLEXITY,Moderate
251,1255.0,1260.0,2.0,3.0,3.0,131.78810119628906,172.22942810058595,23.127052083333332,0.3820833333333333,0.15,0.075,1.0,0.6666666665888888,0.2075,0.09043478260869565,0.4357707305930429,0.031470189542483665,4069.551296007659,0.3505812046770032,0.2288953804225326,0.41198644789241956,0.3330887680887198,0.4357707305930429,0.27598339384389203,LOW-COMPLEXITY,Moderate
252,1260.0,1265.0,3.0,5.0,7.760000000000005,135.4309844970703,137.50099487304686,32.689986111111104,0.29436563573883157,0.16666666666666669,0.1293333333333334,0.889175257731958,0.599999999958,0.185,0.4018976717876778,0.39560304609753805,0.05598219349128541,2559.192849763728,0.23489152753708825,0.3447129872210249,0.460837078279022,0.3953193015216034,0.39560304609753805,0.28637263040996896,LOW-COMPLEXITY,Moderate
253,1265.0,1270.0,4.0,6.6000000000000085,8.0,124.51393127441406,131.48699340820312,37.3125,0.33655303030303035,0.1650000000000002,0.1,0.1125,0.6060606060284657,0.16646428571428623,0.18250242593901228,0.37626205913821315,0.06931505923202616,1583.3715851967665,0.2217854501719714,0.24267729716152533,0.40734837969013304,0.32513443989166685,0.37626205913821315,0.22839057851240238,LOW-COMPLEXITY,Moderate
254,1270.0,1275.0,4.0,6.0,9.0,129.2770538330078,134.65071716308594,38.136312499999995,0.2932638888888888,0.15,0.1125,0.5777777777777777,0.6812499999586805,0.16191176470588234,0.5590903471731596,0.3955101297480417,0.06725211015795204,1981.8751099431026,0.24418819125512234,0.4164802201314637,0.5042353539497734,0.46283372178454485,0.3955101297480417,0.3240404303254159,LOW-COMPLEXITY,High
255,1275.0,1280.0,3.0,6.6000000000000085,10.0,135.54843139648438,142.24691467285157,33.36212152777778,0.27545454545454545,0.22000000000000028,0.16666666666666669,0.63,0.4678030302769163,0.28885953177257573,0.5423734423386725,0.38513377119310094,0.06056847998366013,2498.7087059736655,0.23045949038339616,0.4273216838832614,0.4697131141258344,0.42754392941892394,0.38513377119310094,0.3369167916314097,BURST-DOMINATED,Moderate
256,1280.0,1285.0,2.0,2.0,3.0,122.61793518066406,124.06168212890626,17.913076388888886,0.3695833333333333,0.1,0.075,0.1,0.999999999825,0.2,0.1824992230630751,0.40249735178588086,0.02270987295751634,2878.007100171366,0.24462450069361255,0.31838716200487516,0.49869644639215205,0.4747497668576725,0.40249735178588086,0.27360655209705054,LOW-COMPLEXITY,Moderate
257,1285.0,1290.0,2.0,3.0,48.60000000000031,123.63272094726562,129.1045684814453,18.564135416666673,0.20807613168724265,0.15,1.0,0.1419753086419744,0.6666666665888888,0.11249999999999999,0.1652733692796793,0.41576249895105555,0.027126476851851853,2681.9670414250936,0.26488563047299996,0.2227376656244105,0.41960318271580743,0.3222903440900149,0.41576249895105555,0.22827930984122058,SPARSE-EXTREME,Moderate
258,1290.0,1295.0,3.0,3.6000000000000085,6.0,108.2362289428711,147.19186401367188,27.41827083333333,0.32277777777777783,0.12000000000000029,0.1,1.0,0.8090277777035089,0.10822727272727214,0.5972784830117779,0.3620501726515458,0.04179765931372549,2597.5173201074244,0.2596108632575623,0.4313406287347894,0.5023195907026545,0.5002228125543067,0.3620501726515458,0.3317533358454085,LOW-COMPLEXITY,High
259,1295.0,1300.0,5.0,6.0,8.0,121.35691833496094,149.8256866455078,41.348343750000005,0.3711666666666667,0.12,0.08,0.7875,0.847916666615625,0.06466666666666666,0.5043279722850051,0.41016568231050127,0.06709435716230935,3349.6161158027994,0.3056919512898054,0.37928120960260486,0.5077340474933041,0.47070255833430363,0.41016568231050127,0.3198273341993512,LOW-COMPLEXITY,High
260,1300.0,1305.0,3.0,4.0,4.0,118.60526275634766,120.22074279785156,30.636541666666663,0.4683333333333333,0.13333333333333333,0.06666666666666667,1.0,0.749999999934375,0.08666666666666667,0.08320000000000001,0.3948389241465248,0.04572135920479302,2160.13656727784,0.23476845980229,0.18963366665633075,0.41407986886467274,0.3177933333103646,0.3948389241465248,0.19774911963381592,LOW-COMPLEXITY,Moderate
261,1305.0,1310.0,5.0,10.0,47.20000000000023,121.12614440917969,124.46030883789062,36.60184375000001,0.20376610169491535,0.2,0.4720000000000023,0.1504237288135586,0.473749999985125,0.23259803921568625,0.3643880429149563,0.4196233839643321,0.0568676748366013,1350.4359447494915,0.27932872139458836,0.3279081246460553,0.4400112226047246,0.3565382265947708,0.4196233839643321,0.30157015885902977,SPARSE-EXTREME,Moderate
262,1310.0,1315.0,2.0,4.0,4.0,122.67120361328125,125.93160247802734,27.598510416666663,0.34,0.2,0.1,1.0,0.5218749999507812,0.21333333333333332,0.12509436619718312,0.4126926890454646,0.04032187540849673,2380.6564403877833,0.264765234904856,0.22354469512135602,0.39716054583778804,0.294851226508595,0.4126926890454646,0.24031312449719847,BURST-DOMINATED,Moderate
263,1315.0,1320.0,6.0,11.600000000000009,15.0,136.44268798828125,157.8433868408203,45.78998611111112,0.301566091954023,0.19333333333333347,0.125,0.52,0.5323275861899892,0.31662237762237794,0.47014974154898237,0.3648969848646541,0.07676442401960784,3479.2714506857715,0.23019142823743843,0.4173803512798496,0.4593641504423128,0.4381774097990232,0.3648969848646541,0.334326976195307,LOW-COMPLEXITY,Moderate
264,1320.0,1325.0,7.0,10.0,11.760000000000005,134.54391479492188,138.0772918701172,45.920020833333346,0.37593333333333323,0.14285714285714285,0.08400000000000005,0.10204081632653057,0.6912499999763749,0.13328042328042328,0.10998734893314818,0.41830272922687506,0.08461716040305012,2090.437219620549,0.26962055998309487,0.21102814426897099,0.42201191560688556,0.3215818528198238,0.41830272922687506,0.22775697630731667,LOW-COMPLEXITY,Moderate
265,1325.0,1330.0,3.0,8.0,12.0,133.48577880859375,139.3437530517578,33.15051041666667,0.24666666666666665,0.26666666666666666,0.2,0.5,0.3749999999835938,0.37999999999999995,0.5332920115832135,0.39922413406629853,0.05885690182461874,2332.612916127344,0.24702785094602617,0.4458945250361139,0.46595603585044565,0.42423760346922185,0.39922413406629853,0.3617863062415764,SPARSE-EXTREME,Moderate
266,1330.0,1335.0,3.0,4.0,5.0,151.19139099121094,164.44590454101564,33.08742708333333,0.3958333333333333,0.13333333333333333,0.08333333333333334,0.12,0.749999999934375,0.08666666666666667,0.12003539820208851,0.3656995077982069,0.06550044880174292,2547.1080771648385,0.21506563233967832,0.20565706487423924,0.4078923127392019,0.32884395277099115,0.3656995077982069,0.198542225075988,LOW-COMPLEXITY,Moderate
267,1335.0,1340.0,4.0,7.0,12.0,140.15548706054688,159.89427185058594,39.14448958333333,0.2614880952380952,0.175,0.15,0.625,0.5714285714,0.23124999999999998,0.5364944857473023,0.44456082236479866,0.07693890468409585,2559.1477987703192,0.3334410770026451,0.41760947629557643,0.4982635178280663,0.44188584571419065,0.44456082236479866,0.36825923701204133,LOW-COMPLEXITY,Moderate
268,1340.0,1345.0,4.0,6.0,7.0,149.29078674316406,154.70407409667968,37.86037847222222,0.369672619047619,0.15,0.0875,0.1,0.6666666666277777,0.165,0.09437090149669324,0.4175851921647149,0.0738618214869281,2901.0752954885756,0.27044295018293496,0.21328884214493657,0.41679007953306413,0.3193946037687302,0.4175851921647149,0.23210734011136516,LOW-COMPLEXITY,Moderate
269,1345.0,1350.0,4.0,7.0,11.760000000000005,140.2193603515625,145.0819549560547,37.3398298611111,0.26443945578231287,0.175,0.14700000000000008,0.5017006802721087,0.5714285714,0.23124999999999998,0.5453960863638687,0.4166303603828385,0.06940619199346407,2468.9383703900107,0.26599687213155926,0.4214816725637829,0.4953245743197848,0.4445563258991606,0.4166303603828385,0.341826359936575,LOW-COMPLEXITY,Moderate
270,1350.0,1355.0,8.0,14.0,18.760000000000005,140.69544982910156,143.06268615722655,47.04296874999999,0.3245571162046908,0.175,0.11725000000000003,0.1066098081023454,0.5651785714147322,0.16324120234604106,0.15525307432506305,0.3998388405030673,0.09214874319172113,2794.2901633330366,0.2400112760597762,0.22307150228523445,0.4046486676494606,0.3015228431137895,0.3998388405030673,0.2257712233167022,LOW-COMPLEXITY,Moderate
271,1355.0,1360.0,15.0,22.0,25.0,141.71774291992188,145.45564880371094,57.90774305555556,0.37643939393939396,0.14666666666666667,0.08333333333333334,0.26,0.6818181818073347,0.10733333333333334,0.4193264059989288,0.46280236092121263,0.12471974305555555,2220.4788799395424,0.3173286851900595,0.33353168357752255,0.4932591531395957,0.4020009520989124,0.46280236092121263,0.3053367501967577,LOW-COMPLEXITY,Moderate
272,1360.0,1365.0,2.0,3.0,4.0,91.55453491210938,102.22407379150391,26.49801388888889,0.3358333333333333,0.15,0.1,0.1,0.6958333332458333,0.2036111111111111,0.096,0.3872309246663459,0.040501672930283214,437.4489247906402,0.250234212463667,0.23432527776399648,0.4074731288688821,0.3436055555249305,0.3872309246663459,0.2362277479471335,LOW-COMPLEXITY,Moderate
273,1365.0,1370.0,2.0,2.0,3.0,87.98904418945312,100.31061096191407,19.71838194444444,0.4195833333333333,0.1,0.075,0.1,0.956249999846875,0.20500000000000002,0.1851992230630751,0.3557651012589986,0.030305015659041392,430.8833872321656,0.21481850860743368,0.3147085370083204,0.4634545327759519,0.4619972668653287,0.3557651012589986,0.2597069489200116,LOW-COMPLEXITY,Moderate
274,1370.0,1375.0,2.0,6.6000000000000085,10.0,79.80184936523438,84.98634796142578,27.625489583333334,0.25030303030303036,0.3300000000000004,0.25,0.1,0.3295454545253669,0.39472857142857193,0.23342840554706584,0.38479001753932324,0.044766251770152504,354.02924561475027,0.23270277024484007,0.31429665835786197,0.3829651762761031,0.3235244307479983,0.38479001753932324,0.28788809612342825,SPARSE-EXTREME,Moderate
275,1375.0,1380.0,6.0,9.0,12.0,121.2011947631836,131.98622131347656,42.31540972222222,0.3358333333333333,0.15,0.1,0.4916666666666667,0.6569444444195988,0.1433695652173913,0.4881814309126715,0.393728760636412,0.07186097875816994,1768.3886850368224,0.260887219648157,0.37425077026918585,0.4779783046403465,0.426564332646748,0.393728760636412,0.3083734322303453,LOW-COMPLEXITY,Moderate
276,1380.0,1385.0,3.0,5.0,6.760000000000005,146.03469848632812,149.36942138671876,31.601347222222227,0.3004601577909269,0.16666666666666669,0.11266666666666676,0.1183431952662721,0.6174999999545,0.17961538461538462,0.2376768935771385,0.4115766846726441,0.05373045179738562,3327.115016533918,0.2575277020240247,0.27383896792965823,0.4351397148661782,0.35029345267260115,0.4115766846726441,0.25872396023743066,LOW-COMPLEXITY,Moderate
277,1385.0,1390.0,9.0,14.0,16.760000000000005,158.31851196289062,163.6285827636719,47.633513888888885,0.3713519756032882,0.15555555555555556,0.09311111111111114,0.10143198090692121,0.6366071428415179,0.12333333333333332,0.11562051771039725,0.389145665582744,0.09181727028867104,3987.7582019745146,0.23114068136804794,0.2008188835348952,0.4014553258864524,0.3006653219743171,0.389145665582744,0.20696969933848922,LOW-COMPLEXITY,Moderate
278,1390.0,1395.0,4.0,5.0,5.0,164.0110626220703,169.55000915527344,29.81798611111111,0.46062500000000006,0.125,0.0625,1.0,0.7824999999475,0.1750833333333333,0.14828139534883722,0.5031847097086748,0.047930221949891064,3139.321402903092,0.37335380545326247,0.25909261530180877,0.4765100971840287,0.3796385852529428,0.5031847097086748,0.29367230194953153,LOW-COMPLEXITY,Moderate
279,1395.0,1400.0,2.0,2.0,2.0,81.15567016601562,82.73740997314454,16.869031249999995,0.5325,0.1,0.05,0.1,0.999999999825,0.2,0.08000000000000002,0.41625967520062335,0.020665244553376906,399.0058470622127,0.26463924351357043,0.27379999997243754,0.4761108890543653,0.44399999993875,0.41625967520062335,0.25689351412565725,LOW-COMPLEXITY,Moderate
280,1400.0,1405.0,2.0,5.0,6.0,77.99552917480469,80.12271728515626,23.676503472222223,0.27166666666666667,0.25,0.15,0.1,0.4174999999685,0.2808333333333333,0.23698775691695384,0.39817355840600815,0.029374105392156864,410.637179454433,0.24033429440608278,0.283285507587247,0.39647494173262593,0.31551299373072783,0.39817355840600815,0.26514648407883484,BURST-DOMINATED,Moderate
281,1405.0,1410.0,4.0,40.0,50.760000000000005,77.09095764160156,118.10879211425781,41.57235763888889,0.3895761032308905,1.0,0.6345000000000001,0.11229314420803782,0.09999999999912501,0.8342105263157894,0.41557819639792387,0.3280380096439077,0.07890065127995645,570.6815975709109,0.23769007578551435,0.5364673049066433,0.3994513120483275,0.45164714312959714,0.3280380096439077,0.4475328557373308,SPARSE-EXTREME,Moderate
282,1410.0,1415.0,4.0,7.0,14.56000000000003,136.2292022705078,139.4744140625,38.11936458333333,0.23698406593406568,0.175,0.18200000000000038,0.41208791208791123,0.5714285714,0.17375,0.4216965151530603,0.4061107499046484,0.07384906222766885,1846.3538113353143,0.2518175523819752,0.34424110908708117,0.4615470646678891,0.38732145453591804,0.4061107499046484,0.2926145386215457,LOW-COMPLEXITY,Moderate
283,1415.0,1420.0,11.0,13.0,14.0,152.7932586669922,157.8346160888672,54.30494444444444,0.4473326673326673,0.1181818181818182,0.06363636363636363,0.1,0.8461538461310651,0.09287878787878788,0.14934238124153834,0.4099160499593395,0.12337309272875818,2926.352878219781,0.2591048266295844,0.23608127266631798,0.45423734178871267,0.37346413627591,0.4099160499593395,0.23167752460693444,LOW-COMPLEXITY,Moderate
284,1420.0,1425.0,5.0,11.0,15.52000000000001,144.22671508789062,149.8229522705078,37.82113194444445,0.3029988378631677,0.22000000000000003,0.1552000000000001,0.5734536082474223,0.46249999998481406,0.2263333333333333,0.3856506821113887,0.41733286546194587,0.07944579411764706,1569.0167862680628,0.27955603021605646,0.3328326300493956,0.44058501601519207,0.35678687129476816,0.41733286546194587,0.3040804899979006,BURST-DOMINATED,Moderate
285,1425.0,1430.0,14.0,35.20000000000002,46.0,117.9294204711914,133.88037109375,60.538475694444436,0.262401185770751,0.25142857142857156,0.16428571428571428,0.1108695652173913,0.39772727272331787,0.31481762917933154,0.23264580826429532,0.3889947117734423,0.13343351116557736,1249.4261016655066,0.2584806097059959,0.2921311559394686,0.39584106774274064,0.31918445814521584,0.3889947117734423,0.2841372791540737,BURST-DOMINATED,Moderate
286,1430.0,1435.0,2.0,11.600000000000009,23.0,143.13095092773438,146.16171875,35.88302777777778,0.2919696401799101,0.5800000000000004,0.575,0.1,0.1874999999934972,0.6974981132075476,0.40710486191374007,0.39937246348191535,0.0774942934368192,2220.698897503295,0.24190678930478463,0.49085234606352834,0.4451532772279583,0.43188079819448766,0.39937246348191535,0.4123541834006467,SPARSE-EXTREME,Moderate
287,1435.0,1440.0,5.0,9.600000000000009,16.760000000000005,128.13990783691406,143.8076965332031,41.378944444444436,0.28480467780429586,0.19200000000000017,0.16760000000000005,0.10143198090692121,0.5208333333143442,0.19744561403508806,0.1478553594340221,0.3870170575766153,0.08302844893790848,1689.421250300226,0.25159456020068166,0.2268074190701072,0.3876101562817148,0.2957542394025079,0.3870170575766153,0.2362462778286625,LOW-COMPLEXITY,Moderate
288,1440.0,1445.0,5.0,18.0,23.760000000000005,112.92636108398438,121.42532196044922,46.45780555555555,0.26974774410774405,0.36,0.23760000000000003,0.10521885521885518,0.30208333332658177,0.5393714285714286,0.16721413377391264,0.39736142910745703,0.08806777382897606,1494.5976750128914,0.25393568041285275,0.3401101303334458,0.39671481156924715,0.3446734067964774,0.39736142910745703,0.3264026441877427,SPARSE-EXTREME,Moderate
289,1445.0,1450.0,2.0,3.0,3.0,84.98705291748047,90.1091049194336,19.1763125,0.4154166666666666,0.15,0.075,0.13333333333333333,0.6374999999319444,0.1225,0.09313478260869565,0.41095101614350005,0.029220612472766888,402.9184229399311,0.26404492601605706,0.19083863042406382,0.39259981872554195,0.2939404347587892,0.41095101614350005,0.21128986291739757,LOW-COMPLEXITY,Moderate
290,1450.0,1455.0,1.0,2.0,18.960000000000107,75.79434967041016,80.82005310058594,14.017145833333334,0.2685713080168783,0.2,0.9480000000000054,0.28481012658227683,0.543749999890625,0.162,0.23809769473265793,0.42198421421857013,0.02200354520697168,287.59912631354644,0.2817005542611225,0.2552281221914796,0.40424901161221405,0.3184418083815161,0.42198421421857013,0.2530560318500923,SPARSE-EXTREME,Moderate
291,1455.0,1460.0,2.0,3.0,4.0,82.27438354492188,89.93912353515626,21.491437500000004,0.3358333333333333,0.15,0.1,0.1,0.6374999999319444,0.1225,0.10416341463414634,0.4205038751676599,0.03103625653594771,386.0560443682174,0.2874463546052732,0.19563608535513488,0.3955543796938237,0.2972490243664244,0.4205038751676599,0.22329075359868183,LOW-COMPLEXITY,Moderate
292,1460.0,1465.0,2.0,3.0,4.760000000000005,143.54652404785156,147.47745666503906,25.033163194444448,0.33210070028011185,0.15,0.11900000000000013,1.0,0.6666666665888888,0.11249999999999999,0.3825493716337523,0.41727054732191704,0.04141905800653595,1597.660496091184,0.2789491574968918,0.31725272664843224,0.465023309175859,0.3874731447962368,0.41727054732191704,0.2834225058745801,LOW-COMPLEXITY,Moderate
293,1465.0,1470.0,4.0,7.0,9.760000000000005,137.43919372558594,146.1224822998047,38.64994444444445,0.30982517564402806,0.175,0.12200000000000007,0.10245901639344257,0.5839285713982143,0.22713235294117645,0.1392969847280182,0.380610006834572,0.06601535934095859,2259.532482603548,0.23017246876131656,0.2451193721754361,0.40246135635079106,0.3256604189371922,0.380610006834572,0.238472843339289,LOW-COMPLEXITY,Moderate
294,1470.0,1475.0,5.0,8.600000000000009,11.0,128.29989624023438,135.44363403320312,39.32472569444445,0.33328435517970406,0.17200000000000018,0.11000000000000001,0.5636363636363637,0.5813953488135473,0.16448585607940483,0.48304923697825974,0.40319331306363937,0.0643510330882353,1576.99707227436,0.26500290645718033,0.3687241718760341,0.46981616924281433,0.4059731928060111,0.40319331306363937,0.30971763376425554,LOW-COMPLEXITY,Moderate
295,1475.0,1480.0,2.0,3.0,3.760000000000005,125.88957214355469,130.4717224121094,23.870722222222224,0.3175574468085103,0.15,0.09400000000000013,1.0,0.6666666665888888,0.11249999999999999,0.37914807302231246,0.4860966450903491,0.04108895751633988,1782.2263655744503,0.352937500720593,0.31577316175245596,0.4862950821928125,0.38645275521280487,0.4860966450903491,0.3101450788085405,LOW-COMPLEXITY,Moderate
296,1480.0,1485.0,2.0,5.0,11.52000000000001,124.13699340820312,133.24054260253905,26.63300347222222,0.2125055555555555,0.25,0.28800000000000026,0.5121527777777773,0.3824999999755,0.33249999999999996,0.6471051103704434,0.39309881396078583,0.047188959558823525,1357.587739649529,0.2521317615478106,0.47722822300728407,0.47927024113598393,0.44438153310255796,0.39309881396078583,0.3757265282368697,HEAVY-TAIL-RISK,Moderate
297,1485.0,1490.0,2.0,4.0,6.760000000000005,97.9334487915039,150.6741729736328,30.56809722222222,0.24827899408284015,0.2,0.16900000000000012,1.0,0.5218749999507812,0.21333333333333332,0.5767154333769603,0.37746384268146005,0.05435896377995643,1298.9443207314287,0.3035461307270586,0.4199998593445591,0.45497401542779736,0.43033754666252816,0.37746384268146005,0.3564886584327707,BURST-DOMINATED,Moderate
298,1490.0,1495.0,3.0,4.0,5.0,167.9994659423828,172.81158752441405,31.608593749999997,0.37083333333333335,0.13333333333333333,0.08333333333333334,0.1,0.7281249999398438,0.09090909090909091,0.12870000000000004,0.39780154267085654,0.06065524809368191,3950.070688915203,0.2430584981494185,0.20770964203597997,0.4199153223923682,0.32527193179712716,0.39780154267085654,0.2110814989715967,LOW-COMPLEXITY,Moderate
299,1495.0,1500.0,1.0,2.0,11.760000000000005,129.47775268554688,139.5244903564453,22.97745833333333,0.23071700680272111,0.2,0.5880000000000003,0.5527210884353739,0.543749999890625,0.236,0.6235860239163732,0.44045153160980616,0.044578574210239655,2304.7318317374165,0.30510958652314324,0.45307054538639574,0.5091230723196675,0.4599883071366307,0.44045153160980616,0.37317288925845965,HEAVY-TAIL-RISK,High
300,1500.0,1505.0,3.0,5.0,6.0,130.27630615234375,134.8943115234375,33.016555555555556,0.3266666666666667,0.16666666666666669,0.1,0.1,0.6174999999545,0.17961538461538462,0.12882774451097806,0.4017333280136178,0.05841481617647059,2157.4532565669488,0.24696681294950099,0.22648958808587843,0.40927836486356606,0.31763870795275306,0.4017333280136178,0.23052551000408705,LOW-COMPLEXITY,Moderate
301,1505.0,1510.0,5.0,16.0,57.76000000000013,126.03040313720703,145.97915649414062,44.80887500000001,0.2599225484764544,0.32,0.5776000000000013,0.11426592797783908,0.3343749999917969,0.3703809523809523,0.3051013847416706,0.36166445866136737,0.07887014869281046,1612.1891097191026,0.22986771387727242,0.3363134029565728,0.39146193696367904,0.3381949987529634,0.36166445866136737,0.29988986601707074,SPARSE-EXTREME,Moderate
302,1510.0,1515.0,1.0,3.6000000000000085,50.36000000000031,132.55035400390625,146.7260009765625,19.54266666666667,0.3054840702497573,0.3600000000000009,1.0,0.15687053216838664,0.27777777775077095,0.42466666666666775,0.17413512008436124,0.3868098446912534,0.032542941448801745,2025.6254513345389,0.2598110325745222,0.29255044389911067,0.36827898553573357,0.2980960915714119,0.3868098446912534,0.2943876347312756,SPARSE-EXTREME,Moderate
303,1515.0,1520.0,1.0,1.0,32.16000000000021,83.11131286621094,83.33300170898437,8.427614583333334,0.19054726368159192,0.1,1.0,0.13681592039800905,0.99999999965,0.235,0.1658141906588654,0.507211128228948,0.012773251225490197,1513.684741651982,0.3706773863743643,0.3253916728814814,0.5321294565581695,0.4819942570751596,0.507211128228948,0.32840334952413425,SPARSE-EXTREME,High
304,1520.0,1525.0,1.0,2.0,2.760000000000005,58.63404846191406,59.729582977294925,14.809777777777775,0.2518594202898548,0.2,0.13800000000000026,0.10869565217391283,0.4999999999125,0.18999999999999997,0.11896679353082514,0.39090992119171464,0.01985531522331154,261.3692302845197,0.23119569701585224,0.20792555517212766,0.3673145239385258,0.2771900380286225,0.39090992119171464,0.21177547061810525,BURST-DOMINATED,Moderate
305,1525.0,1530.0,1.0,2.0,2.760000000000005,101.71013641357422,104.15995178222656,20.572600694444446,0.3018594202898548,0.2,0.13800000000000026,1.0,0.543749999890625,0.236,0.38398440366972486,0.4191774318721313,0.02576205065359477,1669.1312384217263,0.2817797718679023,0.3488438405791038,0.4560299342292198,0.3881078210626362,0.4191774318721313,0.31230366549660393,BURST-DOMINATED,Moderate
306,1530.0,1535.0,1.0,2.0,26.320000000000164,128.4028778076172,128.871923828125,20.060496527777772,0.26899696048632205,0.2,1.0,0.21276595744680718,0.543749999890625,0.236,0.18770199818891284,0.4318344971436558,0.02521780024509804,3919.0871683581813,0.2865129695032855,0.2634609941949505,0.42374805341183974,0.32922309941839256,0.4318344971436558,0.27076497888820955,SPARSE-EXTREME,Moderate
307,1535.0,1540.0,1.0,2.0,2.0,98.25465393066406,105.03462371826171,10.390163194444446,0.315,0.2,0.1,1.0,0.4999999999125,0.24999999999999997,0.09846153846153848,0.45803835603024573,0.017592571214596956,1727.6186303892919,0.3350268411543394,0.22345576921698798,0.4042541916668736,0.2920384615078365,0.45803835603024573,0.27176202942224476,BURST-DOMINATED,Moderate
308,1540.0,1545.0,1.0,2.0,5.0,95.10846710205078,98.5962890625,24.240149305555555,0.23750000000000004,0.2,0.25,1.0,0.543749999890625,0.236,0.5781504289584543,0.4606615313447661,0.03532211138344226,1407.3848658599607,0.32141147541754017,0.433306061579701,0.5090143604898245,0.446357628649255,0.4606615313447661,0.3694179453877852,SPARSE-EXTREME,High
309,1545.0,1550.0,3.0,5.0,6.0,72.21768951416016,97.95342407226562,22.938940972222223,0.3666666666666667,0.16666666666666669,0.1,1.0,0.5824999999615,0.1956060606060606,0.37882774451097806,0.42717811915479237,0.025961469362745095,959.6888976489835,0.34645802116298136,0.3362432885531814,0.44647226045334076,0.3859854445519396,0.42717811915479237,0.3284254487796237,LOW-COMPLEXITY,Moderate
310,1550.0,1555.0,1.0,2.0,2.0,105.73797607421875,107.30964508056641,15.744920138888888,0.41500000000000004,0.2,0.1,1.0,0.4999999999125,0.18999999999999997,0.0888888888888889,0.4198358184342246,0.020256981345315905,2068.1567154504764,0.26941095899542933,0.1948416666528854,0.3850593995910436,0.26816666663604166,0.4198358184342246,0.2253506480793571,BURST-DOMINATED,Moderate
311,1555.0,1560.0,0.0,2.0,2.0,94.5436782836914,105.54627075195313,7.499354166666666,0.115,0.2,0.1,1.0,0.043749999978124995,0.5,0.08650952380952383,0.46829528914566154,0.011949947984749456,1179.930252086605,0.3595521753553082,0.24827226785369752,0.34303760841454145,0.21626535713520087,0.46829528914566154,0.32074185690775675,BURST-DOMINATED,Moderate
312,1560.0,1565.0,0.0,0.0,1.0,82.16867065429688,83.71066131591797,5.063149305555556,0.0075,0.0,0.05,1.0,0.0,0.0,0.41569147785434385,0.4261096861889258,0.007543399645969499,753.1735445724398,0.2708572579682582,0.18082579286663958,0.32871812567409275,0.12470744335630315,0.4261096861889258,0.20630627310098165,LOW-COMPLEXITY,Moderate
313,1565.0,1570.0,4.0,7.0,9.760000000000005,67.95870971679688,72.27098693847657,35.46076736111112,0.30982517564402806,0.175,0.12200000000000007,0.45081967213114726,0.5839285713982143,0.1450735294117647,0.4895414746863991,0.3839448271312885,0.04879856535947713,353.455780034635,0.2318045262837741,0.36403675471909647,0.4541029130173242,0.40201317768941236,0.3839448271312885,0.2885516794710294,LOW-COMPLEXITY,Moderate
314,1570.0,1575.0,4.0,6.0,7.0,138.6776123046875,142.04511108398438,35.86152777777777,0.35300595238095234,0.15,0.0875,0.9285714285714286,0.6812499999586805,0.16191176470588234,0.4328709014966934,0.5060228511424174,0.05244277069716776,2385.15694829446,0.3749211172150815,0.36157476126220084,0.5138962932529668,0.424967888081605,0.5060228511424174,0.34622712486144935,LOW-COMPLEXITY,High
315,1575.0,1580.0,1.0,3.0,4.0,141.95408630371094,143.89678344726562,22.04236111111111,0.2966666666666667,0.3,0.2,1.0,0.3916666666083333,0.27499999999999997,0.38936666666666664,0.5191556869384892,0.03396067633442265,2547.665047866272,0.3904901505267322,0.34312449999081246,0.46565071192217433,0.35014333331291664,0.5191556869384892,0.3555889027015048,SPARSE-EXTREME,Moderate
316,1580.0,1585.0,3.0,4.0,4.0,108.52220916748047,110.58874206542968,17.128274305555557,0.49333333333333335,0.13333333333333333,0.06666666666666667,1.0,0.6843749999507813,0.22611111111111107,0.08727272727272728,0.42319697673004397,0.020175805555555558,1862.5889197484473,0.29091944957211596,0.23789297663366218,0.42323700923746876,0.3448519570534805,0.42319697673004397,0.2574121207053479,LOW-COMPLEXITY,Moderate
317,1585.0,1590.0,2.0,4.0,47.56000000000029,106.57876586914062,109.24765472412109,17.016277777777777,0.27102607232968867,0.2,1.0,0.17661900756938498,0.49999999995625,0.18999999999999997,0.1903477825937002,0.49709749378392265,0.024550147194989113,2034.3749674355597,0.3634182336564331,0.23897628542136892,0.42842736714045726,0.2986043347627975,0.49709749378392265,0.28343648927045095,SPARSE-EXTREME,Moderate
318,1590.0,1595.0,2.0,3.0,39.72000000000024,101.92129516601562,104.91001434326172,16.668333333333333,0.2782929003021155,0.15,0.993000000000006,0.19133937562940467,0.608333333275,0.22249999999999998,0.1815790718075826,0.4151758370115226,0.02284839991830065,1094.539691293918,0.2732131970846914,0.2654681462271109,0.42563140397372123,0.34526538818852476,0.4151758370115226,0.2646454914514048,SPARSE-EXTREME,Moderate
319,1595.0,1600.0,3.0,4.0,4.0,102.57463836669922,104.8685317993164,29.543802083333333,0.44333333333333336,0.13333333333333333,0.06666666666666667,0.125,0.7718749999289063,0.08307692307692308,0.0859,0.4248534278914512,0.03762717279411765,1371.4500868647456,0.2728678160582403,0.19279065864264888,0.4264119543176753,0.32500317305204024,0.4248534278914512,0.2131189658366745,LOW-COMPLEXITY,Moderate
320,1600.0,1605.0,1.0,3.0,34.400000000000205,102.84979248046875,140.66119079589845,17.721604166666665,0.27286821705426345,0.3,1.0,0.1889534883720919,0.36249999995138893,0.307,0.2420684453840807,0.4922264891670395,0.024803535675381263,2301.938630735178,0.42929403783313963,0.28749602373441885,0.4058560845361654,0.3069455335982103,0.4922264891670395,0.34670029302008,SPARSE-EXTREME,Moderate
321,1605.0,1610.0,2.0,4.0,4.0,60.38396072387695,139.12222595214843,24.520777777777777,0.365,0.2,0.1,1.0,0.49999999995625,0.225,0.09239436619718311,0.34996433093658047,0.03374144921023965,2206.3375224820857,0.3252952785937049,0.210629049288884,0.3297843782923028,0.2814683098438424,0.34996433093658047,0.2606902438945908,BURST-DOMINATED,Moderate
322,1610.0,1615.0,1.0,4.0,7.0,59.4619255065918,61.72868194580078,18.76462499999999,0.24892857142857142,0.4,0.35,0.1285714285714286,0.27187499997265624,0.37799999999999995,0.36264036715839587,0.39910070858487057,0.024518565767973854,300.46272233174614,0.24645302969724786,0.35460387220959555,0.3980940075936428,0.3362483601379484,0.39910070858487057,0.3116802954339406,SPARSE-EXTREME,Moderate
323,1615.0,1620.0,0.0,2.6000000000000085,3.760000000000005,84.79393768310547,88.93109436035157,12.218340277777775,0.17012307692307693,0.26000000000000084,0.18800000000000025,1.0,0.06730769228180451,0.5,0.36845841645456423,0.4860611704089667,0.016884432870370367,1393.6334350719999,0.3549608259322729,0.37463037269211963,0.41089757174501895,0.30909521723500083,0.4860611704089667,0.380048032942836,BURST-DOMINATED,Moderate
324,1620.0,1625.0,1.0,3.6000000000000085,34.880000000000194,57.27198791503906,94.3202407836914,14.750777777777778,0.28211264016309895,0.3600000000000009,1.0,0.1318807339449534,0.3020833332995749,0.3742666666666676,0.44382106097568225,0.3960729467806926,0.020870435729847498,1090.33263651072,0.3394925842726877,0.39315395318577184,0.4063178816378096,0.3698688182808895,0.3960729467806926,0.3730791398274233,SPARSE-EXTREME,Moderate
325,1625.0,1630.0,1.0,3.0,4.0,104.47669982910156,108.0718505859375,17.46138194444444,0.2966666666666667,0.3,0.2,0.825,0.3916666666083333,0.28833333333333333,0.38936666666666664,0.41211312947605083,0.023904420479302833,1238.6113288277322,0.2706076096661013,0.3485578333241458,0.43132186024713226,0.3548099999795833,0.41211312947605083,0.3137265068838676,SPARSE-EXTREME,Moderate
326,1630.0,1635.0,1.0,1.0,30.12000000000019,92.85186004638672,102.90371551513672,6.87364236111111,0.29160026560424956,0.1,1.0,0.1560424966799459,0.9124999997375001,0.2583333333333333,0.17108938105540442,0.3719670554844072,0.012514510620915029,1075.4833036329007,0.22770873156503618,0.3234134640510905,0.46939905532429227,0.461118480891413,0.3719670554844072,0.27539901176656256,SPARSE-EXTREME,Moderate
327,1635.0,1640.0,1.0,2.0,2.0,93.12202453613281,102.71696166992187,11.144899305555557,0.315,0.2,0.1,1.0,0.4999999999125,0.24999999999999997,0.09846153846153848,0.4350723397929795,0.016558918164488012,1013.5268200043664,0.30911604344367505,0.22345576921698798,0.3930587781951411,0.2920384615078365,0.4350723397929795,0.2606297399111228,BURST-DOMINATED,Moderate
328,1640.0,1645.0,1.0,2.0,30.60000000000018,80.66241455078125,81.76718597412109,13.656434027777776,0.21633986928104565,0.2,1.0,0.14379084967320177,0.4999999999125,0.24999999999999997,0.16683944626755876,0.5056581756181442,0.0194782109204793,400.23610745578577,0.37125494563902817,0.2532001591126068,0.42845533790555307,0.3125518338496426,0.5056581756181442,0.29669821412205544,SPARSE-EXTREME,Moderate
329,1645.0,1650.0,1.0,2.0,3.760000000000005,56.36257553100586,57.9234375,18.44447222222223,0.2611787234042552,0.2,0.18800000000000025,0.10638297872340412,0.543749999890625,0.236,0.11875698778616162,0.39598388514437316,0.02435979139433551,241.6252765463058,0.2384562260939487,0.23346991466975373,0.3810974012724631,0.3085395962975672,0.39598388514437316,0.2304297803741674,BURST-DOMINATED,Moderate
330,1650.0,1655.0,0.0,1.0,3.0,52.3209342956543,55.195562744140624,3.6578159722222225,0.0475,0.1,0.15,1.0,0.0,0.15,0.679643439026945,0.4511754042692948,0.006160663126361655,300.679230393483,0.3159503495590399,0.3567698959767211,0.3941265219646656,0.25639303170808353,0.4511754042692948,0.32257212225387094,HEAVY-TAIL-RISK,Moderate
331,1655.0,1660.0,0.0,2.0,2.760000000000005,53.38557434082031,55.0258056640625,6.040534722222222,0.12070000000000004,0.2,0.13800000000000026,1.0,0.043749999978124995,0.5,0.3791575059571089,0.4488680861322678,0.009025416802832241,306.8804173120631,0.31132143399336387,0.375574140087897,0.3880937629716624,0.3040597517794764,0.4488680861322678,0.3611501383972632,BURST-DOMINATED,Moderate
332,1660.0,1665.0,1.0,2.0,3.0,56.044925689697266,57.88036041259765,16.85834375,0.2891666666666667,0.2,0.15,0.1,0.543749999890625,0.236,0.22354704915003162,0.38797695984071195,0.022821502314814817,233.59453075383362,0.2303241412055819,0.2790535913630372,0.39886741367676787,0.33997661470672824,0.38797695984071195,0.25030348280198644,BURST-DOMINATED,Moderate
333,1665.0,1670.0,1.0,1.0,2.0,88.91706848144531,91.73554077148438,9.135246527777781,0.29000000000000004,0.1,0.1,1.0,0.99999999965,0.015,0.3866666666666667,0.44690925702609907,0.013931214188453162,563.1242002190544,0.30810263401181026,0.331812499944875,0.5289381626026759,0.47124999987749994,0.44690925702609907,0.28920235966031693,LOW-COMPLEXITY,High
334,1670.0,1675.0,1.0,1.0,1.0,94.8367691040039,95.0710205078125,7.369020833333332,0.5325,0.1,0.05,1.0,0.99999999965,0.015,0.08000000000000002,0.4003190866752644,0.011686054602396514,1890.3004743234683,0.23670232487102155,0.19841249994487498,0.45451218894176537,0.37924999987749997,0.4003190866752644,0.19310065689631253,LOW-COMPLEXITY,Moderate
335,1675.0,1680.0,1.0,1.0,38.24000000000025,97.65399932861328,106.24338989257812,18.322388888888888,0.18807531380753129,0.1,1.0,0.151673640167363,0.99999999965,0.235,0.17077967088936344,0.39823700109714816,0.027318751906318082,1689.7927325437718,0.2584622012593516,0.32755165678174814,0.49439954040396883,0.483483901144309,0.39823700109714816,0.28707864013018236,SPARSE-EXTREME,Moderate
336,1680.0,1685.0,1.0,2.0,2.0,53.4167366027832,59.12123031616211,17.17458333333333,0.315,0.2,0.1,0.15,0.4999999999125,0.24999999999999997,0.09846153846153848,0.4417777423486883,0.022101102124183005,220.73584062938068,0.31709092091177943,0.22345576921698798,0.3780622034306464,0.2920384615078365,0.4417777423486883,0.25769202683867465,BURST-DOMINATED,Moderate
337,1685.0,1690.0,2.0,3.0,4.0,61.60891342163086,64.18143005371094,28.230944444444447,0.3025,0.15,0.1,0.1,0.6666666665888888,0.11249999999999999,0.16283559009052628,0.393681559856214,0.036974230800653596,264.8888076218856,0.2406630044321328,0.22167723167712894,0.40005011658390577,0.321559010333269,0.393681559856214,0.21447899156995887,LOW-COMPLEXITY,Moderate
338,1690.0,1695.0,1.0,2.0,3.0,61.309661865234375,63.50260696411133,22.096576388888888,0.2891666666666667,0.2,0.15,0.13333333333333333,0.543749999890625,0.236,0.13504782605895652,0.38775275010120586,0.029885792211328976,274.31886920339457,0.2308690786556587,0.2405564293184195,0.38375538343104204,0.31342684777940566,0.38775275010120586,0.23206790991223608,BURST-DOMINATED,Moderate
339,1695.0,1700.0,1.0,2.0,4.0,93.96440887451172,95.47925872802735,15.562284722222223,0.205,0.2,0.2,1.0,0.4999999999125,0.24999999999999997,0.5692996210854299,0.42312190447773845,0.021462250680827886,1250.9381764533643,0.283254149367889,0.42827033515838064,0.48834566001060453,0.43328988629500387,0.42312190447773845,0.35466252273103593,SPARSE-EXTREME,Moderate
340,1700.0,1705.0,1.0,1.0,1.0,96.89322662353516,97.58551635742188,6.051506944444444,0.5325,0.1,0.05,0.1,0.99999999965,0.015,0.08000000000000002,0.3971270480638259,0.008661463916122002,2158.2322812416214,0.23525025056287194,0.19841249994487498,0.4533167465694109,0.37924999987749997,0.3971270480638259,0.19275422456477329,LOW-COMPLEXITY,Moderate
341,1705.0,1710.0,1.0,1.0,1.0,82.99158477783203,97.698583984375,12.97190625,0.6325,0.1,0.05,1.0,0.9124999997375001,0.2583333333333333,0.08000000000000002,0.5133105139802893,0.01946697780501089,1137.983362121864,0.4227694893782303,0.2837895832919896,0.49161965790077256,0.4337916665747917,0.5133105139802893,0.33170732979264655,LOW-COMPLEXITY,Moderate
342,1710.0,1715.0,0.0,1.0,1.0,91.23567199707031,92.50187530517579,17.29591319444444,0.1325,0.1,0.05,1.0,0.08749999991249999,0.42999999999999994,0.06857142857142857,0.41705187747092576,0.022255110838779957,1412.0396502311303,0.2669026542317833,0.21883482141479016,0.328428705456453,0.20169642854080352,0.41705187747092576,0.261924118943633,LOW-COMPLEXITY,Moderate
343,1715.0,1720.0,1.0,1.0,27.320000000000164,90.46527862548828,92.47590637207031,16.85945138888889,0.29330161054172754,0.1,1.0,0.15373352855051153,0.9124999997375001,0.2583333333333333,0.5065870325289129,0.4580716653499881,0.021946722903050112,1346.8439326495445,0.30885726092290916,0.4693549424420667,0.568201076977249,0.5617677763334655,0.4580716653499881,0.37935247927866494,SPARSE-EXTREME,High
344,1720.0,1725.0,2.0,9.600000000000009,20.52000000000001,57.33769607543945,77.2564468383789,30.44602430555555,0.2769329434697857,0.4800000000000004,0.5130000000000002,0.1072124756335282,0.21744791665812155,0.6066718346253235,0.3145078152434948,0.3545906711211888,0.04215589256535948,696.3371827175266,0.24722086932917456,0.41827771911439365,0.3881649962452257,0.38279425752225416,0.3545906711211888,0.36966464651297415,SPARSE-EXTREME,Moderate
345,1725.0,1730.0,2.0,4.0,37.68000000000022,77.26770782470703,82.98808288574219,21.196156250000005,0.21783927813163548,0.2,0.9420000000000055,0.13004246284500987,0.49999999995625,0.225,0.15945572477268385,0.3881188107009395,0.027113105800653594,1268.3094814477145,0.24141827995123724,0.23980074026922685,0.38971445527526705,0.3015867174164927,0.3881188107009395,0.24024785536262977,SPARSE-EXTREME,Moderate
346,1730.0,1735.0,0.0,2.0,3.0,80.36141204833984,95.86369934082032,8.70592361111111,0.12250000000000001,0.2,0.15,1.0,0.043749999978124995,0.5,0.6307063425824639,0.3943165887954641,0.012951628404139433,786.3242406225094,0.27596460738564427,0.4849978840199265,0.42255138564517236,0.3795244027670829,0.3943165887954641,0.406902092857136,HEAVY-TAIL-RISK,Moderate
347,1735.0,1740.0,4.0,6.0,38.16000000000021,134.475341796875,136.37401123046874,28.379611111111114,0.21146090146750535,0.15,0.47700000000000264,0.14150943396226337,0.652083333296875,0.19449999999999998,0.16788682626914406,0.438035067374318,0.03525471078431373,5210.1498962101,0.300807949825062,0.25499264442133546,0.437023531468959,0.3466702145346494,0.438035067374318,0.2676614680234587,SPARSE-EXTREME,Moderate
348,1740.0,1745.0,0.0,1.0,32.16000000000021,91.87285614013672,92.72148895263672,7.593725694444443,0.175,0.1,1.0,0.14925373134328263,0.0,0.15,0.16269295196201433,0.5135299141751991,0.012708377450980392,626.0766245341975,0.3807817003365175,0.13189643410347623,0.3254210885064507,0.10130788558860429,0.5135299141751991,0.23780969539601887,SPARSE-EXTREME,Moderate
349,1745.0,1750.0,0.0,1.0,1.0,81.46604919433594,83.37274322509765,4.216041666666667,0.0325,0.1,0.05,1.0,0.0,0.15,0.04571428571428573,0.3926123495169513,0.006638868464052287,1026.4752845248124,0.23413075721229537,0.08101071428571428,0.2629523156354451,0.06621428571428571,0.3926123495169513,0.15530274455645848,LOW-COMPLEXITY,Low
350,1750.0,1755.0,0.0,2.0,3.0,84.05823516845703,102.06162109375,8.053906249999999,0.12250000000000001,0.2,0.15,1.0,0.043749999978124995,0.5,0.38232264150943396,0.4472773044633349,0.012709958197167755,1114.8471360548995,0.3511743249809814,0.37695097405315847,0.3903127122518234,0.30500929244517394,0.4472773044633349,0.38272568188921025,BURST-DOMINATED,Moderate
351,1755.0,1760.0,1.0,6.6000000000000085,29.320000000000036,82.5240707397461,99.70325164794922,13.458840277777778,0.3320532060027287,0.6600000000000008,1.0,0.1875852660300134,0.15151515150711642,0.6655454545454549,0.3101198461943539,0.4110534820784684,0.015817082107843137,611.7946980917038,0.29331589216902215,0.4299755421841876,0.4031701885047495,0.3790071659767061,0.4110534820784684,0.3979084821070732,SPARSE-EXTREME,Moderate
352,1760.0,1765.0,0.0,0.0,0.0,98.7768325805664,99.56482238769532,0.15200694444444446,0.0,0.0,0.0,0.0,0.0,0.0,0.0,0.5125815760241104,0.0001322032952069717,415.0644050694444,0.37932386606751467,0.0,0.2686506374385298,0.0,0.5125815760241104,0.1555442621312152,LOW-COMPLEXITY,Low
353,1765.0,1768.64,0.0,0.0,0.0,99.56417083740234,99.56437683105469,0.0,0.0,0.0,0.0,0.0,0.0,0.0,0.0,0.41519173720717784,5.985300102947163e-09,482.77423410790595,0.2589036371177063,0.0,0.24369208043719687,0.0,0.41519173720717784,0.1109461124100776,LOW-COMPLEXITY,Low
