segment,start,end,medad_p50,medad_p90,medad_p99,si_p50,si_p90,si_p99,motion_occupancy,motion_magnitude,scene_activity,texture,rtci,burst_score,tail_score,extreme_score,spatial_score,temporal_score,motion_score,event_score,segment_variability,v8_fusion,bdi,regime,class
0,0.0,5.0,0.0,1.0,31.389999999999972,57.762935638427734,104.83337097167968,107.49010124206544,0.08474395861335127,2.7680706065188168,0.010855178849093403,808.5607026073635,0.225,0.125,1.0,0.22300095571838185,0.4065390399532317,0.18000000000000002,0.3716468479181447,0.03101479671169544,0.0,0.3185615790557891,0.35750115731553145,SPARSE-EXTREME,Moderate
1,5.0,10.0,1.0,3.0,5.760000000000005,109.91314697265625,123.70812225341797,124.98941802978516,0.17060333333333338,6.561514826388889,0.02573143069172113,1691.606313752114,0.323,0.375,0.2400000000000002,1.0,0.5872089548222248,0.34640000000000004,0.3371067855090212,0.07351837340491753,0.3333333333333333,0.41620120327455395,0.4229665452315558,SPARSE-EXTREME,Moderate
2,10.0,15.0,1.0,3.0,38.20000000000023,94.85836029052734,122.50777740478516,123.53668640136719,0.17604399305555557,6.71001875,0.02631379901960784,1705.1337465551069,0.525,0.375,1.0,0.22578534031413477,0.5238491407822224,0.4575000000000001,0.39735753922345995,0.07518228291316525,0.6666666666666666,0.47127270297719576,0.4894349395989431,SPARSE-EXTREME,Moderate
3,15.0,20.0,0.0,1.0,45.8400000000003,57.452735900878906,145.3597412109375,145.99248779296875,0.09329239583333335,4.954112465277778,0.019427892020697165,1018.3763294652899,0.225,0.125,1.0,0.18542757417102845,0.335043570741687,0.18000000000000002,0.1810368361707424,0.05550826291627762,0.0,0.2553056044936652,0.281251330582047,SPARSE-EXTREME,Low
4,20.0,25.0,1.0,3.0,5.0,76.07130432128906,141.97828979492186,142.24394897460937,0.2401169791666667,10.035802534722224,0.0393560883714597,1447.9524464882606,0.31666666666666665,0.375,0.20833333333333334,1.0,0.39858679036654665,0.34291666666666665,0.36122775881879643,0.11244596677559915,0.3333333333333333,0.3755767949405672,0.3667205992900635,SPARSE-EXTREME,Moderate
5,25.0,30.0,2.0,4.0,5.0,73.41083526611328,84.13279113769532,87.35737915039063,0.26298552083333326,8.875800451388889,0.03480706059368192,1113.276521483533,0.34375,0.25,0.15625,1.0,0.5788183093139767,0.3015625,0.4644333144813976,0.0994487445533769,0.25,0.4125206350081123,0.4292194355192095,BURST-DOMINATED,Moderate
6,30.0,35.0,5.0,11.600000000000009,15.0,70.20083618164062,84.48744659423828,85.21650604248048,0.31833624999999993,10.127946041666668,0.03971743545751634,1483.719034180217,0.4136034482758618,0.2900000000000002,0.16163793103448265,0.31666666666666665,0.555063041789266,0.3579818965517241,0.43198555170540337,0.11347838702147527,0.8620689655172408,0.4161884719224402,0.436678906840347,BURST-DOMINATED,Moderate
7,35.0,40.0,1.0,3.0,5.760000000000005,70.533935546875,72.03118896484375,72.59825317382813,0.18869333333333332,6.4982596875,0.02548337132352941,377.2043761540349,0.323,0.375,0.2400000000000002,0.17361111111111097,0.6383392565594046,0.34640000000000004,0.28357560364397083,0.07280963235294118,0.3333333333333333,0.38470131099211496,0.43748739988230095,SPATIAL-HEAVY,Moderate
8,40.0,45.0,2.0,3.0,6.0,64.66404724121094,68.99130554199219,70.18257049560548,0.21015451388888892,7.2044759722222205,0.028252846949891067,313.2500373018721,0.4375,0.1875,0.25,0.125,0.614781900159586,0.32500000000000007,0.3187391806788781,0.08072241985683162,0.3333333333333333,0.35528592323045816,0.4019995849319836,SPATIAL-HEAVY,Moderate
9,45.0,50.0,0.0,1.0,6.0,86.43740844726562,92.55762329101563,93.23900604248047,0.1531998263888889,4.916242847222223,0.019279383714596948,799.8391454638024,0.325,0.125,0.75,0.7916666666666666,0.6126767177024219,0.23500000000000001,0.3511653800168951,0.055083953470276996,1.0,0.42684453972379155,0.41611031593306835,SPATIAL-HEAVY,Moderate
10,50.0,55.0,1.0,1.0,2.0,111.27152252197266,112.02588195800782,113.28221099853516,0.12427114583333333,4.183417152777779,0.016405557461873638,2290.4407814318524,0.525,0.125,0.25,1.0,0.646381854480664,0.3450000000000001,0.37628100175454193,0.04687302131963897,0.0,0.41340975132218405,0.46176858905243323,SPATIAL-HEAVY,Moderate
11,55.0,60.0,2.0,3.0,5.0,112.7236099243164,116.80853881835938,117.71171203613281,0.23902607638888887,8.796626006944445,0.03449657257625272,2349.6769910532216,0.4791666666666667,0.1875,0.20833333333333334,1.0,0.6302947382970581,0.34791666666666665,0.3688010890429011,0.09856163593215064,0.6666666666666666,0.4251114316602279,0.42063035859460124,SPATIAL-HEAVY,Moderate
12,60.0,65.0,3.0,5.0,5.0,125.06837463378906,125.88741760253906,126.35192443847656,0.3718976041666667,15.493027499999998,0.06075697058823529,2486.4113397436145,0.3666666666666667,0.20833333333333334,0.125,0.125,0.6463701410526598,0.29541666666666666,0.39903523718405776,0.1735913445378151,0.2,0.3659792365730829,0.42419396349997274,SPATIAL-HEAVY,Moderate
13,65.0,70.0,1.0,6.0,47.24000000000025,72.48616027832031,124.56071014404297,125.12898529052734,0.1907689236111111,8.150824618055555,0.03196401811002179,1198.8344493435673,0.5218333333333344,0.75,0.9841666666666719,0.37044877222692435,0.42169638526439207,0.6245083333333339,0.3248687330789357,0.09132576602863368,0.6666666666666666,0.5010741283434254,0.4834193544788577,MOTION-HEAVY,High
14,70.0,75.0,3.0,8.0,9.0,55.579612731933594,120.30400238037109,121.57250518798828,0.3010753472222222,10.768411423611111,0.04222906440631808,589.856434833185,0.37604166666666666,0.3333333333333333,0.140625,1.0,0.3637852419460873,0.35682291666666666,0.38062161861756616,0.12065446973233739,0.75,0.3884341843825877,0.36643918069543224,BURST-DOMINATED,Moderate
15,75.0,80.0,1.0,3.0,5.0,54.32699203491211,59.28743362426758,60.294276580810546,0.19784277777777778,6.363215833333332,0.02495378758169934,182.75912451208842,0.31666666666666665,0.375,0.20833333333333334,0.125,0.6029711641524601,0.34291666666666665,0.31553926659512255,0.0712965359477124,0.3333333333333333,0.36284860894149223,0.3955792404294054,SPATIAL-HEAVY,Moderate
16,80.0,85.0,2.0,4.0,5.760000000000005,50.167747497558594,54.168113708496094,56.07441177368164,0.2314904166666667,7.731357812500001,0.030319050245098043,154.70962175050528,0.38600000000000007,0.25,0.18000000000000016,1.0,0.6088411585079416,0.32480000000000003,0.3544199280247134,0.08662585784313727,0.5,0.4046431038935199,0.4007188638583524,SPATIAL-HEAVY,Moderate
17,85.0,90.0,1.0,1.0,1.0,53.761966705322266,58.51941146850586,59.027133026123046,0.1093090625,3.633201354166667,0.01424784844771242,389.50947827297364,0.5,0.125,0.125,1.0,0.6041498981721589,0.33125000000000004,0.5101199843750001,0.04070813842203549,0.0,0.40270693854714645,0.42516158929366765,SPATIAL-HEAVY,Moderate
18,90.0,95.0,1.0,1.0,1.0,59.571815490722656,67.46884002685547,67.67936065673828,0.08259156250000001,3.068277465277778,0.012032460648148148,528.2752938671997,0.5,0.125,0.125,1.0,0.5839729087951067,0.33125000000000004,0.49542535937500004,0.034378458994708996,0.0,0.40615249156209227,0.44113027417227374,LOW-COMPLEXITY,Moderate
19,95.0,100.0,0.0,0.0,0.0,65.14698791503906,67.65748291015625,67.86759674072266,0.03724888888888888,1.28192875,0.00502717156862745,407.8784056606943,0.0,0.0,0.0,0.0,0.6289989062455108,0.0,0.25673885385059325,0.014363347338935573,0.0,0.20914485709621103,0.27212476432711075,SPATIAL-HEAVY,Low
20,100.0,105.0,3.0,3.0,46.520000000000266,71.46085357666016,73.2794189453125,122.38509002685547,0.2440855902777778,8.025199027777777,0.03147136873638343,679.5990881532429,0.675,0.125,1.0,0.18271711092003334,0.6484698093320999,0.4275000000000001,0.5842470746527778,0.08991819638966696,0.0,0.5042584682235794,0.6028241088378241,SPATIAL-HEAVY,High
21,105.0,110.0,4.0,6.0,7.760000000000005,121.02657318115234,122.967578125,123.79288787841797,0.29204767361111106,10.21575565972222,0.040061786900871456,1681.3079630019404,0.44483333333333336,0.1875,0.16166666666666676,0.7893041237113397,0.6411562118832889,0.3290333333333334,0.39274068689483577,0.11446224828820417,0.5,0.4156756741661127,0.4380181987813725,SPATIAL-HEAVY,Moderate
22,110.0,115.0,3.0,5.0,7.52000000000001,105.4765396118164,110.35061645507812,116.33465698242188,0.2719744791666666,10.14660673611111,0.03979061465141612,958.2140827079022,0.37926666666666675,0.20833333333333334,0.18800000000000025,1.0,0.6259594277788483,0.30234666666666676,0.4004227155262634,0.11368747043261748,0.2,0.40052658184447315,0.41526086593644934,SPATIAL-HEAVY,Moderate
23,115.0,120.0,1.0,2.0,5.52000000000001,117.98094940185547,122.82492218017578,124.08579772949219,0.2105062152777778,9.26871618055556,0.03634790659041394,1110.5136367905666,0.34400000000000014,0.25,0.34500000000000064,1.0,0.6278127024453218,0.3017000000000001,0.38872626342682526,0.10385116168689698,0.0,0.3997378499522313,0.41492818933271697,SPATIAL-HEAVY,Moderate
24,120.0,125.0,1.0,1.6000000000000085,2.0,105.03071594238281,107.64420318603516,108.13609619140625,0.11600621527777778,4.2368090277777775,0.01661493736383442,989.519750169477,0.35249999999999854,0.20000000000000107,0.15624999999999917,1.0,0.6362959119507112,0.2838749999999997,0.2791716432243989,0.04747124961095549,0.0,0.36392882947598804,0.39266838247306196,SPATIAL-HEAVY,Moderate
25,125.0,130.0,1.0,3.0,78.00000000000026,107.59654235839844,134.40626525878906,134.69881103515624,0.15352951388888889,6.11611996527778,0.02398478417755991,1282.4754436911114,0.525,0.375,1.0,0.20352564102564036,0.5381466582537339,0.4575000000000001,0.3985851129060506,0.06852795479302831,0.6666666666666666,0.46961451354551,0.4841625950697475,SPARSE-EXTREME,Moderate
26,130.0,135.0,1.0,3.0,5.0,108.82882690429688,112.620703125,113.15824829101562,0.15524243055555553,5.755563020833332,0.022570835375816986,886.2711724474266,0.31666666666666665,0.375,0.20833333333333334,1.0,0.6309766600702652,0.34291666666666665,0.2915029801935948,0.06448810107376282,0.3333333333333333,0.4154069972691005,0.428322613168404,SPATIAL-HEAVY,Moderate
27,135.0,140.0,0.0,1.0,1.0,67.00138854980469,95.1166275024414,96.32262817382812,0.08429253472222223,3.584143368055556,0.014055464188453158,599.9350720586051,0.05,0.125,0.125,1.0,0.48599871143865864,0.08375,0.47687228715564706,0.04015846910986617,0.0,0.3018554444881763,0.30152517447027666,LOW-COMPLEXITY,Moderate
28,140.0,145.0,1.0,1.0,1.0,94.03899383544922,126.53814239501953,127.0288671875,0.12112329861111111,4.11161,0.016123960784313728,1625.3746965381224,0.5,0.125,0.125,1.0,0.5067727772431865,0.33125000000000004,0.3694095766127425,0.046068459383753514,0.0,0.3566158629238137,0.379074110295328,LOW-COMPLEXITY,Moderate
29,145.0,150.0,1.0,1.0,35.400000000000205,95.62332153320312,97.33920288085938,126.20188446044922,0.16815215277777776,6.691967743055556,0.02624301075708061,1174.219307181667,0.675,0.125,1.0,0.2612994350282471,0.6455437271487217,0.4275000000000001,0.46925931825861955,0.07498003073451603,0.0,0.4690069116317199,0.5445065457017505,SPATIAL-HEAVY,Moderate
30,150.0,155.0,3.0,7.0,9.760000000000005,60.12867736816406,63.16706924438476,63.62005691528321,0.3043033333333333,10.154617638888888,0.039822029956427016,238.42648031654838,0.35033333333333333,0.2916666666666667,0.17428571428571438,0.14088114754098352,0.6228530399020585,0.32393333333333335,0.37270182784709094,0.11377722844693434,0.42857142857142855,0.3739025473642091,0.40988926402097586,SPATIAL-HEAVY,Moderate
31,155.0,160.0,2.0,5.0,7.0,57.13132095336914,79.71416473388672,80.3085366821289,0.24059750000000002,7.870596527777777,0.03086508442265795,477.0313007503735,0.36750000000000005,0.3125,0.175,0.8214285714285714,0.49251363987603686,0.34275000000000005,0.3428728702298025,0.08818595549330843,0.6,0.37576200582400543,0.35744310865736223,BURST-DOMINATED,Moderate
32,160.0,165.0,3.0,4.6000000000000085,33.880000000000194,87.94819641113281,88.6959228515625,131.65476623535184,0.19137961805555553,6.1670275,0.024184421568627452,2159.3289649155813,0.5811594202898551,0.191666666666667,0.9206521739130471,0.21399055489964458,0.654288895671478,0.4058876811594205,0.38757625102407395,0.06909834733893558,0.4347826086956514,0.4587897051685535,0.5087829253767189,SPATIAL-HEAVY,Moderate
33,165.0,170.0,2.0,3.0,4.760000000000005,144.54476928710938,145.99395751953125,146.45443176269532,0.1823320486111111,7.036700243055556,0.02759490291394335,3053.9563923836504,0.42716666666666675,0.1875,0.19833333333333356,1.0,0.6444166328133452,0.31931666666666675,0.3956553179668301,0.07884257975412386,0.3333333333333333,0.4186366896085441,0.43792152665092887,SPATIAL-HEAVY,Moderate
34,170.0,175.0,2.0,3.0,3.760000000000005,124.19853973388672,139.04708862304688,140.24118408203125,0.29049201388888884,13.14830847222222,0.0515619940087146,1312.3162200940362,0.4188333333333334,0.1875,0.15666666666666687,1.0,0.5898243614365496,0.3147333333333334,0.4630955942020858,0.1473199828820417,0.3333333333333333,0.41303362011007944,0.4202509785553415,LOW-COMPLEXITY,Moderate
35,175.0,180.0,3.0,7.0,49.040000000000276,124.27789306640625,128.9036376953125,131.18195068359375,0.2864607291666667,11.499700659722222,0.045096865332244,2390.943379085116,0.5334761904761914,0.2916666666666667,0.8757142857142907,0.1631321370309942,0.6299633782657125,0.42466190476190535,0.38616334887344894,0.1288481866635543,0.7142857142857143,0.4730403093232637,0.5059022124341443,SPATIAL-HEAVY,Moderate
36,180.0,185.0,6.0,8.0,9.0,63.53589630126953,127.73037109375,129.63125122070312,0.36143232638888895,14.273288680555556,0.05597368110021787,1039.2911885631222,0.5114583333333333,0.16666666666666666,0.140625,0.9305555555555556,0.3803061558602645,0.35630208333333335,0.45234058679558975,0.15992480314347965,0.75,0.3950835845726913,0.386819447869653,LOW-COMPLEXITY,Moderate
37,185.0,190.0,2.0,4.0,5.0,61.367881774902344,62.9739990234375,67.58134185791016,0.22632732638888892,8.046573541666666,0.03155519035947712,235.9546964013612,0.38125000000000003,0.25,0.15625,1.0,0.6368870022702315,0.3221875,0.3980840808702576,0.09015768674136321,0.5,0.4293162312541959,0.44158154684357154,SPATIAL-HEAVY,Moderate
38,190.0,195.0,0.0,3.6000000000000085,5.0,75.03093719482422,95.69041137695314,102.0609228515625,0.22976170138888888,9.484899513888887,0.03719568436819172,483.95309350827443,0.16638888888888892,0.45000000000000107,0.1736111111111107,0.125,0.5303133678720086,0.2940138888888894,0.3161984136389698,0.10627338390911921,0.2777777777777771,0.3335610221152651,0.3540943926272068,BURST-DOMINATED,Moderate
39,195.0,200.0,3.0,5.0,50.60000000000031,113.23394012451172,116.02986602783203,135.6464715576172,0.3321609027777777,12.325013229166666,0.048333385212418305,1694.2742242661418,0.5116666666666667,0.20833333333333334,1.0,0.1729249011857697,0.6394836202506021,0.3751666666666667,0.35663582590737875,0.13809538632119517,0.0,0.4248197590676618,0.4877044319366897,SPATIAL-HEAVY,Moderate
40,200.0,205.0,0.0,1.0,60.2800000000004,97.3363037109375,137.4917724609375,138.44759521484374,0.09525520833333334,3.967620243055555,0.015559295070806101,1484.4732054312533,0.375,0.125,1.0,0.17626078301260667,0.48778798556723924,0.2625,0.47496303394600886,0.04445512877373172,1.0,0.42953628674811106,0.44529200777360906,SPARSE-EXTREME,Moderate
41,205.0,210.0,1.0,1.0,1.7600000000000051,72.04550170898438,105.217431640625,105.70243347167968,0.12903201388888888,4.570877916666667,0.0179250114379085,1038.3801379075287,0.5190000000000001,0.125,0.22000000000000064,1.0,0.4753127019411738,0.3417000000000001,0.3567882200034704,0.05121431839402429,0.0,0.35611055700177807,0.37634597981941315,SPARSE-EXTREME,Moderate
42,210.0,215.0,2.0,3.0,50.36000000000031,73.92980194091797,140.1875427246094,141.69583251953125,0.18599538194444443,6.766412430555556,0.026534950708061004,1208.7202941095397,0.6375000000000001,0.1875,1.0,0.1712668784749791,0.39462690327921623,0.43500000000000005,0.4540555235060454,0.0758141448801743,0.6666666666666666,0.4300867804332493,0.4463940698994654,SPARSE-EXTREME,Moderate
43,215.0,220.0,1.0,2.0,43.040000000000276,131.3162078857422,133.79989929199218,135.05475158691405,0.17357868055555556,6.535715243055556,0.02563025585511983,2363.2457545451043,0.55,0.25,1.0,0.2730018587360577,0.6396292672037374,0.41500000000000004,0.39951247063916734,0.07322930244319951,0.5,0.47335598673951645,0.5104832585207735,SPATIAL-HEAVY,Moderate
44,220.0,225.0,1.0,2.0,2.0,108.41625213623047,109.31960754394531,110.88474700927735,0.11830309027777777,4.615282847222222,0.018099148420479303,1509.2567737704258,0.37500000000000006,0.25,0.125,1.0,0.6455707689155282,0.31875000000000003,0.3404316033155278,0.051711852629940866,0.5,0.4094044454269679,0.4133525858852122,SPATIAL-HEAVY,Moderate
45,225.0,230.0,2.0,4.0,9.280000000000015,48.34611511230469,49.76630783081055,109.35693603515625,0.20013493055555556,6.870659965277778,0.026943764569716772,229.00064553908317,0.3705000000000001,0.25,0.2900000000000005,1.0,0.6562470655299835,0.3162750000000001,0.3422476844336595,0.07698218448490507,0.25,0.4368446922591141,0.48511498582685336,SPATIAL-HEAVY,Moderate
46,230.0,235.0,2.0,5.0,6.760000000000005,49.114776611328125,57.36256637573243,59.457403106689455,0.24599211805555551,7.742365625000001,0.0303622181372549,169.28565843549097,0.33630000000000004,0.3125,0.16900000000000012,0.14792899408284013,0.5696624216166127,0.32559000000000005,0.3314006774964854,0.08674919467787115,0.4,0.34473228034226233,0.36570061746257604,BURST-DOMINATED,Moderate
47,235.0,240.0,3.0,7.0,10.0,58.848419189453125,60.05784530639649,60.268224487304686,0.29445420138888884,9.434205069444442,0.03699688262527233,238.4049970490947,0.35119047619047616,0.2916666666666667,0.17857142857142858,0.125,0.6386253035878908,0.3244047619047619,0.3562889336699542,0.10570537892934952,0.42857142857142855,0.37519570972432664,0.4154899217040676,SPATIAL-HEAVY,Moderate
48,240.0,245.0,3.0,28.0,33.760000000000005,58.33883285522461,60.738172149658205,67.95792694091797,0.3651035069444445,13.441969444444444,0.05271360566448802,244.0018820347287,0.29978571428571427,1.0,0.15071428571428575,0.12959123222748814,0.6298121995914654,0.6148821428571429,0.3157321752371399,0.1506103018985372,0.14285714285714285,0.47490875962922674,0.4999603420340543,HIGH-SPATIO-TEMPORAL,Moderate
49,245.0,250.0,3.0,4.0,24.760000000000005,73.8079833984375,114.5091766357422,115.20122283935547,0.2991171180555555,10.502875868055558,0.04118774850217864,1258.8861897991828,0.5630833333333334,0.16666666666666666,0.7737500000000002,0.29281098546041995,0.4540817671344782,0.3846958333333334,0.4721456133324694,0.11767928143479613,0.25,0.4102320554790776,0.4505698967686338,SPARSE-EXTREME,Moderate
50,250.0,255.0,2.0,7.6000000000000085,55.80000000000028,111.09945678710938,118.19068756103516,120.48944946289063,0.26674114583333336,10.76861763888889,0.04222987309368192,1188.8619351479435,0.4167105263157902,0.47500000000000053,0.9177631578947404,0.1948924731182786,0.6163603664261098,0.44294078947368487,0.3473803448078885,0.12065678026766263,0.1315789473684209,0.4559730588866622,0.5005504343874736,SPATIAL-HEAVY,Moderate
51,255.0,260.0,1.0,2.6000000000000085,37.68000000000022,96.47752380371094,119.26973571777344,119.6619955444336,0.14955392361111108,5.324674513888888,0.020881076525054467,1966.0790418388206,0.49576923076923024,0.32500000000000107,1.0,0.179140127388534,0.5427854631123471,0.4189230769230771,0.38692445009870013,0.05966021864301277,0.38461538461538336,0.4468295368907721,0.48404100774965564,SPARSE-EXTREME,Moderate
52,260.0,265.0,0.0,4.0,52.60000000000031,68.96598052978516,114.09789123535157,117.75155426025391,0.16328315972222224,6.476375173611111,0.025397549700435725,814.7798658401683,0.37500000000000006,0.5,1.0,0.23288973384030281,0.43371809967735975,0.43125,0.3303954952811923,0.07256442771553065,0.5,0.42013469831117256,0.4161019406483775,SPARSE-EXTREME,Moderate
53,265.0,270.0,0.0,7.0,9.0,46.4381217956543,119.42977142333984,120.13288299560547,0.17460121527777778,5.896505277777777,0.023123550108932467,1283.227228835119,0.29285714285714287,0.875,0.16071428571428573,1.0,0.33252850158607994,0.5548214285714286,0.2751854928573584,0.06606728602552134,0.5714285714285714,0.4375082270849694,0.39686793050079544,BURST-DOMINATED,Moderate
54,270.0,275.0,0.0,1.0,1.7600000000000051,49.165103912353516,57.26436767578125,58.62016815185547,0.1296139583333334,3.7106108680555554,0.014551415168845316,420.5226682395676,0.06900000000000013,0.125,0.22000000000000064,0.14204545454545414,0.5707301123769531,0.09420000000000008,0.2961899564444562,0.04157547191098662,0.0,0.25593327998582766,0.3028052494845574,SPARSE-EXTREME,Low
55,275.0,280.0,0.0,1.0,1.0,48.35295867919922,54.715816497802734,55.97893402099609,0.09318489583333332,3.206155243055555,0.012573157815904139,467.04175586841427,0.05,0.125,0.125,0.25,0.5847715794708267,0.08375,0.23609635002315318,0.0359233080454404,0.0,0.2431596074888283,0.2867777720837308,LOW-COMPLEXITY,Low
56,280.0,285.0,1.0,1.0,2.0,44.91424560546875,101.86199493408203,102.9230615234375,0.09796628472222223,3.3703636458333337,0.013217112336601304,602.884737834024,0.675,0.125,0.25,1.0,0.35437725942806614,0.4275000000000001,0.433317896997796,0.037763178104575156,1.0,0.41014123488639015,0.37801262938134417,SPARSE-EXTREME,Moderate
57,285.0,290.0,1.0,1.0,59.76000000000039,101.72247314453125,113.3458984375,113.90476623535156,0.12397559027777777,5.040697534722223,0.019767441312636167,1508.9290980733235,0.675,0.125,1.0,0.18616131191432275,0.5921343042512551,0.4275000000000001,0.4452690165439869,0.05647840375038905,0.0,0.4260948131205662,0.4719134019613764,SPARSE-EXTREME,Moderate
58,290.0,295.0,2.0,10.0,11.0,116.73722839355469,135.90975646972657,137.19700622558594,0.3178176736111111,11.810439444444444,0.04631544880174292,2847.4522319138578,0.3025,0.625,0.1375,0.6136363636363636,0.5706691358009155,0.447625,0.32440795663009364,0.13232985371926548,0.4,0.4306516821274828,0.4386392087146289,BURST-DOMINATED,Moderate
59,295.0,300.0,7.0,9.0,10.0,138.732666015625,140.7558380126953,144.4745837402344,0.43153739583333334,18.421072881944443,0.07223950149782137,2805.3917995700594,0.4765873015873016,0.16071428571428573,0.1388888888888889,0.7875,0.6423269216147782,0.3344444444444445,0.49792713488514595,0.20639857570806106,0.4444444444444444,0.4361109226411384,0.46097369636406893,SPATIAL-HEAVY,Moderate
60,300.0,305.0,3.0,3.0,4.0,150.21600341796875,156.39845275878906,156.84885314941405,0.2913047222222222,13.193593402777777,0.051739581971677565,3717.2221811225813,0.5583333333333335,0.125,0.16666666666666666,1.0,0.6276220839418463,0.36333333333333345,0.40358299195250547,0.1478273770619359,0.3333333333333333,0.4160262791594144,0.4283967315482593,SPATIAL-HEAVY,Moderate
61,305.0,310.0,1.0,2.0,3.0,125.07032775878906,126.15457611083984,126.74359161376954,0.15242986111111112,5.230695798611111,0.020512532543572985,2108.7427243608836,0.3875,0.25,0.1875,1.0,0.6452016922822066,0.32562500000000005,0.327950727465555,0.05860723583877996,0.5,0.4140860084380736,0.4206284840942216,SPATIAL-HEAVY,Moderate
62,310.0,315.0,1.0,1.0,1.0,78.2889175415039,123.45157623291016,124.01067321777344,0.08258197916666668,3.3052397569444443,0.012961724537037037,919.4212784107782,0.65,0.125,0.125,1.0,0.44861236489482037,0.41375000000000006,0.2968313470142627,0.03703349867724868,1.0,0.38730372013607944,0.3569914122550123,LOW-COMPLEXITY,Moderate
63,315.0,320.0,2.0,2.0,3.0,109.49407958984375,118.8613052368164,121.38687194824219,0.17762493055555556,9.702050625,0.03804725735294117,1074.1961277931912,0.6625000000000001,0.125,0.1875,1.0,0.6057870200986994,0.4206250000000001,0.3067744350530239,0.10870644957983192,1.0,0.44757048228458385,0.4462335928433886,SPATIAL-HEAVY,Moderate
64,320.0,325.0,1.0,2.0,43.28000000000027,102.1562728881836,102.60043182373047,102.76664916992188,0.12765128472222223,5.019852812499998,0.019685697303921567,1777.3383653674034,0.625,0.25,1.0,0.17040203327171796,0.647568836046114,0.45625,0.3181695280329463,0.05624484943977591,1.0,0.49060713675198064,0.5186202164114112,SPATIAL-HEAVY,Moderate
65,325.0,330.0,1.0,2.0,2.0,92.11027526855469,98.18281555175781,101.01318023681641,0.14116423611111112,5.025229375,0.019706781862745097,1183.6561541010672,0.45000000000000007,0.25,0.125,1.0,0.6154911381758947,0.36000000000000004,0.35164040923655593,0.05630509103641457,1.0,0.44276890421145537,0.4317220276555197,SPATIAL-HEAVY,Moderate
66,330.0,335.0,0.0,1.6000000000000085,2.0,92.0063705444336,92.30508117675781,92.4858773803711,0.09790465277777775,3.4153401736111113,0.013393490876906316,963.8799511690482,0.16499999999999954,0.20000000000000107,0.15624999999999917,1.0,0.6481965084169279,0.18075000000000024,0.21156145637226023,0.038267116791160904,0.6249999999999967,0.3455724979187725,0.3351234108878055,SPATIAL-HEAVY,Moderate
67,335.0,340.0,1.0,6.0,36.360000000000184,81.63680267333984,113.68273010253907,116.38209777832031,0.21901979166666663,10.970595590277778,0.04302194349128541,912.6231683461724,0.40150000000000086,0.75,0.7575000000000038,0.4537953795379515,0.49357868588689896,0.5583250000000005,0.26965915529832496,0.12291983854652974,0.16666666666666666,0.4599522113602093,0.46756144588507376,SPARSE-EXTREME,Moderate
68,340.0,345.0,13.0,16.0,18.760000000000005,97.59085083007812,110.02314453125,117.68347076416016,0.5703432638888887,23.40111864583333,0.09176909272875816,880.1081320196714,0.45383173076923083,0.15384615384615385,0.14656250000000004,0.3464818763326225,0.5874882167418121,0.3188382211538462,0.4946226242388838,0.2621974077964519,0.1875,0.407657168431416,0.4827238084428853,LOW-COMPLEXITY,Moderate
69,345.0,350.0,4.0,4.0,39.16000000000021,134.45797729492188,135.55475463867188,136.12424743652343,0.28215711805555566,10.942020277777777,0.04290988344226579,2370.0878685964303,0.75,0.125,1.0,0.17556179775280806,0.6454790626886652,0.46875000000000006,0.4414113006824758,0.12259966697790227,0.5,0.4841164431421834,0.5324667227936094,SPATIAL-HEAVY,Moderate
70,350.0,355.0,0.0,1.0,1.0,116.41388702392578,116.87369537353516,117.05156066894531,0.05777111111111111,2.207161076388889,0.008655533632897602,2443.7760026272426,0.2,0.125,0.125,1.0,0.647791425440903,0.16625,0.3426732300043969,0.02473009609399315,1.0,0.3948969889645758,0.39267919019397796,SPATIAL-HEAVY,Moderate
71,355.0,360.0,1.0,1.0,37.960000000000235,57.97294235229492,91.76131744384766,91.89052062988281,0.07549541666666665,3.4492305902777782,0.013526394471677562,514.3545760829669,0.8250000000000001,0.125,1.0,0.2502634351949405,0.44730769194641995,0.5100000000000001,0.37352138218348796,0.03864684134765018,1.0,0.45300836141908946,0.4541920581848648,SPARSE-EXTREME,Moderate
72,360.0,365.0,1.0,2.0,2.0,124.8444595336914,126.11391754150391,126.54753173828125,0.12499138888888889,4.761370798611112,0.01867204234749455,1588.2473215485784,0.30000000000000004,0.25,0.125,1.0,0.6443426498294945,0.2775,0.3787330732553497,0.053348692421413005,0.0,0.38745913133567683,0.4151127609762031,SPATIAL-HEAVY,Moderate
73,365.0,370.0,2.0,5.0,46.520000000000266,133.98570251464844,135.70815734863282,136.37517578125,0.23647017361111108,8.420528680555556,0.033021681100217866,2717.8687880672373,0.5325,0.3125,1.0,0.20152622527944855,0.642878485419553,0.4335,0.3496117563255152,0.09434766028633676,0.6,0.47885159541297273,0.519211842153055,SPATIAL-HEAVY,Moderate
74,370.0,375.0,1.0,1.0,1.0,101.11236572265625,103.41183929443359,104.70297058105469,0.08020753472222224,3.2242068055555553,0.01264394825708061,1151.1416880260638,0.65,0.125,0.125,1.0,0.6376031342165817,0.41375000000000006,0.27807026609442614,0.036125566448801744,1.0,0.4433897783184099,0.4495636722570227,SPATIAL-HEAVY,Moderate
75,375.0,380.0,0.0,0.0,1.0,56.1141242980957,56.364881896972655,56.42989013671875,0.014067847222222223,0.7893704166666665,0.0030955702614379084,583.507917037746,0.025,0.0,0.125,0.125,0.6474919762530174,0.013750000000000002,0.3074936313626694,0.008844486461251168,0.0,0.24318487856568108,0.3041759663748408,SPATIAL-HEAVY,Low
76,380.0,385.0,1.0,3.0,33.400000000000205,108.35934448242188,113.66402740478516,115.01254638671875,0.17542812500000002,6.316354097222222,0.024770016067538127,1542.626128640571,0.47500000000000003,0.375,1.0,0.20583832335329216,0.6237503721456362,0.43000000000000005,0.3831686404234156,0.07077147447868036,0.3333333333333333,0.4787879998436019,0.5327158760681583,SPATIAL-HEAVY,Moderate
77,385.0,390.0,1.0,2.0,47.0800000000003,64.5750503540039,98.20457153320312,98.87474578857422,0.09996288194444443,3.986008784722222,0.015631406998910677,925.8171451652867,0.47500000000000003,0.25,1.0,0.16461342395921733,0.4609362668481722,0.37375,0.279317970288312,0.04466116285403051,0.0,0.36014457060655997,0.39576638132404535,SPARSE-EXTREME,Moderate
78,390.0,395.0,3.0,5.0,7.760000000000005,88.91535186767578,93.48114318847657,96.40784790039062,0.2817578124999999,11.041491840277779,0.043299968001089324,565.7266029965298,0.38046666666666673,0.20833333333333334,0.19400000000000012,1.0,0.6228866018867668,0.30300666666666676,0.35477167795031483,0.12371419428882664,0.2,0.39379567662079795,0.4114780872161676,SPATIAL-HEAVY,Moderate
79,395.0,400.0,3.0,4.0,7.52000000000001,102.13123321533203,118.39950408935547,120.02576171875,0.2852938541666667,12.655785972222223,0.04963053322440087,860.3849181759518,0.45533333333333337,0.16666666666666666,0.23500000000000032,1.0,0.5727943777397974,0.3254333333333334,0.4132606191044802,0.1418015234982882,0.25,0.4110995590451522,0.43464735237892244,SPARSE-EXTREME,Moderate
80,400.0,405.0,4.0,7.0,11.760000000000005,115.0789566040039,143.65437927246094,151.23502868652344,0.32959222222222223,15.415315277777776,0.06045221677559913,1587.620599898101,0.40717857142857145,0.21875,0.2100000000000001,0.6483843537414963,0.5393984513313744,0.32238571428571433,0.39209046071496356,0.17272061935885466,0.42857142857142855,0.38279857234788245,0.3941477848141502,SPARSE-EXTREME,Moderate
81,405.0,410.0,4.0,10.0,14.760000000000005,96.94807434082031,118.40451049804688,121.65280395507813,0.3621519097222222,16.46008388888889,0.064549348583878,694.0076262047581,0.35440000000000005,0.3125,0.18450000000000005,0.39803523035230337,0.5487028010392839,0.33554500000000004,0.4411939284877354,0.18442671023965143,0.5,0.3922372723943471,0.4034902998503875,BURST-DOMINATED,Moderate
82,410.0,415.0,6.0,11.0,16.280000000000015,128.02255249023438,136.3991943359375,137.93996520996095,0.4339522916666666,19.40413329861111,0.07609464038671021,1643.6482725279259,0.38283333333333336,0.22916666666666666,0.18500000000000016,0.43765356265356226,0.6154089032868936,0.31368333333333337,0.45024198563867524,0.21741325824774346,0.36363636363636365,0.39682450250286916,0.42396983698577595,SPATIAL-HEAVY,Moderate
83,415.0,420.0,3.0,6.0,10.0,100.99559020996094,120.80001373291016,121.24653289794922,0.31654493055555555,12.256582361111112,0.0480650288671024,661.4599314902343,0.3666666666666667,0.25,0.20833333333333334,0.15,0.5578308495879023,0.3141666666666667,0.3826780809542747,0.13732865390600688,0.3333333333333333,0.3565666584432907,0.3936125459598609,SPARSE-EXTREME,Moderate
84,420.0,425.0,2.0,13.0,27.320000000000036,114.06231689453125,119.14605712890626,125.99695343017578,0.28318489583333334,12.70197621527778,0.049811671432461874,1038.2300118639134,0.30734615384615394,0.8125,0.26269230769230806,0.13726207906295737,0.6268700505403823,0.5346653846153847,0.30902996544583294,0.14231906123560537,0.15384615384615385,0.438106733417428,0.45352748021199624,SPATIAL-HEAVY,Moderate
85,425.0,430.0,4.0,18.60000000000001,26.52000000000001,126.60154724121094,131.95710144042968,134.8914685058594,0.40128170138888886,18.99825864583333,0.07450297508169935,1467.2221052673437,0.2728629032258065,0.5812500000000003,0.1782258064516129,0.29694570135746595,0.6273875581200521,0.4116370967741937,0.386699292737267,0.2128656430905696,0.16129032258064507,0.43189085563462437,0.4747570437172535,SPATIAL-HEAVY,Moderate
86,430.0,435.0,3.0,4.0,4.0,94.6031494140625,120.02802886962891,121.31197845458985,0.22734118055555555,8.185350104166666,0.03209941217320261,815.4359667248955,0.43333333333333335,0.16666666666666666,0.125,1.0,0.5315043900052507,0.31333333333333335,0.4024238758769669,0.09171260620915032,0.25,0.3723271540510484,0.3744936978607263,LOW-COMPLEXITY,Moderate
87,435.0,440.0,2.0,4.0,6.760000000000005,94.75653076171875,100.17247161865234,102.46142730712891,0.24963385416666667,9.834455590277779,0.03856649251089324,1064.4642649085179,0.35475,0.25,0.21125000000000016,1.0,0.6197748814460732,0.3076125,0.42237626324221383,0.11018997860255211,0.25,0.42357849605572906,0.4485370386286676,SPATIAL-HEAVY,Moderate
88,440.0,445.0,4.0,7.0,51.56000000000029,96.63729095458984,106.05409088134766,107.61465270996094,0.30046312500000005,11.886958645833332,0.0466155241013072,687.6348169932303,0.570750000000001,0.21875,0.9207142857142908,0.17697827773467706,0.6000455963886733,0.41235000000000055,0.46930879974200645,0.13318721171802056,0.5714285714285714,0.46522652773755324,0.49454827040267324,SPATIAL-HEAVY,Moderate
89,445.0,450.0,0.0,4.0,8.0,76.30216979980469,98.7955825805664,100.11227600097656,0.09128934027777778,4.037419930555555,0.015833019335511983,218.87879614152018,0.15000000000000002,0.5,0.25,1.0,0.5228564180190225,0.3075,0.16379237366771532,0.04523719810146281,0.0,0.3331750003133399,0.3202010220011939,SPARSE-EXTREME,Moderate
90,450.0,455.0,6.0,13.600000000000009,20.760000000000005,95.52647399902344,104.48358917236328,106.1072348022461,0.4333039930555555,17.54086284722222,0.06878769744008716,349.0235662237981,0.3374754901960783,0.2833333333333335,0.1908088235294117,0.1324662813102119,0.6017850604921051,0.31311151960784317,0.4416468047129467,0.19653627840024904,0.2941176470588234,0.37560842060943,0.4125414344686307,SPATIAL-HEAVY,Moderate
91,455.0,460.0,7.0,11.0,14.0,85.63055419921875,88.77445220947266,91.63844665527344,0.4302593055555555,17.252440381944446,0.06765662894880173,250.4563459896151,0.412012987012987,0.19642857142857142,0.1590909090909091,0.125,0.6305035688247602,0.315,0.48340260793825063,0.1933046541394335,0.36363636363636365,0.38695843752866904,0.4293707201198018,SPATIAL-HEAVY,Moderate
92,460.0,465.0,5.0,10.0,13.0,86.48094940185547,96.51143188476563,98.04183380126953,0.3717511458333333,14.85099125,0.05823918137254901,299.1330202707099,0.3825,0.25,0.1625,0.125,0.5915635432333127,0.322875,0.42947634301714693,0.16639766106442577,0.5,0.380138331361404,0.4138738400789449,BURST-DOMINATED,Moderate
93,465.0,470.0,2.0,2.0,3.0,91.45416259765625,95.36224517822265,96.64078308105469,0.1743400347222222,6.164617256944445,0.024174969635076256,296.7666939367349,0.5125000000000001,0.125,0.1875,0.125,0.626997914241564,0.33812500000000006,0.2990205156912998,0.0690713418145036,0.0,0.3318015336587149,0.394286851945424,SPATIAL-HEAVY,Moderate
94,470.0,475.0,1.0,2.0,2.0,87.22004699707031,91.5953582763672,92.23687072753907,0.12062555555555556,4.409692569444445,0.01729291203703704,285.742212772896,0.37500000000000006,0.25,0.125,0.125,0.6230382508111924,0.31875000000000003,0.2707100431767492,0.04940832010582012,0.5,0.3494953464895743,0.38753315173215486,SPATIAL-HEAVY,Moderate
95,475.0,480.0,2.0,4.0,5.760000000000005,99.47942352294922,105.21316223144531,106.25969818115234,0.24493826388888887,9.539928194444444,0.037411483115468415,351.5887772801125,0.34850000000000003,0.25,0.18000000000000016,0.13020833333333323,0.6192898318442666,0.30417500000000003,0.35111305674948123,0.10688995175848119,0.25,0.3544996332217026,0.4003303831247525,SPATIAL-HEAVY,Moderate
96,480.0,485.0,2.0,7.0,10.760000000000005,96.4954605102539,104.14141998291015,104.48275329589843,0.22329871527777778,8.200878576388888,0.03216030814270152,306.1355587455975,0.31878571428571434,0.4375,0.19214285714285723,0.12778810408921926,0.6084861912970516,0.3722071428571429,0.2802965561076821,0.09188659469343292,0.42857142857142855,0.3693662934879655,0.39180672303270786,SPATIAL-HEAVY,Moderate
97,485.0,490.0,3.0,4.0,6.0,86.18988037109375,92.51986694335938,94.68218780517579,0.22521621527777774,7.77293076388889,0.030482081427015244,235.4393363004404,0.4458333333333333,0.16666666666666666,0.1875,0.14583333333333334,0.6116827317017755,0.3202083333333333,0.34332567635721595,0.08709166122004355,0.25,0.34562186522059013,0.3898407080764267,SPATIAL-HEAVY,Moderate
98,490.0,495.0,3.0,5.0,7.0,87.29688262939453,89.2603546142578,90.18411651611328,0.2279079513888889,7.940308125,0.031138463235294116,263.56163010361524,0.3766666666666667,0.20833333333333334,0.175,0.14285714285714285,0.6376986362895181,0.3009166666666667,0.31781463497832607,0.08896703781512605,0.2,0.3431384923993157,0.39167818839554613,SPATIAL-HEAVY,Moderate
99,495.0,500.0,3.0,8.0,12.760000000000005,116.33535766601562,117.9484130859375,118.83077545166016,0.31433013888888883,12.189597986111112,0.047802345043572995,855.8104898938166,0.33154166666666673,0.3333333333333333,0.19937500000000008,0.7053291536050154,0.642368002103283,0.33234791666666674,0.3773890443192631,0.13657812869592284,0.375,0.41301803879105886,0.4302813480734759,SPATIAL-HEAVY,Moderate
100,500.0,505.0,3.0,4.0,4.760000000000005,98.49136352539062,116.14215240478515,117.24361602783203,0.2813959375,10.456040208333333,0.041004079248366014,784.3058700429563,0.4380833333333334,0.16666666666666666,0.14875000000000016,0.13130252100840323,0.5645927404985758,0.31594583333333337,0.3625300952650462,0.11715451213818862,0.25,0.33845824432008365,0.38356229765745353,LOW-COMPLEXITY,Moderate
101,505.0,510.0,3.0,6.0,7.760000000000005,97.17382049560547,110.24535827636718,115.90143157958985,0.3153970486111111,13.110612847222221,0.051414168028322445,711.6604249225869,0.35733333333333334,0.25,0.16166666666666676,0.9664948453608241,0.5840250004961267,0.3090333333333333,0.39413517495358386,0.14689762293806413,0.3333333333333333,0.39890582038615385,0.4049767916358105,BURST-DOMINATED,Moderate
102,510.0,515.0,5.0,12.600000000000009,20.52000000000001,87.45021057128906,100.17227783203126,111.54590911865235,0.42961409722222216,18.580252048611115,0.07286373352396515,363.522803111833,0.3418095238095237,0.3150000000000002,0.20357142857142854,0.3898635477582844,0.5804739446751728,0.32974523809523815,0.4293649090849272,0.2081820957827576,0.3968253968253966,0.39553107816301225,0.4182786119328821,SPARSE-EXTREME,Moderate
103,515.0,520.0,9.0,16.0,22.760000000000005,82.64444732666016,107.4445571899414,109.49649139404298,0.45977083333333324,20.501324305555553,0.08039735021786493,424.29711550401686,0.40813194444444445,0.2222222222222222,0.17781250000000004,0.3405096660808435,0.5212449982480872,0.32447256944444447,0.5259752525125215,0.22970671490818553,0.5,0.39039236037611924,0.4032400232009178,BURST-DOMINATED,Moderate
104,520.0,525.0,0.0,1.0,1.0,109.30938720703125,119.33893127441407,119.87356781005859,0.08737979166666668,3.7553534027777773,0.014726876089324619,588.1345030570425,0.2,0.125,0.125,1.0,0.6025257940544887,0.16625,0.411415737247971,0.04207678882664177,1.0,0.394565122949273,0.3822426762837189,SPATIAL-HEAVY,Moderate
105,525.0,530.0,0.0,2.0,47.0800000000003,130.81166076660156,142.796826171875,144.10762756347657,0.10342256944444445,4.496552152777778,0.0176335378540305,1888.9961931467662,0.325,0.25,1.0,0.2442650807136773,0.60267633128139,0.29125,0.25296867451198274,0.05038153672580143,0.5,0.4079620839637783,0.4480474190600071,SPATIAL-HEAVY,Moderate
106,530.0,535.0,3.0,31.200000000000017,52.760000000000005,140.47824096679688,142.34140319824218,142.88557861328124,0.4280746875,23.775764166666665,0.09323829084967321,1425.8296151847935,0.3672756410256409,1.0,0.21137820512820504,0.1658453373768006,0.6426325160192352,0.6520016025641026,0.43396546889677506,0.26639511671335203,0.5448717948717946,0.5413069201692797,0.545889246051099,HIGH-SPATIO-TEMPORAL,High
107,535.0,540.0,1.0,29.0,59.4400000000001,136.79254150390625,137.61915283203126,138.0576885986328,0.3549752083333333,20.328434444444447,0.07971935076252722,1307.6202454112763,0.35986206896551737,1.0,0.25620689655172457,0.14300134589501995,0.6466446781405657,0.6479241379310345,0.3825126510437449,0.22776957360722064,0.6206896551724138,0.5345537188765448,0.5368726171338071,HIGH-SPATIO-TEMPORAL,High
108,540.0,545.0,3.0,5.0,10.56000000000003,57.231971740722656,60.6565803527832,62.77995071411133,0.2560319097222223,9.432744166666666,0.03699115359477123,119.27081901596651,0.39446666666666685,0.20833333333333334,0.2640000000000008,0.2130681818181812,0.6186508997049184,0.3107066666666668,0.3383149538392187,0.10568901027077496,0.2,0.35901426143978865,0.40803197372945615,SPATIAL-HEAVY,Moderate
109,545.0,550.0,2.0,4.0,7.760000000000005,125.22026062011719,130.49685363769532,132.0090252685547,0.24555260416666666,10.531389305555557,0.04129956590413942,622.8632725095138,0.36100000000000004,0.25,0.24250000000000016,1.0,0.627273316458312,0.31105000000000005,0.36533087714065915,0.11799875972611264,0.25,0.41457584375931744,0.4368748793172721,SPATIAL-HEAVY,Moderate
110,550.0,555.0,0.0,1.0,2.0,101.57139587402344,128.14549865722657,129.84400329589843,0.10242090277777778,5.156713194444444,0.020222404684095866,1045.9120247404464,0.07500000000000001,0.125,0.25,1.0,0.5339997805291633,0.0975,0.3534782842101116,0.05777829909741677,0.0,0.3221453173737251,0.354812771141699,SPARSE-EXTREME,Moderate
111,555.0,560.0,2.0,3.0,38.20000000000023,118.535400390625,120.99917144775391,123.20815368652345,0.2536687847222222,12.01932982638889,0.0471346267701525,1433.1434176257412,0.5875000000000001,0.1875,1.0,0.22578534031413477,0.6387747077031093,0.4075000000000001,0.43613909423568387,0.13467036220043574,0.3333333333333333,0.47366037955525725,0.5298943432454696,SPATIAL-HEAVY,Moderate
112,560.0,565.0,3.0,5.0,6.0,123.39122009277344,132.81731872558595,137.3951922607422,0.3257742361111111,13.529709652777775,0.053057684912854036,1868.3143755308656,0.3716666666666667,0.20833333333333334,0.15,1.0,0.6104512719176217,0.2981666666666667,0.3920154831100038,0.15159338546529724,0.2,0.39089438475841204,0.4013423156624947,SPATIAL-HEAVY,Moderate
113,565.0,570.0,3.0,6.0,9.0,128.098876953125,131.61853942871093,132.13065856933594,0.3212212847222222,12.843127118055556,0.0503652043845316,1639.0518638980486,0.3625,0.25,0.1875,1.0,0.6348867513473547,0.311875,0.3985678159720337,0.14390058395580457,0.3333333333333333,0.41901534620371345,0.4329130862794225,SPATIAL-HEAVY,Moderate
114,570.0,575.0,4.0,5.0,5.0,120.7322006225586,124.42634582519531,127.55011810302734,0.3066773611111111,12.307054583333331,0.0482629591503268,2030.3711338409028,0.47625000000000006,0.15625,0.125,1.0,0.6336132608198374,0.33225000000000005,0.4574012534307912,0.13789416900093374,0.4,0.4287714742884819,0.44553104525529763,SPATIAL-HEAVY,Moderate
115,575.0,580.0,5.0,6.0,7.0,118.00003051757812,123.82244567871093,125.1475537109375,0.309636875,12.798741041666664,0.05019114133986928,1564.0169622294172,0.5591666666666667,0.15,0.14583333333333334,1.0,0.6235292342180392,0.3750416666666667,0.4295466028163538,0.1434032609710551,0.8333333333333334,0.4597523400491453,0.4689496860511617,SPATIAL-HEAVY,Moderate
116,580.0,585.0,1.0,1.0,1.0,63.52336120605469,65.18018493652343,65.58843811035156,0.0904502777777778,3.212249895833333,0.01259705841503268,330.05185128305203,0.5,0.125,0.125,0.125,0.6356810266853141,0.33125000000000004,0.24791940121873426,0.03599159547152194,0.0,0.3084735278380355,0.3606752067113341,SPATIAL-HEAVY,Moderate
117,585.0,590.0,4.0,5.0,6.0,64.09654998779297,65.94841766357422,66.8946923828125,0.26018836805555556,7.746033854166666,0.0303766033496732,427.5324944279119,0.51125,0.15625,0.15,0.14583333333333334,0.6343235800023113,0.35150000000000003,0.378694553329098,0.08679029528478058,0.6,0.3799976677720649,0.4162535906743281,SPATIAL-HEAVY,Moderate
118,590.0,595.0,4.0,7.0,7.760000000000005,62.72633743286133,64.88651428222656,65.44985809326172,0.35869152777777785,10.345852361111108,0.040571970043573,393.3875187106786,0.39289285714285715,0.21875,0.13857142857142865,0.1288659793814432,0.6312640093715598,0.31452857142857144,0.3623796799401684,0.11591991441020857,0.42857142857142855,0.3643006447795482,0.40839302614658296,SPATIAL-HEAVY,Moderate
119,595.0,600.0,1.0,2.0,2.0,76.63481903076172,90.88955688476562,92.66266418457032,0.2328817708333333,7.165438819444446,0.02809976007625272,509.06910116772787,0.30000000000000004,0.25,0.125,0.125,0.5620770619036186,0.2775,0.33388248108392105,0.0802850287892935,0.0,0.312360879157157,0.36185697388306615,BURST-DOMINATED,Moderate
120,600.0,605.0,4.0,8.0,9.0,92.5445327758789,122.56641998291016,123.77480895996094,0.3850459375000001,13.842204409722223,0.05428315454793028,1251.9948289216388,0.359375,0.25,0.140625,0.6527777777777778,0.513356213651049,0.31015625,0.3997639982073571,0.1550947272798008,0.375,0.37326418330630307,0.3908771289307821,BURST-DOMINATED,Moderate
121,605.0,610.0,2.0,3.0,3.0,104.71224975585938,118.90970306396484,120.07185485839844,0.2758624305555556,9.585360208333334,0.03758964787581699,1816.4532973515968,0.4625,0.1875,0.125,0.125,0.5827821381966787,0.33875,0.3362338710198408,0.1073989939309057,0.6666666666666666,0.3556664039595408,0.3786241472989899,LOW-COMPLEXITY,Moderate
122,610.0,615.0,1.0,1.0,2.0,86.40042114257812,97.28172302246094,99.47155944824219,0.14997274305555558,6.492954618055556,0.02546256712962963,1705.9165900855605,0.675,0.125,0.25,1.0,0.5872456000103079,0.4275000000000001,0.3500946159633645,0.0727501917989418,1.0,0.4558935354734444,0.4529650094366382,SPARSE-EXTREME,Moderate
123,615.0,620.0,2.0,4.0,4.0,125.02388000488281,136.78077697753906,137.38821228027345,0.24992034722222223,10.647956180555555,0.04175669090413943,2198.4841565722327,0.37500000000000006,0.25,0.125,1.0,0.6014493459405876,0.31875000000000003,0.45586916027956914,0.11930483115468409,0.5,0.4304462198227456,0.4375126823021962,SPATIAL-HEAVY,Moderate
124,620.0,625.0,2.0,2.0,3.0,57.31751251220703,120.19283599853516,122.84023498535156,0.21423409722222225,8.07079579861111,0.031650179602396515,922.0667997222023,0.5875,0.125,0.1875,1.0,0.3708209234780657,0.3793750000000001,0.34595091574044,0.09042908457827577,0.5,0.35919393607097694,0.35010366820534633,LOW-COMPLEXITY,Moderate
125,625.0,630.0,2.0,3.0,4.0,55.78244400024414,57.14514312744141,117.3293081665039,0.19967506944444446,7.242065972222223,0.02840025871459695,374.76713914712093,0.42083333333333334,0.1875,0.16666666666666666,1.0,0.6562027712546706,0.31583333333333335,0.3596784497105453,0.08114359632741985,0.3333333333333333,0.432017157311935,0.48036698247021387,SPATIAL-HEAVY,Moderate
126,630.0,635.0,4.0,6.0,45.520000000000266,107.98684692382812,124.31610717773438,125.12114044189452,0.3190003472222222,14.854198263888891,0.058251757897603486,1055.8996462569437,0.6021666666666677,0.1875,0.9483333333333389,0.23066783831282817,0.5760352575587562,0.4155666666666673,0.44197567044013275,0.16643359399315283,0.5,0.4569294963170173,0.4877812956337248,SPARSE-EXTREME,Moderate
127,635.0,640.0,2.0,3.0,4.760000000000005,76.38381958007812,86.4093734741211,87.67096527099609,0.1804817361111111,7.42543451388889,0.029119351034858392,374.96501219988033,0.42716666666666675,0.1875,0.19833333333333356,1.0,0.5847610387605007,0.31931666666666675,0.33453836640680557,0.08319814581388113,0.3333333333333333,0.38935956631062424,0.39987667753608597,LOW-COMPLEXITY,Moderate
128,640.0,645.0,1.0,1.0,2.0,71.56298065185547,75.6967041015625,79.09274688720703,0.1012904861111111,3.794457500000001,0.014880225490196079,232.13696882877466,0.525,0.125,0.25,0.125,0.6198808868558862,0.3450000000000001,0.25970275830273243,0.0425149299719888,0.0,0.3265505499689121,0.386818498383197,SPATIAL-HEAVY,Moderate
129,645.0,650.0,1.0,3.0,3.760000000000005,81.64619445800781,92.78600769042968,96.3922216796875,0.1536462152777778,6.378940000000001,0.025015450980392158,406.55382002647895,0.30633333333333335,0.375,0.15666666666666687,1.0,0.5829569725838417,0.3372333333333334,0.2964394146332701,0.07147271708683474,0.3333333333333333,0.39278610422209004,0.3909500165771566,BURST-DOMINATED,Moderate
130,650.0,655.0,1.0,2.0,57.800000000000026,77.20539855957031,111.55086975097656,115.65041046142578,0.18061642361111108,9.401963090277777,0.036870443491285404,517.7283116168929,0.625,0.25,1.0,0.16435986159169544,0.47985649821835,0.45625,0.4209048729529068,0.10534412426081545,1.0,0.46899625279008134,0.47468306332210103,SPARSE-EXTREME,Moderate
131,655.0,660.0,1.0,3.6000000000000085,6.0,73.5212631225586,83.0143051147461,84.97354980468751,0.20967684027777778,13.6253303125,0.05343266789215686,193.68438106218727,0.29833333333333306,0.45000000000000107,0.20833333333333284,1.0,0.5858649396853512,0.3665833333333337,0.3504928122602606,0.15266476540616247,0.2777777777777771,0.4278637016058553,0.4305018428726467,SPARSE-EXTREME,Moderate
132,660.0,665.0,1.0,1.0,1.0,93.08312225341797,96.92910766601562,97.58537658691407,0.17302055555555557,7.418071909722222,0.02909047807734205,362.16302464268205,0.5,0.125,0.125,0.125,0.6276111288460944,0.33125000000000004,0.31640664802946256,0.08311565164954872,0.0,0.33109536868941125,0.3936997771737205,SPATIAL-HEAVY,Moderate
133,665.0,670.0,0.0,1.0,1.0,141.3016357421875,145.07076721191407,145.6846875,0.11586920138888887,5.473633159722221,0.021465228077342045,1205.5614422884685,0.2,0.125,0.125,1.0,0.6353241234658904,0.16625,0.3434107544326148,0.06132922307812013,1.0,0.38828992248929467,0.3782135763609515,SPATIAL-HEAVY,Moderate
134,670.0,675.0,0.0,0.0,1.0,154.02719116210938,156.7467010498047,157.213466796875,0.07293423611111112,4.059075243055555,0.015917942129629627,2330.762652441454,0.025,0.0,0.125,0.125,0.6401977592651219,0.013750000000000002,0.1901278228808297,0.045479834656084656,0.0,0.22637545690989108,0.29754946057666976,SPATIAL-HEAVY,Low
135,675.0,680.0,0.0,0.0,0.0,136.3184051513672,153.35732727050782,154.1513641357422,0.06645520833333333,4.935285729166668,0.019354061683006536,1979.1064348582768,0.0,0.0,0.0,0.125,0.5873395189059304,0.0,0.23489458795263976,0.05529731909430439,0.0,0.20108549815081442,0.25263432341739783,LOW-COMPLEXITY,Low
136,680.0,685.0,0.0,0.0,0.0,110.9819107055664,113.8857406616211,114.6463037109375,0.04923277777777777,2.829630625,0.01109659068627451,1605.0565802288215,0.0,0.0,0.0,0.125,0.6356442220446732,0.0,0.27581838272314524,0.03170454481792717,0.0,0.2213109340828815,0.27936017480541936,SPATIAL-HEAVY,Low
137,685.0,690.0,0.0,0.0,1.0,141.13333129882812,145.31995544433593,146.1196319580078,0.10187381944444444,6.02255517361111,0.02361786342592593,2357.2451433793685,0.025,0.0,0.125,1.0,0.6337443694597932,0.013750000000000002,0.30379146485233893,0.0674796097883598,0.0,0.2783824949619238,0.2985372694669449,SPATIAL-HEAVY,Low
138,690.0,695.0,0.0,0.0,0.0,136.1331329345703,140.61627197265625,142.97675720214843,0.06294173611111112,3.586824305555555,0.014065977668845315,2588.613641707257,0.0,0.0,0.0,0.125,0.6322146293488772,0.0,0.21416974516113302,0.04018850762527233,0.0,0.2094067270188302,0.2692453465377956,SPATIAL-HEAVY,Low
139,695.0,700.0,0.0,0.0,0.0,130.9561309814453,133.1902069091797,134.5202081298828,0.04547315972222223,2.148180277777778,0.008424236383442266,2409.2813865415537,0.0,0.0,0.0,0.0,0.6406562038818294,0.0,0.190364205158467,0.024069246809835045,0.0,0.191894202915854,0.24730062302944542,SPATIAL-HEAVY,Low
140,700.0,705.0,0.0,0.0,1.0,134.2046661376953,148.1627990722656,149.9339758300781,0.07611885416666668,4.875003854166667,0.019117662173202623,2496.4936710053735,0.025,0.0,0.125,0.125,0.5969494913402206,0.013750000000000002,0.22763399653588856,0.05462189192343607,0.0,0.20355111775730914,0.24331923018537474,LOW-COMPLEXITY,Low
141,705.0,710.0,0.0,0.0,1.0,145.7351837158203,149.36355895996093,150.90994140625,0.09979774305555555,6.878224444444444,0.026973429193899782,2775.897776244224,0.025,0.0,0.125,0.125,0.6363968107810356,0.013750000000000002,0.25214052831700584,0.07706694055399937,0.0,0.24045377290348377,0.31115023447072904,SPATIAL-HEAVY,Low
142,710.0,715.0,0.0,0.0,1.0,153.22720336914062,164.01661987304686,164.5393115234375,0.09324746527777777,8.02939579861111,0.03148782666122004,2860.8688535346555,0.025,0.0,0.125,0.375,0.6127907307899044,0.013750000000000002,0.30670685771359324,0.08996521903205726,0.0,0.2618168145025118,0.3236642249157663,SPATIAL-HEAVY,Low
143,715.0,720.0,1.0,2.0,53.68000000000035,85.47386932373047,127.48956604003907,133.8037902832031,0.17092454861111114,8.906941354166667,0.034929181781045746,700.8436779246699,0.47500000000000003,0.25,1.0,0.1746460506706397,0.4685528398977827,0.37375,0.4022677346002344,0.09979766223155928,0.0,0.39549228628501704,0.43718181080782775,SPARSE-EXTREME,Moderate
144,720.0,725.0,1.0,1.0,1.0,90.58061981201172,104.04183044433594,107.63875335693359,0.14142215277777775,7.318164652777779,0.028698684912854027,667.5811251348881,0.5,0.125,0.125,1.0,0.577662687285797,0.33125000000000004,0.333405743937317,0.08199624260815437,0.0,0.3727260236605709,0.40700358894634114,LOW-COMPLEXITY,Moderate
145,725.0,730.0,0.0,1.0,2.0,105.86764526367188,107.48105926513672,108.17544921875,0.07181184027777777,3.573264375000001,0.014012801470588239,692.5763050988052,0.225,0.125,0.25,1.0,0.6415906949214228,0.18000000000000002,0.31225793396573137,0.04003657563025211,1.0,0.39891012235150486,0.39503312158520165,SPATIAL-HEAVY,Moderate
146,730.0,735.0,1.0,2.0,4.0,62.64425277709961,106.73098602294922,107.12020782470704,0.11697371527777775,5.965963020833333,0.02339593341503268,384.37388335415534,0.325,0.25,0.25,1.0,0.42422255394292785,0.29125,0.29709952084118646,0.06684552404295052,0.0,0.32894757902671345,0.3340155258569962,SPARSE-EXTREME,Moderate
147,735.0,740.0,3.0,9.0,13.0,67.56218719482422,76.87777709960938,79.33392913818359,0.31524930555555564,15.407535590277776,0.06042170819716776,160.59317669023713,0.3611111111111111,0.375,0.18055555555555555,0.5,0.5822034265500027,0.36736111111111114,0.38600811915239464,0.17263345199190788,0.6666666666666666,0.41570493794916363,0.4197688856381367,BURST-DOMINATED,Moderate
148,740.0,745.0,0.0,1.0,1.0,56.401695251464844,65.79632568359375,71.00910675048829,0.047673854166666675,2.4880526736111115,0.009757069308278864,184.13454478858043,0.2,0.125,0.125,1.0,0.5710205826417091,0.16625,0.31659199475051125,0.02787734088079676,1.0,0.37002508469848444,0.358694809567743,LOW-COMPLEXITY,Moderate
149,745.0,750.0,0.0,2.0,4.0,54.68560791015625,103.71390228271484,107.84451446533203,0.14072874999999999,7.761452951388889,0.030437070397603485,283.63582344197204,0.25,0.25,0.25,1.0,0.3951280841178903,0.25,0.24225381275734714,0.0869630582788671,1.0,0.35260111901044183,0.3208882262789888,SPARSE-EXTREME,Moderate
150,750.0,755.0,3.0,6.0,7.0,69.03791809082031,119.83376464843751,123.93904571533203,0.30298565972222236,16.52152309027778,0.0647902866285403,342.2988411836174,0.3541666666666667,0.25,0.14583333333333334,0.125,0.4193035129976108,0.3072916666666667,0.40086731885851734,0.18511510465297232,0.3333333333333333,0.32104109119489443,0.3412383116980208,BURST-DOMINATED,Moderate
151,755.0,760.0,0.0,1.0,2.0,83.84591674804688,87.73025360107422,119.5723876953125,0.1486104861111111,7.829457916666668,0.030703756535947712,384.3897925786043,0.225,0.125,0.25,1.0,0.6316875813368564,0.18000000000000002,0.3116617340171047,0.08772501867413633,1.0,0.4152563076706013,0.43266231655428883,SPATIAL-HEAVY,Moderate
152,760.0,765.0,1.0,2.0,3.760000000000005,82.45932006835938,84.85355987548829,89.35214050292969,0.16161777777777778,7.582522500000001,0.029735382352941177,355.0148153506914,0.32200000000000006,0.25,0.23500000000000032,0.13297872340425515,0.6349717197895276,0.2896000000000001,0.28498221638799626,0.08495823529411765,0.0,0.3296324207729478,0.3809091551408932,SPATIAL-HEAVY,Moderate
153,765.0,770.0,1.0,2.0,4.0,77.2358627319336,82.87321014404297,91.44414031982421,0.13069343749999998,6.907974375000001,0.02709009558823529,307.4482117393263,0.4,0.25,0.25,0.15625,0.6134058077216828,0.3325,0.25973163867070437,0.07740027310924369,0.5,0.35789867116878066,0.3905813251589116,SPATIAL-HEAVY,Moderate
154,770.0,775.0,1.0,4.0,6.0,73.58855438232422,77.2912841796875,78.07997192382813,0.1345375,5.617115173611111,0.0220279026416122,220.259394496959,0.2875,0.5,0.1875,0.125,0.6230200171495381,0.383125,0.2518223588328674,0.06293686469032057,0.25,0.3694229824436761,0.40261172916058685,SPATIAL-HEAVY,Moderate
155,775.0,780.0,1.0,2.0,4.0,78.39090728759766,79.51863403320313,79.97832427978516,0.10688666666666666,4.239674895833334,0.016626176062091498,291.0571920172022,0.4,0.25,0.25,0.125,0.6420488018858638,0.3325,0.23601817176524498,0.04750336017740428,0.5,0.36059092538193843,0.4026346312318923,SPATIAL-HEAVY,Moderate
156,780.0,785.0,1.0,1.6000000000000085,2.0,97.67048645019531,100.07369995117188,102.34194641113281,0.12884979166666669,5.585376215277777,0.02190343613834423,530.5218113540437,0.44624999999999804,0.20000000000000107,0.15624999999999917,1.0,0.6367852373965969,0.33543749999999944,0.2814642202469464,0.06258124610955494,0.6249999999999967,0.40857576072697144,0.41540836376238205,SPATIAL-HEAVY,Moderate
157,785.0,790.0,0.0,1.0,35.960000000000235,80.76529693603516,104.43800659179688,104.75049865722656,0.08124024305555556,4.2606926041666675,0.016708598447712414,542.2292471994382,0.375,0.125,1.0,0.25027808676306845,0.5232150878450527,0.2625,0.29630944160853756,0.04773885270774976,1.0,0.3969720857120451,0.40321220419379245,SPARSE-EXTREME,Moderate
158,790.0,795.0,0.0,1.0,1.0,53.916839599609375,59.948184204101565,62.05066421508789,0.03336166666666666,1.5336113194444443,0.0060141620370370375,271.372971592604,0.2,0.125,0.125,0.25,0.5937877602801236,0.16625,0.20700591068908294,0.017183320105820108,1.0,0.3079701693833661,0.3166822024923754,LOW-COMPLEXITY,Moderate
159,795.0,800.0,1.0,2.0,2.0,67.67591094970703,68.27615509033203,68.39026092529296,0.1300948611111111,4.007735416666667,0.015716609477124183,849.7025206644163,0.30000000000000004,0.25,0.125,1.0,0.6450336541158472,0.2775,0.3262020571864595,0.0449045985060691,0.0,0.36701355933097757,0.3835928822010214,SPATIAL-HEAVY,Moderate
160,800.0,805.0,1.0,2.0,2.0,70.72367858886719,72.98275604248047,73.28655822753906,0.10306069444444443,3.608897430555556,0.01415253894335512,803.5178367763783,0.37500000000000006,0.25,0.125,1.0,0.6325040999345001,0.31875000000000003,0.2863239485830159,0.040435825552443204,0.5,0.3930544750564416,0.3941475498865689,SPATIAL-HEAVY,Moderate
161,805.0,810.0,1.0,1.0,1.0,76.44883728027344,77.39044342041015,77.75631469726562,0.047292499999999994,2.129324618055555,0.008350292619825707,1080.5101103286436,0.5,0.125,0.125,1.0,0.643173369245805,0.33125000000000004,0.32641453657598873,0.023857978913787735,0.0,0.38354962040892787,0.42219726097650345,SPATIAL-HEAVY,Moderate
162,810.0,815.0,0.0,1.0,21.520000000000138,38.28449630737305,76.52590942382812,76.80111053466797,0.030944270833333332,1.7852447916666672,0.007000959967320261,336.5200969035652,0.375,0.125,1.0,0.3136617100371727,0.38145115793320766,0.2625,0.46701934895833336,0.020002742763772178,1.0,0.39866872305627904,0.3862067433050162,SPARSE-EXTREME,Moderate
163,815.0,820.0,1.0,1.0,26.08000000000017,44.7235107421875,84.21987457275391,84.5308544921875,0.04487604166666666,2.1435203819444446,0.008405962282135075,491.9718901293225,0.8250000000000001,0.125,1.0,0.1821319018404896,0.39628647357647573,0.5100000000000001,0.3161641505570832,0.024017035091814503,1.0,0.4336390876800764,0.44381663917013664,SPARSE-EXTREME,Moderate
164,820.0,825.0,1.0,3.0,3.0,115.63899230957031,121.74102783203125,125.53740325927734,0.18135135416666665,10.472097812499998,0.04106705024509804,962.6779905998022,0.3,0.375,0.125,1.0,0.6221598505238936,0.33375,0.379118345913965,0.11733442927170869,0.3333333333333333,0.428563142147752,0.441544731340765,SPATIAL-HEAVY,Moderate
165,825.0,830.0,1.0,2.0,3.0,115.39659118652344,118.05747833251954,119.53253234863281,0.15981260416666665,7.090271284722221,0.027804985430283223,994.2867174994643,0.3875,0.25,0.1875,0.125,0.6374315042581707,0.32562500000000005,0.24310906602544624,0.07944281551509493,0.5,0.3472346617111721,0.37719200297973293,SPATIAL-HEAVY,Moderate
166,830.0,835.0,3.0,4.0,4.0,74.38711547851562,119.41652069091798,120.94052978515626,0.2694346180555556,8.710395208333335,0.03415841258169935,1083.8134275944801,0.4708333333333334,0.16666666666666666,0.125,1.0,0.4429090129423293,0.3339583333333334,0.4550079939057793,0.097595464519141,0.5,0.3965968726350603,0.40535099094602356,LOW-COMPLEXITY,Moderate
167,835.0,840.0,2.0,3.0,4.0,79.37702941894531,86.4652603149414,89.05301116943359,0.22415590277777775,9.358735902777779,0.03670092510893247,381.1385831508693,0.42083333333333334,0.1875,0.16666666666666666,1.0,0.6041650511497442,0.31583333333333335,0.32724991900714373,0.10485978602552135,0.3333333333333333,0.38468656687875025,0.3900968472632822,SPATIAL-HEAVY,Moderate
168,840.0,845.0,3.0,13.0,14.0,94.07405090332031,96.97574157714844,97.83069396972657,0.3466693055555556,16.082184201388888,0.06306738902505447,733.0139782781359,0.35448717948717956,0.5416666666666666,0.1346153846153846,0.6339285714285714,0.6331761092862026,0.4387179487179488,0.45915957249184713,0.18019254007158422,0.7692307692307693,0.48510695908763934,0.4843378513274637,SPATIAL-HEAVY,Moderate
169,845.0,850.0,12.0,21.0,22.0,95.453857421875,98.55102844238282,100.33854614257812,0.4116251041666667,18.277750034722228,0.07167745111655775,1097.0989799427862,0.46279761904761907,0.21875,0.13095238095238096,0.125,0.6324978016541962,0.3529761904761905,0.49404599247587944,0.2047927174758793,0.9047619047619048,0.4291019152177685,0.4546362717741041,SPATIAL-HEAVY,Moderate
170,850.0,855.0,2.0,6.0,8.0,103.94210052490234,122.47532958984375,123.78453369140625,0.2328599652777778,13.360928402777777,0.05239579765795208,818.2731204699401,0.35833333333333334,0.375,0.16666666666666666,0.125,0.5649791252768778,0.36583333333333334,0.3442368699044128,0.14970227902272024,0.6666666666666666,0.385155839702924,0.40305751887833147,BURST-DOMINATED,Moderate
171,855.0,860.0,2.0,5.0,8.0,105.1187515258789,122.39614868164062,123.4931771850586,0.24865347222222223,13.118348263888889,0.0514445029956427,821.3025968142865,0.37250000000000005,0.3125,0.2,1.0,0.5706085402615685,0.34550000000000003,0.37362994838901353,0.14698429427326487,0.6,0.42712257245489593,0.4223205242945934,SPARSE-EXTREME,Moderate
172,860.0,865.0,1.0,2.0,4.0,66.1688003540039,71.31287689208985,72.10865447998047,0.16400149305555556,6.473307291666666,0.025385518790849673,280.85143424539046,0.4,0.25,0.25,0.125,0.609358314238844,0.3325,0.2898313351068197,0.07253005368814193,0.5,0.3603171980321081,0.3939634753996567,SPATIAL-HEAVY,Moderate
173,865.0,870.0,1.0,2.0,3.0,66.15435028076172,68.90208282470704,69.81567749023438,0.14013506944444443,5.503118541666667,0.021580857026143794,283.412620011085,0.3875,0.25,0.1875,0.125,0.6276193050321134,0.32562500000000005,0.2879156760193602,0.06165959150326799,0.5,0.35825965243404456,0.39367067006750733,SPATIAL-HEAVY,Moderate
174,870.0,875.0,1.0,2.0,3.0,65.0338363647461,72.39449768066406,73.87400695800781,0.1716203125,6.7017440625,0.026281349264705885,277.6164102060012,0.3875,0.25,0.1875,0.125,0.592915535682786,0.32562500000000005,0.3201435208621002,0.0750895693277311,0.5,0.3565948000044059,0.38841933255954986,BURST-DOMINATED,Moderate
175,875.0,880.0,0.0,1.0,1.0,66.7912826538086,69.44329986572265,70.22557403564453,0.09942628472222223,3.6953523611111114,0.014491577886710238,349.3737892619377,0.05,0.125,0.125,0.125,0.628538224822122,0.08375,0.28993212324117423,0.04140450824774354,0.0,0.2651393228216993,0.3250471775374442,SPATIAL-HEAVY,Low
176,880.0,885.0,6.0,10.600000000000009,12.760000000000005,75.43280792236328,80.6074691772461,83.52018432617189,0.4053750694444444,15.739614270833334,0.061723977532679726,216.1953394721051,0.38558176100628905,0.22083333333333352,0.15047169811320749,0.9208463949843256,0.6143037786456409,0.3114449685534591,0.48843198148612366,0.17635422152194208,0.37735849056603743,0.422215153532005,0.431041642566236,SPATIAL-HEAVY,Moderate
177,885.0,890.0,5.0,8.600000000000009,11.760000000000005,87.08627319335938,91.75776977539063,93.17722015380859,0.3603592013888889,14.647753298611109,0.05744216979847494,410.84908223473604,0.3736976744186044,0.21500000000000022,0.17093023255813944,0.5102040816326529,0.6214196620071247,0.30228372093023254,0.4993500959674927,0.16412048513849983,0.2325581395348835,0.4077999876243468,0.4500602331868488,SPATIAL-HEAVY,Moderate
178,890.0,895.0,3.0,4.0,6.0,70.87989044189453,77.86533966064454,78.68713836669922,0.27250392361111114,12.065393298611113,0.04731526783769063,231.60970731678373,0.4458333333333333,0.16666666666666666,0.1875,1.0,0.5994505282188488,0.3202083333333333,0.41183072555895917,0.13518647953625895,0.25,0.40126170315508836,0.41261622098351824,LOW-COMPLEXITY,Moderate
179,895.0,900.0,2.0,2.0,3.0,80.38372039794922,86.4694320678711,87.21167266845703,0.2466180208333333,9.770920520833334,0.038317335375817003,331.10238993921325,0.5125000000000001,0.125,0.1875,0.125,0.6102988786186051,0.33812500000000006,0.3554689845922575,0.10947810107376288,0.0,0.34313387123632505,0.4068965913508761,SPATIAL-HEAVY,Moderate
180,900.0,905.0,3.0,6.0,7.0,115.55133819580078,122.89210052490235,124.59625915527344,0.3148284374999999,14.655699201388892,0.05747333020152505,1056.4714779258388,0.3791666666666667,0.25,0.14583333333333334,1.0,0.6164052262047253,0.3210416666666667,0.3650895378803256,0.16420951486150015,0.5,0.4220666009965638,0.43479697034763215,SPATIAL-HEAVY,Moderate
181,905.0,910.0,2.0,4.0,46.80000000000028,113.2734375,155.84209594726562,157.19596801757814,0.2972588541666666,13.929283541666669,0.054624641339869294,1708.2164941359786,0.55,0.25,1.0,0.19230769230769115,0.4980152767161189,0.41500000000000004,0.47534064561460726,0.15607040382819798,0.5,0.4548798694000138,0.4819580262743979,SPARSE-EXTREME,Moderate
182,910.0,915.0,1.0,1.0,2.0,149.3735809326172,155.71333923339844,157.4440948486328,0.2133119444444444,10.358684444444442,0.04062229193899782,2503.6462817540696,0.525,0.125,0.25,1.0,0.6271061533760582,0.3450000000000001,0.43744502746195246,0.1160636912542795,0.0,0.4145778176247834,0.4475641571711727,SPATIAL-HEAVY,Moderate
183,915.0,920.0,1.0,1.0,1.0,143.4805145263672,146.7513214111328,147.84814270019533,0.11865607638888888,5.562461701388889,0.02181357529956427,1889.14733834444,0.65,0.125,0.125,1.0,0.637479663283746,0.41375000000000006,0.3406850750522683,0.06232450085589792,1.0,0.44752524842246866,0.4404830825883742,SPATIAL-HEAVY,Moderate
184,920.0,925.0,1.0,1.0,1.0,129.11587524414062,132.6055419921875,134.75930053710937,0.11522336805555555,4.8844735069444445,0.019154798066448802,1686.0350876452203,0.5,0.125,0.125,1.0,0.6353594535610395,0.33125000000000004,0.2970428306757119,0.05472799447556801,0.0,0.3664276457775758,0.39191143010717344,SPATIAL-HEAVY,Moderate
185,925.0,930.0,1.0,2.0,2.0,114.539794921875,136.34818420410156,136.98569763183593,0.1842640625,7.865332673611112,0.03084444185729847,1649.10068628519,0.37500000000000006,0.25,0.125,1.0,0.5600698838823257,0.31875000000000003,0.4062125019841841,0.08812697673513849,0.5,0.4012395195194652,0.3938920326878933,BURST-DOMINATED,Moderate
186,930.0,935.0,2.0,3.0,50.12000000000032,133.65025329589844,138.87874755859374,139.51079650878907,0.29599624999999996,13.550685833333333,0.05313994444444444,2312.018537143225,0.5375000000000001,0.1875,1.0,0.16709896249002287,0.6287191107781693,0.3800000000000001,0.6127979375,0.15182841269841268,0.0,0.4656695558697202,0.5125188677313474,SPATIAL-MOTION-HEAVY,Moderate
187,935.0,940.0,2.0,3.0,39.72000000000024,130.03370666503906,141.72073364257812,142.79397033691407,0.21007302083333335,8.905009375000002,0.03492160539215687,2414.3792356915383,0.5875000000000001,0.1875,1.0,0.17938066465256688,0.6034715321488223,0.4075000000000001,0.3627354610076259,0.09977601540616249,0.3333333333333333,0.4518898688829446,0.5146242863378684,SPATIAL-HEAVY,Moderate
188,940.0,945.0,3.0,3.0,4.0,119.78369903564453,125.01464538574218,125.64630310058594,0.2445888888888889,10.062736493055555,0.03946171173747277,1534.6225016959781,0.6083333333333334,0.125,0.16666666666666666,1.0,0.6263538219952329,0.3908333333333334,0.42573826065738685,0.11274774782135077,0.6666666666666666,0.44658685136884113,0.4534346377632446,SPATIAL-HEAVY,Moderate
189,945.0,950.0,2.0,4.0,46.28000000000027,85.75408172607422,118.94397583007813,120.63003509521485,0.23055375000000003,9.219430520833331,0.03615462949346405,621.8871430724951,0.5125000000000001,0.25,1.0,0.2025713050993938,0.4949378273639511,0.39437500000000003,0.426651549136718,0.10329894140989729,0.25,0.4210779252046894,0.4517820884307345,SPARSE-EXTREME,Moderate
190,950.0,955.0,2.0,2.0,44.80000000000028,89.65281677246094,110.32887420654296,111.06272369384766,0.20001288194444444,7.805652916666667,0.03061040359477124,728.064174697092,0.75,0.125,1.0,0.20089285714285587,0.5448893844092801,0.46875000000000006,0.45696206607424467,0.08745829598506069,0.5,0.4689625690053706,0.5135077239736392,SPARSE-EXTREME,Moderate
191,955.0,960.0,1.0,2.0,3.0,82.01036834716797,89.18739013671875,90.15904510498046,0.21159329861111112,8.161490034722222,0.03200584327342047,433.1482879818607,0.3875,0.25,0.1875,1.0,0.6046563153277512,0.32562500000000005,0.40643538040409877,0.09144526649548707,0.5,0.42477622098954243,0.43128520135175274,SPATIAL-HEAVY,Moderate
192,960.0,965.0,2.0,3.0,3.760000000000005,74.07725524902344,76.99615936279297,79.42070587158203,0.21805649305555555,7.332728958333334,0.028755799836601308,564.4143400143478,0.4188333333333334,0.1875,0.15666666666666687,0.13297872340425515,0.6290759401528653,0.3147333333333334,0.35870003234681336,0.08215942810457517,0.3333333333333333,0.3547106648280534,0.3974256538163171,SPATIAL-HEAVY,Moderate
193,965.0,970.0,1.0,2.0,4.0,87.33387756347656,89.07888793945312,89.73991546630859,0.14997034722222227,5.5286997569444445,0.021681175517429197,516.977481554789,0.4,0.25,0.25,1.0,0.6390098448986188,0.3325,0.31085448879981986,0.06194621576408343,0.5,0.41781580137840457,0.42706369268464817,SPATIAL-HEAVY,Moderate
194,970.0,975.0,1.0,2.0,3.0,85.03759765625,85.94840850830079,86.24569580078125,0.15225701388888888,5.104504166666667,0.02001766339869281,475.8225533963145,0.3875,0.25,0.1875,0.125,0.6440412546575587,0.32562500000000005,0.2855539084007377,0.05719332399626517,0.5,0.3629378291708464,0.4025405268338135,SPATIAL-HEAVY,Moderate
195,975.0,980.0,1.0,1.0,2.0,84.39720153808594,85.14738006591797,85.62592498779297,0.10659895833333334,3.7899807986111114,0.014862669798474943,470.4138280824027,0.525,0.125,0.25,0.125,0.645096937305656,0.3450000000000001,0.26317257270595473,0.042464770852785556,0.0,0.33656871700156665,0.40360243136620527,SPATIAL-HEAVY,Moderate
196,980.0,985.0,1.0,5.0,10.0,84.16497802734375,86.39123840332032,87.92072662353516,0.19993982638888888,7.155942638888889,0.028062520152505446,440.51743458508673,0.325,0.625,0.25,0.1375,0.6356968428249761,0.46,0.2880247832162373,0.08017862900715843,0.4,0.42770256011002716,0.46233056024086955,SPATIAL-HEAVY,Moderate
197,985.0,990.0,1.0,2.0,3.0,82.90233612060547,83.50448608398438,84.05139099121094,0.13760149305555555,4.756560972222222,0.0186531802832244,457.27531917068984,0.3875,0.25,0.1875,0.125,0.6460231879251834,0.32562500000000005,0.26668882906746966,0.053294800809212575,0.5,0.35929619714411765,0.3987226303714438,SPATIAL-HEAVY,Moderate
198,990.0,995.0,1.0,2.0,24.280000000000143,124.17813110351562,125.15299072265626,125.43563629150391,0.2212785416666667,8.566464583333333,0.03359397875816994,4187.546515274969,0.55,0.25,1.0,0.40671334431630735,0.6456140669071162,0.41500000000000004,0.44106939482763974,0.09598279645191413,0.5,0.49764920931515816,0.5396543735263706,SPATIAL-HEAVY,Moderate
199,995.0,1000.0,2.0,2.0,39.480000000000246,107.44890594482422,115.47964630126953,116.33916229248047,0.19950125,8.140213472222221,0.03192240577342048,1423.396992816549,0.8250000000000001,0.125,1.0,0.2786220871327237,0.6107496993729278,0.5100000000000001,0.419599182193345,0.09120687363834423,1.0,0.5209133369015967,0.558138765237581,SPATIAL-HEAVY,High
200,1000.0,1005.0,1.0,2.0,2.760000000000005,102.85676574707031,117.55252838134766,118.87944396972657,0.13499458333333333,5.108285659722222,0.020032492783224397,1358.9634542781532,0.3095000000000001,0.25,0.17250000000000032,1.0,0.5796678624915914,0.28272500000000006,0.2441068967753292,0.057235693666355426,0.0,0.33583185994744946,0.34168154247971777,BURST-DOMINATED,Moderate
201,1005.0,1010.0,2.0,9.600000000000009,12.760000000000005,68.85095977783203,102.80890655517578,104.46746978759766,0.2865415277777778,10.186013923611114,0.0399451526416122,404.2194091696034,0.3251041666666666,0.6000000000000005,0.16614583333333324,0.5289968652037615,0.4675343180672615,0.4488072916666669,0.3610585889673679,0.11412900754746343,0.5208333333333329,0.4020187246116796,0.38315635852396185,BURST-DOMINATED,Moderate
202,1010.0,1015.0,4.0,8.0,12.760000000000005,66.07263946533203,104.56424865722656,105.05649017333984,0.35479458333333336,12.561785416666666,0.049261903594771235,471.0031329631646,0.37112500000000004,0.25,0.19937500000000008,0.5485893416927897,0.4474247634756175,0.31661875000000006,0.4261636410367512,0.14074829598506067,0.375,0.3495280899477472,0.34711345866909177,BURST-DOMINATED,Moderate
203,1015.0,1020.0,1.0,2.0,2.0,100.8929214477539,103.56207427978515,104.1841177368164,0.21713711805555555,9.023876944444444,0.035387752723311544,1644.1840722655977,0.37500000000000006,0.25,0.125,1.0,0.6354752745648189,0.31875000000000003,0.3806229575595862,0.10110786492374728,0.5,0.4107737582310469,0.40615782218630286,SPATIAL-HEAVY,Moderate
204,1020.0,1025.0,1.0,1.0,1.0,99.22447204589844,103.1359146118164,104.1521157836914,0.11411743055555557,4.57435295138889,0.017938639025054468,1361.402593042642,0.5,0.125,0.125,1.0,0.6286615480139031,0.33125000000000004,0.3028119548532574,0.05125325435729848,0.0,0.3708859182277519,0.40242350791952575,SPATIAL-HEAVY,Moderate
205,1025.0,1030.0,1.0,1.0,2.0,101.86077880859375,102.74812927246094,103.04322845458985,0.1533175,6.103191180555555,0.023934083061002174,1432.7607573815992,0.525,0.125,0.25,1.0,0.6451443797027075,0.3450000000000001,0.33580627769791804,0.06838309446000622,0.0,0.3931089373354738,0.42516676478914245,SPATIAL-HEAVY,Moderate
206,1030.0,1035.0,1.0,2.0,3.0,112.31045532226562,113.54116668701172,113.82307678222656,0.16895333333333332,6.147073020833333,0.024106168709150326,1841.038774846083,0.3875,0.25,0.1875,1.0,0.6438853911020855,0.32562500000000005,0.3414597708458656,0.06887476774042951,0.5,0.41804476150477915,0.4258179932167978,SPATIAL-HEAVY,Moderate
207,1035.0,1040.0,2.0,3.0,41.24000000000025,110.69210815429688,128.44658203125,129.6756719970703,0.22772701388888889,9.419027743055555,0.03693736369825708,1711.9568871051963,0.5875000000000001,0.1875,1.0,0.20307953443258847,0.5722570205414558,0.4075000000000001,0.378145670544041,0.10553532485216309,0.3333333333333333,0.42822918170014124,0.4605662697781054,SPARSE-EXTREME,Moderate
208,1040.0,1045.0,4.0,5.0,5.760000000000005,118.55487823486328,126.49165802001953,127.47467529296875,0.31585642361111116,12.039898958333332,0.047215290032679734,1853.799711829143,0.45005000000000006,0.15625,0.14400000000000013,1.0,0.6145904896067832,0.31784000000000007,0.5050515469574343,0.13490082866479924,0.2,0.43074694279351083,0.46456243332287134,SPATIAL-HEAVY,Moderate
209,1045.0,1050.0,2.0,2.6000000000000085,41.480000000000246,100.61591339111328,113.28720397949219,115.16816955566406,0.18910263888888884,6.607532152777777,0.025911890795206973,1264.6504249547709,0.6363461538461526,0.16250000000000053,1.0,0.25614754098360504,0.5871362359411733,0.4231153846153842,0.40176263945192925,0.07403397370059135,0.38461538461538336,0.4566690279630922,0.5066668449649457,SPARSE-EXTREME,Moderate
210,1050.0,1055.0,3.0,5.0,10.760000000000005,64.40755462646484,116.2729736328125,117.7337661743164,0.2644809027777777,9.321467569444446,0.03655477478213508,932.4176614524624,0.4554666666666667,0.20833333333333334,0.26900000000000013,0.7202602230483268,0.4077606336220344,0.3442566666666667,0.3674165586996836,0.10444221366324308,0.6,0.37022632382163456,0.3715197242399225,SPARSE-EXTREME,Moderate
211,1055.0,1060.0,2.0,3.0,4.0,90.39214324951172,105.55442657470704,125.00221801757823,0.20254125000000006,7.600846041666665,0.029807239379084968,1153.198063838579,0.42083333333333334,0.1875,0.16666666666666666,1.0,0.5725098887842782,0.31583333333333335,0.35424410594268224,0.08516354108309991,0.3333333333333333,0.3881533389034786,0.39902905216232937,LOW-COMPLEXITY,Moderate
212,1060.0,1065.0,1.0,3.0,3.0,129.07424926757812,130.88170166015624,131.45036499023436,0.19558954861111114,7.586410972222223,0.02975063126361656,2072.798297595641,0.3,0.375,0.125,1.0,0.6422331757851732,0.33375,0.3250600387113947,0.08500180361033303,0.3333333333333333,0.40166922108768677,0.39462130715429034,SPATIAL-HEAVY,Moderate
213,1065.0,1070.0,2.0,6.0,17.280000000000015,124.44805908203125,129.5449951171875,130.15558288574218,0.2792592013888889,11.215540138888887,0.04398251034858387,2045.3960113004478,0.34700000000000003,0.375,0.3600000000000003,0.4123263888888885,0.6277613148788472,0.35960000000000003,0.3759972328275387,0.12566431528166822,0.3333333333333333,0.42181392799199285,0.458860023437941,SPATIAL-HEAVY,Moderate
214,1070.0,1075.0,1.0,1.0,51.92000000000034,126.15403747558594,129.20301208496093,130.0909747314453,0.13324677083333333,5.471840208333333,0.021458196895424837,1895.5038818175258,0.675,0.125,1.0,0.17093605546995264,0.6367251375924328,0.4275000000000001,0.4294251450204786,0.06130913398692811,0.0,0.4554134961235519,0.535239542536491,SPATIAL-HEAVY,Moderate
215,1075.0,1080.0,2.0,3.0,3.0,142.75564575195312,147.44341735839845,150.2973309326172,0.23544579861111112,10.485742256944445,0.04112055787037037,2101.2660475035764,0.4625,0.1875,0.125,1.0,0.6323128846642513,0.33875,0.42157852458096134,0.1174873082010582,0.6666666666666666,0.44545066700675096,0.46030192958631716,SPATIAL-HEAVY,Moderate
216,1080.0,1085.0,2.0,3.0,47.040000000000276,119.34467315673828,123.22683563232422,151.51781494140624,0.22878774305555558,10.11665527777778,0.039673157952069715,1468.9382062359375,0.5875000000000001,0.1875,1.0,0.17006802721088335,0.636418723662857,0.4075000000000001,0.32799639373707656,0.11335187986305634,0.3333333333333333,0.4429229760323226,0.4964199201073743,SPATIAL-HEAVY,Moderate
217,1085.0,1090.0,1.0,1.0,43.80000000000028,112.45198059082031,145.51328125,146.94342102050783,0.1495336805555556,5.743978437499999,0.022525405637254903,1415.738648884879,0.675,0.125,1.0,0.18550228310502165,0.5230490789092577,0.4275000000000001,0.4085705816624862,0.0643583018207283,0.0,0.4167353050412027,0.47591319476306004,SPARSE-EXTREME,Moderate
218,1090.0,1095.0,1.0,1.0,36.20000000000023,111.32965087890625,146.09481201171874,146.73206420898438,0.09279229166666667,3.880857465277778,0.015219048883442266,1372.8937559812737,0.8250000000000001,0.125,1.0,0.3038674033149152,0.5170624880776927,0.5100000000000001,0.38639718204492746,0.04348299680983505,1.0,0.48562396952762044,0.5051562244783958,SPARSE-EXTREME,Moderate
219,1095.0,1100.0,0.0,1.0,35.920000000000215,121.1430892944336,121.52850341796875,121.7127523803711,0.07947381944444444,3.3580583333333336,0.013168856209150327,1074.0646955114955,0.225,0.125,1.0,0.2470768374164796,0.6482250147881862,0.18000000000000002,0.4131503275469093,0.03762530345471522,0.0,0.3740372479419864,0.4170988044943886,SPATIAL-HEAVY,Moderate
220,1100.0,1105.0,1.0,4.0,45.480000000000246,104.6069564819336,106.18997344970703,123.01655059814453,0.19484708333333334,7.622672881944445,0.029892834831154683,960.8528038649514,0.48750000000000004,0.5,1.0,0.15941072999120406,0.6444995375613672,0.49312500000000004,0.35750423600008024,0.08540809951758481,0.5,0.5028230252114609,0.5411203337164215,SPATIAL-HEAVY,High
221,1105.0,1110.0,1.0,5.0,9.760000000000005,123.50775909423828,128.76312561035155,129.57561462402344,0.12983923611111112,4.9957844444444435,0.019591311546840958,1849.9161469969313,0.29380000000000006,0.625,0.24400000000000013,0.6275614754098358,0.626959495354591,0.44284,0.20573856720283512,0.05597517584811703,0.2,0.394186409302281,0.38621930971374996,SPATIAL-HEAVY,Moderate
222,1110.0,1115.0,1.0,2.0,45.80000000000028,129.4039764404297,129.99026184082032,130.77126831054687,0.14380215277777778,5.4601846875,0.021412488970588235,2321.5676555518075,0.47500000000000003,0.25,1.0,0.17467248908296837,0.6475481013920972,0.37375,0.39778433559221305,0.06117853991596639,0.0,0.42658043067564533,0.4739622403493262,SPATIAL-HEAVY,Moderate
223,1115.0,1120.0,1.0,2.0,2.0,91.67427825927734,100.46155700683593,112.71716644287109,0.148974375,6.293883715277778,0.024681896922657955,756.2152995212211,0.37500000000000006,0.25,0.125,1.0,0.6028013430212439,0.31875000000000003,0.37576878778961464,0.07051970549330845,0.5,0.416780611625813,0.4291351737443493,SPATIAL-HEAVY,Moderate
224,1120.0,1125.0,0.0,1.0,2.0,112.40052032470703,114.17225036621093,114.88921752929687,0.08237079861111112,3.498340972222222,0.01371898420479303,1248.60104288988,0.225,0.125,0.25,1.0,0.6412995005366506,0.18000000000000002,0.36849281974215586,0.039197097727980086,1.0,0.404546308250686,0.3931970843179704,SPATIAL-HEAVY,Moderate
225,1125.0,1130.0,9.0,12.0,42.880000000000194,125.96400451660156,133.09534912109376,134.041142578125,0.40719579861111116,18.12822545138889,0.07109108020152505,1344.626514227102,0.5726666666666671,0.16666666666666666,0.4466666666666687,0.23320895522387955,0.6197540002359961,0.38996666666666696,0.4716026987988797,0.20311737200435728,0.75,0.4472558200307488,0.4777930429015821,SPATIAL-HEAVY,Moderate
226,1130.0,1135.0,3.0,6.0,8.760000000000005,126.95377349853516,128.67383422851563,130.28779174804689,0.2840196180555556,9.666781840277778,0.037908948393246183,2236.467603890413,0.38650000000000007,0.25,0.1825000000000001,1.0,0.6426380170986485,0.32507500000000006,0.3842242193681251,0.10831128112356053,0.5,0.4399071461304646,0.4656361103127555,SPATIAL-HEAVY,Moderate
227,1135.0,1140.0,5.0,7.0,8.0,67.8529281616211,87.43704071044922,88.10379089355469,0.3364557638888888,11.16947986111111,0.04380188180827887,429.74812454956856,0.4278571428571429,0.175,0.14285714285714285,1.0,0.5247747831984122,0.3140714285714286,0.48529166530281137,0.12514823373793962,0.2857142857142857,0.38621841832838144,0.37945210983169725,LOW-COMPLEXITY,Moderate
228,1140.0,1145.0,2.0,5.0,27.280000000000143,85.48909759521484,114.66890563964844,115.19833740234375,0.1697163541666667,5.574433958333333,0.021860525326797383,2151.907074873085,0.46890000000000076,0.3125,0.6820000000000036,0.2657624633431071,0.5080710034442517,0.39852000000000043,0.3215412718410069,0.06245864379084967,0.6,0.4185503094851313,0.45143054082656253,SPARSE-EXTREME,Moderate
229,1145.0,1150.0,1.0,6.6000000000000085,9.0,111.07694244384766,123.6361312866211,124.279404296875,0.16943809027777776,5.9423292708333335,0.023303252042483662,2616.5094910050593,0.2900000000000001,0.8250000000000011,0.17045454545454525,0.8611111111111112,0.59268179458687,0.5307500000000005,0.23283452203591748,0.0665807201213819,0.15151515151515133,0.43896206713076175,0.42353497856602745,BURST-DOMINATED,Moderate
230,1150.0,1155.0,1.0,5.0,8.0,80.51837158203125,122.2398452758789,122.94647705078125,0.2437778472222222,7.549749305555557,0.02960686002178649,1573.959303427452,0.315,0.625,0.2,0.984375,0.46151593737613517,0.4545,0.3058287681216034,0.0845910286336757,0.4,0.42006663965497953,0.401082906173054,SPARSE-EXTREME,Moderate
231,1155.0,1160.0,2.0,4.6000000000000085,68.32000000000042,104.98316192626953,105.7962631225586,106.0801010131836,0.20040628472222224,6.976067152777778,0.027357126089324616,1973.7114300963478,0.518369565217391,0.28750000000000053,1.0,0.16100702576112313,0.6456810143009231,0.4144782608695653,0.37830043956773995,0.07816321739807033,0.4347826086956514,0.47324875681777984,0.5279547817577717,SPATIAL-HEAVY,Moderate
232,1160.0,1165.0,2.0,9.0,10.0,95.10536193847656,95.73737487792968,95.96446868896484,0.30059649305555547,9.36914097222222,0.03674172930283224,1986.1193434702602,0.3736111111111111,0.5625,0.1388888888888889,1.0,0.6462912279397571,0.4586111111111111,0.4186360473917403,0.10497636943666355,0.8888888888888888,0.5031350109674221,0.48317457520866053,SPATIAL-HEAVY,High
233,1165.0,1170.0,6.0,9.0,11.0,96.89086151123047,101.36898498535156,102.27617218017578,0.39887534722222223,12.987139270833334,0.0509299579248366,1585.4930018846374,0.4013888888888889,0.1875,0.1527777777777778,0.42045454545454547,0.6251062405783444,0.30513888888888896,0.4797899976308234,0.14551416549953317,0.2222222222222222,0.38267383950223643,0.41540750849370445,SPATIAL-HEAVY,Moderate
234,1170.0,1175.0,0.0,5.0,7.760000000000005,49.14617156982422,93.28528594970703,97.10465606689453,0.20557079861111108,7.6038882291666665,0.029819169526143788,594.9003030171101,0.16380000000000003,0.625,0.19400000000000012,1.0,0.39493630241781924,0.37134,0.28641330231182355,0.08519762721755368,0.0,0.35588445884543,0.3355944938502668,BURST-DOMINATED,Moderate
235,1175.0,1180.0,5.0,6.0,7.760000000000005,132.86224365234375,139.43924560546876,141.8449560546875,0.3013868055555556,10.7934709375,0.042327337009803914,2409.871679104458,0.5873333333333334,0.15,0.16166666666666676,0.8376288659793809,0.6235699337900631,0.3905333333333334,0.4039818757234356,0.12093524859943976,1.0,0.45283177732581964,0.4558669736729599,SPATIAL-HEAVY,Moderate
236,1180.0,1185.0,5.0,6.0,7.0,74.62631225585938,131.72435913085937,132.37079956054689,0.33355690972222213,10.854513993055555,0.04256672154139434,1882.719724458853,0.4841666666666667,0.15,0.14583333333333334,1.0,0.4139223284519651,0.3337916666666667,0.4083682607720426,0.12161920440398384,0.3333333333333333,0.3582864041287884,0.3535560304618523,LOW-COMPLEXITY,Moderate
237,1185.0,1190.0,1.0,6.0,49.56000000000029,74.12020111083984,102.02682800292969,103.73470947265625,0.17416503472222222,6.5618187500000005,0.02573262254901961,1071.6905422783107,0.525,0.75,1.0,0.34301856335754444,0.4979661840247003,0.6262500000000001,0.3463667105815183,0.0735217787114846,0.6666666666666666,0.5274398541029648,0.5235752162538676,MOTION-HEAVY,High
238,1190.0,1195.0,1.0,4.0,21.480000000000118,62.390464782714844,66.48187713623047,66.7062191772461,0.13428982638888892,4.825662604166668,0.0189241670751634,464.6981348628215,0.4967500000000008,0.5,0.6712500000000037,0.35498137802606883,0.6151875076252692,0.4982125000000005,0.3027267218096047,0.05406904878618114,1.0,0.48334258054236906,0.4773707796558106,SPATIAL-HEAVY,Moderate
239,1195.0,1200.0,3.0,5.0,32.60000000000018,65.15866088867188,74.63011169433594,74.97688934326172,0.21403534722222217,7.05130298611111,0.027652168572984748,1062.188122032005,0.5346666666666676,0.20833333333333334,0.8150000000000045,0.18788343558282106,0.5784824659444351,0.3878166666666672,0.4479200348441463,0.07900619592281358,0.4,0.4365285994770164,0.4762023995341025,SPARSE-EXTREME,Moderate
240,1200.0,1205.0,1.0,7.0,7.760000000000005,61.64248275756836,99.70719909667969,100.65351806640625,0.1677498611111111,6.553872916666667,0.025701462418300652,930.4169934118441,0.3312857142857143,0.875,0.13857142857142865,0.9181701030927829,0.4404160910312074,0.5759571428571428,0.2512492506311364,0.0734327497665733,0.42857142857142855,0.44414998423223345,0.4119103575164609,BURST-DOMINATED,Moderate
241,1205.0,1210.0,4.0,9.0,48.52000000000001,83.74560546875,91.17256164550781,99.10655609130859,0.3415380555555555,12.924887430555552,0.05068583306100218,940.1876322997266,0.49102777777777773,0.28125,0.673888888888889,0.14427040395713106,0.6055267965818338,0.3966277777777778,0.473495808386615,0.14481666588857767,0.6666666666666666,0.4693599447106744,0.51405811234057,SPATIAL-HEAVY,Moderate
242,1210.0,1215.0,5.0,6.0,6.0,68.78326416015625,75.77872161865234,76.79694702148437,0.31647239583333325,10.087885555555557,0.03956033551198256,543.8586010922779,0.45500000000000007,0.15,0.125,1.0,0.5980415933807591,0.3177500000000001,0.4536422200137923,0.1130295300342359,0.16666666666666666,0.4004447665723703,0.42121445506849486,LOW-COMPLEXITY,Moderate
243,1215.0,1220.0,0.0,6.0,85.4800000000005,72.84174346923828,74.20009765625,78.76963989257813,0.19091760416666667,7.064984131944445,0.027705820125272326,735.006166896114,0.5,0.75,1.0,0.1798666354702844,0.6407534697808854,0.6125,0.37391316946017394,0.07915948607220666,1.0,0.5736666191683827,0.578098493648685,HIGH-SPATIO-TEMPORAL,High
244,1220.0,1225.0,3.0,12.0,52.520000000000266,74.79923248291016,77.73790588378907,103.23126831054688,0.2609223611111111,8.26100517361111,0.03239609872004358,1329.111469500852,0.44691666666666724,0.5,0.5470833333333361,0.24276466108149153,0.634695213626541,0.470804166666667,0.35295613315292207,0.09256028205726738,0.8333333333333334,0.4748853924078033,0.4881373717580567,SPATIAL-HEAVY,Moderate
245,1225.0,1230.0,1.0,2.0,53.40000000000033,95.04034423828125,114.60832824707032,116.35103515625,0.1040759375,4.869403055555556,0.019095698257080608,1070.680686648793,0.47500000000000003,0.25,1.0,0.18024344569288278,0.5542764791566859,0.37375,0.45737873527652534,0.05455913787737317,0.0,0.42296824057332094,0.46829023110814777,SPARSE-EXTREME,Moderate
246,1230.0,1235.0,3.0,6.0,7.0,54.67867660522461,90.12399749755859,90.42103179931641,0.178104375,5.957533090277776,0.023362874863834423,673.5115510787268,0.3541666666666667,0.25,0.14583333333333334,1.0,0.43434251256549206,0.3072916666666667,0.33824723297369463,0.06675107103952693,0.3333333333333333,0.34581822349519326,0.3332562754781234,BURST-DOMINATED,Moderate
247,1235.0,1240.0,1.0,3.0,23.000000000000128,55.73155212402344,112.91883850097656,113.50888671875,0.11593003472222224,4.719314618055555,0.018507116149237474,1192.126366198479,0.46666666666666773,0.375,0.9583333333333387,0.6630434782608658,0.3782966821921228,0.4254166666666673,0.3426158164611504,0.05287747471210707,0.3333333333333333,0.4243584750790866,0.4315646830558529,SPARSE-EXTREME,Moderate
248,1240.0,1245.0,2.0,2.0,3.0,74.45655822753906,110.31238861083985,110.63425750732422,0.25238822916666664,9.56700888888889,0.03751768191721133,960.6626112526847,0.5875,0.125,0.1875,1.0,0.4700802708368864,0.3793750000000001,0.42841294870276325,0.1071933769063181,0.5,0.3978107341943099,0.3941380247641331,LOW-COMPLEXITY,Moderate
249,1245.0,1250.0,2.0,4.0,51.60000000000031,78.15454864501953,119.09138793945313,121.48741455078125,0.2688204166666666,10.095353055555556,0.039589619825708064,1049.9373649181175,0.5125000000000001,0.25,1.0,0.18653100775193687,0.46049993829308944,0.39437500000000003,0.41725117380399496,0.11311319950202305,0.25,0.40867227456529037,0.4355323678458959,SPARSE-EXTREME,Moderate
250,1250.0,1255.0,3.0,4.0,4.0,125.60054779052734,171.72513122558593,172.15994018554687,0.3128321874999999,12.069685034722223,0.047332098175381254,3465.7713508316656,0.39583333333333337,0.16666666666666666,0.125,1.0,0.500366234903756,0.29270833333333335,0.521722021006597,0.13523456621537502,0.0,0.3728139108417557,0.37948738454622294,LOW-COMPLEXITY,Moderate
251,1255.0,1260.0,2.0,3.0,3.0,131.63575744628906,172.03946533203126,172.32009338378907,0.23066027777777778,8.011206215277777,0.03141649496187364,4046.0228880892205,0.36250000000000004,0.1875,0.125,1.0,0.5187114889214388,0.28375000000000006,0.5128137933927973,0.08976141417678184,0.0,0.3839393013948098,0.4050601672142324,LOW-COMPLEXITY,Moderate
252,1260.0,1265.0,3.0,5.0,7.760000000000005,135.3561248779297,137.44308776855468,138.0825732421875,0.3263730902777777,14.261375451388888,0.055926962554466234,2549.49740734542,0.4104666666666667,0.20833333333333334,0.19400000000000012,1.0,0.6414585428386971,0.3195066666666667,0.39281857769009043,0.15979132158418924,0.4,0.4228206956021873,0.4364116895611467,SPATIAL-HEAVY,Moderate
253,1265.0,1270.0,4.0,6.6000000000000085,8.0,124.46365356445312,131.45198974609374,134.54852478027342,0.3730844097222222,17.67313815972222,0.06930642415577343,1583.5618719491715,0.38973484848484813,0.20625000000000027,0.15151515151515133,0.140625,0.6202987048303354,0.3071666666666666,0.38949873998845974,0.19801835473078122,0.30303030303030265,0.36282392508752687,0.404925980144594,SPATIAL-HEAVY,Moderate
254,1270.0,1275.0,4.0,6.0,9.0,129.27085876464844,134.61963500976563,136.70248718261718,0.3812264236111111,17.1460775,0.06723951960784315,1982.018147215385,0.4,0.1875,0.1875,0.7222222222222222,0.6277436110343655,0.30437500000000006,0.4398311066600908,0.19211291316526616,0.16666666666666666,0.3971361260681435,0.4251637499486734,SPATIAL-HEAVY,Moderate
255,1275.0,1280.0,3.0,6.6000000000000085,10.0,135.54425048828125,142.22447814941407,142.8447930908203,0.33338454861111116,15.441539965277777,0.06055505868736383,2495.2843735153247,0.36560606060606027,0.27500000000000036,0.18939393939393914,0.7875,0.6234401550224643,0.3248333333333333,0.39404125324899064,0.1730144533924681,0.454545454545454,0.42207698527147575,0.4423331558256266,SPATIAL-HEAVY,Moderate
256,1280.0,1285.0,2.0,2.0,3.0,122.5364761352539,123.95304412841797,126.65408111572268,0.1779162847222222,5.7685421875000005,0.022621734068627452,2855.9410099001325,0.5125000000000001,0.125,0.1875,0.125,0.6439128816401317,0.33812500000000006,0.32055377224100745,0.06463352591036416,0.0,0.34013082037558345,0.4045047182886138,SPATIAL-HEAVY,Moderate
257,1285.0,1290.0,2.0,3.0,48.60000000000031,123.58609771728516,128.95426330566406,131.44535095214843,0.18453468749999996,6.893981180555556,0.02703522031590414,2654.2520539273287,0.5375000000000001,0.1875,1.0,0.177469135802468,0.6267425326934773,0.3800000000000001,0.42912780747735185,0.07724348661686897,0.0,0.43662240989034534,0.49951185252884045,SPATIAL-HEAVY,Moderate
258,1290.0,1295.0,2.0,3.6000000000000085,6.0,107.98980712890625,146.91596069335938,148.36471801757813,0.27285968750000006,10.62159079861111,0.041653297249455344,2573.0989913988947,0.3783333333333327,0.22500000000000053,0.20833333333333284,1.0,0.5024761701655589,0.30933333333333324,0.4015039832309798,0.11900942071272956,0.2777777777777771,0.38765813730770354,0.39789660971015434,SPARSE-EXTREME,Moderate
259,1295.0,1300.0,5.0,6.0,8.0,121.29438781738281,149.56856994628907,150.30987365722658,0.4124067708333334,17.070652500000005,0.06694373529411766,3324.155583746243,0.4633333333333334,0.15,0.16666666666666666,0.984375,0.5439544681865673,0.32233333333333336,0.6041827828469561,0.19126781512605048,0.16666666666666666,0.4237963618721272,0.4368199264565384,LOW-COMPLEXITY,Moderate
260,1300.0,1305.0,3.0,4.0,4.0,118.50470733642578,120.19566497802734,120.90394012451172,0.3059267708333333,11.646287708333332,0.045671716503267984,2151.6932654401153,0.4708333333333334,0.16666666666666666,0.125,1.0,0.6421153730042913,0.3339583333333334,0.39560337828794256,0.1304906185807657,0.5,0.41082364982351677,0.4082249009659097,SPATIAL-HEAVY,Moderate
261,1305.0,1310.0,5.0,10.0,47.20000000000023,121.1344223022461,124.372802734375,124.90741149902344,0.3658630208333333,14.497418819444443,0.056852622821350764,1348.4028215328813,0.43800000000000056,0.25,0.5900000000000029,0.18802966101694824,0.6352934124301638,0.3534000000000003,0.4498716068822809,0.16243606520385934,0.3,0.4275550665415695,0.4739926238663819,SPATIAL-HEAVY,Moderate
262,1310.0,1315.0,2.0,4.0,4.0,122.54954528808594,125.77711486816406,127.635322265625,0.2752775694444443,10.260863715277779,0.04023868123638344,2364.390353289556,0.3375,0.25,0.125,1.0,0.6357034211997072,0.29812500000000003,0.4078122245591285,0.11496766067538126,0.25,0.40327356145957277,0.4135035786472283,SPATIAL-HEAVY,Moderate
263,1315.0,1320.0,6.0,11.600000000000009,15.0,136.42874145507812,157.50539855957032,158.44211669921876,0.4567330902777778,19.52718913194445,0.0765772122821351,3455.1125634676114,0.3651436781609193,0.24166666666666684,0.16163793103448265,0.65,0.5746499975173103,0.3095790229885057,0.44950449769702283,0.21879203509181458,0.3448275862068963,0.39737954525502694,0.4174929340891094,BURST-DOMINATED,Moderate
264,1320.0,1325.0,7.0,10.0,11.760000000000005,134.5174560546875,138.04497680664062,139.226865234375,0.4592578125,21.577756493055556,0.08461865291394337,2091.5968918313297,0.4251142857142857,0.17857142857142858,0.14700000000000008,0.1275510204081632,0.6356479655000303,0.31417,0.46844029911837104,0.2417675797541239,0.3,0.3845906537827647,0.43231836036544347,SPATIAL-HEAVY,Moderate
265,1325.0,1330.0,3.0,8.0,12.0,133.45091247558594,139.26663818359376,141.00819458007814,0.33144017361111106,15.003948159722222,0.058839012391067556,2328.601929655897,0.3104166666666667,0.3333333333333333,0.1875,0.625,0.6265405437098351,0.3207291666666667,0.3771252188552379,0.16811146397447874,0.25,0.3935139794942258,0.4110401940849523,SPATIAL-HEAVY,Moderate
266,1330.0,1335.0,3.0,4.0,5.0,151.164794921875,164.4378234863281,165.40380920410158,0.3306692013888889,16.695556597222225,0.06547277096949893,2540.987201036133,0.47708333333333336,0.16666666666666666,0.15625,0.15,0.6044234857369446,0.3373958333333334,0.3969883595142857,0.18706505991285408,0.5,0.37933192200736265,0.41917302240473825,SPATIAL-HEAVY,Moderate
267,1335.0,1340.0,4.0,7.0,12.0,140.14549255371094,159.85594482421877,163.7180969238281,0.3912818402777778,19.61301642361111,0.07691378989651415,2556.67348436184,0.38660714285714287,0.21875,0.21428571428571427,0.78125,0.5808672865657019,0.3110714285714286,0.38792942400154706,0.21975368541861187,0.2857142857142857,0.390647125014421,0.4053237995684967,SPARSE-EXTREME,Moderate
268,1340.0,1345.0,4.0,6.0,7.0,149.27786254882812,154.64181518554688,155.96363037109376,0.37848767361111113,18.829469027777773,0.07384105501089326,2898.954417361173,0.4166666666666667,0.1875,0.14583333333333334,0.125,0.630471382448297,0.3135416666666667,0.42329415163015227,0.21097444288826647,0.3333333333333333,0.3797196113958119,0.43071458169381316,SPATIAL-HEAVY,Moderate
269,1345.0,1350.0,4.0,7.0,11.760000000000005,140.2067413330078,145.08303833007812,146.52217651367187,0.3733472569444445,17.697079618055557,0.06940031222766885,2467.8933079984477,0.38575000000000004,0.21875,0.2100000000000001,0.6271258503401358,0.6311066111933029,0.31060000000000004,0.4319240223668053,0.19828660636476814,0.2857142857142857,0.40971471502040807,0.4437710467742829,SPATIAL-HEAVY,Moderate
270,1350.0,1355.0,8.0,14.0,18.760000000000005,140.65728759765625,143.0063262939453,144.00442504882812,0.470479201388889,23.49808163194444,0.09214933973311545,2796.8564527578187,0.40939285714285717,0.21875,0.16750000000000004,0.13326226012793174,0.6407970821708131,0.32360357142857143,0.48248157686262083,0.2632838278089013,0.5,0.40385189184077624,0.4386784347894272,SPATIAL-HEAVY,Moderate
271,1355.0,1360.0,15.0,22.0,25.0,141.72760009765625,145.42652587890626,148.07896728515624,0.5790162152777778,31.798501458333334,0.12470000571895423,2224.5499420946985,0.41280303030303034,0.18333333333333332,0.14204545454545456,0.325,0.6358965622178384,0.3095416666666667,0.5520395099484852,0.35628573062558355,0.2727272727272727,0.39966982958151287,0.41973296921915065,SPATIAL-HEAVY,Moderate
272,1360.0,1365.0,2.0,3.0,4.0,91.53482055664062,102.24140777587891,103.3149334716797,0.2650157986111112,10.33155378472222,0.04051589719498911,438.5394459433101,0.42083333333333334,0.1875,0.16666666666666666,0.125,0.5910208841682428,0.31583333333333335,0.35373662890145285,0.11575970627139746,0.3333333333333333,0.3529682631081546,0.400775339885603,LOW-COMPLEXITY,Moderate
273,1365.0,1370.0,2.0,2.0,3.0,88.00259399414062,100.34053802490234,102.6040054321289,0.19731656250000004,7.736909687500001,0.03034082230392157,431.8025213399522,0.5125000000000001,0.125,0.1875,0.125,0.5810277754272445,0.33812500000000006,0.31601792775817494,0.0866880637254902,0.0,0.326808291584587,0.38715815278542065,LOW-COMPLEXITY,Moderate
274,1370.0,1375.0,2.0,6.6000000000000085,10.0,79.81578826904297,84.99001617431641,85.50875885009766,0.2763683333333333,11.42141027777778,0.04478984422657952,355.16839517126766,0.3021969696969696,0.41250000000000053,0.18939393939393914,0.125,0.6156120373851393,0.35183333333333355,0.3345788024988372,0.12797098350451291,0.30303030303030265,0.3760542008659416,0.41144475436026484,SPATIAL-HEAVY,Moderate
275,1375.0,1380.0,6.0,9.0,12.0,121.142333984375,131.86209716796876,134.12231506347655,0.42260093750000005,18.306276284722223,0.07178931876361655,1762.214121518227,0.42083333333333334,0.1875,0.16666666666666666,0.6145833333333334,0.604309515800034,0.31583333333333335,0.464513650806814,0.20511233932461873,0.3333333333333333,0.40899920145020086,0.44364399553018574,SPATIAL-HEAVY,Moderate
276,1380.0,1385.0,3.0,5.0,6.760000000000005,146.01852416992188,149.2961212158203,150.26652893066407,0.31412496527777783,13.650226770833331,0.053530301062091494,3298.5920983444917,0.3754666666666667,0.20833333333333334,0.16900000000000012,0.14792899408284013,0.6376511252607359,0.3002566666666667,0.407059094253852,0.1529437173202614,0.2,0.3665285604899739,0.4173786320055401,SPATIAL-HEAVY,Moderate
277,1385.0,1390.0,9.0,14.0,16.760000000000005,158.31541442871094,163.48206176757813,164.6215557861328,0.4751483333333332,23.3723971875,0.09165645955882352,3965.6392733164316,0.43310317460317466,0.19444444444444445,0.1496428571428572,0.1267899761336515,0.632188284559229,0.3257067460317461,0.46619047550072995,0.2618755987394958,0.5,0.4068660543802631,0.45737864748448126,SPATIAL-HEAVY,Moderate
278,1390.0,1395.0,4.0,5.0,5.0,163.9625244140625,169.51993408203126,170.29071228027342,0.29759302083333333,12.204470833333335,0.04786066993464051,3126.416427598763,0.44625000000000004,0.15625,0.125,1.0,0.6314745193953324,0.31575000000000003,0.46195620111710634,0.13674477124183004,0.2,0.4242559669117124,0.4590500005891771,SPATIAL-HEAVY,Moderate
279,1395.0,1400.0,2.0,2.0,2.0,81.10826873779297,82.71243743896484,83.28346008300781,0.16873600694444443,5.277025486111111,0.02069421759259259,398.8515651233361,0.5,0.125,0.125,0.125,0.639110793735512,0.33125000000000004,0.2604295516924867,0.05912633597883598,0.0,0.31342337528225617,0.3685751626651758,SPATIAL-HEAVY,Moderate
280,1400.0,1405.0,2.0,5.0,6.0,77.98885345458984,80.14684295654297,80.4844580078125,0.23678159722222225,7.494024652777777,0.02938833197167756,410.67908986495553,0.3025,0.3125,0.15,0.125,0.6347884185738588,0.307,0.31450587448961864,0.08396666277622161,0.2,0.349151748989794,0.3956788076015231,SPATIAL-HEAVY,Moderate
281,1405.0,1410.0,4.0,39.60000000000001,50.760000000000005,77.10100555419922,118.06221618652344,122.89015747070313,0.41568472222222225,20.11547482638889,0.07888421500544664,570.6452433185362,0.28507575757575754,1.0,0.16022727272727272,0.14036643026004728,0.45920125277341967,0.6067916666666666,0.34214951742833216,0.22538347144413326,0.0505050505050505,0.43699926602557804,0.44605675936907335,MOTION-HEAVY,Moderate
282,1410.0,1415.0,4.0,7.0,14.56000000000003,136.23728942871094,139.45223388671874,140.51343688964843,0.38129260416666666,18.83330017361111,0.07385607911220043,1846.0549118551944,0.3957500000000001,0.21875,0.26000000000000056,0.5151098901098891,0.6370476705838486,0.31610000000000005,0.388603712666311,0.21101736889200126,0.2857142857142857,0.39752732082697106,0.43019905645533757,SPATIAL-HEAVY,Moderate
283,1415.0,1420.0,11.0,13.0,14.0,152.71728515625,157.7467803955078,160.0132861328125,0.5429757638888889,31.44784729166667,0.12332489133986928,2919.9050610664244,0.46031468531468533,0.14772727272727273,0.1346153846153846,0.125,0.6321685600638275,0.31965034965034966,0.5208563509927239,0.3523568323996265,0.15384615384615385,0.3958022448932904,0.45359446136492865,SPATIAL-HEAVY,Moderate
284,1420.0,1425.0,5.0,11.0,15.52000000000001,144.1949462890625,149.78984680175782,152.76122924804687,0.3780684375,20.253590729166664,0.07942584599673204,1565.4618410561857,0.39027272727272727,0.275,0.17636363636363647,0.7168170103092779,0.6291734731703339,0.33840000000000003,0.4734969956063974,0.22693098856209157,0.6363636363636364,0.4488738315594484,0.4624035596831436,SPATIAL-HEAVY,Moderate
285,1425.0,1430.0,14.0,35.20000000000002,46.0,117.9364242553711,133.84945068359377,140.92589904785157,0.6051355208333334,34.0126353125,0.13338288357843137,1248.0475624367016,0.30859577922077913,0.31428571428571445,0.16335227272727265,0.13858695652173914,0.5838753156699398,0.31115625,0.5179144044677654,0.3810939530812325,0.22727272727272715,0.39812257900034886,0.4376197209918725,BURST-DOMINATED,Moderate
286,1430.0,1435.0,2.0,11.600000000000009,22.760000000000005,142.9735107421875,146.10934143066407,147.6233447265625,0.3586720486111111,19.75451048611111,0.07746866857298475,2214.4803430315987,0.29750000000000004,0.7250000000000005,0.24525862068965504,0.12631810193321613,0.6380023630784006,0.4898750000000003,0.36189413630520095,0.22133905306567073,0.17241379310344815,0.44905008879734837,0.48210617737532574,SPATIAL-HEAVY,Moderate
287,1435.0,1440.0,5.0,9.600000000000009,16.760000000000005,128.11973571777344,143.7822509765625,148.2354815673828,0.41364451388888884,21.16552642361111,0.08300206440631809,1687.0728663675802,0.4197708333333331,0.2400000000000002,0.21822916666666653,0.1267899761336515,0.5890416954441055,0.33887395833333334,0.4797126388088338,0.23714875544662314,0.6249999999999994,0.4091000394933507,0.43953098903645865,SPARSE-EXTREME,Moderate
288,1440.0,1445.0,5.0,18.0,23.760000000000005,112.8386459350586,121.37024230957032,122.33833160400391,0.46452347222222223,22.455832743055552,0.08806208918845315,1494.5904603140998,0.30633333333333335,0.45,0.16500000000000004,0.131523569023569,0.6103359487025846,0.37098333333333333,0.4190176477972218,0.25160596910986616,0.3888888888888889,0.4095705737925957,0.44200787101616623,SPATIAL-HEAVY,Moderate
289,1445.0,1450.0,2.0,3.0,3.760000000000005,84.97927856445312,90.1377426147461,106.06099853515626,0.19186583333333326,7.4569543750000005,0.029242958333333333,403.43295234752406,0.4188333333333334,0.1875,0.15666666666666687,0.13297872340425515,0.6208720240643352,0.3147333333333334,0.31845882985780094,0.08355130952380953,0.3333333333333333,0.3516751935481534,0.40196185078160135,SPATIAL-HEAVY,Moderate
290,1450.0,1455.0,1.0,2.0,18.960000000000107,75.78399658203125,80.80008392333984,82.02441192626954,0.14026656250000002,5.619091909722222,0.022035654547930286,287.73433158375246,0.55,0.25,1.0,0.35601265822784606,0.6151043904929113,0.41500000000000004,0.3066297759425345,0.06295901299408653,0.5,0.44434595422287304,0.4660976123578635,SPATIAL-HEAVY,Moderate
291,1455.0,1460.0,2.0,3.0,4.0,82.28530883789062,89.94461364746094,92.237255859375,0.21508194444444445,7.920735694444444,0.031061708605664488,386.71952789580104,0.42083333333333334,0.1875,0.16666666666666666,0.125,0.6022932742220664,0.31583333333333335,0.340874448773019,0.08874773887332711,0.3333333333333333,0.34559627014031646,0.38589193780778747,SPATIAL-HEAVY,Moderate
292,1460.0,1465.0,2.0,3.0,4.760000000000005,143.5194854736328,147.46160583496095,149.82268615722657,0.25031659722222216,10.563851423611114,0.041426868327886716,1595.7792090831613,0.47716666666666674,0.1875,0.19833333333333356,1.0,0.6351186555848397,0.3468166666666668,0.3588184420017798,0.1183624809368192,0.6666666666666666,0.43150254824337747,0.43636404647918436,SPATIAL-HEAVY,Moderate
293,1465.0,1470.0,4.0,7.0,9.760000000000005,137.47384643554688,146.05338134765626,147.90356384277345,0.3863832986111111,16.826051423611112,0.06598451538671024,2255.1347034758323,0.4000357142857143,0.21875,0.17428571428571438,0.1280737704918032,0.6169423114610844,0.3184571428571429,0.4172355957248932,0.18852718681917213,0.42857142857142855,0.38218145388192093,0.42581899571771614,SPATIAL-HEAVY,Moderate
294,1470.0,1475.0,5.0,8.600000000000009,11.0,128.270751953125,135.41852722167968,136.35161926269532,0.39319652777777775,16.405998888888888,0.06433725054466231,1576.0747116096643,0.4063720930232555,0.21500000000000022,0.1598837209302324,0.7045454545454546,0.6202008668519007,0.3202546511627906,0.45097188035219476,0.18382071584189233,0.465116279069767,0.41749320229836656,0.4379082591549609,SPATIAL-HEAVY,Moderate
295,1475.0,1480.0,2.0,3.0,3.760000000000005,125.79454040527344,130.41766357421875,131.80353698730468,0.23867083333333333,10.47821902777778,0.04109105501089325,1780.0830719194905,0.3688333333333334,0.1875,0.15666666666666687,1.0,0.6300785680634965,0.2872333333333334,0.3876290886391145,0.11740301431683788,0.0,0.3935786353104485,0.43023015723256625,SPATIAL-HEAVY,Moderate
296,1480.0,1485.0,2.0,5.0,11.52000000000001,124.09779357910156,133.17134704589844,142.89547485351562,0.26637892361111115,12.034860729166667,0.04719553227124183,1356.405657492085,0.33010000000000006,0.3125,0.28800000000000026,0.6401909722222217,0.6127733422504796,0.32218,0.33123746412582467,0.13484437791783382,0.2,0.386828975358087,0.40930486690653883,SPATIAL-HEAVY,Moderate
297,1485.0,1490.0,2.0,4.0,6.760000000000005,97.95879364013672,150.63473510742188,152.09828186035156,0.3058127430555555,13.865213333333335,0.05437338562091504,1299.5409496888522,0.35475,0.25,0.21125000000000016,1.0,0.4571704977284905,0.3076125,0.4071160943728752,0.15535253034547156,0.25,0.3696923737061414,0.36163732350698063,SPARSE-EXTREME,Moderate
298,1490.0,1495.0,3.0,4.0,5.0,167.83644104003906,172.7393585205078,174.37325500488282,0.31558607638888897,15.448859895833333,0.060583764297385614,3935.4182698107384,0.4395833333333333,0.16666666666666666,0.15625,0.125,0.6340602456888169,0.31677083333333333,0.3790856712456483,0.17309646942110177,0.25,0.35640165255279,0.3995199785536568,SPATIAL-HEAVY,Moderate
299,1495.0,1500.0,1.0,2.0,11.760000000000005,129.36935424804688,139.42237854003906,169.70153991699217,0.22969607638888892,11.366464236111112,0.044574369553376895,2300.1939616591317,0.4970000000000001,0.25,0.7350000000000003,0.6909013605442174,0.613237531491719,0.3858500000000001,0.3687213581187367,0.12735534158107686,0.5,0.4559558853769195,0.47152368861706073,SPATIAL-HEAVY,Moderate
300,1500.0,1505.0,3.0,5.0,6.0,130.23641967773438,134.84842834472656,136.73270568847656,0.33009979166666675,14.893461041666669,0.05840572957516339,2155.4228513715298,0.3716666666666667,0.20833333333333334,0.15,0.125,0.6308477865702395,0.2981666666666667,0.3862055894249915,0.1668735130718954,0.2,0.36096437015046434,0.4154691734860921,SPATIAL-HEAVY,Moderate
301,1505.0,1510.0,5.0,16.0,57.76000000000013,125.94583129882812,145.89158325195314,146.25583374023438,0.4478859027777778,20.10300954861111,0.07883533156318082,1608.0380618561649,0.38587500000000025,0.4,0.45125000000000104,0.14283240997229885,0.572966046874418,0.39223125000000014,0.46055814179341525,0.2252438044662309,0.5,0.4315853865455198,0.4545079029737432,SPARSE-EXTREME,Moderate
302,1510.0,1515.0,1.0,3.6000000000000085,50.36000000000031,132.4256591796875,146.54485168457032,147.25910583496093,0.1952017708333333,8.292701423611113,0.03252039773965142,2016.8285538831278,0.4983333333333331,0.45000000000000107,1.0,0.1960881652104833,0.5956149083376188,0.4765833333333337,0.3479987173674578,0.09291542211328979,0.5555555555555542,0.4800356134634534,0.503926728005436,SPARSE-EXTREME,Moderate
303,1515.0,1520.0,1.0,1.0,32.16000000000021,83.02418518066406,83.26448974609374,83.39380310058594,0.08425593749999999,3.2702171180555557,0.012824380855119827,1505.1071142586059,0.675,0.125,1.0,0.1710199004975113,0.6483879459165568,0.4275000000000001,0.38368301825476414,0.03664108815748522,0.0,0.4488873246942064,0.5309916136120197,SPATIAL-HEAVY,Moderate
304,1520.0,1525.0,1.0,2.0,2.760000000000005,58.650901794433594,59.74019927978516,60.400701904296874,0.14826392361111107,5.070061631944444,0.019882594635076252,262.037746965919,0.3095000000000001,0.25,0.17250000000000032,0.13586956521739105,0.6398473505654213,0.28272500000000006,0.2821316344708543,0.05680741324307501,0.0,0.3263888822187773,0.38334171390137955,SPATIAL-HEAVY,Moderate
305,1525.0,1530.0,1.0,2.0,2.760000000000005,101.61320495605469,104.04725799560546,104.60184051513671,0.20548486111111114,6.564927465277779,0.02574481358932462,1659.391627258456,0.3845000000000001,0.25,0.17250000000000032,1.0,0.6368122695217819,0.32397500000000007,0.3675862922637241,0.0735566102552132,0.5,0.4227527838259962,0.4339390550024897,SPATIAL-HEAVY,Moderate
306,1530.0,1535.0,1.0,2.0,26.320000000000164,128.21202087402344,128.667138671875,128.9490539550781,0.20031166666666667,6.425552222222222,0.0251982440087146,3890.865496038695,0.55,0.25,1.0,0.26595744680850897,0.6480297078739536,0.41500000000000004,0.4330655069122093,0.07199498288204172,0.5,0.48762419318963557,0.5342842842653638,SPATIAL-HEAVY,Moderate
307,1535.0,1540.0,1.0,2.0,2.0,98.1195068359375,104.87549438476563,105.85496246337891,0.10367045138888888,4.496219756944443,0.017632234340958605,1714.4956786683854,0.30000000000000004,0.25,0.125,1.0,0.6136753466947392,0.2775,0.2865245423013609,0.05037781240273888,0.0,0.3511125362734181,0.36297742645337844,SPATIAL-HEAVY,Moderate
308,1540.0,1545.0,1.0,2.0,5.0,94.97417449951172,98.45387268066406,99.34581237792969,0.24190656250000003,8.99288520833333,0.035266216503267986,1399.2584275988563,0.41250000000000003,0.25,0.3125,1.0,0.6301087520318901,0.33937500000000004,0.4497959537448287,0.10076061858076568,0.5,0.46254920697139246,0.48551787849641415,SPATIAL-HEAVY,Moderate
309,1545.0,1550.0,3.0,5.0,6.0,72.17339324951172,97.9151611328125,98.24254791259766,0.22903697916666668,6.616967465277778,0.02594889202069717,956.0716203125435,0.43166666666666664,0.20833333333333334,0.15,1.0,0.5034692768227149,0.33116666666666666,0.37393364169279475,0.0741396914877062,0.6,0.38528140365107055,0.372025968594103,BURST-DOMINATED,Moderate
310,1550.0,1555.0,1.0,2.0,2.0,105.62242126464844,107.20885772705078,107.62294281005859,0.1573120138888889,5.166686770833333,0.020261516748366012,2059.7905110739584,0.45000000000000007,0.25,0.125,1.0,0.6416632166987403,0.36000000000000004,0.46160207296631944,0.05789004785247432,1.0,0.47233169921829826,0.46430771537814924,SPATIAL-HEAVY,Moderate
311,1555.0,1560.0,0.0,2.0,2.0,94.48090362548828,105.5028289794922,105.889130859375,0.0749845486111111,3.057467916666667,0.011990070261437908,1176.6599245722077,0.15000000000000002,0.25,0.125,1.0,0.5910319521382885,0.195,0.2513663498918283,0.03425734360410831,0.5,0.3380805658064568,0.3230439390087816,BURST-DOMINATED,Moderate
312,1560.0,1565.0,0.0,0.0,1.0,82.14800262451172,83.69524841308593,93.47294799804688,0.05057781250000001,1.9306157291666668,0.007571042075163399,751.6544139969852,0.025,0.0,0.125,1.0,0.6416870611415342,0.013750000000000002,0.32913527221913247,0.02163154878618114,0.0,0.28834350647386847,0.31596668143094514,SPATIAL-HEAVY,Low
313,1565.0,1570.0,4.0,7.0,9.760000000000005,67.92845916748047,72.26434478759765,78.72171630859376,0.35466986111111104,12.44540517361111,0.04880551048474946,354.1131716934522,0.4000357142857143,0.21875,0.17428571428571438,0.5635245901639341,0.6176699418452735,0.3184571428571429,0.42676560673294195,0.13944431567071275,0.42857142857142855,0.39968997599463235,0.42424843577526844,SPATIAL-HEAVY,Moderate
314,1570.0,1575.0,4.0,6.0,7.0,138.55557250976562,141.9315673828125,142.30919555664062,0.3584179166666667,13.36264277777778,0.05240252069716776,2376.1197793942524,0.3916666666666667,0.1875,0.14583333333333334,1.0,0.6365396682348621,0.2997916666666667,0.4110939357068605,0.14972148770619362,0.16666666666666666,0.4125316091186686,0.4479454671554938,SPATIAL-HEAVY,Moderate
315,1575.0,1580.0,1.0,3.0,4.0,141.83628845214844,143.7260772705078,144.09768798828125,0.2202423263888889,8.654469375000001,0.033939095588235296,2538.581969558622,0.35833333333333334,0.375,0.16666666666666666,1.0,0.6425757185842358,0.36583333333333334,0.4179311365978586,0.09696884453781514,0.6666666666666666,0.47269887885489265,0.48537750450638845,SPATIAL-HEAVY,Moderate
316,1580.0,1585.0,3.0,4.0,4.0,108.37435913085938,110.45946655273438,111.5288006591797,0.17082024305555552,5.134975624999999,0.020137159313725495,1846.8317371793141,0.5083333333333333,0.16666666666666666,0.125,1.0,0.6394567554382506,0.35458333333333336,0.31267930410039957,0.057534740896358565,0.75,0.4196268721454022,0.4233777303964729,SPATIAL-HEAVY,Moderate
317,1585.0,1590.0,2.0,4.0,47.56000000000029,106.39910125732422,109.17514343261719,110.22773223876953,0.16987916666666664,6.260351388888889,0.024550397603485843,2022.3171780858856,0.55,0.25,1.0,0.22077375946173122,0.6357396612161643,0.41500000000000004,0.37487509875783936,0.07014399315281669,0.5,0.46457515181066095,0.5033332655429866,SPATIAL-HEAVY,Moderate
318,1590.0,1595.0,2.0,3.0,39.960000000000235,101.91343688964844,104.89331665039063,105.8964486694336,0.16637906249999995,5.826747743055556,0.022849991149237473,1088.727187753919,0.6375000000000001,0.1875,1.0,0.23773773773773635,0.6340478388896753,0.43500000000000005,0.3777498078847023,0.06528568899782136,0.6666666666666666,0.475946375580481,0.513884704995286,SPATIAL-HEAVY,Moderate
319,1595.0,1600.0,3.0,4.0,4.0,102.47161865234375,104.78532409667969,107.70993041992188,0.29483253472222226,9.576298958333332,0.037554113562091505,1360.8817329162266,0.43333333333333335,0.16666666666666666,0.125,0.15625,0.6379806539844022,0.31333333333333335,0.38244327303717307,0.10729746732026145,0.25,0.354498490850389,0.40105099227723595,SPATIAL-HEAVY,Moderate
320,1600.0,1605.0,1.0,3.0,34.400000000000205,102.78983306884766,140.62508850097657,143.05364868164062,0.17673388888888886,6.318722534722221,0.024779304057734205,2283.428497310319,0.47500000000000003,0.375,1.0,0.23619186046511487,0.5003960998422456,0.43000000000000005,0.3424185797757296,0.0707980115935263,0.3333333333333333,0.42191348978333737,0.43724556637748097,SPARSE-EXTREME,Moderate
321,1605.0,1610.0,2.0,4.0,4.0,60.3803825378418,138.8729675292969,140.03257263183593,0.24491993055555558,8.588743437500002,0.033681346813725484,2187.7004422850177,0.37500000000000006,0.25,0.125,1.0,0.3516537323593359,0.31875000000000003,0.34502189709106895,0.0962324194677871,0.5,0.3501645331571319,0.34078770218480176,BURST-DOMINATED,Moderate
322,1610.0,1615.0,1.0,4.0,7.0,59.445770263671875,61.718309020996095,62.01906845092773,0.18777031250000004,6.256891284722222,0.024536828567538128,301.0099086012279,0.29375,0.5,0.21875,0.16071428571428573,0.6291933331794551,0.38656250000000003,0.27852195558434834,0.07010522447868037,0.25,0.3820703270818337,0.4171054573361625,SPATIAL-HEAVY,Moderate
323,1615.0,1620.0,0.0,3.0,3.760000000000005,84.68197631835938,88.87520141601563,93.48719024658203,0.12225246527777778,4.315861458333334,0.01692494689542484,1385.4823368444656,0.20633333333333337,0.375,0.15666666666666687,1.0,0.624211779195413,0.2822333333333334,0.23054903237834143,0.04835699112978527,0.6666666666666666,0.4025730250782912,0.40701240244779424,SPATIAL-HEAVY,Moderate
324,1620.0,1625.0,1.0,3.6000000000000085,34.880000000000194,57.25992202758789,94.21593170166015,94.5128970336914,0.1475229861111111,5.3303944097222224,0.020903507489106757,1085.4304737992293,0.4566666666666665,0.45000000000000107,1.0,0.16485091743119173,0.43487930524101004,0.4536666666666671,0.2604831244864537,0.05972430711173359,0.2777777777777771,0.4034114424412003,0.42671151486108927,SPARSE-EXTREME,Moderate
325,1625.0,1630.0,1.0,3.0,4.0,104.4311294555664,107.94138641357422,108.33245361328125,0.17415968750000005,6.088768541666666,0.02387752369281046,1231.4901719247123,0.35833333333333334,0.375,0.16666666666666666,1.0,0.6316063236640468,0.36583333333333334,0.2950077549727778,0.06822149626517275,0.6666666666666666,0.4298008130161701,0.42426242364786243,SPATIAL-HEAVY,Moderate
326,1630.0,1635.0,1.0,1.0,30.12000000000019,92.82037353515625,102.72486724853516,102.99598846435546,0.06877013888888889,3.2049943402777785,0.012568605255991287,1068.5703229726948,0.8250000000000001,0.125,1.0,0.19505312084993237,0.5955334403105539,0.5100000000000001,0.3900932481938256,0.03591030073140368,1.0,0.49140122995564706,0.5108884496921053,SPARSE-EXTREME,Moderate
327,1635.0,1640.0,1.0,2.0,2.0,93.09756469726562,102.5776611328125,103.06889770507813,0.11135927083333334,4.229153472222222,0.016584915577342048,1008.1759558810928,0.30000000000000004,0.25,0.125,1.0,0.5978207365088956,0.2775,0.3414407785014598,0.04738547307812014,0.0,0.35229067618855164,0.3548045125917514,BURST-DOMINATED,Moderate
328,1640.0,1645.0,1.0,2.0,30.60000000000018,80.60226440429688,81.70522766113281,92.9477603149414,0.13651020833333333,4.971406527777778,0.01949571187363834,399.18500880985863,0.47500000000000003,0.25,1.0,0.1797385620915022,0.6449080221484804,0.37375,0.2833603146319467,0.055702033924680976,0.0,0.42341232775234333,0.49848594492121473,SPATIAL-HEAVY,Moderate
329,1645.0,1650.0,1.0,2.0,3.760000000000005,56.36970138549805,57.93187942504883,61.720839996337894,0.18457288194444443,6.217003958333333,0.024380407679738564,242.19739702629394,0.3970000000000001,0.25,0.23500000000000032,0.13297872340425515,0.6359128884047887,0.3308500000000001,0.32481703188506367,0.0696583076563959,0.5,0.37154178112450426,0.4066424012138543,SPATIAL-HEAVY,Moderate
330,1650.0,1655.0,0.0,1.0,3.0,52.283878326416016,55.2093002319336,55.90523727416992,0.03657013888888889,1.5795902777777777,0.006194471677559913,299.9488450997022,0.1,0.125,0.375,1.0,0.620192164688697,0.11125000000000002,0.19837361251864893,0.01769849050731404,0.0,0.3168782427307154,0.3528116668143092,SPATIAL-HEAVY,Moderate
331,1655.0,1660.0,0.0,2.0,2.760000000000005,53.364131927490234,55.032195281982425,56.04306533813477,0.060424861111111124,2.310924305555555,0.009062448257080613,306.38182128319255,0.1595000000000001,0.25,0.17250000000000032,1.0,0.6331348209484574,0.20022500000000004,0.17586933468147237,0.02589270930594461,0.5,0.35602012860185367,0.3702761975901344,SPATIAL-HEAVY,Moderate
332,1660.0,1665.0,1.0,2.0,3.0,56.03504943847656,57.87420654296875,58.559950561523436,0.16869524305555555,5.8236586458333335,0.022837877042483662,234.03187525503714,0.3875,0.25,0.1875,0.125,0.6321807228138643,0.32562500000000005,0.2953737818815884,0.06525107726423904,0.5,0.35794182200482855,0.39072767520642443,SPATIAL-HEAVY,Moderate
333,1665.0,1670.0,1.0,1.0,2.0,88.91639709472656,91.61575317382812,92.10923065185547,0.09142083333333334,3.5637045138888888,0.013975311819172116,561.4762145519178,0.525,0.125,0.25,1.0,0.6333713620345875,0.3450000000000001,0.3230495128113666,0.039929462340491766,0.0,0.3931940865516697,0.43211716801695627,SPATIAL-HEAVY,Moderate
334,1670.0,1675.0,1.0,1.0,1.0,94.75765991210938,95.02528076171875,95.20579803466796,0.07369875,2.9988716666666666,0.011760281045751634,1880.9620017406762,0.5,0.125,0.125,1.0,0.6484340899770137,0.33125000000000004,0.382908530804854,0.03360080298786181,0.0,0.36915278026996695,0.3724271794576611,SPATIAL-HEAVY,Moderate
335,1675.0,1680.0,1.0,1.0,38.24000000000025,97.58001708984375,106.159130859375,107.44441497802734,0.18307541666666668,6.964178958333334,0.02731050571895425,1683.974324815275,0.675,0.125,1.0,0.18959205020920378,0.6044862410010452,0.4275000000000001,0.4366195557855034,0.0780300163398693,0.0,0.4316961745198537,0.4841502951577814,SPATIAL-HEAVY,Moderate
336,1680.0,1685.0,1.0,2.0,2.0,53.4081916809082,59.08201141357422,61.44013458251953,0.17186892361111109,5.639374131944443,0.02211519267429194,221.13686982997191,0.30000000000000004,0.25,0.125,0.1875,0.5964484385139577,0.2775,0.2853322944991591,0.06318626478369126,0.0,0.3084121913732177,0.35162778769256703,BURST-DOMINATED,Moderate
337,1685.0,1690.0,2.0,3.0,4.0,61.59093475341797,64.17655639648437,64.75516540527343,0.2823115277777778,9.427417499999997,0.036970264705882355,265.2538301628957,0.42083333333333334,0.1875,0.16666666666666666,0.125,0.6273074247811073,0.31583333333333335,0.38405252117633126,0.10562932773109245,0.3333333333333333,0.36310609986299663,0.40977364177260356,SPATIAL-HEAVY,Moderate
338,1690.0,1695.0,1.0,2.0,3.0,61.29248809814453,63.480430603027344,64.4312939453125,0.2210686111111111,7.623945208333334,0.02989782434640522,274.9442387711685,0.3875,0.25,0.1875,0.16666666666666666,0.6307165310735111,0.32562500000000005,0.3308275515748673,0.08542235527544349,0.5,0.36573965942472325,0.394995218547029,SPATIAL-HEAVY,Moderate
339,1695.0,1700.0,1.0,2.0,4.0,93.83281707763672,95.38315124511719,95.76777526855469,0.15562201388888888,5.47931357638889,0.021487504221132898,1246.509125051329,0.325,0.25,0.25,1.0,0.640839677926817,0.29125,0.2869399113996861,0.061392869203236854,0.0,0.3780026779097726,0.4043467551217811,SPATIAL-HEAVY,Moderate
340,1700.0,1705.0,1.0,1.0,1.0,96.7986068725586,97.53644561767578,97.80165924072266,0.06048038194444445,2.2226807986111106,0.008716395288671023,2147.9411191516037,0.5,0.125,0.125,0.125,0.645750334402791,0.33125000000000004,0.26147032268859777,0.024903986539060067,0.0,0.32011089227063516,0.3815054397954865,SPATIAL-HEAVY,Moderate
341,1705.0,1710.0,1.0,1.0,1.0,82.94064331054688,97.60678405761719,97.89049835205078,0.12963572916666666,4.967461215277777,0.019480240059912862,1133.7796814978915,0.65,0.125,0.125,1.0,0.5654259080591767,0.41375000000000006,0.3712952871186628,0.05565782874260818,1.0,0.42622591391205544,0.40023362194043677,LOW-COMPLEXITY,Moderate
342,1710.0,1715.0,0.0,1.0,1.0,91.10449981689453,92.34743194580078,92.70599517822265,0.17263552083333336,5.664238333333333,0.02221269934640523,1403.2562438639845,0.2,0.125,0.125,1.0,0.6424235611167723,0.16625,0.3403391995032008,0.06346485527544352,1.0,0.3971324614093767,0.4000991824473152,SPATIAL-HEAVY,Moderate
343,1715.0,1720.0,1.0,1.0,27.320000000000164,90.30769348144531,92.29630432128906,92.80197204589844,0.1682270833333333,5.58834045138889,0.021915060593681916,1336.7437587885165,0.8250000000000001,0.125,1.0,0.1921669106881394,0.6378632983590451,0.5100000000000001,0.346426139857755,0.0626144588390912,1.0,0.47305027127212024,0.47285730192234604,SPATIAL-HEAVY,Moderate
344,1720.0,1725.0,2.0,9.600000000000009,20.52000000000001,57.31155014038086,77.2487075805664,78.59616821289063,0.30404788194444443,10.738898854166665,0.04211332883986928,692.5144263282381,0.31406249999999997,0.6000000000000005,0.2671874999999999,0.13401559454191025,0.5063438002622596,0.44273437500000024,0.3139559606727131,0.1203237966853408,0.3124999999999997,0.38444189270298046,0.40021288459341225,SPARSE-EXTREME,Moderate
345,1725.0,1730.0,2.0,4.0,37.68000000000022,77.17308807373047,82.92863159179687,84.51165313720703,0.21101288194444445,6.900365729166667,0.02706025776143791,1259.0596432417722,0.47500000000000003,0.25,1.0,0.16255307855626233,0.6110463876530795,0.37375,0.316178295501386,0.07731502217553689,0.0,0.396646429421256,0.43780344552289335,SPATIAL-HEAVY,Moderate
346,1730.0,1735.0,0.0,2.0,3.0,80.23778533935547,95.84062957763672,97.19035980224609,0.0865619097222222,3.3002261805555553,0.012942063453159042,777.4910164667573,0.1625,0.25,0.1875,1.0,0.5586609206208707,0.20187500000000003,0.30269552630474506,0.03697732415188298,0.5,0.3668348769787042,0.37471412605133203,BURST-DOMINATED,Moderate
347,1735.0,1740.0,4.0,6.0,38.16000000000021,134.23414611816406,136.2833221435547,138.01902465820314,0.2833247569444445,8.967522569444444,0.035166755174291936,5170.494210546288,0.5715000000000009,0.1875,0.7950000000000044,0.1768867924528292,0.6416941643357369,0.3987000000000005,0.3967346333718367,0.10047644335511982,0.5,0.4547750992244983,0.5113647549867352,SPATIAL-HEAVY,Moderate
348,1740.0,1745.0,0.0,1.0,32.16000000000021,91.85746765136719,92.70686798095703,92.92121307373047,0.07595555555555557,3.24602875,0.012729524509803922,624.9227568252896,0.225,0.125,1.0,0.18656716417910327,0.64483498872434,0.18000000000000002,0.4682349710865588,0.03637007002801121,0.0,0.40403335270881,0.4777632048494612,SPATIAL-HEAVY,Moderate
349,1745.0,1750.0,0.0,1.0,1.0,81.43488311767578,83.3071044921875,84.3418881225586,0.04218454861111111,1.7035003819444443,0.006680393654684097,1023.5642158737066,0.05,0.125,0.125,1.0,0.6374671119348092,0.08375,0.37783747908810844,0.019086839013383133,0.0,0.3154469749601657,0.32729932888965224,SPATIAL-HEAVY,Moderate
350,1750.0,1755.0,0.0,2.0,3.0,84.02680969238281,102.07812652587891,104.4786181640625,0.08055545138888888,3.2531066319444446,0.01275728090958606,1111.3644146448414,0.1625,0.25,0.1875,1.0,0.5510513586068073,0.20187500000000003,0.25664193079161834,0.036449374027388744,0.5,0.35305723011147006,0.35713519564629215,BURST-DOMINATED,Moderate
351,1755.0,1760.0,1.0,7.200000000000017,29.320000000000036,82.47268676757812,99.62102966308593,103.68930419921875,0.1346545138888889,4.040773819444445,0.015846171840958604,610.2355311982603,0.34430555555555575,0.9000000000000021,0.5090277777777772,0.23448158253751678,0.5539819754126833,0.5943680555555566,0.30546281824777965,0.04527477668845316,0.0,0.4761844181699212,0.5164961506862773,SPARSE-EXTREME,Moderate
352,1760.0,1765.0,0.0,0.0,0.0,98.77826690673828,99.5627456665039,99.56390197753906,0.0015216666666666668,0.033740520833333336,0.0001323157679738562,415.03961812499995,0.0,0.0,0.0,0.0,0.6455208555418688,0.0,0.09987314842763556,0.0003780450513538749,0.0,0.19174217283337003,0.27160504278586706,SPATIAL-HEAVY,Low
353,1765.0,1768.64,0.0,0.0,0.0,99.56268310546875,99.56268310546875,99.56268310546875,0.0,3.6248473748473744e-06,1.421508774449951e-08,482.74715172847993,0.0,0.0,0.0,0.0,0.65,0.0,0.3758241758241758,4.0614536412855744e-08,0.0,0.2287414172728021,0.27996239771084336,SPATIAL-HEAVY,Low
